productId,sourceCategories,proposedCategory,originalTitle,englishTitle,englishDescription,supplierCurrency,supplierPrice,sellingPriceGbp,sourceUrl,frontendStatus,frontendHoldReason
627303634962,packaging,packaging,特硬飞机盒包装盒现货彩色快递正方形纸盒子定制白色牛皮纸打包盒,Cardboard Mailer Box,"Cardboard Mailer Box. Confirm the selected model, size and included items before ordering.",CNY,0.18,0.03,https://detail.1688.com/offer/627303634962.html,included,
595153766281,packaging,packaging,搬家纸箱批发现货 纸箱大号快递特硬fba纸箱子收纳打包 包装纸盒,Cardboard Shipping Box,"Cardboard Shipping Box. Confirm the selected model, size and included items before ordering.",CNY,3.17,0.46,https://detail.1688.com/offer/595153766281.html,included,
877926030939,packaging,packaging,正方形飞机盒现货飞机盒打包盒快递盒超硬飞机盒纸盒飞机盒批发,Cardboard Mailer Box,"Cardboard Mailer Box. Confirm the selected model, size and included items before ordering.",CNY,0.28,0.04,https://detail.1688.com/offer/877926030939.html,included,
899863118582,packaging,packaging,彩色飞机盒现货包装盒特硬正方形快递盒双面印刷汉服化妆品打包盒,Cardboard Mailer Box,"Cardboard Mailer Box. Confirm the selected model, size and included items before ordering.",CNY,0.45,0.07,https://detail.1688.com/offer/899863118582.html,included,
673166001,packaging,packaging,透明包装盒厂家直销pvc耳机盒 手机壳包装 手机挂件包装,Packaging Box,"Packaging Box. Confirm the selected model, size and included items before ordering.",CNY,0.65,0.1,https://detail.1688.com/offer/673166001.html,included,
634987797003,packaging,packaging,正方形纸箱快递小纸箱三层特硬方形扁平快递盒物流打包箱牛皮纸盒,Cardboard Shipping Box,"Cardboard Shipping Box. Confirm the selected model, size and included items before ordering.",CNY,0.11,0.02,https://detail.1688.com/offer/634987797003.html,included,
653325659353,packaging,packaging,整袋纸箱批发】 搬家纸箱子快递电商打包收纳箱包装特大纸箱纸盒,Cardboard Shipping Box,"Cardboard Shipping Box. Confirm the selected model, size and included items before ordering.",CNY,90,13.17,https://detail.1688.com/offer/653325659353.html,included,
814987338790,packaging,packaging,包装盒定制礼品盒天地盖食品礼盒包装定做书型盒彩盒纸盒盲盒空盒,Packaging Box,"Packaging Box. Confirm the selected model, size and included items before ordering.",CNY,0.2,0.03,https://detail.1688.com/offer/814987338790.html,included,
769095318536,packaging,packaging,正方形飞机盒特硬批发跨境包装盒扁圆形唱片料盘快递打包牛皮纸盒,Cardboard Mailer Box,"Cardboard Mailer Box. Confirm the selected model, size and included items before ordering.",CNY,0.18,0.03,https://detail.1688.com/offer/769095318536.html,included,
724011646481,packaging,packaging,批发白色飞机盒纸箱牛皮纸包装盒快递打包箱子现货三层正方形纸盒,Cardboard Mailer Box,"Cardboard Mailer Box. Confirm the selected model, size and included items before ordering.",CNY,0.19,0.03,https://detail.1688.com/offer/724011646481.html,included,
971008613622,packaging,packaging,包装盒定制礼品盒定做礼盒空盒抽屉天地盖盒定制茶叶包装礼盒定制,Gift Packaging Box,"Gift Packaging Box. Confirm the selected model, size and included items before ordering.",CNY,0.1,0.01,https://detail.1688.com/offer/971008613622.html,included,
979378644345,packaging,packaging,五层特硬打包箱子纸箱自由搭配快递物流包装跨境电商纸盒工厂直销,Cardboard Shipping Box,"Cardboard Shipping Box. Confirm the selected model, size and included items before ordering.",CNY,1.95,0.29,https://detail.1688.com/offer/979378644345.html,included,
522863298196,packaging,packaging,特硬优质三层半高纸箱现货通用物流包装五层瓦楞包装纸盒子,Cardboard Shipping Box,"Cardboard Shipping Box. Confirm the selected model, size and included items before ordering.",CNY,0.13,0.02,https://detail.1688.com/offer/522863298196.html,included,
932107015861,packaging,packaging,双开首饰礼盒水晶手链手串包装盒戒指项链胸针耳钉饰品包装盒子,Packaging Box,"Packaging Box. Confirm the selected model, size and included items before ordering.",CNY,1.3,0.19,https://detail.1688.com/offer/932107015861.html,included,
830465461131,packaging,packaging,飞机盒批发三层特硬纸盒物流包装小纸盒服装包装盒快递打包纸壳子,Cardboard Mailer Box,"Cardboard Mailer Box. Confirm the selected model, size and included items before ordering.",CNY,0.18,0.03,https://detail.1688.com/offer/830465461131.html,included,
1051916957509,packaging,packaging,彩色撕拉飞机盒定制快递物流包装瓦楞纸盒子特硬拉链ins风一片式,Cardboard Mailer Box,"Cardboard Mailer Box. Confirm the selected model, size and included items before ordering.",CNY,0.2,0.03,https://detail.1688.com/offer/1051916957509.html,included,
778308858356,packaging,packaging,白色8寸生日蛋糕盒保温袋珍珠棉加厚防水保温包印logo面包包装袋,Foam Packaging,"Foam Packaging. Confirm the selected model, size and included items before ordering.",CNY,2.1,0.31,https://detail.1688.com/offer/778308858356.html,held,image-not-saved
867583462248,packaging,packaging,飞机盒定制彩色包装盒快递打包盒订做服装盒小批量打样印logo定做,Cardboard Mailer Box,"Cardboard Mailer Box. Confirm the selected model, size and included items before ordering.",CNY,0.2,0.03,https://detail.1688.com/offer/867583462248.html,included,
730417160930,packaging,packaging,飞机盒正方形特硬鞋帽化妆品打包盒服装快递包装纸盒现货印刷logo,Cardboard Mailer Box,"Cardboard Mailer Box. Confirm the selected model, size and included items before ordering.",CNY,0.35,0.05,https://detail.1688.com/offer/730417160930.html,included,
599050295490,packaging,packaging,厂家直销天地盖纸盒烫金虫草石斛包装礼品彩盒药材礼盒可印logo,Packaging Box,"Packaging Box. Confirm the selected model, size and included items before ordering.",CNY,13,1.9,https://detail.1688.com/offer/599050295490.html,included,
613000988430,packaging,packaging,纸箱快递箱快递盒半高长方形包装盒瓦楞打包箱邮政发货箱小纸箱子,Cardboard Shipping Box,"Cardboard Shipping Box. Confirm the selected model, size and included items before ordering.",CNY,0.1,0.01,https://detail.1688.com/offer/613000988430.html,included,
631994944028,packaging,packaging,硬质合金刀片盒SYS单推款 刀具包装盒 十片装铣刀粒盒,Packaging Box,"Packaging Box. Confirm the selected model, size and included items before ordering.",CNY,0.57,0.08,https://detail.1688.com/offer/631994944028.html,included,
677920512983,packaging,packaging,pet吸塑包装透明pvc插卡塑料泡罩长方形五金零件折边双泡壳包装盒,Plastic Blister Packaging Tray,"Plastic Blister Packaging Tray. Listed features: plastic. Confirm the selected model, size and included items before ordering.",CNY,0.12,0.02,https://detail.1688.com/offer/677920512983.html,included,
547131440417,packaging,packaging,广东订制纸箱订做定做纸箱定制纸盒飞机盒定做包装盒印刷批发打包,Cardboard Mailer Box,"Cardboard Mailer Box. Confirm the selected model, size and included items before ordering.",CNY,1,0.15,https://detail.1688.com/offer/547131440417.html,included,
1008905736321,packaging,packaging,手提袋定制印logo服装店礼品袋子高档白卡纸袋定做礼物购物包装袋,Packaging Bag,"Packaging Bag. Confirm the selected model, size and included items before ordering.",CNY,0.12,0.02,https://detail.1688.com/offer/1008905736321.html,included,
772652101969,packaging | logistics-packaging,packaging,牛皮纸打包餐盒定制一次性商用打包盒韩式炸鸡盒小吃烧烤防油纸盒,Packaging Box,"Packaging Box. Confirm the selected model, size and included items before ordering.",CNY,0.26,0.04,https://detail.1688.com/offer/772652101969.html,included,
672077491225,packaging,packaging,现货牛皮纸首饰盒迷你饰品耳饰飞机盒手工皂开窗包装盒定 制,Gift Packaging Box,"Gift Packaging Box. Confirm the selected model, size and included items before ordering.",CNY,0.1,0.01,https://detail.1688.com/offer/672077491225.html,included,
999317729749,packaging,packaging,礼品袋定制高级感化妆品服装店包装纸袋礼物白卡牛皮品牌纸袋定制,Kraft Packing Paper,"Kraft Packing Paper. Confirm the selected model, size and included items before ordering.",CNY,0.35,0.05,https://detail.1688.com/offer/999317729749.html,included,
930206387481,packaging,packaging,飞机盒包装盒定制白卡包装纸盒订制礼品包装彩盒礼盒小批量定制,Cardboard Mailer Box,"Cardboard Mailer Box. Confirm the selected model, size and included items before ordering.",CNY,1,0.15,https://detail.1688.com/offer/930206387481.html,included,
976560265075,packaging,packaging,纸袋定制高级感服装店手提印logo纸质购物包装袋白卡纸礼品袋印刷,Packaging Bag,"Packaging Bag. Confirm the selected model, size and included items before ordering.",CNY,0.2,0.03,https://detail.1688.com/offer/976560265075.html,included,
868249744645,packaging,packaging,彩色飞机盒定制服装首饰彩盒纸箱数码产品包装盒瓦楞纸盒礼盒,Cardboard Mailer Box,"Cardboard Mailer Box. Confirm the selected model, size and included items before ordering.",CNY,0.2,0.03,https://detail.1688.com/offer/868249744645.html,included,
622346218141,packaging,packaging,小批量定制纸盒食品包装盒折叠礼盒纸盒白卡盒化妆品彩盒印刷logo,Foldable Gift Packaging Box,"Foldable Gift Packaging Box. Listed features: foldable. Confirm the selected model, size and included items before ordering.",CNY,0.2,0.03,https://detail.1688.com/offer/622346218141.html,included,
677991349470,packaging,packaging,牛皮纸袋小批量定制logo奶茶烘焙外卖袋服装礼品包装袋广告手提袋,Kraft Packing Paper,"Kraft Packing Paper. Confirm the selected model, size and included items before ordering.",CNY,0.33,0.05,https://detail.1688.com/offer/677991349470.html,included,
601024352156,packaging,packaging,厂家现货PP塑料透明包装盒子长方形pp包装盒小物件螺丝五金收纳盒,Plastic Packaging Box,"Plastic Packaging Box. Listed features: plastic. Confirm the selected model, size and included items before ordering.",CNY,0.3,0.04,https://detail.1688.com/offer/601024352156.html,included,
667399057037,packaging,packaging,现货手机包装盒 新款精美通用手机盒 天地盖适用苹果手机盒包装盒,Packaging Box,"Packaging Box. Confirm the selected model, size and included items before ordering.",CNY,3,0.44,https://detail.1688.com/offer/667399057037.html,included,
757245718566,packaging,packaging,定制瓦楞彩盒包装盒手提式通用纸盒牛皮纸礼品盒定做印刷源头工厂,Packaging Box,"Packaging Box. Confirm the selected model, size and included items before ordering.",CNY,0.5,0.07,https://detail.1688.com/offer/757245718566.html,included,
773259257197,packaging,packaging,彩色飞机盒定制高级感化妆品纸盒服装特硬电商快递包装盒定做LOGO,Cardboard Mailer Box,"Cardboard Mailer Box. Confirm the selected model, size and included items before ordering.",CNY,0.1,0.01,https://detail.1688.com/offer/773259257197.html,included,
1045550329732,packaging,packaging,特硬大红色飞机盒装衣服新品首发新年节日喜庆礼品盒包装盒现货,Cardboard Mailer Box,"Cardboard Mailer Box. Confirm the selected model, size and included items before ordering.",CNY,0.27,0.04,https://detail.1688.com/offer/1045550329732.html,included,
1051762466081,packaging,packaging,飞机盒定制瓦楞纸包装盒ins风特硬打包盒加印logo通用包装,Cardboard Mailer Box,"Cardboard Mailer Box. Confirm the selected model, size and included items before ordering.",CNY,0.88,0.13,https://detail.1688.com/offer/1051762466081.html,included,
729896018099,packaging,packaging,小白盒亚马逊现货白盒印刷扁平包装盒定制白卡纸盒跨境彩盒定做,Packaging Box,"Packaging Box. Confirm the selected model, size and included items before ordering.",CNY,0.15,0.02,https://detail.1688.com/offer/729896018099.html,included,
820788186833,packaging,packaging,飞机盒特硬防压快递打包箱服装饰品包装盒牛皮纸箱加厚飞机盒包装,Cardboard Mailer Box,"Cardboard Mailer Box. Confirm the selected model, size and included items before ordering.",CNY,0.18,0.03,https://detail.1688.com/offer/820788186833.html,included,
898519363454,packaging,packaging,拉链盒定制撕拉盒免胶拉链彩盒包装电商快递发货500起订3天拿样,Packaging Box,"Packaging Box. Confirm the selected model, size and included items before ordering.",CNY,0.2,0.03,https://detail.1688.com/offer/898519363454.html,included,
857801526966,packaging,packaging,白卡纸盒定制厂家跨境小白盒产品包装空盒子彩盒可印刷Logo包装盒,Packaging Box,"Packaging Box. Confirm the selected model, size and included items before ordering.",CNY,0.2,0.03,https://detail.1688.com/offer/857801526966.html,included,
969904141243,packaging,packaging,包装盒定制彩盒定做白卡折叠纸盒包装美妆扣底卡盒UV烫金订制印刷,Foldable Packaging Box,"Foldable Packaging Box. Listed features: foldable. Confirm the selected model, size and included items before ordering.",CNY,0.2,0.03,https://detail.1688.com/offer/969904141243.html,included,
832701904533,packaging,packaging,围边天地盖包装盒定 制香薰蜡烛茶叶礼品包装纸盒订 制小批量印刷,Packaging Box,"Packaging Box. Confirm the selected model, size and included items before ordering.",CNY,1,0.15,https://detail.1688.com/offer/832701904533.html,included,
673057677964,packaging,packaging,飞机盒大小号快递打包装牛皮纸盒子服装电商纸箱批发包邮厂家现货,Cardboard Mailer Box,"Cardboard Mailer Box. Confirm the selected model, size and included items before ordering.",CNY,0.13,0.02,https://detail.1688.com/offer/673057677964.html,included,
913188325318,packaging,packaging,现货正方形特硬飞机盒快递盒批发打包盒小号包装快递专用纸盒打包,Cardboard Mailer Box,"Cardboard Mailer Box. Confirm the selected model, size and included items before ordering.",CNY,0.13,0.02,https://detail.1688.com/offer/913188325318.html,included,
1062289737911,packaging,packaging,包装盒礼盒定制天地盖双开盒翻盖折叠磁吸盒订做抽屉盒印刷logo,Foldable Gift Packaging Box,"Foldable Gift Packaging Box. Listed features: foldable. Confirm the selected model, size and included items before ordering.",CNY,1,0.15,https://detail.1688.com/offer/1062289737911.html,included,
940937030574,packaging,packaging,一次性纸碗牛皮纸餐盒可定制长方形外卖打包盒食品包装快餐盒纸碗,Takeaway Food Box,"Takeaway Food Box. Confirm the selected model, size and included items before ordering.",CNY,0.15,0.02,https://detail.1688.com/offer/940937030574.html,included,
808153525964,packaging,packaging,厂家批发三层瓦楞飞机盒跨境饰品服饰包赚纸盒礼品打包发货包装盒,Cardboard Mailer Box,"Cardboard Mailer Box. Confirm the selected model, size and included items before ordering.",CNY,0.66,0.1,https://detail.1688.com/offer/808153525964.html,included,
704269962069,packaging,packaging,黑色飞机盒特硬现货瓦楞纸箱可印刷logo小号春夏季服装衣服包装盒,Cardboard Mailer Box,"Cardboard Mailer Box. Confirm the selected model, size and included items before ordering.",CNY,0.49,0.07,https://detail.1688.com/offer/704269962069.html,included,
1000721999397,packaging,packaging,定制彩盒二次元动漫周边ins风洛丽塔JK服装可爱包装飞机纸盒特硬,Packaging Box,"Packaging Box. Confirm the selected model, size and included items before ordering.",CNY,0.1,0.01,https://detail.1688.com/offer/1000721999397.html,included,
901817579427,packaging,packaging,包装工厂鸡蛋包装盒礼品盒装土鸡蛋彩盒土鸡蛋外包装盒定制彩印,Packaging Box,"Packaging Box. Confirm the selected model, size and included items before ordering.",CNY,1.3,0.19,https://detail.1688.com/offer/901817579427.html,included,
642573445719,packaging,packaging,跨境亚马逊白盒现货批发小白盒白卡纸盒包装盒彩盒定 制印刷logo,Packaging Box,"Packaging Box. Confirm the selected model, size and included items before ordering.",CNY,0.09,0.01,https://detail.1688.com/offer/642573445719.html,included,
675373898324,packaging,packaging,一次性打包盒圆形汤盒pp塑料餐盒扭盖食品打包碗酸奶杯一次性碗,Plastic Disposable Food Bowl,"Plastic Disposable Food Bowl. Listed features: plastic. Confirm the selected model, size and included items before ordering.",CNY,0.51,0.07,https://detail.1688.com/offer/675373898324.html,included,
671216173938,packaging,packaging,翻盖牛皮纸袜子包装盒运动鞋子纸盒马丁靴彩盒电商快递打包飞机盒,Cardboard Mailer Box,"Cardboard Mailer Box. Confirm the selected model, size and included items before ordering.",CNY,0.8,0.12,https://detail.1688.com/offer/671216173938.html,included,
751691421549,packaging,packaging,内裤袜子包装盒彩盒定制白卡纸彩色印刷抽拉抽屉盒折叠纸盒子定做,Foldable Packaging Box,"Foldable Packaging Box. Listed features: foldable. Confirm the selected model, size and included items before ordering.",CNY,0.2,0.03,https://detail.1688.com/offer/751691421549.html,included,
774231235823,packaging | logistics-packaging,packaging,现货 黄色/黑色牛皮纸盒 手机壳包装盒 天地盖礼品高档创意,Packaging Box,"Packaging Box. Confirm the selected model, size and included items before ordering.",CNY,1.1,0.16,https://detail.1688.com/offer/774231235823.html,included,
958589145980,packaging,packaging,定制飞机盒小批量印刷logo图案大尺寸白色防压特硬ins风包装盒,Cardboard Mailer Box,"Cardboard Mailer Box. Confirm the selected model, size and included items before ordering.",CNY,0.2,0.03,https://detail.1688.com/offer/958589145980.html,included,
865079449560,packaging,packaging,彩盒定制瓦楞盒礼盒化妆品盒食品盒茶叶盒飞机盒开窗玩具包装盒,Cardboard Mailer Box,"Cardboard Mailer Box. Confirm the selected model, size and included items before ordering.",CNY,0.2,0.03,https://detail.1688.com/offer/865079449560.html,included,
827091385764,packaging,packaging,定制5层超硬大纸箱纸盒定做 纸箱子大搬家用防抗压防潮包装纸箱子,Cardboard Shipping Box,"Cardboard Shipping Box. Confirm the selected model, size and included items before ordering.",CNY,1,0.15,https://detail.1688.com/offer/827091385764.html,included,
889641257893,packaging,packaging,抽拉式纸盒定制 实力印刷包装厂小批量定做天地翻盖盒外包装礼盒,Gift Packaging Box,"Gift Packaging Box. Confirm the selected model, size and included items before ordering.",CNY,0.2,0.03,https://detail.1688.com/offer/889641257893.html,included,
765905669920,packaging,packaging,厂家直销瓦楞飞机盒定制双面彩色印刷彩盒电商快递包装盒定做,Cardboard Mailer Box,"Cardboard Mailer Box. Confirm the selected model, size and included items before ordering.",CNY,0.5,0.07,https://detail.1688.com/offer/765905669920.html,included,
854371045572,packaging,packaging,纸盒定制产品包装盒定做化妆品彩盒小批量高档特种纸空盒子印logo,Packaging Box,"Packaging Box. Confirm the selected model, size and included items before ordering.",CNY,0.2,0.03,https://detail.1688.com/offer/854371045572.html,included,
651331164546,packaging,packaging,快递纸箱快递盒打包纸箱子包装纸盒子打包盒包装盒牛皮纸盒包装箱,Cardboard Shipping Box,"Cardboard Shipping Box. Confirm the selected model, size and included items before ordering.",CNY,0.13,0.02,https://detail.1688.com/offer/651331164546.html,included,
957219048601,packaging,packaging,跨境礼品盒糖果盒 棕色牛皮纸礼盒 - 儿童生日派对、婚礼,Packaging Box,"Packaging Box. Confirm the selected model, size and included items before ordering.",CNY,0.45,0.07,https://detail.1688.com/offer/957219048601.html,included,
977577941243,packaging,packaging,枕头包装盒定制小批量白卡纸瓦楞手提礼品盒家纺开窗纸盒包装彩盒,Packaging Box,"Packaging Box. Confirm the selected model, size and included items before ordering.",CNY,0.25,0.04,https://detail.1688.com/offer/977577941243.html,included,
684311783809,packaging,packaging,彩盒包装盒定做礼品盒白卡化妆品纸盒订做天地盖礼盒定制小批量,Gift Packaging Box,"Gift Packaging Box. Confirm the selected model, size and included items before ordering.",CNY,0.3,0.04,https://detail.1688.com/offer/684311783809.html,included,
669740476670,packaging,packaging,工厂现货翻盖礼盒制做礼品首饰盒U盘工艺品高档精美纸盒包装加工,Gift Packaging Box,"Gift Packaging Box. Confirm the selected model, size and included items before ordering.",CNY,1.89,0.28,https://detail.1688.com/offer/669740476670.html,included,
669521053361,packaging,packaging,长条纸箱干花芦苇纸盒鱼竿雨伞雨刮亚马逊跨境包装超硬牛皮瓦楞盒,Cardboard Shipping Box,"Cardboard Shipping Box. Confirm the selected model, size and included items before ordering.",CNY,0.6,0.09,https://detail.1688.com/offer/669521053361.html,included,
838468608907,packaging,packaging,牛皮纸包装盒三层瓦楞跨境电商通用电子产品抗压可印logo源头工厂,Packaging Box,"Packaging Box. Confirm the selected model, size and included items before ordering.",CNY,0.1,0.01,https://detail.1688.com/offer/838468608907.html,included,
988407632192,packaging,packaging,定制FSC环保牛皮纸盒保温杯包装盒塑料吸管杯瓦楞彩盒水杯盒跨境,Plastic Packaging Box,"Plastic Packaging Box. Listed features: plastic. Confirm the selected model, size and included items before ordering.",CNY,0.68,0.1,https://detail.1688.com/offer/988407632192.html,included,
574629134618,packaging,packaging,厂家供应塑料包装透明  三折塑料包装 产品电器吸塑包装批发,Plastic Blister Packaging Tray,"Plastic Blister Packaging Tray. Listed features: plastic. Confirm the selected model, size and included items before ordering.",CNY,1.48,0.22,https://detail.1688.com/offer/574629134618.html,included,
957226272727,packaging,packaging,12个牛皮纸礼盒，适合包装，婚礼，派对，生日装饰和小型企业用品,Kraft Packing Paper,"Kraft Packing Paper. Confirm the selected model, size and included items before ordering.",CNY,7.09,1.04,https://detail.1688.com/offer/957226272727.html,included,
955342741149,packaging,packaging,礼品包装盒定作2025新款书型产品礼盒天地盖logo定作小批量白卡盒,Packaging Box,"Packaging Box. Confirm the selected model, size and included items before ordering.",CNY,200,29.26,https://detail.1688.com/offer/955342741149.html,included,
762286702571,packaging,packaging,红色特硬纸盒子白色瓦楞打包盒包邮方形快递盒彩色飞机盒现货黑色,Cardboard Mailer Box,"Cardboard Mailer Box. Confirm the selected model, size and included items before ordering.",CNY,0.38,0.06,https://detail.1688.com/offer/762286702571.html,included,
838531687429,packaging,packaging,水果礼盒定制柚子车厘子盒子苹果纸箱定制彩盒春节送礼彩盒定制,Gift Packaging Box,"Gift Packaging Box. Confirm the selected model, size and included items before ordering.",CNY,0.1,0.01,https://detail.1688.com/offer/838531687429.html,included,
800356279395,packaging,packaging,服装店手提袋定制高级感简约袋子轻奢女装店购物包装袋潮流纸袋,Packaging Bag,"Packaging Bag. Confirm the selected model, size and included items before ordering.",CNY,0.5,0.07,https://detail.1688.com/offer/800356279395.html,included,
631151442337,packaging,packaging,硬质合金刀片盒SYS双推款 数控刀具收纳盒透明磨砂十片装包装盒,Packaging Box,"Packaging Box. Confirm the selected model, size and included items before ordering.",CNY,0.57,0.08,https://detail.1688.com/offer/631151442337.html,included,
737140339614,packaging,packaging,长方形牛皮纸盒创意定制折叠盒子彩盒抽屉盒批发礼品盒空盒小批量,Foldable Gift Packaging Box,"Foldable Gift Packaging Box. Listed features: foldable. Confirm the selected model, size and included items before ordering.",CNY,0.43,0.06,https://detail.1688.com/offer/737140339614.html,included,
853740181480,packaging,packaging,水果包装盒抗压瓦楞盒纸盒彩盒抗压高档礼品盒手提盒空盒 印刷设,Takeaway Food Box,"Takeaway Food Box. Confirm the selected model, size and included items before ordering.",CNY,1,0.15,https://detail.1688.com/offer/853740181480.html,included,
730060155123,packaging,packaging,覆膜开窗贴窗长条白卡纸盒做跨境彩盒定制包装盒小批量瓦楞小白盒,Packaging Box,"Packaging Box. Confirm the selected model, size and included items before ordering.",CNY,0.1,0.01,https://detail.1688.com/offer/730060155123.html,included,
786712248041,packaging,packaging,覆膜特硬防水正方形加厚翻盖白盒瓦楞纸包装盒礼品盒彩盒,Packaging Box,"Packaging Box. Confirm the selected model, size and included items before ordering.",CNY,0.35,0.05,https://detail.1688.com/offer/786712248041.html,included,
727580979410,packaging,packaging,中山包装盒定制高档彩印纸盒折叠瓦楞纸盒小家电化妆品包装彩盒,Foldable Packaging Box,"Foldable Packaging Box. Listed features: foldable. Confirm the selected model, size and included items before ordering.",CNY,0.1,0.01,https://detail.1688.com/offer/727580979410.html,included,
730766790637,packaging,packaging,跨境撕拉包装彩盒拉链飞机盒纸盒服装快递硬瓦楞纸盒坑盒厂家批发,Cardboard Mailer Box,"Cardboard Mailer Box. Confirm the selected model, size and included items before ordering.",CNY,0.2,0.03,https://detail.1688.com/offer/730766790637.html,included,
642406514826,packaging,packaging,蜂蜜礼盒定制彩盒蜂蜜包装礼盒 土特产礼品水果盒子通用包装定做,Gift Packaging Box,"Gift Packaging Box. Confirm the selected model, size and included items before ordering.",CNY,0.2,0.03,https://detail.1688.com/offer/642406514826.html,included,
812312740693,packaging,packaging,一次性纸碗牛皮纸餐盒可印刷方形外卖打包盒食品包装盒快餐盒纸碗,Takeaway Food Box,"Takeaway Food Box. Confirm the selected model, size and included items before ordering.",CNY,0.19,0.03,https://detail.1688.com/offer/812312740693.html,included,
853285292065,packaging,packaging,定制新年节日包装彩盒  礼品彩盒 鸡蛋腊味礼盒过年节庆彩盒定制,Packaging Box,"Packaging Box. Confirm the selected model, size and included items before ordering.",CNY,2.5,0.37,https://detail.1688.com/offer/853285292065.html,included,
574242573898,packaging,packaging,加厚型吸塑盒50~100g蛋黄酥雪媚娘包装盒天地盖金银色包装,Packaging Box,"Packaging Box. Confirm the selected model, size and included items before ordering.",CNY,5.5,0.8,https://detail.1688.com/offer/574242573898.html,included,
899079999983,packaging,packaging,彩盒包装瓦楞纸大型彩盒包装4色胶印彩盒包装东莞彩盒包装厂,Packaging Box,"Packaging Box. Confirm the selected model, size and included items before ordering.",CNY,35,5.12,https://detail.1688.com/offer/899079999983.html,included,
810912717038,packaging,packaging,牛皮纸盒子定 制印刷logo瓦楞彩盒礼品卡盒坑盒包装盒定 做正方形,Packaging Box,"Packaging Box. Confirm the selected model, size and included items before ordering.",CNY,0.2,0.03,https://detail.1688.com/offer/810912717038.html,included,
583995467159,packaging,packaging,胜忻奇包装长期供应PET吸塑包装，化妆品吸塑包装,Blister Packaging Tray,"Blister Packaging Tray. Confirm the selected model, size and included items before ordering.",CNY,0.1,0.01,https://detail.1688.com/offer/583995467159.html,included,
909842476740,packaging,packaging,飞机盒定制小批量双面彩色包装纸盒印刷LOGO高端手提礼盒定做制作,Cardboard Mailer Box,"Cardboard Mailer Box. Confirm the selected model, size and included items before ordering.",CNY,1,0.15,https://detail.1688.com/offer/909842476740.html,included,
864769262314,packaging,packaging,彩盒定制瓦楞盒礼品盒保健食品盒药品盒飞机盒玩具盒异形包装盒,Cardboard Mailer Box,"Cardboard Mailer Box. Confirm the selected model, size and included items before ordering.",CNY,0.2,0.03,https://detail.1688.com/offer/864769262314.html,included,
635854633687,packaging,packaging,化妆品包装盒定制银卡内裤纸盒护肤品面膜礼品盒抽屉折叠彩盒定做,Foldable Packaging Box,"Foldable Packaging Box. Listed features: foldable. Confirm the selected model, size and included items before ordering.",CNY,0.85,0.12,https://detail.1688.com/offer/635854633687.html,included,
724958783281,packaging,packaging,全可降解服装包装袋雪梨纸离型纸半透明自粘袋格拉辛蜡光纸袋定制,Packaging Bag,"Packaging Bag. Confirm the selected model, size and included items before ordering.",CNY,1,0.15,https://detail.1688.com/offer/724958783281.html,included,
949223065379,packaging,packaging,果乐多葡萄打包盒阳光玫瑰包装盒一次性透明塑料水果盒葡萄包装盒,Plastic Packaging Box,"Plastic Packaging Box. Listed features: plastic. Confirm the selected model, size and included items before ordering.",CNY,0.52,0.08,https://detail.1688.com/offer/949223065379.html,included,
840626821592,packaging | logistics-packaging,packaging,正方形竖款跨境特硬三层瓦楞纸飞机包装彩盒物流快递牛皮盒批发,Packaging Box,"Packaging Box. Confirm the selected model, size and included items before ordering.",CNY,0.35,0.05,https://detail.1688.com/offer/840626821592.html,included,
687235515399,packaging,packaging,飞机盒首饰包装盒特硬快递纸盒小号瓦楞纸包装批发折叠礼盒长方形,Foldable Gift Packaging Box,"Foldable Gift Packaging Box. Listed features: foldable. Confirm the selected model, size and included items before ordering.",CNY,0.13,0.02,https://detail.1688.com/offer/687235515399.html,included,
695798170749,packaging,packaging,天地盖包装盒定制小批量数据线彩盒化妆品纸盒彩色内裤飞机盒开窗,Cardboard Mailer Box,"Cardboard Mailer Box. Confirm the selected model, size and included items before ordering.",CNY,5,0.73,https://detail.1688.com/offer/695798170749.html,included,
1279316471,packaging,packaging,厂家专业生产纸浆鸡蛋盒内包装 减震缓冲内衬纸塑纸托包装盒,Packaging Box,"Packaging Box. Confirm the selected model, size and included items before ordering.",CNY,2.9,0.42,https://detail.1688.com/offer/1279316471.html,included,
888746665267,packaging,packaging,白卡纸盒定做数据线包装化妆品口红盒子订做礼盒礼品盒折叠纸盒,Foldable Packaging Box,"Foldable Packaging Box. Listed features: foldable. Confirm the selected model, size and included items before ordering.",CNY,0.3,0.04,https://detail.1688.com/offer/888746665267.html,included,
898017698761,packaging,packaging,化妆品香水包装礼盒厂家高品质抽屉礼盒卡纸内托天地盖盒源头工厂,Protective Packaging Insert,"Protective Packaging Insert. Confirm the selected model, size and included items before ordering.",CNY,0.74,0.11,https://detail.1688.com/offer/898017698761.html,included,
980934796742,packaging,packaging,定制钥匙扣包装盒天地盖礼品盒子饰品盒黄金珠宝首饰手表时尚彩盒,Watch,"Watch. Confirm the selected model, size and included items before ordering.",CNY,0.68,0.1,https://detail.1688.com/offer/980934796742.html,included,
693057242722,packaging,packaging,现货批发包装盒商务风配手提袋腰带盒全套礼品盒可定制木质礼盒,Packaging Box,"Packaging Box. Confirm the selected model, size and included items before ordering.",CNY,14,2.05,https://detail.1688.com/offer/693057242722.html,included,
622739528793,packaging,packaging,一次性碗带盖外卖打包碗透明塑料碗密封保鲜罐圆形打包盒扭盖汤杯,Plastic Disposable Food Bowl,"Plastic Disposable Food Bowl. Listed features: plastic. Confirm the selected model, size and included items before ordering.",CNY,82,12.0,https://detail.1688.com/offer/622739528793.html,included,
642965245906,packaging,packaging,现货小白盒白卡纸盒迷你礼品折叠盒LOGO印刷电池双插盒包装盒定制,Foldable Gift Packaging Box,"Foldable Gift Packaging Box. Listed features: foldable. Confirm the selected model, size and included items before ordering.",CNY,0.15,0.02,https://detail.1688.com/offer/642965245906.html,included,
709501576657,packaging,packaging,飞机盒食品电子产品包装盒三层瓦楞牛皮纸特硬彩盒印logo免费设计,Cardboard Mailer Box,"Cardboard Mailer Box. Confirm the selected model, size and included items before ordering.",CNY,2.6,0.38,https://detail.1688.com/offer/709501576657.html,included,
693772020091,packaging,packaging,定制包装纸盒定做乳液免费设计压纹面霜白卡银卡化妆品包装盒定做,Packaging Box,"Packaging Box. Confirm the selected model, size and included items before ordering.",CNY,0.2,0.03,https://detail.1688.com/offer/693772020091.html,included,
807389358684,packaging,packaging,包装盒礼盒定制彩盒飞机盒瓦楞盒抽屉盒化妆品医药品食品包装定制,Gift Packaging Box,"Gift Packaging Box. Confirm the selected model, size and included items before ordering.",CNY,0.23,0.03,https://detail.1688.com/offer/807389358684.html,included,
792895999504,packaging,packaging,淋浴花洒包装盒定制加硬瓦楞淋浴头彩盒空盒子通用设计莲蓬头纸盒,Packaging Box,"Packaging Box. Confirm the selected model, size and included items before ordering.",CNY,0.1,0.01,https://detail.1688.com/offer/792895999504.html,included,
767799144574,packaging,packaging,牛皮纸袋定制logo手提袋甜品烘焙咖啡外卖打包袋中秋节礼品手提袋,Kraft Packing Paper,"Kraft Packing Paper. Confirm the selected model, size and included items before ordering.",CNY,0.18,0.03,https://detail.1688.com/offer/767799144574.html,included,
591579294504,packaging,packaging,定制日用品外包装盒护肤品双插盒精油精华纯露彩盒银卡纸香水纸盒,Packaging Box,"Packaging Box. Confirm the selected model, size and included items before ordering.",CNY,0.35,0.05,https://detail.1688.com/offer/591579294504.html,included,
845035725134,packaging,packaging,蛋糕烘焙包装盒定 做牛皮瓦楞天地盖折叠彩盒食品外包装纸盒,Foldable Packaging Box,"Foldable Packaging Box. Listed features: foldable. Confirm the selected model, size and included items before ordering.",CNY,0.11,0.02,https://detail.1688.com/offer/845035725134.html,included,
914219980518,packaging,packaging,高端礼品盒定制特种纸方形商务礼盒企业logo定制节日包装盒,Packaging Box,"Packaging Box. Confirm the selected model, size and included items before ordering.",CNY,3,0.44,https://detail.1688.com/offer/914219980518.html,included,
1083335809417,packaging,packaging,跨境圣诞包装盒印logo开窗透明折叠牛皮纸盒甜品打包盒礼物盒批发,Foldable Packaging Box,"Foldable Packaging Box. Listed features: foldable. Confirm the selected model, size and included items before ordering.",CNY,5.5,0.8,https://detail.1688.com/offer/1083335809417.html,included,
1085076337805,packaging,packaging,现货批发扣底盒正方形三层牛皮纸瓦楞盒电子配件通用包装牛皮纸盒,Packaging Box,"Packaging Box. Confirm the selected model, size and included items before ordering.",CNY,0.23,0.03,https://detail.1688.com/offer/1085076337805.html,included,
1062202176270,packaging,packaging,3层飞机盒现货清仓特惠 彩色包装盒礼品盒伴手礼纸盒现货特价批发,Gift Packaging Box,"Gift Packaging Box. Confirm the selected model, size and included items before ordering.",CNY,0.38,0.06,https://detail.1688.com/offer/1062202176270.html,included,
1080420619550,packaging,packaging,定制小批量书形全套香水包装盒香水玻璃瓶化妆品礼品包带泡沫插页,Packaging Box,"Packaging Box. Confirm the selected model, size and included items before ordering.",CNY,0.34,0.05,https://detail.1688.com/offer/1080420619550.html,included,
1059531528100,packaging,packaging,包装盒定制纸盒子礼品盒纸盒茶叶化妆品保健品药盒彩盒眼影盒子,Packaging Box,"Packaging Box. Confirm the selected model, size and included items before ordering.",CNY,0.2,0.03,https://detail.1688.com/offer/1059531528100.html,included,
1080180631461,packaging,packaging,工厂定制印刷徽标硬质可折叠瓦楞纸环保哑光层压低起订量包装盒，,Foldable Packaging Box,"Foldable Packaging Box. Listed features: foldable. Confirm the selected model, size and included items before ordering.",CNY,2.01,0.29,https://detail.1688.com/offer/1080180631461.html,included,
663742236781,packaging,packaging,快递包装盒3-13号纸箱电商打包特硬纸盒半高扁平发货箱现货批发,Cardboard Shipping Box,"Cardboard Shipping Box. Confirm the selected model, size and included items before ordering.",CNY,0.11,0.02,https://detail.1688.com/offer/663742236781.html,included,
843178025204,packaging,packaging,现货pvc包装盒塑料透明盒子化妆品保健品蛋糕盒零食pet盒定制logo,Plastic Packaging Box,"Plastic Packaging Box. Listed features: plastic. Confirm the selected model, size and included items before ordering.",CNY,0.22,0.03,https://detail.1688.com/offer/843178025204.html,included,
679143140200,packaging,packaging,防氧化pe膜悬浮饰品抽屉盒 穿戴甲首饰收纳盒 耳钉手链包装盒批发,Packaging Box,"Packaging Box. Confirm the selected model, size and included items before ordering.",CNY,0.6,0.09,https://detail.1688.com/offer/679143140200.html,included,
743808048060,packaging,packaging,包装盒定制白卡纸盒定做盲盒礼盒空盒子瓦楞盒开窗双插盒礼品盒,Packaging Box,"Packaging Box. Confirm the selected model, size and included items before ordering.",CNY,0.05,0.01,https://detail.1688.com/offer/743808048060.html,included,
819799955898,packaging,packaging,彩盒定制白卡飞机盒牛皮瓦楞纸盒子内裤天地盖礼品盒数据线包装盒,Cardboard Mailer Box,"Cardboard Mailer Box. Confirm the selected model, size and included items before ordering.",CNY,5,0.73,https://detail.1688.com/offer/819799955898.html,included,
658991404620,packaging,packaging,印刷包装盒定制三五层瓦楞彩盒坑盒定做包装盒折叠纸盒小批量订制,Foldable Packaging Box,"Foldable Packaging Box. Listed features: foldable. Confirm the selected model, size and included items before ordering.",CNY,0.13,0.02,https://detail.1688.com/offer/658991404620.html,included,
863753739024,packaging,packaging,产品包装盒彩盒定制白卡纸盒瓦楞抽屉盒化妆品数据线包装盒子定做,Packaging Box,"Packaging Box. Confirm the selected model, size and included items before ordering.",CNY,0.2,0.03,https://detail.1688.com/offer/863753739024.html,included,
684319423027,packaging,packaging,小白盒现货瓦楞包装盒杯子五金灯泡香薰玩具礼盒正方形纸箱定制,Cardboard Shipping Box,"Cardboard Shipping Box. Confirm the selected model, size and included items before ordering.",CNY,0.3,0.04,https://detail.1688.com/offer/684319423027.html,included,
694437663912,packaging,packaging,白卡牛皮瓦楞纸盒高档礼盒化妆品彩盒小批量来图订制包装盒彩盒,Packaging Box,"Packaging Box. Confirm the selected model, size and included items before ordering.",CNY,10,1.46,https://detail.1688.com/offer/694437663912.html,included,
802791673329,packaging,packaging,包装盒定制精装盒定做茶叶礼品盒印刷飞机盒彩盒抽拉盒包装空盒,Cardboard Mailer Box,"Cardboard Mailer Box. Confirm the selected model, size and included items before ordering.",CNY,1.2,0.18,https://detail.1688.com/offer/802791673329.html,included,
696032593903,packaging,packaging,礼盒纸盒包装盒天地盖书型盒印刷设计logo包装盒精品化妆品盒厂家,Packaging Box,"Packaging Box. Confirm the selected model, size and included items before ordering.",CNY,1.2,0.18,https://detail.1688.com/offer/696032593903.html,included,
824473168912,packaging,packaging,翻盖礼品盒天地盖礼盒定制电子产品包装盒高档日用品彩盒定做厂家,Gift Packaging Box,"Gift Packaging Box. Confirm the selected model, size and included items before ordering.",CNY,0.4,0.06,https://detail.1688.com/offer/824473168912.html,included,
777131729903,packaging,packaging,现货抽屉首饰包装盒珠宝项链收纳纸盒 戒指耳钉手镯饰品礼盒,Packaging Box,"Packaging Box. Confirm the selected model, size and included items before ordering.",CNY,1.24,0.18,https://detail.1688.com/offer/777131729903.html,included,
950435389395,packaging,packaging,挂耳咖啡包装彩盒印刷白卡纸折叠撕拉速溶咖啡双插盒食品包装盒,Foldable Packaging Box,"Foldable Packaging Box. Listed features: foldable. Confirm the selected model, size and included items before ordering.",CNY,0.2,0.03,https://detail.1688.com/offer/950435389395.html,included,
735671565620,packaging,packaging,特硬耐摔宽度11厘米飞机盒 跨境电商外贸物流快递打包盒牛皮纸盒,Cardboard Mailer Box,"Cardboard Mailer Box. Confirm the selected model, size and included items before ordering.",CNY,0.31,0.05,https://detail.1688.com/offer/735671565620.html,included,
654023764897,packaging,packaging,拉丝PU皮首饰盒 戒指耳钉吊坠手镯项链饰品盒 珠宝首饰包装盒批发,Gift Packaging Box,"Gift Packaging Box. Confirm the selected model, size and included items before ordering.",CNY,2.35,0.34,https://detail.1688.com/offer/654023764897.html,included,
1061291813404,packaging,packaging,牛皮纸袋印logo礼品袋联名周边包装手提袋外卖餐饮打包袋现货批发,Kraft Packing Paper,"Kraft Packing Paper. Confirm the selected model, size and included items before ordering.",CNY,0.18,0.03,https://detail.1688.com/offer/1061291813404.html,included,
43148775530,packaging,packaging,旭辉厂亚克力透明水晶收纳盒戒指盒子饰品药丸盒包装首饰珠宝盒,Gift Packaging Box,"Gift Packaging Box. Confirm the selected model, size and included items before ordering.",CNY,2,0.29,https://detail.1688.com/offer/43148775530.html,included,
43148583378,packaging,packaging,旭辉厂亚克力透明水晶收纳盒对戒指盒子饰品药丸盒包装首饰盒,Gift Packaging Box,"Gift Packaging Box. Confirm the selected model, size and included items before ordering.",CNY,2.1,0.31,https://detail.1688.com/offer/43148583378.html,included,
645541559481,packaging,packaging,纸质圆筒包装盒定制化妆品纸罐厂家EVA内衬卷边烫金纸筒四色印刷,Protective Packing Foam,"Protective Packing Foam. Confirm the selected model, size and included items before ordering.",CNY,3,0.44,https://detail.1688.com/offer/645541559481.html,included,
661520218842,packaging,packaging,厂家定制PVC塑料透明盒磨砂可折叠礼品包装可印logo挂钩式包装盒,Plastic Foldable Packaging Box,"Plastic Foldable Packaging Box. Listed features: plastic, foldable. Confirm the selected model, size and included items before ordering.",CNY,3.4,0.5,https://detail.1688.com/offer/661520218842.html,included,
1077960569861,packaging,packaging,牛皮纸盒子定制特硬五金杯子包装盒小白盒印刷瓦楞盒彩盒白卡纸盒,Packaging Box,"Packaging Box. Confirm the selected model, size and included items before ordering.",CNY,0.3,0.04,https://detail.1688.com/offer/1077960569861.html,included,
1077953453105,packaging,packaging,海底捞同款礼品手提袋定制高级感火锅门店礼物袋餐饮外卖打包纸袋,Paper Gift Bag,"Paper Gift Bag. Confirm the selected model, size and included items before ordering.",CNY,0.2,0.03,https://detail.1688.com/offer/1077953453105.html,included,
1077891893776,packaging,packaging,黑色飞机盒定制可撕拉瓦楞纸箱数码产品包装盒彩盒可可定制LOGO,Cardboard Mailer Box,"Cardboard Mailer Box. Confirm the selected model, size and included items before ordering.",CNY,0.5,0.07,https://detail.1688.com/offer/1077891893776.html,included,
1077867823656,packaging,packaging,跨境万圣节礼物礼品包装盒白卡纸南瓜盒派对糖果盒万圣节礼盒定制,Gift Packaging Box,"Gift Packaging Box. Confirm the selected model, size and included items before ordering.",CNY,0.2,0.03,https://detail.1688.com/offer/1077867823656.html,included,
1077860219329,packaging,packaging,复古红色八角印花边首饰盒精美珠宝戒指吊坠盒手镯饰品包装盒礼盒,Gift Packaging Box,"Gift Packaging Box. Confirm the selected model, size and included items before ordering.",CNY,5,0.73,https://detail.1688.com/offer/1077860219329.html,included,
1077852167058,packaging,packaging,牛皮纸袋手提袋定制食品级淋膜防油外卖水果礼品袋一次性食品袋子,Kraft Packing Paper,"Kraft Packing Paper. Confirm the selected model, size and included items before ordering.",CNY,0.01,,https://detail.1688.com/offer/1077852167058.html,held,invalid-price
1077838363061,packaging,packaging,伴手礼礼盒定制源头厂家回礼高端礼盒装支持打样烫金定制货货源,Gift Packaging Box,"Gift Packaging Box. Confirm the selected model, size and included items before ordering.",CNY,0.1,0.01,https://detail.1688.com/offer/1077838363061.html,included,
1077824658000,packaging,packaging,粉底液包装盒定制小批量白卡银卡纸盒逆向UV香水彩盒扣底盒厂家,Packaging Box,"Packaging Box. Confirm the selected model, size and included items before ordering.",CNY,0.15,0.02,https://detail.1688.com/offer/1077824658000.html,included,
1077791811885,packaging,packaging,加厚牛皮纸袋手提袋定制烘焙面包袋服装礼品袋外卖打包袋印刷logo,Kraft Packing Paper,"Kraft Packing Paper. Confirm the selected model, size and included items before ordering.",CNY,0.18,0.03,https://detail.1688.com/offer/1077791811885.html,included,
1077755338232,packaging,packaging,迷你海底捞同款牛皮纸袋定制零食饰品礼物手提袋加厚彩印礼品袋子,Kraft Packing Paper,"Kraft Packing Paper. Confirm the selected model, size and included items before ordering.",CNY,0.2,0.03,https://detail.1688.com/offer/1077755338232.html,included,
1077494446197,packaging,packaging,教师节伴手礼品袋定制学生送老师礼物手提袋加厚加固彩印牛皮纸袋,Kraft Packing Paper,"Kraft Packing Paper. Confirm the selected model, size and included items before ordering.",CNY,0.18,0.03,https://detail.1688.com/offer/1077494446197.html,included,
1077492234628,packaging,packaging,制彩盒小批量白卡纸盒包装盒印刷logo礼品盒礼盒飞机盒源头工厂,Cardboard Mailer Box,"Cardboard Mailer Box. Confirm the selected model, size and included items before ordering.",CNY,0.26,0.04,https://detail.1688.com/offer/1077492234628.html,included,
1077426716411,packaging,packaging,杜邦纸袋定制印logo空白大容量牛皮纸袋单肩手提袋文创礼品订制,Kraft Packing Paper,"Kraft Packing Paper. Confirm the selected model, size and included items before ordering.",CNY,7.8,1.14,https://detail.1688.com/offer/1077426716411.html,included,
1077423134097,packaging,packaging,双开门翻盖礼盒定制中秋节日月饼高级感伴手礼纸盒加厚来图定制,Gift Packaging Box,"Gift Packaging Box. Confirm the selected model, size and included items before ordering.",CNY,0.5,0.07,https://detail.1688.com/offer/1077423134097.html,included,
1077412500248,packaging,packaging,服装店手提袋定制可印LOGO饰品美妆店礼品袋外卖购物牛皮纸袋现货,Kraft Packing Paper,"Kraft Packing Paper. Confirm the selected model, size and included items before ordering.",CNY,0.1,0.01,https://detail.1688.com/offer/1077412500248.html,included,
1077391011188,packaging,packaging,白卡纸盒定制 白卡包装盒包装盒彩盒印刷可印LOGO接急单支持验厂,Packaging Box,"Packaging Box. Confirm the selected model, size and included items before ordering.",CNY,0.3,0.04,https://detail.1688.com/offer/1077391011188.html,included,
1077372797894,packaging,packaging,2L3L冻干桶塑料密封盒1L保鲜盒猫条盒翻盖收纳盒多规格扣式储物盒,Plastic Storage Box,"Plastic Storage Box. Listed features: plastic. Confirm the selected model, size and included items before ordering.",CNY,2,0.29,https://detail.1688.com/offer/1077372797894.html,included,
1077257473465,packaging,packaging,厂家直供水洗牛皮纸袋黑色复古手提托特袋企业文创广告袋印刷logo,Kraft Packing Paper,"Kraft Packing Paper. Confirm the selected model, size and included items before ordering.",CNY,5.8,0.85,https://detail.1688.com/offer/1077257473465.html,included,
1077238797080,packaging,packaging,礼盒定制抽屉盒洋酒礼品盒定做翻盖天地盖空纸纸盒子艺术纸烫金,Gift Packaging Box,"Gift Packaging Box. Confirm the selected model, size and included items before ordering.",CNY,1,0.15,https://detail.1688.com/offer/1077238797080.html,included,
1077076747410,packaging,packaging,手机壳包装盒定做数码配件开窗彩盒白卡纸纸盒印刷定制工厂直供,Packaging Box,"Packaging Box. Confirm the selected model, size and included items before ordering.",CNY,0.1,0.01,https://detail.1688.com/offer/1077076747410.html,included,
1077075953300,packaging,packaging,深圳包装盒企业礼品外包装彩盒印刷化妆品白卡空盒天地盖高档礼盒,Packaging Box,"Packaging Box. Confirm the selected model, size and included items before ordering.",CNY,0.2,0.03,https://detail.1688.com/offer/1077075953300.html,included,
1077073009396,packaging,packaging,包装盒厂家产品彩盒定 做白卡纸盒瓦楞飞机盒礼品空盒小批量印刷,Cardboard Mailer Box,"Cardboard Mailer Box. Confirm the selected model, size and included items before ordering.",CNY,0.2,0.03,https://detail.1688.com/offer/1077073009396.html,included,
1076909006682,packaging,packaging,包装盒定制彩盒纸盒印刷鞋盒天地盖飞机盒定做小批量深圳印刷工厂,Cardboard Mailer Box,"Cardboard Mailer Box. Confirm the selected model, size and included items before ordering.",CNY,0.09,0.01,https://detail.1688.com/offer/1076909006682.html,included,
1076909006171,packaging,packaging,牛皮纸袋定制印logo生日礼物可爱ins风手提袋伴手礼品袋现货批发,Kraft Packing Paper,"Kraft Packing Paper. Confirm the selected model, size and included items before ordering.",CNY,0.18,0.03,https://detail.1688.com/offer/1076909006171.html,included,
1076900710718,packaging,packaging,牛皮纸袋定制印logo可爱ins风外卖打包手提袋伴手礼品袋现货批发,Kraft Packing Paper,"Kraft Packing Paper. Confirm the selected model, size and included items before ordering.",CNY,0.18,0.03,https://detail.1688.com/offer/1076900710718.html,included,
1076830341366,packaging,packaging,牛皮纸袋定制印logo海底捞同款纯色外卖打包袋节日购物礼品袋批货,Kraft Packing Paper,"Kraft Packing Paper. Confirm the selected model, size and included items before ordering.",CNY,0.18,0.03,https://detail.1688.com/offer/1076830341366.html,included,
1076783166412,packaging,packaging,源头工厂礼盒伴手礼伴手礼礼盒空盒天地盖礼盒送人高端飞机盒彩盒,Gift Packaging Box,"Gift Packaging Box. Confirm the selected model, size and included items before ordering.",CNY,0.05,0.01,https://detail.1688.com/offer/1076783166412.html,included,
1076635711669,packaging,packaging,牛皮纸袋现货批发餐饮外卖打包袋中秋节礼品袋手提袋子定制印LOGO,Kraft Packing Paper,"Kraft Packing Paper. Confirm the selected model, size and included items before ordering.",CNY,0.18,0.03,https://detail.1688.com/offer/1076635711669.html,included,
1076567659111,packaging,packaging,包装盒小批量定制食品零食彩盒飞机盒化妆品翻盖礼盒子空纸盒批发,Cardboard Mailer Box,"Cardboard Mailer Box. Confirm the selected model, size and included items before ordering.",CNY,0.1,0.01,https://detail.1688.com/offer/1076567659111.html,included,
1076423110359,packaging,packaging,中秋节礼品袋定制logo加厚伴手礼物袋企业送礼牛皮纸手提袋子批发,Kraft Packing Paper,"Kraft Packing Paper. Confirm the selected model, size and included items before ordering.",CNY,0.18,0.03,https://detail.1688.com/offer/1076423110359.html,included,
1076370484082,packaging,packaging,礼品袋定制牛皮纸袋手提袋定制外卖打包袋礼品袋手提袋纸袋定制,Kraft Packing Paper,"Kraft Packing Paper. Confirm the selected model, size and included items before ordering.",CNY,0.18,0.03,https://detail.1688.com/offer/1076370484082.html,included,
1076141798070,packaging,packaging,冰箱收纳盒食品级PP材质食物收纳盒透明方形保鲜盒果蔬收纳塑料盒,Plastic Clear Packaging Box,"Plastic Clear Packaging Box. Listed features: plastic. Confirm the selected model, size and included items before ordering.",CNY,6.34,0.93,https://detail.1688.com/offer/1076141798070.html,included,
1076091716216,packaging,packaging,牛皮纸袋定制可印logo纯色高级感加厚礼品袋伴手礼购物手提袋批货,Kraft Packing Paper,"Kraft Packing Paper. Confirm the selected model, size and included items before ordering.",CNY,0.18,0.03,https://detail.1688.com/offer/1076091716216.html,included,
1076038094691,packaging,packaging,牛皮纸袋定制印LOGO外卖食品打包袋手提袋服装节日礼品袋现货批发,Kraft Packing Paper,"Kraft Packing Paper. Confirm the selected model, size and included items before ordering.",CNY,0.18,0.03,https://detail.1688.com/offer/1076038094691.html,included,
1075843579575,packaging,packaging,礼盒定制翻盖式天地盖包装礼品盒空盒定做抽屉硬纸手拌礼吸磁盒,Gift Packaging Box,"Gift Packaging Box. Confirm the selected model, size and included items before ordering.",CNY,1,0.15,https://detail.1688.com/offer/1075843579575.html,included,
1075832690411,packaging,packaging,印章吸塑包装文创用品pvc包装盒定制透明logo印刷ps塑料吸塑胶盒,Plastic Blister Packaging Tray,"Plastic Blister Packaging Tray. Listed features: plastic. Confirm the selected model, size and included items before ordering.",CNY,0.1,0.01,https://detail.1688.com/offer/1075832690411.html,included,
1075826035644,packaging,packaging,包装盒定 制白卡纸盒订 做盲盒礼盒铜版纸空盒子瓦楞盒开窗礼品盒,Packaging Box,"Packaging Box. Confirm the selected model, size and included items before ordering.",CNY,0.01,,https://detail.1688.com/offer/1075826035644.html,held,invalid-price
1075823216013,packaging,packaging,飞机盒包装盒定制瓦楞纸盒彩印盒彩盒小批量定做服装饰品支持批发,Cardboard Mailer Box,"Cardboard Mailer Box. Confirm the selected model, size and included items before ordering.",CNY,2.9,0.42,https://detail.1688.com/offer/1075823216013.html,included,
1075794098211,packaging,packaging,牛皮纸袋定制手提袋印刷logo礼品袋包装纯色烘焙外卖奶茶袋子批发,Kraft Packing Paper,"Kraft Packing Paper. Confirm the selected model, size and included items before ordering.",CNY,0.18,0.03,https://detail.1688.com/offer/1075794098211.html,included,
1075765935545,packaging,packaging,白盒包装盒小纸盒小白盒现货彩盒定制跨境印刷白卡纸盒长方形卡盒,Packaging Box,"Packaging Box. Confirm the selected model, size and included items before ordering.",CNY,0.26,0.04,https://detail.1688.com/offer/1075765935545.html,included,
1075687858859,packaging,packaging,礼品包装盒定制抽屉盒收纳盒小批量纸盒定做包装化妆品彩盒批发,Packaging Box,"Packaging Box. Confirm the selected model, size and included items before ordering.",CNY,0.21,0.03,https://detail.1688.com/offer/1075687858859.html,included,
1075549208728,packaging,packaging,PET/PVC/PP磨砂盒咖啡冷泡茶益生元饮品宠物补剂美甲塑料透明折盒,Plastic Clear Folding Packaging Box,"Plastic Clear Folding Packaging Box. Listed features: plastic. Confirm the selected model, size and included items before ordering.",CNY,0.5,0.07,https://detail.1688.com/offer/1075549208728.html,included,
1075549023533,packaging,packaging,工厂定制彩盒物流包装产品包装飞机盒瓦楞化妆品包装盒打包盒彩盒,Cardboard Mailer Box,"Cardboard Mailer Box. Confirm the selected model, size and included items before ordering.",CNY,0.7,0.1,https://detail.1688.com/offer/1075549023533.html,included,
1075533018402,packaging,packaging,厂家直供水洗牛皮纸手提袋加厚复古托特袋广告礼品购物袋可印logo,Kraft Packing Paper,"Kraft Packing Paper. Confirm the selected model, size and included items before ordering.",CNY,7,1.02,https://detail.1688.com/offer/1075533018402.html,included,
1075484247017,packaging,packaging,翻盖盒纸盒定制高级模型玩具中秋月饼礼盒来图来样定制可印logo,Gift Packaging Box,"Gift Packaging Box. Confirm the selected model, size and included items before ordering.",CNY,0.5,0.07,https://detail.1688.com/offer/1075484247017.html,included,
1075404822509,packaging,packaging,彩盒定制印刷小批量包装礼品盒定制飞机盒化妆品盒盲盒水果瓦楞盒,Cardboard Mailer Box,"Cardboard Mailer Box. Confirm the selected model, size and included items before ordering.",CNY,0.1,0.01,https://detail.1688.com/offer/1075404822509.html,included,
1075301311760,packaging,packaging,飞机盒现货快递物流化妆品包装打包纸盒批发小号特硬抗压飞机盒,Cardboard Mailer Box,"Cardboard Mailer Box. Confirm the selected model, size and included items before ordering.",CNY,0.18,0.03,https://detail.1688.com/offer/1075301311760.html,included,
1075291176755,packaging,packaging,蓝色大理石纹礼物盒可装放护角套伴手礼手提盒方形礼品盒空盒厂家,Takeaway Food Box,"Takeaway Food Box. Confirm the selected model, size and included items before ordering.",CNY,4,0.59,https://detail.1688.com/offer/1075291176755.html,included,
1075170402402,packaging,packaging,天然水晶饰品包装盒手提式抽拉珠宝戒指项链加厚包装礼盒厂家批发,Packaging Box,"Packaging Box. Confirm the selected model, size and included items before ordering.",CNY,0.6,0.09,https://detail.1688.com/offer/1075170402402.html,included,
1075004828232,packaging,packaging,手提袋定制可印logo外贸牛皮纸袋烘焙饮品外卖打包袋节日礼品纸袋,Kraft Packing Paper,"Kraft Packing Paper. Confirm the selected model, size and included items before ordering.",CNY,0.18,0.03,https://detail.1688.com/offer/1075004828232.html,included,
1074937718534,packaging,packaging,厂家直供水洗牛皮纸托特包复古橘色手提袋可印logo加厚耐撕购物袋,Kraft Packing Paper,"Kraft Packing Paper. Confirm the selected model, size and included items before ordering.",CNY,6,0.88,https://detail.1688.com/offer/1074937718534.html,included,
1074928887952,packaging,packaging,牛皮纸袋定制可印logo外卖餐饮袋打包袋服装饰品店节日礼物袋现货,Kraft Packing Paper,"Kraft Packing Paper. Confirm the selected model, size and included items before ordering.",CNY,0.18,0.03,https://detail.1688.com/offer/1074928887952.html,included,
1074917145123,packaging,packaging,可水洗牛皮纸杜邦纸手提袋可diy涂鸦外出便携水杯环保袋可印logo,Portable Kraft Packing Paper,"Portable Kraft Packing Paper. Listed features: portable. Confirm the selected model, size and included items before ordering.",CNY,7.5,1.1,https://detail.1688.com/offer/1074917145123.html,included,
1074911805165,packaging,packaging,文具吸塑包装挂耳折边吸塑包装盒定制插卡高周波pvc塑料包装盒,Plastic Blister Packaging Tray,"Plastic Blister Packaging Tray. Listed features: plastic. Confirm the selected model, size and included items before ordering.",CNY,0.1,0.01,https://detail.1688.com/offer/1074911805165.html,included,
1074880375734,packaging,packaging,冬笋包装盒礼品盒空盒子5/10斤装青笋春笋竹笋鲜笋干礼盒纸箱定,Cardboard Shipping Box,"Cardboard Shipping Box. Confirm the selected model, size and included items before ordering.",CNY,2.75,0.4,https://detail.1688.com/offer/1074880375734.html,included,
1074873485319,packaging,packaging,牛皮纸手提袋烘焙奶茶咖啡外卖打包袋子伴手礼品生日礼物纸袋定制,Kraft Packing Paper,"Kraft Packing Paper. Confirm the selected model, size and included items before ordering.",CNY,0.2,0.03,https://detail.1688.com/offer/1074873485319.html,included,
1074798397161,packaging,packaging,一次性透明塑料生鲜托盘 pet盒子吸塑包装无盖超市水果肉类 打包,Plastic Blister Packaging Tray,"Plastic Blister Packaging Tray. Listed features: plastic. Confirm the selected model, size and included items before ordering.",CNY,0.13,0.02,https://detail.1688.com/offer/1074798397161.html,included,
1074613483668,packaging,packaging,广州彩色印刷飞机盒定制苏打饼干扣底盒包装定制LOGO白卡纸盒订制,Cardboard Mailer Box,"Cardboard Mailer Box. Confirm the selected model, size and included items before ordering.",CNY,0.3,0.04,https://detail.1688.com/offer/1074613483668.html,included,
1074559197093,packaging,packaging,牛皮纸袋定制可印logo外卖打包袋高级感手提袋节日礼品袋现货批发,Kraft Packing Paper,"Kraft Packing Paper. Confirm the selected model, size and included items before ordering.",CNY,0.18,0.03,https://detail.1688.com/offer/1074559197093.html,included,
1074557465255,packaging,packaging,牛皮纸袋定制印logo可爱ins风高级感手提袋生日礼品袋外卖打包袋,Kraft Packing Paper,"Kraft Packing Paper. Confirm the selected model, size and included items before ordering.",CNY,0.18,0.03,https://detail.1688.com/offer/1074557465255.html,included,
1074551881725,packaging,packaging,牛皮纸袋定制可印logo加厚手提袋礼品袋奶茶海底捞外卖打包袋批货,Kraft Packing Paper,"Kraft Packing Paper. Confirm the selected model, size and included items before ordering.",CNY,0.18,0.03,https://detail.1688.com/offer/1074551881725.html,included,
1074400330572,packaging,packaging,现货超纤首饰袋耳环戒指多功能收纳袋迷你便携跨境轻奢饰品包,Portable Storage Bag,"Portable Storage Bag. Listed features: portable. Confirm the selected model, size and included items before ordering.",CNY,3.18,0.47,https://detail.1688.com/offer/1074400330572.html,included,
1074316645260,packaging,packaging,牛皮纸手提袋定制七夕节卡通生日礼品袋咖啡奶茶店手提纸袋定做,Kraft Packing Paper,"Kraft Packing Paper. Confirm the selected model, size and included items before ordering.",CNY,0.22,0.03,https://detail.1688.com/offer/1074316645260.html,included,
1074311567980,packaging,packaging,服饰化妆品外包装盒瓦楞纸盒定制飞机彩盒快递盒折叠包装纸盒印刷,Foldable Packaging Box,"Foldable Packaging Box. Listed features: foldable. Confirm the selected model, size and included items before ordering.",CNY,0.5,0.07,https://detail.1688.com/offer/1074311567980.html,included,
1074240151915,packaging,packaging,手提杜邦纸袋定制加厚防水手提袋复古通勤广告宣传斜挎包定做logo,Paper Gift Bag,"Paper Gift Bag. Confirm the selected model, size and included items before ordering.",CNY,5,0.73,https://detail.1688.com/offer/1074240151915.html,included,
1074115878207,packaging,packaging,牛皮纸袋定制可印LOGO教师节礼品袋开学季班级活动手提袋包装批货,Kraft Packing Paper,"Kraft Packing Paper. Confirm the selected model, size and included items before ordering.",CNY,0.18,0.03,https://detail.1688.com/offer/1074115878207.html,included,
1074079527290,packaging,packaging,杜邦纸袋定制logo环保广告购物袋可水洗手提袋加厚大容量托特包,Paper Gift Bag,"Paper Gift Bag. Confirm the selected model, size and included items before ordering.",CNY,5,0.73,https://detail.1688.com/offer/1074079527290.html,included,
1074076830231,packaging,packaging,牛皮纸袋定制加印图案logo伴手礼外卖餐饮奶茶咖啡炸鸡打包袋批货,Kraft Packing Paper,"Kraft Packing Paper. Confirm the selected model, size and included items before ordering.",CNY,0.18,0.03,https://detail.1688.com/offer/1074076830231.html,included,
1074059731591,packaging,packaging,磁吸翻盖盒书型盒定 制 手表配件包装礼盒 精美印刷加工彩盒定 制,Watch,"Watch. Confirm the selected model, size and included items before ordering.",CNY,1.88,0.28,https://detail.1688.com/offer/1074059731591.html,included,
1074056051787,packaging,packaging,牛皮纸袋手提袋定制中秋节礼品袋手提奶茶饮品外卖打包装纸袋批发,Kraft Packing Paper,"Kraft Packing Paper. Confirm the selected model, size and included items before ordering.",CNY,0.18,0.03,https://detail.1688.com/offer/1074056051787.html,included,
1074028442162,packaging,packaging,保健品包装盒膳食补充剂彩盒印刷胶囊片剂白卡折叠纸盒英文设计,Foldable Packaging Box,"Foldable Packaging Box. Listed features: foldable. Confirm the selected model, size and included items before ordering.",CNY,0.05,0.01,https://detail.1688.com/offer/1074028442162.html,included,
1074025378416,packaging,packaging,哇噢定制厂家pvc包装盒现货pp磨砂塑料盒pet盒礼品包装彩色可定制,Plastic Packaging Box,"Plastic Packaging Box. Listed features: plastic. Confirm the selected model, size and included items before ordering.",CNY,2.98,0.44,https://detail.1688.com/offer/1074025378416.html,included,
1074024193334,packaging,packaging,小尺寸瓦楞盒定制包装盒坑盒瓦楞彩盒坑纸盒盒子定制纸盒印刷工厂,Packaging Box,"Packaging Box. Confirm the selected model, size and included items before ordering.",CNY,0.01,,https://detail.1688.com/offer/1074024193334.html,held,invalid-price
1073928412636,packaging,packaging,pvc包装盒定制pet透明盒子彩色塑料包装盒pp折叠胶盒定做食品包装,Plastic Foldable Packaging Box,"Plastic Foldable Packaging Box. Listed features: plastic, foldable. Confirm the selected model, size and included items before ordering.",CNY,0.1,0.01,https://detail.1688.com/offer/1073928412636.html,included,
1073875482278,packaging,packaging,时尚水洗撕不烂满版印花杂物化妆刷收纳袋 植物水果蔬菜牛皮纸袋,Kraft Packing Paper,"Kraft Packing Paper. Confirm the selected model, size and included items before ordering.",CNY,7,1.02,https://detail.1688.com/offer/1073875482278.html,included,
1073869178340,packaging,packaging,可水洗牛皮纸杜邦纸手提袋定制 休闲服装购物袋礼品袋收纳袋定做,Kraft Packing Paper,"Kraft Packing Paper. Confirm the selected model, size and included items before ordering.",CNY,7.9,1.16,https://detail.1688.com/offer/1073869178340.html,included,
1073853822716,packaging,packaging,宠物食品彩盒瓦楞彩色包装盒印刷休闲零食礼品外包装纸盒来图定做,Packaging Box,"Packaging Box. Confirm the selected model, size and included items before ordering.",CNY,0.05,0.01,https://detail.1688.com/offer/1073853822716.html,included,
1073801025168,packaging,packaging,彩盒定制化妆品包装盒定做logo印刷小批量白卡彩盒瓦楞盒包装盒,Packaging Box,"Packaging Box. Confirm the selected model, size and included items before ordering.",CNY,0.2,0.03,https://detail.1688.com/offer/1073801025168.html,included,
1073773690056,packaging,packaging,厂家现货水果托盘超市生鲜吸塑托盘pet透密塑料包装托定制logo,Plastic Shipping Crate or Pallet,"Plastic Shipping Crate or Pallet. Listed features: plastic. Confirm the selected model, size and included items before ordering.",CNY,0.28,0.04,https://detail.1688.com/offer/1073773690056.html,included,
1073770880456,packaging,packaging,飞机盒特硬抗压电商发货包装快递盒三层k级超硬纸盒现货飞机盒,Cardboard Mailer Box,"Cardboard Mailer Box. Confirm the selected model, size and included items before ordering.",CNY,0.18,0.03,https://detail.1688.com/offer/1073770880456.html,included,
1073714108905,packaging,packaging,牛皮纸袋定制logo加厚生日伴手礼物袋圣诞万圣节日烘焙礼品袋批发,Kraft Packing Paper,"Kraft Packing Paper. Confirm the selected model, size and included items before ordering.",CNY,0.18,0.03,https://detail.1688.com/offer/1073714108905.html,included,
1073526926993,packaging,packaging,牛皮纸袋定制可印logo可爱高颜值礼品袋伴手礼饰品购物手提袋批货,Kraft Packing Paper,"Kraft Packing Paper. Confirm the selected model, size and included items before ordering.",CNY,0.18,0.03,https://detail.1688.com/offer/1073526926993.html,included,
1073438474973,packaging,packaging,厂家定制天地盖礼品盒城市地标冰箱贴包装盒文创饰品礼盒硬纸盒,Packaging Box,"Packaging Box. Confirm the selected model, size and included items before ordering.",CNY,3.8,0.56,https://detail.1688.com/offer/1073438474973.html,included,
1073385276620,packaging,packaging,礼品袋,Paper Gift Bag,"Paper Gift Bag. Confirm the selected model, size and included items before ordering.",CNY,0.2,0.03,https://detail.1688.com/offer/1073385276620.html,included,
1073379088150,packaging,packaging,现货牛皮纸手提纸袋伴手礼礼品袋烘焙咖啡打包袋可印logo小批量,Kraft Packing Paper,"Kraft Packing Paper. Confirm the selected model, size and included items before ordering.",CNY,0.18,0.03,https://detail.1688.com/offer/1073379088150.html,included,
1073322044571,packaging,packaging,圆形塑料pp碗汤面水饺餐盒带盖打包碗快餐盒汤面一次性外卖打包盒,Plastic Takeaway Food Box,"Plastic Takeaway Food Box. Listed features: plastic. Confirm the selected model, size and included items before ordering.",CNY,0.54,0.08,https://detail.1688.com/offer/1073322044571.html,included,
1073254761771,packaging,packaging,撕拉式代餐粉外包装盒膳食纤维冲调粉彩盒跨境食品包装印刷可定制,Packaging Box,"Packaging Box. Confirm the selected model, size and included items before ordering.",CNY,0.35,0.05,https://detail.1688.com/offer/1073254761771.html,included,
1073228983473,packaging,packaging,现货牛皮纸手提袋子外卖袋打包袋服装打包节日礼物袋牛皮纸袋定制,Kraft Packing Paper,"Kraft Packing Paper. Confirm the selected model, size and included items before ordering.",CNY,0.18,0.03,https://detail.1688.com/offer/1073228983473.html,included,
1073098885995,packaging,packaging,八角异形收纳礼盒烫金饰品多格收纳盒商务礼品盒,Packaging Box,"Packaging Box. Confirm the selected model, size and included items before ordering.",CNY,25,3.66,https://detail.1688.com/offer/1073098885995.html,included,
1073026053363,packaging,packaging,定做三角形纸盒彩盒 异形包装盒瓦楞盒彩色印刷内衣快递盒订制,Packaging Box,"Packaging Box. Confirm the selected model, size and included items before ordering.",CNY,15,2.19,https://detail.1688.com/offer/1073026053363.html,included,
1073017111887,packaging,packaging,牛皮纸袋定制礼品袋咖啡饮品一站式烘焙外卖打包袋手提袋源头工厂,Kraft Packing Paper,"Kraft Packing Paper. Confirm the selected model, size and included items before ordering.",CNY,0.18,0.03,https://detail.1688.com/offer/1073017111887.html,included,
1072986618797,packaging,packaging,工厂现货牛皮纸手提纸袋伴手礼礼品袋烘焙咖啡外卖打包袋可印logo,Kraft Packing Paper,"Kraft Packing Paper. Confirm the selected model, size and included items before ordering.",CNY,0.18,0.03,https://detail.1688.com/offer/1072986618797.html,included,
1072740623535,packaging,packaging,定制礼盒天地盖上下盖包装纸盒印刷logo礼物盒礼品盒支持尺寸定制,Packaging Box,"Packaging Box. Confirm the selected model, size and included items before ordering.",CNY,0.25,0.04,https://detail.1688.com/offer/1072740623535.html,included,
1072669611988,packaging,packaging,服装店手提袋定制礼品纸袋定做白卡化妆品跨境购物袋订制印刷logo,Paper Gift Bag,"Paper Gift Bag. Confirm the selected model, size and included items before ordering.",CNY,0.5,0.07,https://detail.1688.com/offer/1072669611988.html,included,
1072659735130,packaging,packaging,牛皮纸袋定制礼品袋手提纸袋定制纸袋定制手提袋礼品袋手提袋定制,Kraft Packing Paper,"Kraft Packing Paper. Confirm the selected model, size and included items before ordering.",CNY,0.18,0.03,https://detail.1688.com/offer/1072659735130.html,included,
1072455339071,packaging,packaging,现货白卡纸盒包装盒定制通用彩盒瓦楞礼品盒卡纸纸盒盲盒纸盒批发,Packaging Box,"Packaging Box. Confirm the selected model, size and included items before ordering.",CNY,0.07,0.01,https://detail.1688.com/offer/1072455339071.html,included,
1072437407756,packaging,packaging,瓦楞飞机盒定制盒彩色印刷快递打包纸盒服装包装支持LOGO来图定做,Cardboard Mailer Box,"Cardboard Mailer Box. Confirm the selected model, size and included items before ordering.",CNY,3,0.44,https://detail.1688.com/offer/1072437407756.html,included,
1072415499217,packaging,packaging,牛皮纸袋定制可印logo烘焙奶茶食品包装手提袋节日礼品袋现货批发,Kraft Packing Paper,"Kraft Packing Paper. Confirm the selected model, size and included items before ordering.",CNY,0.18,0.03,https://detail.1688.com/offer/1072415499217.html,included,
1072232768580,packaging,packaging,厂家现货速发医师节专用礼盒签字笔钢笔包装盒硬盒天地盖高档礼盒,Packaging Box,"Packaging Box. Confirm the selected model, size and included items before ordering.",CNY,1.2,0.18,https://detail.1688.com/offer/1072232768580.html,included,
1072193006721,packaging,packaging,源头工厂牛皮纸袋可印logo七夕节送礼自用手提袋面包烘焙打包袋批,Kraft Packing Paper,"Kraft Packing Paper. Confirm the selected model, size and included items before ordering.",CNY,0.18,0.03,https://detail.1688.com/offer/1072193006721.html,included,
1072174274103,packaging,packaging,工厂彩盒定制抽屉翻盖盒天地盖化妆品保健品盒数码包装礼品盒定制,Gift Packaging Box,"Gift Packaging Box. Confirm the selected model, size and included items before ordering.",CNY,0.5,0.07,https://detail.1688.com/offer/1072174274103.html,included,
1072066487434,packaging,packaging,现货牛皮纸袋可印LOGO节日礼品手提袋外卖打包袋伴手礼礼品袋,Kraft Packing Paper,"Kraft Packing Paper. Confirm the selected model, size and included items before ordering.",CNY,0.18,0.03,https://detail.1688.com/offer/1072066487434.html,included,
1072015120252,packaging,packaging,牛皮纸袋,Kraft Packing Paper,"Kraft Packing Paper. Confirm the selected model, size and included items before ordering.",CNY,0.18,0.03,https://detail.1688.com/offer/1072015120252.html,included,
1072012988574,packaging,packaging,牛皮纸礼品手提袋中秋端午节日礼袋茶月饼叶包装纸袋支持小批量,Kraft Packing Paper,"Kraft Packing Paper. Confirm the selected model, size and included items before ordering.",CNY,0.2,0.03,https://detail.1688.com/offer/1072012988574.html,included,
1071974508036,packaging,packaging,牛皮纸袋定制可印LOGO中秋节礼品袋月饼甜品烘焙手提袋包装批货,Kraft Packing Paper,"Kraft Packing Paper. Confirm the selected model, size and included items before ordering.",CNY,0.18,0.03,https://detail.1688.com/offer/1071974508036.html,included,
1071910918318,packaging,packaging,包装盒定制撕拉礼盒高端书型盒天地盖礼品盒抽屉盒开窗伴手礼空盒,Gift Packaging Box,"Gift Packaging Box. Confirm the selected model, size and included items before ordering.",CNY,1,0.15,https://detail.1688.com/offer/1071910918318.html,included,
1071892058087,packaging,packaging,杜邦纸袋定制文创广告宣传商务礼品杜邦纸包复古单肩牛皮纸手提袋,Kraft Packing Paper,"Kraft Packing Paper. Confirm the selected model, size and included items before ordering.",CNY,3.5,0.51,https://detail.1688.com/offer/1071892058087.html,included,
1071884142603,packaging,packaging,牛皮纸手提纸袋印刷开学季教师节伴手礼袋宣传袋广告纸袋印logo,Kraft Packing Paper,"Kraft Packing Paper. Confirm the selected model, size and included items before ordering.",CNY,0.18,0.03,https://detail.1688.com/offer/1071884142603.html,included,
1071390904368,packaging,packaging,圣诞节苹果盒节日礼盒包装平安果手提圣诞包装盒平安夜盒子礼品盒,Packaging Box,"Packaging Box. Confirm the selected model, size and included items before ordering.",CNY,0.68,0.1,https://detail.1688.com/offer/1071390904368.html,included,
1071380467041,packaging,packaging,彩盒印刷工厂定做白卡铜板盒保健品外包装食品药品礼品外包装纸盒,Packaging Box,"Packaging Box. Confirm the selected model, size and included items before ordering.",CNY,1.5,0.22,https://detail.1688.com/offer/1071380467041.html,included,
1071380242883,packaging,packaging,礼品袋,Paper Gift Bag,"Paper Gift Bag. Confirm the selected model, size and included items before ordering.",CNY,0.2,0.03,https://detail.1688.com/offer/1071380242883.html,included,
1071306481553,packaging,packaging,高档撕拉包装盒定制化妆品金银卡盒定制纸逆向UV白墨印刷定制彩盒,Packaging Box,"Packaging Box. Confirm the selected model, size and included items before ordering.",CNY,0.18,0.03,https://detail.1688.com/offer/1071306481553.html,included,
1071190017256,packaging,packaging,打包牛皮纸袋加厚防油三角煎饼果子肉夹馍小吃一次性食品包装纸袋,Kraft Packing Paper,"Kraft Packing Paper. Confirm the selected model, size and included items before ordering.",CNY,3.8,0.56,https://detail.1688.com/offer/1071190017256.html,included,
1071164135926,packaging,packaging,牛皮纸袋可印logo开学季教师节纸手提袋外卖打包袋伴手礼礼品袋,Kraft Packing Paper,"Kraft Packing Paper. Confirm the selected model, size and included items before ordering.",CNY,0.18,0.03,https://detail.1688.com/offer/1071164135926.html,included,
1071074419557,packaging,packaging,产品包装盒定制外纸盒白卡纸盒礼品盒定做可印logo瓦楞盒彩盒批发,Packaging Box,"Packaging Box. Confirm the selected model, size and included items before ordering.",CNY,1,0.15,https://detail.1688.com/offer/1071074419557.html,included,
1071069909136,packaging,packaging,护肤品pet透明吸塑盒定制塑料环保pvc吸塑内托面霜pvc透明盒子,Plastic Protective Packaging Insert,"Plastic Protective Packaging Insert. Listed features: plastic. Confirm the selected model, size and included items before ordering.",CNY,0.08,0.01,https://detail.1688.com/offer/1071069909136.html,included,
1071067267441,packaging,packaging,杜邦纸袋定制,Paper Gift Bag,"Paper Gift Bag. Confirm the selected model, size and included items before ordering.",CNY,17,2.49,https://detail.1688.com/offer/1071067267441.html,included,
1071065186621,packaging,packaging,牛皮纸折叠抽拉盒定制透明抽屉纸盒袜子礼品彩盒化妆品礼盒速折盒,Foldable Clear Folding Packaging Box,"Foldable Clear Folding Packaging Box. Listed features: foldable. Confirm the selected model, size and included items before ordering.",CNY,1,0.15,https://detail.1688.com/offer/1071065186621.html,included,
1071043889959,packaging,packaging,现货pvc透明盒子食品盒PET咖啡盒方形盒子pet折盒pp透明礼品盒,Clear Folding Packaging Box,"Clear Folding Packaging Box. Confirm the selected model, size and included items before ordering.",CNY,0.88,0.13,https://detail.1688.com/offer/1071043889959.html,included,
1071040229582,packaging,packaging,牛皮纸袋,Kraft Packing Paper,"Kraft Packing Paper. Confirm the selected model, size and included items before ordering.",CNY,0.2,0.03,https://detail.1688.com/offer/1071040229582.html,included,
1070824474497,packaging,packaging,跨境专供一片式折叠白卡纸盒定制代餐粉固体饮料外包装彩盒印刷,Foldable Packaging Box,"Foldable Packaging Box. Listed features: foldable. Confirm the selected model, size and included items before ordering.",CNY,0.33,0.05,https://detail.1688.com/offer/1070824474497.html,included,
1070718104794,packaging,packaging,跨境新款圣诞节礼品袋白色雪花白色雪景印花手提纸袋圣诞平安夜,Paper Gift Bag,"Paper Gift Bag. Confirm the selected model, size and included items before ordering.",CNY,0.5,0.07,https://detail.1688.com/offer/1070718104794.html,included,
1070571956937,packaging,packaging,现货跨境热销一片式折叠礼品盒丝带蝴蝶结平铺磁吸书型礼物红色盒,Foldable Packaging Box,"Foldable Packaging Box. Listed features: foldable. Confirm the selected model, size and included items before ordering.",CNY,7.8,1.14,https://detail.1688.com/offer/1070571956937.html,included,
1070545839326,packaging,packaging,盒子包装盒定制小批量瓦楞彩盒飞机盒印刷白卡盒伴手礼盒空盒定制,Gift Packaging Box,"Gift Packaging Box. Confirm the selected model, size and included items before ordering.",CNY,0.1,0.01,https://detail.1688.com/offer/1070545839326.html,included,
1070543854262,packaging,packaging,开学季礼品袋定制logo未来可期励志牛皮纸袋培训招生伴手礼手提袋,Kraft Packing Paper,"Kraft Packing Paper. Confirm the selected model, size and included items before ordering.",CNY,0.2,0.03,https://detail.1688.com/offer/1070543854262.html,included,
1070542782386,packaging,packaging,彩色牛皮纸手提袋定制logo空白加厚彩印礼品袋服装店购物袋子批发,Kraft Packing Paper,"Kraft Packing Paper. Confirm the selected model, size and included items before ordering.",CNY,0.18,0.03,https://detail.1688.com/offer/1070542782386.html,included,
1070539290170,packaging,packaging,开学季礼品袋定制加厚学生升学伴手礼物袋子广告宣传牛皮纸手提袋,Kraft Packing Paper,"Kraft Packing Paper. Confirm the selected model, size and included items before ordering.",CNY,0.2,0.03,https://detail.1688.com/offer/1070539290170.html,included,
1070504401351,packaging,packaging,礼品袋,Paper Gift Bag,"Paper Gift Bag. Confirm the selected model, size and included items before ordering.",CNY,0.2,0.03,https://detail.1688.com/offer/1070504401351.html,included,
1070243081595,packaging,packaging,中山包装盒定做瓦楞彩盒美妆数码电子产品包装纸盒飞机盒定制厂家,Cardboard Mailer Box,"Cardboard Mailer Box. Confirm the selected model, size and included items before ordering.",CNY,0.15,0.02,https://detail.1688.com/offer/1070243081595.html,included,
1070135359161,packaging,packaging,现货加厚手提牛皮纸袋定制 礼品蛋糕烘焙奶茶外卖打包袋可印logo,Kraft Packing Paper,"Kraft Packing Paper. Confirm the selected model, size and included items before ordering.",CNY,0.18,0.03,https://detail.1688.com/offer/1070135359161.html,included,
1070100932830,packaging,packaging,七夕情人节礼品袋定制logo彩印教师节伴手礼物袋幼儿园学生手提袋,Paper Gift Bag,"Paper Gift Bag. Confirm the selected model, size and included items before ordering.",CNY,0.2,0.03,https://detail.1688.com/offer/1070100932830.html,included,
1070068664670,packaging,packaging,厂家猫咪彩绘圣诞节糖果袋手提节日礼物袋纸袋批发礼品袋儿童生日,Paper Gift Bag,"Paper Gift Bag. Confirm the selected model, size and included items before ordering.",CNY,1.25,0.18,https://detail.1688.com/offer/1070068664670.html,included,
1070017166860,packaging,packaging,耳机托盘PET/PP定 制 数码电子吸塑包装 头戴式耳机内托塑料包装,Plastic Protective Packaging Insert,"Plastic Protective Packaging Insert. Listed features: plastic. Confirm the selected model, size and included items before ordering.",CNY,0.05,0.01,https://detail.1688.com/offer/1070017166860.html,included,
1070015692932,packaging,packaging,开学季手提牛皮纸袋定制logo幼儿园小学生生日零食卡通伴手礼品袋,Kraft Packing Paper,"Kraft Packing Paper. Confirm the selected model, size and included items before ordering.",CNY,1,0.15,https://detail.1688.com/offer/1070015692932.html,included,
1070012986748,packaging,packaging,牛皮纸袋,Kraft Packing Paper,"Kraft Packing Paper. Confirm the selected model, size and included items before ordering.",CNY,0.2,0.03,https://detail.1688.com/offer/1070012986748.html,included,
1070008278797,packaging,packaging,牛皮纸手提袋外卖甜点打包袋服装购物纸袋印刷源头工厂可印LOGO,Kraft Packing Paper,"Kraft Packing Paper. Confirm the selected model, size and included items before ordering.",CNY,0.2,0.03,https://detail.1688.com/offer/1070008278797.html,included,
1069992982103,packaging,packaging,现货牛皮纸手提纸袋伴手礼礼品袋烘焙咖啡打包袋可印logo小批量,Kraft Packing Paper,"Kraft Packing Paper. Confirm the selected model, size and included items before ordering.",CNY,0.18,0.03,https://detail.1688.com/offer/1069992982103.html,included,
1069951766940,packaging,packaging,加厚牛皮纸手提袋可印LOGO茶叶礼品包装纸袋商场服装购物袋批发,Kraft Packing Paper,"Kraft Packing Paper. Confirm the selected model, size and included items before ordering.",CNY,0.18,0.03,https://detail.1688.com/offer/1069951766940.html,included,
1069921526954,packaging,packaging,生日快乐礼物礼品袋高级简约手提袋ins风 小众仪式感精美大号收纳,Paper Gift Bag,"Paper Gift Bag. Confirm the selected model, size and included items before ordering.",CNY,0.36,0.05,https://detail.1688.com/offer/1069921526954.html,included,
1069846772907,packaging,packaging,精品礼盒定制高档保健护肤品天地盖抽屉盒烫金磁吸书型翻盖礼品盒,Gift Packaging Box,"Gift Packaging Box. Confirm the selected model, size and included items before ordering.",CNY,0.4,0.06,https://detail.1688.com/offer/1069846772907.html,included,
1069691387090,packaging,packaging,牛皮纸袋手提袋七夕节日礼品生日袋伴手礼礼物袋现货甜品打包袋子,Kraft Packing Paper,"Kraft Packing Paper. Confirm the selected model, size and included items before ordering.",CNY,0.6,0.09,https://detail.1688.com/offer/1069691387090.html,included,
1069658945397,packaging,packaging,现货白卡黑卡纸盒精油包装盒长方形折叠牛皮纸盒通用美妆定制彩盒,Foldable Packaging Box,"Foldable Packaging Box. Listed features: foldable. Confirm the selected model, size and included items before ordering.",CNY,0.11,0.02,https://detail.1688.com/offer/1069658945397.html,included,
1069636763457,packaging,packaging,定制睫毛夹PET透明塑料盒带挂钩内衬PVC包装盒塑料彩盒PP半透定做,Plastic Packaging Box,"Plastic Packaging Box. Listed features: plastic. Confirm the selected model, size and included items before ordering.",CNY,0.85,0.12,https://detail.1688.com/offer/1069636763457.html,included,
1069488165046,packaging,packaging,国庆中秋节手提礼盒套装首饰盒月饼包装礼盒可降解彩色小包装彩盒,Gift Packaging Box,"Gift Packaging Box. Confirm the selected model, size and included items before ordering.",CNY,0.55,0.08,https://detail.1688.com/offer/1069488165046.html,included,
1069378470283,packaging,packaging,哇噢包装盒工厂彩盒定制美妆日化服饰数码电子玩具品牌飞机盒礼盒,Cardboard Mailer Box,"Cardboard Mailer Box. Confirm the selected model, size and included items before ordering.",CNY,0.2,0.03,https://detail.1688.com/offer/1069378470283.html,included,
1069199483081,packaging,packaging,工厂多规格牛皮纸手提袋现货支持改色印刷logo服装礼品打包纸袋,Kraft Packing Paper,"Kraft Packing Paper. Confirm the selected model, size and included items before ordering.",CNY,0.18,0.03,https://detail.1688.com/offer/1069199483081.html,included,
1069191575512,packaging,packaging,蛋糕烘焙手提纸袋甜品面包打包袋牛皮纸手提袋可印刷店名logo,Kraft Packing Paper,"Kraft Packing Paper. Confirm the selected model, size and included items before ordering.",CNY,0.2,0.03,https://detail.1688.com/offer/1069191575512.html,included,
1069190399514,packaging,packaging,现货ins风手提纸袋服装店礼品袋奶茶打包袋牛皮纸袋印刷可印LOGO,Kraft Packing Paper,"Kraft Packing Paper. Confirm the selected model, size and included items before ordering.",CNY,0.18,0.03,https://detail.1688.com/offer/1069190399514.html,included,
1069186443099,packaging,packaging,牛皮纸袋,Kraft Packing Paper,"Kraft Packing Paper. Confirm the selected model, size and included items before ordering.",CNY,0.2,0.03,https://detail.1688.com/offer/1069186443099.html,included,
1069137509525,packaging,packaging,彩盒定制化妆品包装盒定做护肤品银卡纸盒印刷包装厂家彩印logo,Packaging Box,"Packaging Box. Confirm the selected model, size and included items before ordering.",CNY,0.18,0.03,https://detail.1688.com/offer/1069137509525.html,included,
1069029170518,packaging,packaging,包装盒定制月饼礼盒彩盒牛皮纸盒白卡双插盒保健品天地盖定制包装,Packaging Box,"Packaging Box. Confirm the selected model, size and included items before ordering.",CNY,0.18,0.03,https://detail.1688.com/offer/1069029170518.html,included,
1068929791568,packaging,packaging,许愿柳道具外包装盒子3D打印爆款Obsession痴迷同款包装盒 现货,Packaging Box,"Packaging Box. Confirm the selected model, size and included items before ordering.",CNY,0.39,0.06,https://detail.1688.com/offer/1068929791568.html,included,
1068805673852,packaging,packaging,加厚牛皮纸袋印logo礼品袋手提小号牛皮袋外卖餐饮打包纸袋批发,Kraft Packing Paper,"Kraft Packing Paper. Confirm the selected model, size and included items before ordering.",CNY,0.15,0.02,https://detail.1688.com/offer/1068805673852.html,included,
1068699738783,packaging,packaging,定制高级感盒子食品彩盒咖啡包装盒化妆品保健品开窗白卡包装纸盒,Packaging Box,"Packaging Box. Confirm the selected model, size and included items before ordering.",CNY,0.5,0.07,https://detail.1688.com/offer/1068699738783.html,included,
1068554794939,packaging,packaging,吸塑包装盒定制五金门锁螺丝透明塑料包装定制pvc吸塑包装厂家,Plastic Blister Packaging Tray,"Plastic Blister Packaging Tray. Listed features: plastic. Confirm the selected model, size and included items before ordering.",CNY,0.4,0.06,https://detail.1688.com/offer/1068554794939.html,included,
1068417651517,packaging,packaging,化妆品包装盒定制彩盒护肤品套装盒彩妆飞机盒小批量白卡纸盒彩色,Cardboard Mailer Box,"Cardboard Mailer Box. Confirm the selected model, size and included items before ordering.",CNY,0.05,0.01,https://detail.1688.com/offer/1068417651517.html,included,
1068359071424,packaging,packaging,古典传承首饰盒国风抽屉式黄金手镯盒文玩玉器手串包装盒饰品礼盒,Gift Packaging Box,"Gift Packaging Box. Confirm the selected model, size and included items before ordering.",CNY,3.55,0.52,https://detail.1688.com/offer/1068359071424.html,included,
1068316158904,packaging,packaging,沉香手串包装盒国风节日伴手礼中秋锦布珍藏品翻盖礼盒沉香手串包,Gift Packaging Box,"Gift Packaging Box. Confirm the selected model, size and included items before ordering.",CNY,14,2.05,https://detail.1688.com/offer/1068316158904.html,included,
1068297114752,packaging,packaging,双面彩色盒子白卡纸盒定制定做化妆品精美礼物彩盒移动电源盒子,Packaging Box,"Packaging Box. Confirm the selected model, size and included items before ordering.",CNY,0.01,,https://detail.1688.com/offer/1068297114752.html,held,invalid-price
1068295850360,packaging,packaging,杜邦纸袋定制logo婚礼喜糖伴手礼袋定做新中式竹把手杜邦纸手提袋,Paper Gift Bag,"Paper Gift Bag. Confirm the selected model, size and included items before ordering.",CNY,13,1.9,https://detail.1688.com/offer/1068295850360.html,included,
1068293998445,packaging,packaging,杜邦纸袋定制,Paper Gift Bag,"Paper Gift Bag. Confirm the selected model, size and included items before ordering.",CNY,8,1.17,https://detail.1688.com/offer/1068293998445.html,included,
1068238665502,packaging,packaging,各类产品包装盒定制 金银卡护肤品礼盒 面霜彩盒印刷工厂急速出货,Packaging Box,"Packaging Box. Confirm the selected model, size and included items before ordering.",CNY,0.2,0.03,https://detail.1688.com/offer/1068238665502.html,included,
1068226580253,packaging,packaging,加厚牛皮纸手提袋定制企业广告送伴手礼品袋培训机构纸袋订制批发,Kraft Packing Paper,"Kraft Packing Paper. Confirm the selected model, size and included items before ordering.",CNY,0.18,0.03,https://detail.1688.com/offer/1068226580253.html,included,
1068207748735,packaging,packaging,彩印牛皮纸袋定制logo企业宣传手提袋学生礼物伴手礼品袋订制批发,Kraft Packing Paper,"Kraft Packing Paper. Confirm the selected model, size and included items before ordering.",CNY,0.18,0.03,https://detail.1688.com/offer/1068207748735.html,included,
1068205725734,packaging,packaging,中秋礼品包装盒定制坚果彩印飞机盒包装开窗PVC贴片瓦楞空包装盒,Cardboard Mailer Box,"Cardboard Mailer Box. Confirm the selected model, size and included items before ordering.",CNY,0.5,0.07,https://detail.1688.com/offer/1068205725734.html,included,
1068074418240,packaging,packaging,厂家直销圣诞节系列彩绘手提袋儿童生日伴手礼袋迷你圣诞礼品袋,Paper Gift Bag,"Paper Gift Bag. Confirm the selected model, size and included items before ordering.",CNY,1.35,0.2,https://detail.1688.com/offer/1068074418240.html,included,
1067812345244,packaging,packaging,五金周转吸塑托盘加厚防压pet塑料吸塑包装盒工业包装定制厂家,Plastic Blister Packaging Tray,"Plastic Blister Packaging Tray. Listed features: plastic. Confirm the selected model, size and included items before ordering.",CNY,0.3,0.04,https://detail.1688.com/offer/1067812345244.html,included,
1067778343749,packaging,packaging,华昇吸塑包装定制手办玩偶钥匙牙刷塑料包装盒定制冰箱贴纸卡吸塑,Plastic Blister Packaging Tray,"Plastic Blister Packaging Tray. Listed features: plastic. Confirm the selected model, size and included items before ordering.",CNY,0.4,0.06,https://detail.1688.com/offer/1067778343749.html,included,
1067753825773,packaging,packaging,PVC挂孔透明包装盒PET彩印NFC文创产品胶盒旅游纪念品外包装定制,Packaging Box,"Packaging Box. Confirm the selected model, size and included items before ordering.",CNY,0.35,0.05,https://detail.1688.com/offer/1067753825773.html,included,
1067709806904,packaging,packaging,定制产品包装盒开窗彩盒白卡纸盒瓦楞抽屉盒化妆品数据线包装盒子,Packaging Box,"Packaging Box. Confirm the selected model, size and included items before ordering.",CNY,0.18,0.03,https://detail.1688.com/offer/1067709806904.html,included,
1067685693865,packaging,packaging,杜邦纸袋定制印logo空白帆布袋防水手提袋大容量托特包订做礼品袋,Paper Gift Bag,"Paper Gift Bag. Confirm the selected model, size and included items before ordering.",CNY,9.9,1.45,https://detail.1688.com/offer/1067685693865.html,included,
1067637528133,packaging,packaging,牛皮纸袋定制可印logo亚马逊节日送礼礼品袋奶茶外卖打包手提纸袋,Kraft Packing Paper,"Kraft Packing Paper. Confirm the selected model, size and included items before ordering.",CNY,0.18,0.03,https://detail.1688.com/offer/1067637528133.html,included,
1067288043615,packaging,packaging,加厚礼品袋定制logo企业伴手礼手提袋子培训广告招生牛皮纸袋批发,Kraft Packing Paper,"Kraft Packing Paper. Confirm the selected model, size and included items before ordering.",CNY,0.2,0.03,https://detail.1688.com/offer/1067288043615.html,included,
1067240209831,packaging,packaging,牛皮纸袋定制可印logo外卖餐饮打包袋甜品烘焙包装手提袋现货批发,Kraft Packing Paper,"Kraft Packing Paper. Confirm the selected model, size and included items before ordering.",CNY,0.18,0.03,https://detail.1688.com/offer/1067240209831.html,included,
1067240209704,packaging,packaging,牛皮纸袋定制可印logo外卖手提袋咖啡烘焙包装海底捞同款现货批发,Kraft Packing Paper,"Kraft Packing Paper. Confirm the selected model, size and included items before ordering.",CNY,0.18,0.03,https://detail.1688.com/offer/1067240209704.html,included,
1067220715374,packaging,packaging,开窗手机壳耳机包装盒订做白卡纸盒定做数据线彩盒小批量印刷定制,Packaging Box,"Packaging Box. Confirm the selected model, size and included items before ordering.",CNY,0.2,0.03,https://detail.1688.com/offer/1067220715374.html,included,
1067206145705,packaging,packaging,首饰盒高档戒指盒定制珠宝礼盒吊坠手镯磁吸翻盖盒子高级感项链盒,Gift Packaging Box,"Gift Packaging Box. Confirm the selected model, size and included items before ordering.",CNY,1,0.15,https://detail.1688.com/offer/1067206145705.html,included,
1067173387335,packaging,packaging,止痛膏药贴彩盒白卡覆膜印刷关节肌肉舒缓贴礼品外包装纸盒定做,Packaging Box,"Packaging Box. Confirm the selected model, size and included items before ordering.",CNY,0.4,0.06,https://detail.1688.com/offer/1067173387335.html,included,
1067151957942,packaging,packaging,水洗杜邦纸手提便当包定制潮款英文印花午餐袋户外保温保鲜饭盒,Takeaway Food Box,"Takeaway Food Box. Confirm the selected model, size and included items before ordering.",CNY,15,2.19,https://detail.1688.com/offer/1067151957942.html,included,
1067012743045,packaging,packaging,厂家创意纸盒设计产品包装盒白卡纸盒飞机盒彩印瓦楞盒天地盖礼盒,Cardboard Mailer Box,"Cardboard Mailer Box. Confirm the selected model, size and included items before ordering.",CNY,0.2,0.03,https://detail.1688.com/offer/1067012743045.html,included,
1067005927613,packaging,packaging,厂家天地盖包装盒礼盒制作礼盒空盒抽屉天地盖盒制做礼物包装礼盒,Packaging Box,"Packaging Box. Confirm the selected model, size and included items before ordering.",CNY,0.2,0.03,https://detail.1688.com/offer/1067005927613.html,included,
1067002225045,packaging,packaging,牛皮纸袋定制logo加厚服装购物手提袋学生圣诞节伴手礼品袋子批发,Kraft Packing Paper,"Kraft Packing Paper. Confirm the selected model, size and included items before ordering.",CNY,0.2,0.03,https://detail.1688.com/offer/1067002225045.html,included,
1066962365662,packaging,packaging,牛皮纸手提袋定制烘焙甜品打包纸袋奶茶外卖打包袋可印LOGO小批量,Kraft Packing Paper,"Kraft Packing Paper. Confirm the selected model, size and included items before ordering.",CNY,0.18,0.03,https://detail.1688.com/offer/1066962365662.html,included,
1066943107392,packaging,packaging,广州源头工厂宠物用品包装盒定制可折叠猫狗零食纸盒瓦楞纸箱,Foldable Cardboard Shipping Box,"Foldable Cardboard Shipping Box. Listed features: foldable. Confirm the selected model, size and included items before ordering.",CNY,0.1,0.01,https://detail.1688.com/offer/1066943107392.html,included,
1066755845865,packaging,packaging,杜邦纸袋定制logo牛皮纸广告宣传购物袋定做单肩斜挎通勤托特包,Kraft Packing Paper,"Kraft Packing Paper. Confirm the selected model, size and included items before ordering.",CNY,10,1.46,https://detail.1688.com/offer/1066755845865.html,included,
1066711556347,packaging,packaging,加厚彩印纸袋定制logo企业广告中秋节日伴手礼品袋子牛皮纸手提袋,Kraft Packing Paper,"Kraft Packing Paper. Confirm the selected model, size and included items before ordering.",CNY,0.2,0.03,https://detail.1688.com/offer/1066711556347.html,included,
1066706700656,packaging,packaging,商用电动牙刷包装盒可定加工印logo高档商务礼盒方形天地盖纸盒,Packaging Box,"Packaging Box. Confirm the selected model, size and included items before ordering.",CNY,1.5,0.22,https://detail.1688.com/offer/1066706700656.html,included,
1066686865145,packaging,packaging,饰品节日高端手提礼品盒情侣浪漫首饰礼盒送女朋友创意伴手礼盒,Gift Packaging Box,"Gift Packaging Box. Confirm the selected model, size and included items before ordering.",CNY,12.8,1.87,https://detail.1688.com/offer/1066686865145.html,included,
1066553670809,packaging,packaging,白卡纸盒定制茶叶包装盒定做牛皮纸飞机盒化妆品彩盒小批量订制,Cardboard Mailer Box,"Cardboard Mailer Box. Confirm the selected model, size and included items before ordering.",CNY,0.2,0.03,https://detail.1688.com/offer/1066553670809.html,included,
1066418059912,packaging,packaging,高级感折叠礼物盒跨境一片式硬盒送女生生日礼物包装磁吸礼品盒子,Foldable Packaging Box,"Foldable Packaging Box. Listed features: foldable. Confirm the selected model, size and included items before ordering.",CNY,5.35,0.78,https://detail.1688.com/offer/1066418059912.html,included,
1066412216717,packaging,packaging,高档pe膜收纳盒悬浮盒首饰手串收纳盒防潮防氧化抽拉式精致礼盒,Storage Box,"Storage Box. Confirm the selected model, size and included items before ordering.",CNY,19.77,2.89,https://detail.1688.com/offer/1066412216717.html,included,
1066358253926,packaging,packaging,厂家卡通烘焙甜品手提袋加厚定制定制蛋糕店外卖打包袋定做批发,Paper Gift Bag,"Paper Gift Bag. Confirm the selected model, size and included items before ordering.",CNY,0.18,0.03,https://detail.1688.com/offer/1066358253926.html,included,
1066333689949,packaging,packaging,现货手提牛皮纸袋咖啡奶茶烘焙外卖打包袋毕业手提纸袋定制礼品袋,Kraft Packing Paper,"Kraft Packing Paper. Confirm the selected model, size and included items before ordering.",CNY,0.47,0.07,https://detail.1688.com/offer/1066333689949.html,included,
1066202983706,packaging,packaging,挂钩盒开窗盒儿童玩具包装盒牛皮卡彩盒礼盒定制可印logo通用包装,Gift Packaging Box,"Gift Packaging Box. Confirm the selected model, size and included items before ordering.",CNY,0.5,0.07,https://detail.1688.com/offer/1066202983706.html,included,
1065981845424,packaging,packaging,定制电子吸塑盒托盘透明pet吸塑周转盘电池内托防静电阻燃塑料盒,Plastic Protective Packaging Insert,"Plastic Protective Packaging Insert. Listed features: plastic. Confirm the selected model, size and included items before ordering.",CNY,0.1,0.01,https://detail.1688.com/offer/1065981845424.html,included,
1065941356959,packaging,packaging,揉纹杜邦纸双肩包定制简约大容量拉链杜邦纸袋商务活动宣传礼品袋,Paper Gift Bag,"Paper Gift Bag. Confirm the selected model, size and included items before ordering.",CNY,6,0.88,https://detail.1688.com/offer/1065941356959.html,included,
1065936998523,packaging,packaging,多功能饰品收纳盒三层大容量首饰盒PU皮饰品盒节日饰品礼盒,Gift Packaging Box,"Gift Packaging Box. Confirm the selected model, size and included items before ordering.",CNY,25.5,3.73,https://detail.1688.com/offer/1065936998523.html,included,
1065870062257,packaging,packaging,现货牛皮纸袋咖啡奶茶手提纸袋彩色可印刷定制LOGO餐饮店牛皮纸袋,Kraft Packing Paper,"Kraft Packing Paper. Confirm the selected model, size and included items before ordering.",CNY,0.54,0.08,https://detail.1688.com/offer/1065870062257.html,included,
1065696339485,packaging,packaging,一片式外贸跨境折叠礼品盒磁吸翻盖一体成型硬盒高级感书形盒批发,Foldable Packaging Box,"Foldable Packaging Box. Listed features: foldable. Confirm the selected model, size and included items before ordering.",CNY,5,0.73,https://detail.1688.com/offer/1065696339485.html,included,
1065625615536,packaging,packaging,定制logo牛皮纸袋奶茶烘焙袋餐饮外卖咖啡打包袋手提袋服装店袋子,Kraft Packing Paper,"Kraft Packing Paper. Confirm the selected model, size and included items before ordering.",CNY,0.18,0.03,https://detail.1688.com/offer/1065625615536.html,included,
1065507644361,packaging,packaging,多款式伴手礼盒定制翻盖抽拉天地盖烫金礼品盒厂家批量定做批发,Gift Packaging Box,"Gift Packaging Box. Confirm the selected model, size and included items before ordering.",CNY,0.1,0.01,https://detail.1688.com/offer/1065507644361.html,included,
1065419159560,packaging,packaging,节日牛皮纸手提袋定制logo花店礼品袋老师伴手礼包装纸袋订制批发,Kraft Packing Paper,"Kraft Packing Paper. Confirm the selected model, size and included items before ordering.",CNY,0.2,0.03,https://detail.1688.com/offer/1065419159560.html,included,
1065417363776,packaging,packaging,中秋节月饼牛皮纸袋定制logo烘焙糕点手提袋企业团购伴手礼礼品袋,Kraft Packing Paper,"Kraft Packing Paper. Confirm the selected model, size and included items before ordering.",CNY,0.2,0.03,https://detail.1688.com/offer/1065417363776.html,included,
1065340312740,packaging,packaging,包装盒彩盒白卡纸盒定制盲盒空盒开窗香水包装盒杯子包装盒长方形,Packaging Box,"Packaging Box. Confirm the selected model, size and included items before ordering.",CNY,0.68,0.1,https://detail.1688.com/offer/1065340312740.html,included,
1065090738042,packaging,packaging,白色飞机盒超硬瓦楞抗压耐砸厂家直销服装饰品打包裤袜收纳礼物盒,Cardboard Mailer Box,"Cardboard Mailer Box. Confirm the selected model, size and included items before ordering.",CNY,0.2,0.03,https://detail.1688.com/offer/1065090738042.html,included,
1064942912223,packaging,packaging,中秋节纸袋定制可印logo牛皮纸手提袋外卖打包袋伴手礼礼品袋定做,Kraft Packing Paper,"Kraft Packing Paper. Confirm the selected model, size and included items before ordering.",CNY,0.18,0.03,https://detail.1688.com/offer/1064942912223.html,included,
1064846501415,packaging,packaging,牛皮纸纸盒ins高颜值礼物礼品立体包装材料打包纸盒手提包装盒子,Packaging Box,"Packaging Box. Confirm the selected model, size and included items before ordering.",CNY,18.43,2.7,https://detail.1688.com/offer/1064846501415.html,included,
1064832156257,packaging,packaging,包装盒礼品盒天地盖食品礼盒定做书型盒瓦椤彩盒飞机盒纸盒定制,Cardboard Mailer Box,"Cardboard Mailer Box. Confirm the selected model, size and included items before ordering.",CNY,0.86,0.13,https://detail.1688.com/offer/1064832156257.html,included,
1064793371340,packaging,packaging,现货牛皮纸手提袋印刷满版彩印外卖打包袋购物礼品纸袋小批量定制,Kraft Packing Paper,"Kraft Packing Paper. Confirm the selected model, size and included items before ordering.",CNY,0.18,0.03,https://detail.1688.com/offer/1064793371340.html,included,
1064783011964,packaging,packaging,手提袋牛皮纸袋定制圣诞节礼品袋咖啡饮品烘焙外卖打包袋源头工厂,Kraft Packing Paper,"Kraft Packing Paper. Confirm the selected model, size and included items before ordering.",CNY,0.18,0.03,https://detail.1688.com/offer/1064783011964.html,included,
1064645434903,packaging,packaging,源头工厂飞机盒定制 圣诞烫金瓦楞纸彩盒服装快递打包盒免费设计,Cardboard Mailer Box,"Cardboard Mailer Box. Confirm the selected model, size and included items before ordering.",CNY,2.03,0.3,https://detail.1688.com/offer/1064645434903.html,included,
1064607793002,packaging,packaging,礼品包装盒天地盖盒食品礼盒定做书型盒瓦椤彩盒飞机盒纸盒定制,Cardboard Mailer Box,"Cardboard Mailer Box. Confirm the selected model, size and included items before ordering.",CNY,0.8,0.12,https://detail.1688.com/offer/1064607793002.html,included,
1064445738898,packaging,packaging,加厚牛皮纸手提袋定制logo商场购物袋企业宣传教师节日礼品袋批发,Kraft Packing Paper,"Kraft Packing Paper. Confirm the selected model, size and included items before ordering.",CNY,0.2,0.03,https://detail.1688.com/offer/1064445738898.html,included,
1064436922449,packaging,packaging,高级感首饰包装盒小批量定做产品彩盒丝带翻盖飞机盒彩印定制批发,Cardboard Mailer Box,"Cardboard Mailer Box. Confirm the selected model, size and included items before ordering.",CNY,100,14.63,https://detail.1688.com/offer/1064436922449.html,included,
1064284245172,packaging,packaging,白盒包装盒白卡盒小白盒现货彩盒定制印刷白卡纸盒白扁盒可印LOGO,Packaging Box,"Packaging Box. Confirm the selected model, size and included items before ordering.",CNY,0.13,0.02,https://detail.1688.com/offer/1064284245172.html,included,
1064243709760,packaging,packaging,加厚覆膜白盒扁盒白卡覆膜白盒现货白卡纸盒可印logo包装彩盒定制,Packaging Box,"Packaging Box. Confirm the selected model, size and included items before ordering.",CNY,0.2,0.03,https://detail.1688.com/offer/1064243709760.html,included,
1064136655329,packaging,packaging,包装盒彩盒飞机盒白卡盒厂家印刷logo小批大批量礼盒包装箱,Cardboard Mailer Box,"Cardboard Mailer Box. Confirm the selected model, size and included items before ordering.",CNY,1,0.15,https://detail.1688.com/offer/1064136655329.html,included,
1063907139640,packaging,packaging,轻便可水洗杜邦纸手提袋随身物品水杯收纳袋企业展会宣传手提袋,Paper Gift Bag,"Paper Gift Bag. Confirm the selected model, size and included items before ordering.",CNY,15,2.19,https://detail.1688.com/offer/1063907139640.html,included,
1063806687675,packaging,packaging,水果包装盒定制 桃子草莓水果通用礼盒印刷特产手提瓦楞纸包装盒,Packaging Box,"Packaging Box. Confirm the selected model, size and included items before ordering.",CNY,2.5,0.37,https://detail.1688.com/offer/1063806687675.html,included,
1063633739973,packaging,packaging,牛皮纸袋定制图案logo服装购物手提袋中秋节日伴手礼品袋订制批发,Kraft Packing Paper,"Kraft Packing Paper. Confirm the selected model, size and included items before ordering.",CNY,0.2,0.03,https://detail.1688.com/offer/1063633739973.html,included,
1063510654663,packaging,packaging,跨境爆款包装盒定制白卡纸盒彩盒定制小批量高硬度飞机盒定制高端,Cardboard Mailer Box,"Cardboard Mailer Box. Confirm the selected model, size and included items before ordering.",CNY,0.03,,https://detail.1688.com/offer/1063510654663.html,held,invalid-price
1063448262716,packaging,packaging,包装盒纸盒定制飞机盒鞋盒盲盒礼盒印刷折叠白卡纸盒瓦楞盒小批量,Foldable Cardboard Mailer Box,"Foldable Cardboard Mailer Box. Listed features: foldable. Confirm the selected model, size and included items before ordering.",CNY,0.2,0.03,https://detail.1688.com/offer/1063448262716.html,included,
1063441165318,packaging,packaging,牛皮纸袋手提袋定制可印logo餐饮奶茶海外卖打包袋伴手礼袋定制,Kraft Packing Paper,"Kraft Packing Paper. Confirm the selected model, size and included items before ordering.",CNY,0.18,0.03,https://detail.1688.com/offer/1063441165318.html,included,
1063377176831,packaging,packaging,三层特硬瓦楞正方形飞机盒小纸箱批发工厂直销方形快递打包纸盒子,Cardboard Mailer Box,"Cardboard Mailer Box. Confirm the selected model, size and included items before ordering.",CNY,0.23,0.03,https://detail.1688.com/offer/1063377176831.html,included,
1063273059081,packaging,packaging,橱窗手提袋 教师节会销纸袋鲜花礼物袋包装伴手礼开窗透明礼品袋,Paper Gift Bag,"Paper Gift Bag. Confirm the selected model, size and included items before ordering.",CNY,0.89,0.13,https://detail.1688.com/offer/1063273059081.html,included,
1063222976612,packaging,packaging,定制玻璃杯保温杯加厚包装盒青花瓷印花礼盒包装盒工艺产品盒双开,Packaging Box,"Packaging Box. Confirm the selected model, size and included items before ordering.",CNY,0.01,,https://detail.1688.com/offer/1063222976612.html,held,invalid-price
1063152832836,packaging,packaging,跨境爆款风扇吸塑内托 小家电风机塑料托盘 电子产品防震包装定制,Plastic Protective Packaging Insert,"Plastic Protective Packaging Insert. Listed features: plastic. Confirm the selected model, size and included items before ordering.",CNY,0.2,0.03,https://detail.1688.com/offer/1063152832836.html,included,
1063034867159,packaging,packaging,ins风牛皮色奶油风手提礼品袋简约高级纸袋加厚款纯色纸袋竖款,Paper Gift Bag,"Paper Gift Bag. Confirm the selected model, size and included items before ordering.",CNY,5.18,0.76,https://detail.1688.com/offer/1063034867159.html,included,
1063027987184,packaging,packaging,钢化膜包装盒全屏手机钢化膜开窗彩盒白卡纸盒印刷logo定制工厂,Packaging Box,"Packaging Box. Confirm the selected model, size and included items before ordering.",CNY,2.09,0.31,https://detail.1688.com/offer/1063027987184.html,included,
1062988136923,packaging,packaging,各种品牌种类高档茶叶包装盒礼品盒过年新年过节送礼精装礼盒定,Packaging Box,"Packaging Box. Confirm the selected model, size and included items before ordering.",CNY,3,0.44,https://detail.1688.com/offer/1062988136923.html,included,
1062908045563,packaging,packaging,跨境直销工厂定制高端礼盒彩盒定制包装盒定制礼物包装盒礼盒定制,Gift Packaging Box,"Gift Packaging Box. Confirm the selected model, size and included items before ordering.",CNY,0.05,0.01,https://detail.1688.com/offer/1062908045563.html,included,
1062433356685,packaging,packaging,文创产品包装礼品盒定制  瓦楞彩盒定制 彩印撕拉拉链飞机盒定制,Cardboard Mailer Box,"Cardboard Mailer Box. Confirm the selected model, size and included items before ordering.",CNY,0.1,0.01,https://detail.1688.com/offer/1062433356685.html,included,
1062433116715,packaging,packaging,隐形文胸内衣丝袜美体裤包装彩盒烫金白卡双插瓦楞生产金银卡礼盒,Packaging Box,"Packaging Box. Confirm the selected model, size and included items before ordering.",CNY,0.31,0.05,https://detail.1688.com/offer/1062433116715.html,included,
1062350040964,packaging,packaging,现货批发杜邦纸手提袋可时尚通勤复古印花手提袋单肩包帆布,Paper Gift Bag,"Paper Gift Bag. Confirm the selected model, size and included items before ordering.",CNY,8.8,1.29,https://detail.1688.com/offer/1062350040964.html,included,
1062198441955,packaging,packaging,开窗定制包装盒 雪花酥糕点彩盒 折叠白卡纸盒 工厂打样食品包装,Foldable Packaging Box,"Foldable Packaging Box. Listed features: foldable. Confirm the selected model, size and included items before ordering.",CNY,0.6,0.09,https://detail.1688.com/offer/1062198441955.html,included,
1062115328685,packaging,packaging,磁吸翻盖折叠盒定制礼品盒书本盒礼物包装盒一片式彩盒折叠定批发,Foldable Gift Packaging Box,"Foldable Gift Packaging Box. Listed features: foldable. Confirm the selected model, size and included items before ordering.",CNY,0.5,0.07,https://detail.1688.com/offer/1062115328685.html,included,
1062058721887,packaging,packaging,PET/PVC/PP磨砂盒咖啡冷泡茶益生元饮品宠物补剂美甲塑料透明折盒,Plastic Clear Folding Packaging Box,"Plastic Clear Folding Packaging Box. Listed features: plastic. Confirm the selected model, size and included items before ordering.",CNY,0.2,0.03,https://detail.1688.com/offer/1062058721887.html,included,
1061952927759,packaging,packaging,茶饮礼盒定制茶叶包装彩盒食品级纸盒印刷 源头工厂定做,Gift Packaging Box,"Gift Packaging Box. Confirm the selected model, size and included items before ordering.",CNY,0.2,0.03,https://detail.1688.com/offer/1061952927759.html,included,
1061874096782,packaging,packaging,精华液包装盒厂家免费设计印LOGO双插盒无色激凸高档彩盒卡盒定制,Packaging Box,"Packaging Box. Confirm the selected model, size and included items before ordering.",CNY,0.2,0.03,https://detail.1688.com/offer/1061874096782.html,included,
1061443203877,packaging,packaging,飞机盒批发打包3C数码服饰现货快递打包纸箱加厚打包盒瓦楞纸,Cardboard Mailer Box,"Cardboard Mailer Box. Confirm the selected model, size and included items before ordering.",CNY,0.24,0.04,https://detail.1688.com/offer/1061443203877.html,included,
1061286242059,packaging,packaging,牛皮纸袋定制logo加厚服装手提购物袋生日礼物奶茶打包袋批发订制,Kraft Packing Paper,"Kraft Packing Paper. Confirm the selected model, size and included items before ordering.",CNY,0.2,0.03,https://detail.1688.com/offer/1061286242059.html,included,
1061251253995,packaging,packaging,中秋杜邦纸袋定制印logo月饼伴手礼礼品袋定制防尘撕不烂高级感,Paper Gift Bag,"Paper Gift Bag. Confirm the selected model, size and included items before ordering.",CNY,10,1.46,https://detail.1688.com/offer/1061251253995.html,included,
1061117163404,packaging,packaging,杜邦纸袋拼色印logo字母单肩包通勤宣传展会物料手提纸袋可定制,Paper Gift Bag,"Paper Gift Bag. Confirm the selected model, size and included items before ordering.",CNY,8.8,1.29,https://detail.1688.com/offer/1061117163404.html,included,
1061037912056,packaging,packaging,杜邦纸袋文艺日系简约大容量通勤手提袋揉纹水洗环保购物袋复古,Paper Gift Bag,"Paper Gift Bag. Confirm the selected model, size and included items before ordering.",CNY,17.78,2.6,https://detail.1688.com/offer/1061037912056.html,included,
1061020533344,packaging,packaging,长方形一次性餐盒打包盒带盖透明加厚塑料外卖快餐打包饭盒便当盒,Plastic Takeaway Food Box,"Plastic Takeaway Food Box. Listed features: plastic. Confirm the selected model, size and included items before ordering.",CNY,33.11,4.84,https://detail.1688.com/offer/1061020533344.html,included,
1060775636869,packaging,packaging,纯色牛皮纸手提袋现货奶茶外卖零食坚果打包袋子定制教师节礼品袋,Kraft Packing Paper,"Kraft Packing Paper. Confirm the selected model, size and included items before ordering.",CNY,0.2,0.03,https://detail.1688.com/offer/1060775636869.html,included,
1060752866182,packaging,packaging,透明PVC自封袋首饰收纳袋批发 防氧化加厚珠宝首饰塑料密封袋定制,Plastic Packaging Bag,"Plastic Packaging Bag. Listed features: plastic. Confirm the selected model, size and included items before ordering.",CNY,0.04,0.01,https://detail.1688.com/offer/1060752866182.html,included,
1060651943849,packaging,packaging,源头工厂加厚白卡纸手提袋节日通用伴手礼鲜花手拎袋子礼品袋批发,Paper Gift Bag,"Paper Gift Bag. Confirm the selected model, size and included items before ordering.",CNY,0.78,0.11,https://detail.1688.com/offer/1060651943849.html,included,
1060584691740,packaging,packaging,定制香水抽屉盒天地盖精油书型盒包装盒抽拉盒翻盖磁吸礼盒定制,Gift Packaging Box,"Gift Packaging Box. Confirm the selected model, size and included items before ordering.",CNY,0.1,0.01,https://detail.1688.com/offer/1060584691740.html,included,
1060475499756,packaging,packaging,加厚牛皮纸袋定制logo服装购物手提打包袋七夕情人节礼品纸袋批发,Kraft Packing Paper,"Kraft Packing Paper. Confirm the selected model, size and included items before ordering.",CNY,0.2,0.03,https://detail.1688.com/offer/1060475499756.html,included,
1060472364196,packaging,packaging,包装盒定制双面印刷撕拉彩盒订制手提礼盒白卡保健品扣底双插纸盒,Packaging Box,"Packaging Box. Confirm the selected model, size and included items before ordering.",CNY,0.23,0.03,https://detail.1688.com/offer/1060472364196.html,included,
1060470611282,packaging,packaging,高档茶叶无腰线手提袋牛皮纸加厚纸袋可定制印刷燕窝通用礼品袋,Kraft Packing Paper,"Kraft Packing Paper. Confirm the selected model, size and included items before ordering.",CNY,1,0.15,https://detail.1688.com/offer/1060470611282.html,included,
1060291694455,packaging,packaging,飞机盒邮政快递物流化妆品包装打包纸盒现货大号三层kk超硬飞机盒,Cardboard Mailer Box,"Cardboard Mailer Box. Confirm the selected model, size and included items before ordering.",CNY,0.18,0.03,https://detail.1688.com/offer/1060291694455.html,included,
1060287898949,packaging,packaging,牛皮纸袋可印logo打包袋牛皮纸手提袋小批量纸袋子手提礼品袋工厂,Kraft Packing Paper,"Kraft Packing Paper. Confirm the selected model, size and included items before ordering.",CNY,0.18,0.03,https://detail.1688.com/offer/1060287898949.html,included,
1059982067600,packaging,packaging,中山高端飞机盒定制logo瓦楞纸快递纸盒服装内衣折叠打包盒礼盒,Foldable Cardboard Mailer Box,"Foldable Cardboard Mailer Box. Listed features: foldable. Confirm the selected model, size and included items before ordering.",CNY,0.1,0.01,https://detail.1688.com/offer/1059982067600.html,included,
1059768126038,packaging,packaging,飞机盒特硬宽11cm扁平纸盒礼品化妆品打包快递纸盒明信片包装批发,Cardboard Mailer Box,"Cardboard Mailer Box. Confirm the selected model, size and included items before ordering.",CNY,0.33,0.05,https://detail.1688.com/offer/1059768126038.html,included,
1059653393656,packaging,packaging,新款高颜值韩系渐变樱花粉手提袋加厚单肩杜邦纸袋可水洗耐磨纸包,Paper Gift Bag,"Paper Gift Bag. Confirm the selected model, size and included items before ordering.",CNY,18.8,2.75,https://detail.1688.com/offer/1059653393656.html,included,
1059621499698,packaging,packaging,中秋月饼礼盒包装盒定制高档天地盖书型抽屉盒礼品盒瓦楞彩盒定做,Packaging Box,"Packaging Box. Confirm the selected model, size and included items before ordering.",CNY,0.2,0.03,https://detail.1688.com/offer/1059621499698.html,included,
1059606752755,packaging,packaging,咖啡奶茶饮品打包袋牛皮纸袋印logo包装批量外卖高颜值手提袋纸袋,Kraft Packing Paper,"Kraft Packing Paper. Confirm the selected model, size and included items before ordering.",CNY,2,0.29,https://detail.1688.com/offer/1059606752755.html,included,
1058884436114,packaging,packaging,现货加厚小白盒化妆品包装礼盒折叠白卡纸盒子小批量彩盒印刷定制,Foldable Packaging Box,"Foldable Packaging Box. Listed features: foldable. Confirm the selected model, size and included items before ordering.",CNY,0.16,0.02,https://detail.1688.com/offer/1058884436114.html,included,
1058859902235,packaging,packaging,现货彩色快递飞机盒批发白色服装打包盒湖南包邮特硬包装纸盒定制,Cardboard Mailer Box,"Cardboard Mailer Box. Confirm the selected model, size and included items before ordering.",CNY,0.12,0.02,https://detail.1688.com/offer/1058859902235.html,included,
1058648198026,packaging,packaging,定制PVC开窗包装盒 可视产品窗口彩盒电子配件盒玩具数码纸盒定制,Packaging Box,"Packaging Box. Confirm the selected model, size and included items before ordering.",CNY,0.5,0.07,https://detail.1688.com/offer/1058648198026.html,included,
1058596318938,packaging,packaging,食品级牛皮纸袋面包烘焙食品包装汉堡烧烤外卖防油一次性打包袋子,Kraft Packing Paper,"Kraft Packing Paper. Confirm the selected model, size and included items before ordering.",CNY,8.8,1.29,https://detail.1688.com/offer/1058596318938.html,included,
1058541514083,packaging,packaging,包装盒定制礼盒高档茶叶食品零食天地盖礼物盒手提礼品盒彩盒定做,Packaging Box,"Packaging Box. Confirm the selected model, size and included items before ordering.",CNY,0.2,0.03,https://detail.1688.com/offer/1058541514083.html,included,
1058433113912,packaging,packaging,首饰包装纸盒礼品盒书法天地盖戒指吊坠耳钉收纳盒珍藏品烫金logo,Packaging Box,"Packaging Box. Confirm the selected model, size and included items before ordering.",CNY,0.48,0.07,https://detail.1688.com/offer/1058433113912.html,included,
1058333367324,packaging,packaging,礼盒包装盒牛皮纸白卡黑卡彩盒礼盒精油瓶盒牛皮纸盒厂家定制批发,Packaging Box,"Packaging Box. Confirm the selected model, size and included items before ordering.",CNY,1,0.15,https://detail.1688.com/offer/1058333367324.html,included,
1058190689386,packaging,packaging,一片式折叠盒礼盒定制超大尺寸高级感礼盒书型盒包装翻盖空盒定制,Foldable Gift Packaging Box,"Foldable Gift Packaging Box. Listed features: foldable. Confirm the selected model, size and included items before ordering.",CNY,2,0.29,https://detail.1688.com/offer/1058190689386.html,included,
1058166865572,packaging,packaging,厂家定制手提袋彩色礼品袋白卡纸牛皮纸袋服装店化妆品高级感袋子,Kraft Packing Paper,"Kraft Packing Paper. Confirm the selected model, size and included items before ordering.",CNY,0.25,0.04,https://detail.1688.com/offer/1058166865572.html,included,
1058046031977,packaging,packaging,月饼包装盒 茶叶礼盒空盒 天地盖包装批发 高档食品礼品磁吸盒子,Packaging Box,"Packaging Box. Confirm the selected model, size and included items before ordering.",CNY,1,0.15,https://detail.1688.com/offer/1058046031977.html,included,
1058027071964,packaging,packaging,定制pvc/pp/pet包装盒固体饮料包装渔具盒透明盒塑料包装盒礼品盒,Plastic Packaging Box,"Plastic Packaging Box. Listed features: plastic. Confirm the selected model, size and included items before ordering.",CNY,1,0.15,https://detail.1688.com/offer/1058027071964.html,included,
1057974029130,packaging,packaging,包装盒各类彩盒定制小批量白卡纸盒制作彩箱设计礼盒logo定做,Packaging Box,"Packaging Box. Confirm the selected model, size and included items before ordering.",CNY,0.1,0.01,https://detail.1688.com/offer/1057974029130.html,included,
1057795220718,packaging,packaging,牛皮纸手提袋定制加厚服装购物打包袋企业logo印刷礼品包装纸袋,Kraft Packing Paper,"Kraft Packing Paper. Confirm the selected model, size and included items before ordering.",CNY,0.18,0.03,https://detail.1688.com/offer/1057795220718.html,included,
1057778727015,packaging,packaging,折叠盒彩盒定制一片式折叠盒高档服饰化妆品折叠式纸盒礼品纸盒,Foldable Gift Packaging Box,"Foldable Gift Packaging Box. Listed features: foldable. Confirm the selected model, size and included items before ordering.",CNY,2,0.29,https://detail.1688.com/offer/1057778727015.html,included,
1057632305865,packaging,packaging,手提牛皮纸袋服装店打包购物方底牛皮纸袋小饰品礼物节日礼品袋,Kraft Packing Paper,"Kraft Packing Paper. Confirm the selected model, size and included items before ordering.",CNY,0.79,0.12,https://detail.1688.com/offer/1057632305865.html,included,
1057553384371,packaging,packaging,牛皮纸袋定制印logo礼品袋生日礼物手提袋烘焙奶茶外卖打包袋现货,Kraft Packing Paper,"Kraft Packing Paper. Confirm the selected model, size and included items before ordering.",CNY,0.18,0.03,https://detail.1688.com/offer/1057553384371.html,included,
1057553308247,packaging,packaging,牛皮纸袋定制可印logo饰品店服装店手提袋餐饮外卖打包袋包装现货,Kraft Packing Paper,"Kraft Packing Paper. Confirm the selected model, size and included items before ordering.",CNY,0.18,0.03,https://detail.1688.com/offer/1057553308247.html,included,
1057477442648,packaging,packaging,节日礼品袋牛皮纸手提袋定制奶茶咖啡手提袋餐饮外卖打包纸袋批发,Kraft Packing Paper,"Kraft Packing Paper. Confirm the selected model, size and included items before ordering.",CNY,0.19,0.03,https://detail.1688.com/offer/1057477442648.html,included,
1057304972882,packaging,packaging,牛皮纸袋定制印刷logo礼品手提袋生日礼物高级感打包现货端午节,Kraft Packing Paper,"Kraft Packing Paper. Confirm the selected model, size and included items before ordering.",CNY,0.18,0.03,https://detail.1688.com/offer/1057304972882.html,included,
1057200610459,packaging,packaging,跨境一片式折叠茶杯盒鞋盒伴手礼服装硬纸盒翻盖磁吸特大礼盒空盒,Foldable Gift Packaging Box,"Foldable Gift Packaging Box. Listed features: foldable. Confirm the selected model, size and included items before ordering.",CNY,2,0.29,https://detail.1688.com/offer/1057200610459.html,included,
1076042678995,packaging,packaging,翻盖盒纸盒定制中秋节日礼盒伴手礼高级感来图来样定制可印logo,Gift Packaging Box,"Gift Packaging Box. Confirm the selected model, size and included items before ordering.",CNY,0.5,0.07,https://detail.1688.com/offer/1076042678995.html,included,
1073361892732,packaging,packaging,透明折叠PVC包装盒磨砂PP塑料盒挂钩手工伴手礼饰品外包装定制,Plastic Foldable Packaging Box,"Plastic Foldable Packaging Box. Listed features: plastic, foldable. Confirm the selected model, size and included items before ordering.",CNY,0.2,0.03,https://detail.1688.com/offer/1073361892732.html,included,
1073250218897,packaging,packaging,跨境亚马逊离型纸信封带白双胶纸现货130g牛皮纸信封袋邀请函批发,Kraft Packing Paper,"Kraft Packing Paper. Confirm the selected model, size and included items before ordering.",CNY,0.2,0.03,https://detail.1688.com/offer/1073250218897.html,included,
1063826034383,packaging,packaging,渐变金鱼百合手提纸袋ins清新礼品袋伴手礼厂家现货可定制logo,Paper Gift Bag,"Paper Gift Bag. Confirm the selected model, size and included items before ordering.",CNY,1,0.15,https://detail.1688.com/offer/1063826034383.html,included,
1057062624303,packaging,packaging,牛皮纸袋定制印logo中秋节礼品手提袋餐饮奶茶烘焙外卖打包袋现货,Kraft Packing Paper,"Kraft Packing Paper. Confirm the selected model, size and included items before ordering.",CNY,0.18,0.03,https://detail.1688.com/offer/1057062624303.html,included,
1056734242242,packaging,packaging,一片式折叠礼品盒包装盒定制月饼折叠盒饰品包装盒硬纸盒礼盒批发,Foldable Gift Packaging Box,"Foldable Gift Packaging Box. Listed features: foldable. Confirm the selected model, size and included items before ordering.",CNY,0.1,0.01,https://detail.1688.com/offer/1056734242242.html,included,
1056717890584,packaging,packaging,显眼包杜邦纸袋印制logo水洗手提袋撕不烂牛皮礼品单肩包托特包,Paper Gift Bag,"Paper Gift Bag. Confirm the selected model, size and included items before ordering.",CNY,10,1.46,https://detail.1688.com/offer/1056717890584.html,included,
1056712818733,packaging,packaging,杜邦纸袋可水洗牛皮纸袋礼品包装购物杜邦纸手提包加印logo,Kraft Packing Paper,"Kraft Packing Paper. Confirm the selected model, size and included items before ordering.",CNY,23,3.37,https://detail.1688.com/offer/1056712818733.html,included,
1056676007870,packaging,packaging,跨境彩色飞机盒定制快递盒彩盒定做文创手工包装盒礼盒打包飞机盒,Cardboard Mailer Box,"Cardboard Mailer Box. Confirm the selected model, size and included items before ordering.",CNY,0.08,0.01,https://detail.1688.com/offer/1056676007870.html,included,
1056668937251,packaging,packaging,杜邦纸袋定制logo可水洗大容量手提袋广告宣传购物袋开学礼品袋,Paper Gift Bag,"Paper Gift Bag. Confirm the selected model, size and included items before ordering.",CNY,3,0.44,https://detail.1688.com/offer/1056668937251.html,included,
1056661841231,packaging,packaging,杜邦纸袋定制开学礼品袋大容量收纳手提袋可水洗购物袋印刷logo,Paper Gift Bag,"Paper Gift Bag. Confirm the selected model, size and included items before ordering.",CNY,3,0.44,https://detail.1688.com/offer/1056661841231.html,included,
1056621853336,packaging,packaging,牛皮纸袋袋定制可印logo手提袋礼品袋服装店高级感礼物袋子批货,Kraft Packing Paper,"Kraft Packing Paper. Confirm the selected model, size and included items before ordering.",CNY,0.18,0.03,https://detail.1688.com/offer/1056621853336.html,included,
1056613997695,packaging,packaging,牛皮纸袋定制可印logo展览会手提袋咖啡饮品外卖打包袋礼品袋批货,Kraft Packing Paper,"Kraft Packing Paper. Confirm the selected model, size and included items before ordering.",CNY,0.18,0.03,https://detail.1688.com/offer/1056613997695.html,included,
1056607431034,packaging,packaging,浙江海盐吸塑包装厂家五金配件吸塑泡壳定制热封吸塑包装吸塑内托,Protective Packaging Insert,"Protective Packaging Insert. Confirm the selected model, size and included items before ordering.",CNY,0.04,0.01,https://detail.1688.com/offer/1056607431034.html,included,
1056309436332,packaging,packaging,加工定制白卡纸盒彩盒包装盒定做纸箱高端礼品盒子瓦楞飞机盒工厂,Cardboard Mailer Box,"Cardboard Mailer Box. Confirm the selected model, size and included items before ordering.",CNY,0.1,0.01,https://detail.1688.com/offer/1056309436332.html,included,
1056223795081,packaging,packaging,化妆品吸塑托盘 吸塑面罩pet包装盒内衬生产五金玩具食品吸塑包装,Blister Packaging Tray,"Blister Packaging Tray. Confirm the selected model, size and included items before ordering.",CNY,0.3,0.04,https://detail.1688.com/offer/1056223795081.html,included,
1056123229907,packaging,packaging,牛皮纸袋定制logo端午节粽子高级感伴手礼品手提袋打包纸袋现货,Kraft Packing Paper,"Kraft Packing Paper. Confirm the selected model, size and included items before ordering.",CNY,0.18,0.03,https://detail.1688.com/offer/1056123229907.html,included,
1055999822828,packaging,packaging,卡通牛皮纸袋现货奶茶烘焙蛋糕打包纸袋节日礼物礼品手提牛皮纸袋,Kraft Packing Paper,"Kraft Packing Paper. Confirm the selected model, size and included items before ordering.",CNY,0.55,0.08,https://detail.1688.com/offer/1055999822828.html,included,
1055956691141,packaging,packaging,杜邦纸袋加印logo伴娘伴手礼手提袋包装订结婚高级感礼品袋子,Paper Gift Bag,"Paper Gift Bag. Confirm the selected model, size and included items before ordering.",CNY,30,4.39,https://detail.1688.com/offer/1055956691141.html,included,
1055914386615,packaging,packaging,牛皮纸袋定制加厚手提袋文艺复古风伴手礼包装纸袋服装礼品打包袋,Kraft Packing Paper,"Kraft Packing Paper. Confirm the selected model, size and included items before ordering.",CNY,0.18,0.03,https://detail.1688.com/offer/1055914386615.html,included,
1055860030790,packaging,packaging,牛皮纸袋定制印logo礼品袋联名周边包装手提袋外卖打包袋现货批发,Kraft Packing Paper,"Kraft Packing Paper. Confirm the selected model, size and included items before ordering.",CNY,0.18,0.03,https://detail.1688.com/offer/1055860030790.html,included,
1055633498692,packaging,packaging,牛皮纸袋定制加印logo礼品礼物手提袋烘焙饮品外卖打包袋源头批发,Kraft Packing Paper,"Kraft Packing Paper. Confirm the selected model, size and included items before ordering.",CNY,0.18,0.03,https://detail.1688.com/offer/1055633498692.html,included,
1055119142496,packaging,packaging,手提袋牛皮纸袋印刷logo外卖打包袋饮品奶茶打包袋中秋圣诞礼品袋,Kraft Packing Paper,"Kraft Packing Paper. Confirm the selected model, size and included items before ordering.",CNY,0.16,0.02,https://detail.1688.com/offer/1055119142496.html,included,
1055089890358,packaging,packaging,牛皮纸袋定制logo端午节粽子高端礼盒礼品手提袋餐饮打包纸袋现货,Kraft Packing Paper,"Kraft Packing Paper. Confirm the selected model, size and included items before ordering.",CNY,0.18,0.03,https://detail.1688.com/offer/1055089890358.html,included,
1055068747208,packaging,packaging,拉链飞机盒定制彩色彩印彩盒彩箱飞机盒瓦楞彩印彩色拉链飞机盒子,Cardboard Mailer Box,"Cardboard Mailer Box. Confirm the selected model, size and included items before ordering.",CNY,0.1,0.01,https://detail.1688.com/offer/1055068747208.html,included,
1054904903163,packaging,packaging,T古卡宝香家PVC密封袋6×8 7.5×11自封袋戒指项链手镯收纳封口袋,Packaging Bag,"Packaging Bag. Confirm the selected model, size and included items before ordering.",CNY,18,2.63,https://detail.1688.com/offer/1054904903163.html,included,
1054873413836,packaging,packaging,银卡磨砂UV隔离乳液包装盒定做彩盒卡盒彩妆双插盒外包装盒定做,Packaging Box,"Packaging Box. Confirm the selected model, size and included items before ordering.",CNY,0.6,0.09,https://detail.1688.com/offer/1054873413836.html,included,
1054856017210,packaging,packaging,爆款pvc环保塑料盒pet印刷胶盒pp磨砂斜纹黄油奶酪盒源头厂家定制,Plastic Clear Packaging Box,"Plastic Clear Packaging Box. Listed features: plastic. Confirm the selected model, size and included items before ordering.",CNY,0.18,0.03,https://detail.1688.com/offer/1054856017210.html,included,
1054806937021,packaging,packaging,飞机盒批发特硬飞机盒子打包纸盒长方形服装包装纸盒饰品盒定制,Cardboard Mailer Box,"Cardboard Mailer Box. Confirm the selected model, size and included items before ordering.",CNY,0.12,0.02,https://detail.1688.com/offer/1054806937021.html,included,
1054782115573,packaging,packaging,彩盒抽屉食品包装白卡纸保健品礼盒咖啡小批量冰箱贴包装盒定制,Packaging Box,"Packaging Box. Confirm the selected model, size and included items before ordering.",CNY,0.15,0.02,https://detail.1688.com/offer/1054782115573.html,included,
1054381763086,packaging,packaging,牛皮纸袋手提袋定制可印logo餐饮奶茶海底捞火锅外卖打包袋礼品袋,Kraft Packing Paper,"Kraft Packing Paper. Confirm the selected model, size and included items before ordering.",CNY,0.18,0.03,https://detail.1688.com/offer/1054381763086.html,included,
1054375423566,packaging,packaging,牛皮纸袋定制印logo手提袋餐饮奶茶mini外卖打包袋高级伴手礼品袋,Kraft Packing Paper,"Kraft Packing Paper. Confirm the selected model, size and included items before ordering.",CNY,0.18,0.03,https://detail.1688.com/offer/1054375423566.html,included,
1054211292134,packaging,packaging,精美礼品盒定制包装盒礼盒盲盒空盒礼物礼物盒天地盖生日礼物包装,Packaging Box,"Packaging Box. Confirm the selected model, size and included items before ordering.",CNY,5,0.73,https://detail.1688.com/offer/1054211292134.html,included,
1054053287118,packaging,packaging,现货手提袋礼品袋牛皮纸袋定制加厚白卡纸礼品袋高档节日礼品袋,Kraft Packing Paper,"Kraft Packing Paper. Confirm the selected model, size and included items before ordering.",CNY,0.64,0.09,https://detail.1688.com/offer/1054053287118.html,included,
1054040026866,packaging,packaging,印刷包装盒定制坑盒定做包装盒折叠纸盒小批量订制三五层瓦楞彩盒,Foldable Packaging Box,"Foldable Packaging Box. Listed features: foldable. Confirm the selected model, size and included items before ordering.",CNY,0.78,0.11,https://detail.1688.com/offer/1054040026866.html,included,
1053971436586,packaging,packaging,包装盒定制彩盒白卡纸盒定做牛皮纸盒礼盒空盒子瓦楞盒定制双插盒,Packaging Box,"Packaging Box. Confirm the selected model, size and included items before ordering.",CNY,0.1,0.01,https://detail.1688.com/offer/1053971436586.html,included,
1053937536234,packaging,packaging,彩色手提牛皮纸袋咖啡烘焙外卖包装纸袋加厚纯色节日伴手礼礼品袋,Kraft Packing Paper,"Kraft Packing Paper. Confirm the selected model, size and included items before ordering.",CNY,0.29,0.04,https://detail.1688.com/offer/1053937536234.html,included,
1053933724663,packaging,packaging,格拉辛纸袋环保可降解半透明蜡光服装袋批发定制logo自粘平口纸袋,Paper Gift Bag,"Paper Gift Bag. Confirm the selected model, size and included items before ordering.",CNY,0.1,0.01,https://detail.1688.com/offer/1053933724663.html,included,
1053648567633,packaging,packaging,礼盒定制天地盖礼品盒包装定做书型盒彩盒纸盒空盒盲盒包装盒定制,Gift Packaging Box,"Gift Packaging Box. Confirm the selected model, size and included items before ordering.",CNY,0.11,0.02,https://detail.1688.com/offer/1053648567633.html,included,
1053325527914,packaging,packaging,杜邦纸袋定制logo帆布内衬托特包单肩手提袋可水洗文创包杜邦纸包,Paper Gift Bag,"Paper Gift Bag. Confirm the selected model, size and included items before ordering.",CNY,8.8,1.29,https://detail.1688.com/offer/1053325527914.html,included,
1053094658246,packaging,packaging,快递打包飞机盒特硬正方形纸盒服装包装盒数码化妆品大号发货纸箱,Cardboard Mailer Box,"Cardboard Mailer Box. Confirm the selected model, size and included items before ordering.",CNY,0.16,0.02,https://detail.1688.com/offer/1053094658246.html,included,
1053064121631,packaging,packaging,数码包装盒定制白卡翻盖盒定做牛皮纸盒伴手礼盒彩盒天地盖书型盒,Gift Packaging Box,"Gift Packaging Box. Confirm the selected model, size and included items before ordering.",CNY,0.1,0.01,https://detail.1688.com/offer/1053064121631.html,included,
1052943913489,packaging,packaging,中山白卡包装盒定制彩印纸盒双插盒印刷彩盒瓦楞盒子飞机盒扣底盒,Cardboard Mailer Box,"Cardboard Mailer Box. Confirm the selected model, size and included items before ordering.",CNY,0.12,0.02,https://detail.1688.com/offer/1052943913489.html,included,
1052608910233,packaging,packaging,礼品袋定制logo学校企业伴手礼牛皮纸手提袋子服装店购物纸袋批发,Kraft Packing Paper,"Kraft Packing Paper. Confirm the selected model, size and included items before ordering.",CNY,0.2,0.03,https://detail.1688.com/offer/1052608910233.html,included,
1052583075192,packaging,packaging,牛皮纸手提袋餐饮外卖打包袋精美礼品购物袋子方底收纳袋印刷logo,Kraft Packing Paper,"Kraft Packing Paper. Confirm the selected model, size and included items before ordering.",CNY,0.29,0.04,https://detail.1688.com/offer/1052583075192.html,included,
1052477292074,packaging,packaging,牛皮纸瓦楞扣抵盒定制三层特硬方形礼品包装方形电商快递打包纸盒,Packaging Box,"Packaging Box. Confirm the selected model, size and included items before ordering.",CNY,1,0.15,https://detail.1688.com/offer/1052477292074.html,included,
1052357541283,packaging,packaging,佛山包装盒定制彩盒小批量印刷厂瓦楞飞机盒数码产品盒纸盒子定做,Cardboard Mailer Box,"Cardboard Mailer Box. Confirm the selected model, size and included items before ordering.",CNY,0.2,0.03,https://detail.1688.com/offer/1052357541283.html,included,
1052349210842,packaging,packaging,儿童生日礼物袋定制logo服装店手提礼品袋化妆品饰品白卡纸袋现货,Paper Gift Bag,"Paper Gift Bag. Confirm the selected model, size and included items before ordering.",CNY,0.75,0.11,https://detail.1688.com/offer/1052349210842.html,included,
1052313290882,packaging,packaging,一片式折叠礼盒定制折叠盒磁吸高级感翻盖一体成型书形盒定做硬盒,Foldable Gift Packaging Box,"Foldable Gift Packaging Box. Listed features: foldable. Confirm the selected model, size and included items before ordering.",CNY,5,0.73,https://detail.1688.com/offer/1052313290882.html,included,
1052099500143,packaging,packaging,跨境塑料白色方盆长方形冰盘食品盒冷冻盆麻辣烫展示收纳盒塑料盒,Plastic Clear Packaging Box,"Plastic Clear Packaging Box. Listed features: plastic. Confirm the selected model, size and included items before ordering.",CNY,0.65,0.1,https://detail.1688.com/offer/1052099500143.html,included,
1052098305586,packaging,packaging,彩盒定制印刷小批量包装礼品盒定制飞机盒化妆品盒盲盒水果瓦楞盒,Cardboard Mailer Box,"Cardboard Mailer Box. Confirm the selected model, size and included items before ordering.",CNY,0.1,0.01,https://detail.1688.com/offer/1052098305586.html,included,
1052085930864,packaging,packaging,磁吸书型盒翻盖包装盒定制天地盒硬纸盒定做彩盒天地盖礼盒飞机盒,Cardboard Mailer Box,"Cardboard Mailer Box. Confirm the selected model, size and included items before ordering.",CNY,0.1,0.01,https://detail.1688.com/offer/1052085930864.html,included,
1052080893702,packaging,packaging,塑料桌面收纳盒正方形pp方盒翻盖透明包装盒零件包装储物零件透明,Plastic Packaging Box,"Plastic Packaging Box. Listed features: plastic. Confirm the selected model, size and included items before ordering.",CNY,0.15,0.02,https://detail.1688.com/offer/1052080893702.html,included,
1051739234745,packaging,packaging,吸塑内托厂家热压定制不规则一次性塑料吸塑包装透明PS吸塑托盘,Plastic Protective Packaging Insert,"Plastic Protective Packaging Insert. Listed features: plastic. Confirm the selected model, size and included items before ordering.",CNY,0.09,0.01,https://detail.1688.com/offer/1051739234745.html,included,
1051642185993,packaging,packaging,绒布束口袋礼品小布袋可印LOGO眼镜珠宝首饰收纳袋灰色绒布袋定制,Storage Bag,"Storage Bag. Confirm the selected model, size and included items before ordering.",CNY,1.2,0.18,https://detail.1688.com/offer/1051642185993.html,included,
1051577899119,packaging,packaging,天地盖文创礼盒礼品盒小批量纪念币盒高级感可印logo印刷,Packaging Box,"Packaging Box. Confirm the selected model, size and included items before ordering.",CNY,1,0.15,https://detail.1688.com/offer/1051577899119.html,included,
1051333715363,packaging,packaging,包装盒定制印刷logo面膜护肤品化妆品折叠纸盒白卡彩盒小批量定做,Foldable Packaging Box,"Foldable Packaging Box. Listed features: foldable. Confirm the selected model, size and included items before ordering.",CNY,0.1,0.01,https://detail.1688.com/offer/1051333715363.html,included,
1051307603324,packaging,packaging,跨境圣诞麋鹿鹿手提袋 平安夜纸袋 苹果手提袋礼品袋厂家现货批发,Paper Gift Bag,"Paper Gift Bag. Confirm the selected model, size and included items before ordering.",CNY,0.85,0.12,https://detail.1688.com/offer/1051307603324.html,included,
1051173857044,packaging,packaging,炸鸡盒子英文打包盒防油纸餐盘纸汉堡纸塑料打包袋餐饮小吃纸盒,Plastic Packaging Box,"Plastic Packaging Box. Listed features: plastic. Confirm the selected model, size and included items before ordering.",CNY,10,1.46,https://detail.1688.com/offer/1051173857044.html,included,
1051151198510,packaging,packaging,透明五角星盒创意高颜值圣诞派对布置悬挂装饰高透明星星塑料盒子,Plastic Clear Packaging Box,"Plastic Clear Packaging Box. Listed features: plastic. Confirm the selected model, size and included items before ordering.",CNY,0.8,0.12,https://detail.1688.com/offer/1051151198510.html,included,
1051137713172,packaging,packaging,吸塑包装pet透明吸塑化妆品五金PVC吸塑泡壳吸塑包装磨砂塑料盒,Plastic Blister Packaging Tray,"Plastic Blister Packaging Tray. Listed features: plastic. Confirm the selected model, size and included items before ordering.",CNY,0.2,0.03,https://detail.1688.com/offer/1051137713172.html,included,
1050997744021,packaging,packaging,高透PVC密封袋6*8    7.5*11自封袋戒指项链耳钉手镯收纳封口袋,Packaging Bag,"Packaging Bag. Confirm the selected model, size and included items before ordering.",CNY,18,2.63,https://detail.1688.com/offer/1050997744021.html,included,
1050983476938,packaging,packaging,简约收纳悬浮盒展示戒指手链首饰盒珠宝防氧化透明PE薄膜塑料盒,Plastic Gift Packaging Box,"Plastic Gift Packaging Box. Listed features: plastic. Confirm the selected model, size and included items before ordering.",CNY,0.7,0.1,https://detail.1688.com/offer/1050983476938.html,included,
1050831973155,packaging,packaging,三层特硬飞机盒纸盒首饰数码配件快递打包物流包装批发源头厂家,Cardboard Mailer Box,"Cardboard Mailer Box. Confirm the selected model, size and included items before ordering.",CNY,0.24,0.04,https://detail.1688.com/offer/1050831973155.html,included,
1050776099002,packaging,packaging,源头厂家定制宠物食品包装盒 猫狗通用狗粮猫粮彩盒 FSC认证纸盒,Packaging Box,"Packaging Box. Confirm the selected model, size and included items before ordering.",CNY,0.8,0.12,https://detail.1688.com/offer/1050776099002.html,included,
1050713070992,packaging,packaging,奶瓶包装盒定制扣盖PVC透明盒子奶嘴水杯包装彩色印刷PET塑料折盒,Plastic Clear Folding Packaging Box,"Plastic Clear Folding Packaging Box. Listed features: plastic. Confirm the selected model, size and included items before ordering.",CNY,0.2,0.03,https://detail.1688.com/offer/1050713070992.html,included,
1050685523705,packaging,packaging,白卡纸盒定制化妆品包装盒定做开窗抽屉盒高颜值印刷数码产品彩盒,Packaging Box,"Packaging Box. Confirm the selected model, size and included items before ordering.",CNY,0.05,0.01,https://detail.1688.com/offer/1050685523705.html,included,
1050445266472,packaging,packaging,礼品袋定制logo生日伴手礼物袋加厚外卖圣诞节日牛皮纸手提袋批发,Kraft Packing Paper,"Kraft Packing Paper. Confirm the selected model, size and included items before ordering.",CNY,0.18,0.03,https://detail.1688.com/offer/1050445266472.html,included,
1050391575869,packaging,packaging,现货白卡扁盒亚马逊小白盒印刷扁平包装盒白卡纸盒跨境彩盒,Packaging Box,"Packaging Box. Confirm the selected model, size and included items before ordering.",CNY,0.12,0.02,https://detail.1688.com/offer/1050391575869.html,included,
1050282621114,packaging,packaging,透明吸塑托盘包装塑料盒开模定制pet透明塑料ps防静电吸塑内托,Plastic Protective Packaging Insert,"Plastic Protective Packaging Insert. Listed features: plastic. Confirm the selected model, size and included items before ordering.",CNY,1.8,0.26,https://detail.1688.com/offer/1050282621114.html,included,
1050067978057,packaging,packaging,家用电器包装盒定制电饭煲包装彩盒彩色印刷手提瓦楞纸盒扣底盒,Packaging Box,"Packaging Box. Confirm the selected model, size and included items before ordering.",CNY,0.2,0.03,https://detail.1688.com/offer/1050067978057.html,included,
1049936774730,packaging,packaging,现货手提袋纸袋礼品袋印刷logo服装店加厚白卡纸礼品袋定制批发,Paper Gift Bag,"Paper Gift Bag. Confirm the selected model, size and included items before ordering.",CNY,0.36,0.05,https://detail.1688.com/offer/1049936774730.html,included,
1049816190539,packaging,packaging,手提袋定制纸袋服装烘焙纸袋面包手提袋伴手礼袋子牛皮纸袋礼品袋,Kraft Packing Paper,"Kraft Packing Paper. Confirm the selected model, size and included items before ordering.",CNY,0.1,0.01,https://detail.1688.com/offer/1049816190539.html,included,
1049785622039,packaging,packaging,PVC透明加高塑料防尘折盒子礼品包装储存玩具娃娃pet9*10*2345678,Plastic Clear Folding Packaging Box,"Plastic Clear Folding Packaging Box. Listed features: plastic. Confirm the selected model, size and included items before ordering.",CNY,0.22,0.03,https://detail.1688.com/offer/1049785622039.html,included,
1049693259156,packaging,packaging,保健品包装盒定制保健食品鱼油软胶囊维生素包装书型磁吸翻盖礼盒,Packaging Box,"Packaging Box. Confirm the selected model, size and included items before ordering.",CNY,0.85,0.12,https://detail.1688.com/offer/1049693259156.html,included,
1049650445302,packaging,packaging,撕拉纸盒定制拉链盲盒包装盒定做logo产品包装彩盒厂家印刷设计,Packaging Box,"Packaging Box. Confirm the selected model, size and included items before ordering.",CNY,0.1,0.01,https://detail.1688.com/offer/1049650445302.html,included,
1049390934979,packaging,packaging,挂钩款pvc塑料盒环保透明pet胶盒印刷彩盒pp磨砂斜纹盒厂家定 制,Plastic Packaging Box,"Plastic Packaging Box. Listed features: plastic. Confirm the selected model, size and included items before ordering.",CNY,0.23,0.03,https://detail.1688.com/offer/1049390934979.html,included,
1049383526428,packaging,packaging,现货周大生丝带蝴蝶结天地盖珠宝首饰收纳黄金饰品手镯包装纸盒,Packaging Box,"Packaging Box. Confirm the selected model, size and included items before ordering.",CNY,0.69,0.1,https://detail.1688.com/offer/1049383526428.html,included,
1049345430341,packaging,packaging,保健品包装盒定制药品营养品礼盒定做高端天地盖圣诞节礼品盒印刷,Packaging Box,"Packaging Box. Confirm the selected model, size and included items before ordering.",CNY,0.05,0.01,https://detail.1688.com/offer/1049345430341.html,included,
1049333729679,packaging,packaging,现货批发黑胡桃木质钢笔收纳收藏展示陈列盒高档笔收纳礼品盒,Packaging Box,"Packaging Box. Confirm the selected model, size and included items before ordering.",CNY,39.7,5.81,https://detail.1688.com/offer/1049333729679.html,included,
1049162519671,packaging,packaging,手提袋定制服装店购物袋礼物礼品袋纸质子环保白卡纸儿童节礼品袋,Paper Gift Bag,"Paper Gift Bag. Confirm the selected model, size and included items before ordering.",CNY,0.75,0.11,https://detail.1688.com/offer/1049162519671.html,included,
1049154825755,packaging,packaging,马卡龙压纹正方形手提袋花束鲜花礼插花袋节日礼品伴手礼袋批发,Paper Gift Bag,"Paper Gift Bag. Confirm the selected model, size and included items before ordering.",CNY,1.3,0.19,https://detail.1688.com/offer/1049154825755.html,included,
1049143744984,packaging,packaging,牛皮纸袋定制加厚加固中秋节礼品袋手提袋奶茶烘焙外卖打包袋纸袋,Kraft Packing Paper,"Kraft Packing Paper. Confirm the selected model, size and included items before ordering.",CNY,0.18,0.03,https://detail.1688.com/offer/1049143744984.html,included,
1049118574813,packaging,packaging,包装盒定制白卡纸盒化妆品包装纸盒小批量彩盒定制飞机盒印刷厂家,Cardboard Mailer Box,"Cardboard Mailer Box. Confirm the selected model, size and included items before ordering.",CNY,0.18,0.03,https://detail.1688.com/offer/1049118574813.html,included,
1048753810765,packaging,packaging,小白盒加厚现货批发白卡纸盒通用正方形折叠包装盒盲盒定制彩盒,Foldable Packaging Box,"Foldable Packaging Box. Listed features: foldable. Confirm the selected model, size and included items before ordering.",CNY,0.06,0.01,https://detail.1688.com/offer/1048753810765.html,included,
1048732010340,packaging,packaging,hello kitty加厚白卡手提袋儿童生日派对伴手礼礼品袋包装纸袋,Kraft Packing Paper,"Kraft Packing Paper. Confirm the selected model, size and included items before ordering.",CNY,0.36,0.05,https://detail.1688.com/offer/1048732010340.html,included,
1048608655449,packaging,packaging,定制樱桃包装盒子水果瓦楞彩盒手提车厘子礼盒天地盖开窗水果礼盒,Packaging Box,"Packaging Box. Confirm the selected model, size and included items before ordering.",CNY,0.5,0.07,https://detail.1688.com/offer/1048608655449.html,included,
1048364215756,packaging,packaging,包装盒定制白卡纸盒子小批量定做瓦楞纸飞机盒印刷化妆品彩盒定制,Cardboard Mailer Box,"Cardboard Mailer Box. Confirm the selected model, size and included items before ordering.",CNY,0.17,0.02,https://detail.1688.com/offer/1048364215756.html,included,
1048339111107,packaging,packaging,撕拉包装盒定制特硬瓦楞纸盒撕拉盲盒空盒白卡纸盒小批量彩盒印刷,Packaging Box,"Packaging Box. Confirm the selected model, size and included items before ordering.",CNY,0.13,0.02,https://detail.1688.com/offer/1048339111107.html,included,
1048191567385,packaging,packaging,高档快递盒子飞机盒打包盒定制卡通飞机盒定做瓦楞拉链飞机盒定制,Cardboard Mailer Box,"Cardboard Mailer Box. Confirm the selected model, size and included items before ordering.",CNY,1,0.15,https://detail.1688.com/offer/1048191567385.html,included,
1048177163668,packaging,packaging,中秋礼盒6粒8粒装月饼包装盒特产礼品盒三层瓦楞伴手礼空盒彩盒,Gift Packaging Box,"Gift Packaging Box. Confirm the selected model, size and included items before ordering.",CNY,4.23,0.62,https://detail.1688.com/offer/1048177163668.html,included,
1048022536953,packaging,packaging,多规格展示盒定制 各类产品包装盒彩盒加厚特硬瓦楞纸盒印刷logo,Packaging Box,"Packaging Box. Confirm the selected model, size and included items before ordering.",CNY,1,0.15,https://detail.1688.com/offer/1048022536953.html,included,
1048020437034,packaging,packaging,一次性轻食饭盒野外露营烤鸡腿分装盒超市可加热烤鸡预制塑料盒,Plastic Clear Packaging Box,"Plastic Clear Packaging Box. Listed features: plastic. Confirm the selected model, size and included items before ordering.",CNY,45,6.58,https://detail.1688.com/offer/1048020437034.html,included,
1047967729002,packaging,packaging,pvc彩妆盒包装盒透明盒 制pet化妆品盒pp磨砂盒茶叶包装定制logo,Packaging Box,"Packaging Box. Confirm the selected model, size and included items before ordering.",CNY,0.2,0.03,https://detail.1688.com/offer/1047967729002.html,included,
1047936005249,packaging,packaging,天地盖礼品盒订 做商务礼盒硬纸盒定 制翻盖天地盖磁吸书本书型盒,Packaging Box,"Packaging Box. Confirm the selected model, size and included items before ordering.",CNY,1,0.15,https://detail.1688.com/offer/1047936005249.html,included,
1047578716040,packaging,packaging,杜邦纸保温便当袋 复古水洗牛皮纸饭盒袋 纽扣绳扣便携铝箔保温袋,Portable Kraft Packing Paper,"Portable Kraft Packing Paper. Listed features: portable. Confirm the selected model, size and included items before ordering.",CNY,24,3.51,https://detail.1688.com/offer/1047578716040.html,included,
1047518652117,packaging,packaging,定制飞机盒彩色特硬快递盒服装打包纸盒电商物流包装可印 logo,Cardboard Mailer Box,"Cardboard Mailer Box. Confirm the selected model, size and included items before ordering.",CNY,0.38,0.06,https://detail.1688.com/offer/1047518652117.html,included,
1047456019844,packaging,packaging,爆款pvc塑料盒食品级pet彩印胶盒厂家直销塑料盒饮料香水盒定 制,Plastic Clear Packaging Box,"Plastic Clear Packaging Box. Listed features: plastic. Confirm the selected model, size and included items before ordering.",CNY,0.24,0.04,https://detail.1688.com/offer/1047456019844.html,included,
1047378979992,packaging,packaging,彩盒印刷定制小批量包装礼品盒定制飞机盒化妆品盒盲盒水果瓦楞盒,Cardboard Mailer Box,"Cardboard Mailer Box. Confirm the selected model, size and included items before ordering.",CNY,0.1,0.01,https://detail.1688.com/offer/1047378979992.html,included,
1047258130738,packaging,packaging,加厚透明PVC自封袋首饰收纳防潮防氧化耳环项链饰品密封包装袋子,Packaging Bag,"Packaging Bag. Confirm the selected model, size and included items before ordering.",CNY,0.03,,https://detail.1688.com/offer/1047258130738.html,held,invalid-price
1047255248745,packaging,packaging,包装盒定制食品纸盒彩盒开窗护肤保健品盒子化妆品白卡纸盒天地盖,Packaging Box,"Packaging Box. Confirm the selected model, size and included items before ordering.",CNY,0.2,0.03,https://detail.1688.com/offer/1047255248745.html,included,
1047244336237,packaging,packaging,牛皮纸袋定制手提袋批发加厚礼物袋外卖打包袋儿童节端午粽子纸袋,Kraft Packing Paper,"Kraft Packing Paper. Confirm the selected model, size and included items before ordering.",CNY,0.18,0.03,https://detail.1688.com/offer/1047244336237.html,included,
1046929081508,packaging,packaging,马卡龙彩色双面小号大号特硬瓦楞飞机盒小粉色服装美妆打包盒现货,Cardboard Mailer Box,"Cardboard Mailer Box. Confirm the selected model, size and included items before ordering.",CNY,0.47,0.07,https://detail.1688.com/offer/1046929081508.html,included,
1046729389969,packaging,packaging,卡通礼品袋教师节礼物袋小清新风格手提纸袋创意精致生日伴手礼袋,Paper Gift Bag,"Paper Gift Bag. Confirm the selected model, size and included items before ordering.",CNY,0.39,0.06,https://detail.1688.com/offer/1046729389969.html,included,
1046534314323,packaging,packaging,缱绻若初竹节手提圆盒伴手礼空盒新中式丝绒婚礼企业中秋礼盒喜糖,Gift Packaging Box,"Gift Packaging Box. Confirm the selected model, size and included items before ordering.",CNY,8,1.17,https://detail.1688.com/offer/1046534314323.html,included,
1046364497167,packaging,packaging,牛皮纸袋定制手提袋加厚纸袋奶茶咖啡烘焙外卖打包袋端午节粽子袋,Kraft Packing Paper,"Kraft Packing Paper. Confirm the selected model, size and included items before ordering.",CNY,0.18,0.03,https://detail.1688.com/offer/1046364497167.html,included,
1046284211822,packaging,packaging,磁吸翻盖盒现货文创礼盒批发长方形盒子小批量免费设计可印logo,Gift Packaging Box,"Gift Packaging Box. Confirm the selected model, size and included items before ordering.",CNY,5.22,0.76,https://detail.1688.com/offer/1046284211822.html,included,
1046212470118,packaging,packaging,pet透明塑料盒折盒折叠外包装盒子学生笔袋装盒防尘可挂胶盒收纳,Plastic Foldable Clear Folding Packaging Box,"Plastic Foldable Clear Folding Packaging Box. Listed features: plastic, foldable. Confirm the selected model, size and included items before ordering.",CNY,1.3,0.19,https://detail.1688.com/offer/1046212470118.html,included,
1046081859400,packaging,packaging,定制pvc透明盒子咖啡pet胶盒彩色塑料正方形工厂印刷批发pp包装,Plastic Clear Packaging Box,"Plastic Clear Packaging Box. Listed features: plastic. Confirm the selected model, size and included items before ordering.",CNY,0.3,0.04,https://detail.1688.com/offer/1046081859400.html,included,
1045915416270,packaging,packaging,透明吸塑包装pet食品五金电子吸塑内托pp托盘玩具泡壳,Protective Packaging Insert,"Protective Packaging Insert. Confirm the selected model, size and included items before ordering.",CNY,1,0.15,https://detail.1688.com/offer/1045915416270.html,included,
1045759589827,packaging,packaging,定制丽丝绒布戒指盒按扣多位戒指收纳盒迷你耳环饰品盒首饰盒厂家,Gift Packaging Box,"Gift Packaging Box. Confirm the selected model, size and included items before ordering.",CNY,12.8,1.87,https://detail.1688.com/offer/1045759589827.html,included,
1045635944096,packaging,packaging,六一儿童节礼品袋手提袋幼儿园生日伴手礼礼物袋零食牛皮纸袋定制,Kraft Packing Paper,"Kraft Packing Paper. Confirm the selected model, size and included items before ordering.",CNY,0.18,0.03,https://detail.1688.com/offer/1045635944096.html,included,
1045552812573,packaging,packaging,ins风日韩可爱云朵素材牛皮纸袋礼品饰品袋包装打包出货diy袋子,Jewellery Pouch,"Jewellery Pouch. Confirm the selected model, size and included items before ordering.",CNY,2.7,0.4,https://detail.1688.com/offer/1045552812573.html,included,
1045263572090,packaging,packaging,Roblox虚拟世界沙盒游戏机器人主题生日派对布置糖果袋礼品手提袋,Paper Gift Bag,"Paper Gift Bag. Confirm the selected model, size and included items before ordering.",CNY,0.66,0.1,https://detail.1688.com/offer/1045263572090.html,included,
1045259296201,packaging,packaging,小礼物袋定制logo白色小香风手提纸袋蝴蝶结珠宝首饰伴手礼袋定做,Paper Gift Bag,"Paper Gift Bag. Confirm the selected model, size and included items before ordering.",CNY,0.2,0.03,https://detail.1688.com/offer/1045259296201.html,included,
1045071663330,packaging,packaging,吸塑包装盒定制吸卡透明插卡泡壳三折边通用包装背卡吸塑泡壳内托,Protective Packaging Insert,"Protective Packaging Insert. Confirm the selected model, size and included items before ordering.",CNY,0.25,0.04,https://detail.1688.com/offer/1045071663330.html,included,
1045042186228,packaging,packaging,现货批发绒布项链盒手链饰品盒长毛绒面首饰包装礼品盒,Packaging Box,"Packaging Box. Confirm the selected model, size and included items before ordering.",CNY,3.3,0.48,https://detail.1688.com/offer/1045042186228.html,included,
1044952271595,packaging,packaging,通用款手持便携涡轮风扇包装盒 加厚白卡纸盒 可印刷彩盒厂家直供,Portable Packaging Box,"Portable Packaging Box. Listed features: portable. Confirm the selected model, size and included items before ordering.",CNY,0.35,0.05,https://detail.1688.com/offer/1044952271595.html,included,
1044907633987,packaging,packaging,5.5cm拼豆盒子收纳盒专用工具正方形透明塑料分装小盒拼豆豆盒,Plastic Storage Box,"Plastic Storage Box. Listed features: plastic. Confirm the selected model, size and included items before ordering.",CNY,0.11,0.02,https://detail.1688.com/offer/1044907633987.html,included,
1044741699480,packaging,packaging,首饰包装盒高级感激凸定制logo礼盒磁吸翻盖包装盒饰品盒子收纳盒,Packaging Box,"Packaging Box. Confirm the selected model, size and included items before ordering.",CNY,1.68,0.25,https://detail.1688.com/offer/1044741699480.html,included,
1044699646153,packaging,packaging,眼镜熊熊飞机盒ins高颜值卡通加厚盒子学生礼品盒小卡收纳批发,Cardboard Mailer Box,"Cardboard Mailer Box. Confirm the selected model, size and included items before ordering.",CNY,0.38,0.06,https://detail.1688.com/offer/1044699646153.html,included,
1044620635909,packaging,packaging,礼品袋定制logo高档服装店购物手提袋眼镜店白卡纸纸袋定做圣诞节,Paper Gift Bag,"Paper Gift Bag. Confirm the selected model, size and included items before ordering.",CNY,0.05,0.01,https://detail.1688.com/offer/1044620635909.html,included,
1044412537587,packaging,packaging,加厚手提服装牛皮纸袋定制logo彩色节日外卖打包袋批发生日礼品袋,Kraft Packing Paper,"Kraft Packing Paper. Confirm the selected model, size and included items before ordering.",CNY,0.2,0.03,https://detail.1688.com/offer/1044412537587.html,included,
1044382525432,packaging,packaging,牛皮纸袋定制可印LOGO企业活动月饼手提袋中秋节礼品袋包装批货,Kraft Packing Paper,"Kraft Packing Paper. Confirm the selected model, size and included items before ordering.",CNY,0.18,0.03,https://detail.1688.com/offer/1044382525432.html,included,
1044307495326,packaging,packaging,化妆刷套装包装盒定制粉底刷精美翻盖彩盒化妆工具高级感礼盒印刷,Packaging Box,"Packaging Box. Confirm the selected model, size and included items before ordering.",CNY,0.2,0.03,https://detail.1688.com/offer/1044307495326.html,included,
1044035564201,packaging,packaging,源头工厂透明pvc包装盒环保pet塑料盒日用品文具玩具包装定 制,Plastic Packaging Box,"Plastic Packaging Box. Listed features: plastic. Confirm the selected model, size and included items before ordering.",CNY,0.23,0.03,https://detail.1688.com/offer/1044035564201.html,included,
1043650829349,packaging,packaging,多规格雪媚娘口口酥蛋糕点吸塑内衬托盘加工吸塑内托防震4格包装,Protective Packaging Insert,"Protective Packaging Insert. Confirm the selected model, size and included items before ordering.",CNY,1,0.15,https://detail.1688.com/offer/1043650829349.html,included,
1043588808836,packaging,packaging,保健品包装盒定制西洋参灵芝燕窝套装包装天地盒护肤滋补品礼盒,Packaging Box,"Packaging Box. Confirm the selected model, size and included items before ordering.",CNY,2.5,0.37,https://detail.1688.com/offer/1043588808836.html,included,
1043528526204,packaging,packaging,杜邦纸袋定制印logo复古文创购物帆布包耐撕水洗礼品牛皮纸袋订做,Kraft Packing Paper,"Kraft Packing Paper. Confirm the selected model, size and included items before ordering.",CNY,1.8,0.26,https://detail.1688.com/offer/1043528526204.html,included,
1043401362837,packaging,packaging,牛皮纸手提袋定制中秋月饼礼盒咖啡奶茶外卖包装加厚纸袋印logo,Kraft Packing Paper,"Kraft Packing Paper. Confirm the selected model, size and included items before ordering.",CNY,0.18,0.03,https://detail.1688.com/offer/1043401362837.html,included,
1043245436538,packaging,packaging,定制次抛包装盒日化天地盖包装盒精装高档礼盒,Packaging Box,"Packaging Box. Confirm the selected model, size and included items before ordering.",CNY,0.1,0.01,https://detail.1688.com/offer/1043245436538.html,included,
1043011856830,packaging,packaging,加厚牛皮纸袋定制logo手提礼品袋定做彩色甜品外卖打包袋批发订制,Kraft Packing Paper,"Kraft Packing Paper. Confirm the selected model, size and included items before ordering.",CNY,0.2,0.03,https://detail.1688.com/offer/1043011856830.html,included,
1042539774700,packaging,packaging,打包纸箱长方形正方形搭配打样现货当日发纸盒发货瓦楞纸板,Cardboard Shipping Box,"Cardboard Shipping Box. Confirm the selected model, size and included items before ordering.",CNY,1,0.15,https://detail.1688.com/offer/1042539774700.html,included,
1042356666133,packaging,packaging,礼物包装盒礼品盒中秋天地盖定 做书型盒翻盖水果伴手礼礼盒,Gift Packaging Box,"Gift Packaging Box. Confirm the selected model, size and included items before ordering.",CNY,0.02,,https://detail.1688.com/offer/1042356666133.html,held,invalid-price
1042289239033,packaging,packaging,羊肚菌包装袋手拎袋1斤装250克密封罐瓶子包装纸袋手提袋100克装,Kraft Packing Paper,"Kraft Packing Paper. Confirm the selected model, size and included items before ordering.",CNY,8.5,1.24,https://detail.1688.com/offer/1042289239033.html,included,
1042260069687,packaging,packaging,白卡盒定制化妆品护肤品包装盒白卡彩盒双插扣底盒子印刷厂定制,Packaging Box,"Packaging Box. Confirm the selected model, size and included items before ordering.",CNY,0.1,0.01,https://detail.1688.com/offer/1042260069687.html,included,
1042030982058,packaging,packaging,公司宣传白卡纸袋定制服装店购物手提袋定做logo礼品袋订做端午,Paper Gift Bag,"Paper Gift Bag. Confirm the selected model, size and included items before ordering.",CNY,0.5,0.07,https://detail.1688.com/offer/1042030982058.html,included,
1041971913098,packaging,packaging,牛皮纸袋定制logo加厚服装店广告手提袋奶茶咖啡外卖礼品打包袋子,Kraft Packing Paper,"Kraft Packing Paper. Confirm the selected model, size and included items before ordering.",CNY,0.2,0.03,https://detail.1688.com/offer/1041971913098.html,included,
1041860619887,packaging,packaging,伴手礼品盒天地盖精致礼盒定制礼品盒护肤品礼盒生日礼物盒上下盖,Gift Packaging Box,"Gift Packaging Box. Confirm the selected model, size and included items before ordering.",CNY,0.1,0.01,https://detail.1688.com/offer/1041860619887.html,included,
1041787369282,packaging,packaging,pvc透明胶盒定制电子产品包装耳机充电仓数据线包装pet高透塑料盒,Plastic Clear Packaging Box,"Plastic Clear Packaging Box. Listed features: plastic. Confirm the selected model, size and included items before ordering.",CNY,1,0.15,https://detail.1688.com/offer/1041787369282.html,included,
1041348610197,packaging,packaging,【永不落幕的温柔】法式蕾丝藤编手提篮伴手礼礼盒布料仪式感礼物,Gift Packaging Box,"Gift Packaging Box. Confirm the selected model, size and included items before ordering.",CNY,2.5,0.37,https://detail.1688.com/offer/1041348610197.html,included,
1041182001624,packaging,packaging,牛皮纸袋定制手提袋加厚礼物袋奶茶打包袋儿童节端午粽子纸袋批发,Kraft Packing Paper,"Kraft Packing Paper. Confirm the selected model, size and included items before ordering.",CNY,0.18,0.03,https://detail.1688.com/offer/1041182001624.html,included,
1041059927462,packaging,packaging,天地盖礼盒厂家现货礼品盒小物件充电宝包装彩盒中国风饰品包装盒,Packaging Box,"Packaging Box. Confirm the selected model, size and included items before ordering.",CNY,2.9,0.42,https://detail.1688.com/offer/1041059927462.html,included,
1040977102270,packaging,packaging,黑色异形吸塑内托多槽分格固定包装 按样开模定位吸塑托盘,Protective Packaging Insert,"Protective Packaging Insert. Confirm the selected model, size and included items before ordering.",CNY,0.3,0.04,https://detail.1688.com/offer/1040977102270.html,included,
1040935659451,packaging,packaging,现货棉麻纯色抽绳束口亚麻布袋香囊袋 文玩佛珠礼品袋防尘首饰袋,Paper Gift Bag,"Paper Gift Bag. Confirm the selected model, size and included items before ordering.",CNY,0.31,0.05,https://detail.1688.com/offer/1040935659451.html,included,
1040866590763,packaging,packaging,牛皮纸袋手提袋可定制图案logo外卖奶茶打包袋批货中秋节礼品纸袋,Kraft Packing Paper,"Kraft Packing Paper. Confirm the selected model, size and included items before ordering.",CNY,0.18,0.03,https://detail.1688.com/offer/1040866590763.html,included,
1040753029997,packaging,packaging,福臣新款超纤珠宝袋饰品袋按扣包袋小布袋项链耳钉防尘袋,Jewellery Pouch,"Jewellery Pouch. Confirm the selected model, size and included items before ordering.",CNY,5,0.73,https://detail.1688.com/offer/1040753029997.html,included,
1040475818982,packaging,packaging,杜邦纸袋定制复古风文创图案可水洗防撕扯环保购物帆布袋加印Logo,Paper Gift Bag,"Paper Gift Bag. Confirm the selected model, size and included items before ordering.",CNY,3,0.44,https://detail.1688.com/offer/1040475818982.html,included,
1040459823170,packaging,packaging,儿童纸板圆形收纳盒拼豆宝戒指项链首饰礼品盒批发七夕礼盒,Packaging Box,"Packaging Box. Confirm the selected model, size and included items before ordering.",CNY,3.5,0.51,https://detail.1688.com/offer/1040459823170.html,included,
1040088575145,packaging,packaging,书型磁吸翻盖一片式折叠礼盒包装定制跨境外贸高档服饰服装折叠盒,Foldable Gift Packaging Box,"Foldable Gift Packaging Box. Listed features: foldable. Confirm the selected model, size and included items before ordering.",CNY,1.88,0.28,https://detail.1688.com/offer/1040088575145.html,included,
1040024518715,packaging,packaging,2.5cm涤纶金丝边丝带缎带鲜花包装花束diy材料礼盒花艺轻奢织边丝,Flower Wrapping,"Flower Wrapping. Confirm the selected model, size and included items before ordering.",CNY,3.35,0.49,https://detail.1688.com/offer/1040024518715.html,included,
1039836935957,packaging,packaging,手提袋定制图案珠宝首饰袋服装购物袋眼镜店纸袋生日伴手礼袋定做,Paper Gift Bag,"Paper Gift Bag. Confirm the selected model, size and included items before ordering.",CNY,0.5,0.07,https://detail.1688.com/offer/1039836935957.html,included,
1039765435871,packaging,packaging,彩色飞机盒ins高颜值白色飞机盒批发双面白飞机盒彩色快递打包盒,Cardboard Mailer Box,"Cardboard Mailer Box. Confirm the selected model, size and included items before ordering.",CNY,0.29,0.04,https://detail.1688.com/offer/1039765435871.html,included,
1039522196085,packaging,packaging,纸袋定制印logo小批量服装店白卡纸牛皮纸袋宣传礼品手提袋批发,Kraft Packing Paper,"Kraft Packing Paper. Confirm the selected model, size and included items before ordering.",CNY,0.79,0.12,https://detail.1688.com/offer/1039522196085.html,included,
1039510055580,packaging,packaging,定制礼盒天地盖包装盒天地盖礼盒翻盖包装盒翻盖礼盒,Packaging Box,"Packaging Box. Confirm the selected model, size and included items before ordering.",CNY,0.1,0.01,https://detail.1688.com/offer/1039510055580.html,included,
1039490376698,packaging,packaging,杭州彩色包装盒定 制印刷飞机盒瓦楞彩盒印刷电商牛皮纸三层瓦楞,Cardboard Mailer Box,"Cardboard Mailer Box. Confirm the selected model, size and included items before ordering.",CNY,0.02,,https://detail.1688.com/offer/1039490376698.html,held,invalid-price
1039482467340,packaging,packaging,定制PVC透明包装盒彩盒印刷盒pet胶盒挂钩款PP半透明磨砂盒食品盒,Packaging Box,"Packaging Box. Confirm the selected model, size and included items before ordering.",CNY,0.31,0.05,https://detail.1688.com/offer/1039482467340.html,included,
1039372625860,packaging,packaging,pvc盒子高档塑料包装展示盒定制伴手礼化妆品外包装透明磨砂礼盒,Plastic Gift Packaging Box,"Plastic Gift Packaging Box. Listed features: plastic. Confirm the selected model, size and included items before ordering.",CNY,0.63,0.09,https://detail.1688.com/offer/1039372625860.html,included,
1039166875407,packaging,packaging,手机壳包装定制彩盒定做化妆品纸盒纸卡纸托定制飞机盒轻定制,Cardboard Mailer Box,"Cardboard Mailer Box. Confirm the selected model, size and included items before ordering.",CNY,2.8,0.41,https://detail.1688.com/offer/1039166875407.html,included,
1039142751350,packaging,packaging,三层特硬飞机盒电商服装化妆品快递打包盒厂家现货直销,Cardboard Mailer Box,"Cardboard Mailer Box. Confirm the selected model, size and included items before ordering.",CNY,0.24,0.04,https://detail.1688.com/offer/1039142751350.html,included,
1038986713526,packaging,packaging,牛皮袋子定制 logo 环保纸质袋加厚外卖餐饮打包袋一只起订小批量,Paper Packaging Bag,"Paper Packaging Bag. Confirm the selected model, size and included items before ordering.",CNY,0.13,0.02,https://detail.1688.com/offer/1038986713526.html,included,
1038940496162,packaging,packaging,定制节日牛皮纸手提袋礼品购物包装纸袋烘焙奶茶外卖打包袋子logo,Kraft Packing Paper,"Kraft Packing Paper. Confirm the selected model, size and included items before ordering.",CNY,0.18,0.03,https://detail.1688.com/offer/1038940496162.html,included,
1038823980884,packaging,packaging,圣诞礼盒天地盖金色蝴蝶结生日礼物包装盒伴手礼空盒子圣诞礼盒,Gift Packaging Box,"Gift Packaging Box. Confirm the selected model, size and included items before ordering.",CNY,2,0.29,https://detail.1688.com/offer/1038823980884.html,included,
1038756505821,packaging,packaging,跨境红酒纸袋双支现货批发葡萄手提袋礼品手拎礼物加印LOGO纸质,Paper Gift Bag,"Paper Gift Bag. Confirm the selected model, size and included items before ordering.",CNY,1.2,0.18,https://detail.1688.com/offer/1038756505821.html,included,
1038642016418,packaging,packaging,白牛皮纸袋定制logo黄牛皮服装购物袋节日奶茶外卖礼品手提袋现货,Kraft Packing Paper,"Kraft Packing Paper. Confirm the selected model, size and included items before ordering.",CNY,0.2,0.03,https://detail.1688.com/offer/1038642016418.html,included,
1038470940951,packaging,packaging,扣底盒定制护肤品包装盒洁面乳防晒霜彩盒印刷定做医药用品盒子,Packaging Box,"Packaging Box. Confirm the selected model, size and included items before ordering.",CNY,0.48,0.07,https://detail.1688.com/offer/1038470940951.html,included,
1037146806212,packaging,packaging,定制牛皮纸袋一次性外卖纸袋奶茶店饮品打包手提袋批发可加印LOGO,Kraft Packing Paper,"Kraft Packing Paper. Confirm the selected model, size and included items before ordering.",CNY,0.22,0.03,https://detail.1688.com/offer/1037146806212.html,included,
1036699956754,packaging,packaging,保健品包装盒定制食品彩盒定制果蔬包装盒打包盒银卡纸撕拉盒盲盒,Packaging Box,"Packaging Box. Confirm the selected model, size and included items before ordering.",CNY,0.45,0.07,https://detail.1688.com/offer/1036699956754.html,included,
1036446744571,packaging,packaging,彩盒定制化妆品包装盒定做白卡纸盒印刷瓦楞盒包装厂家彩印logo,Packaging Box,"Packaging Box. Confirm the selected model, size and included items before ordering.",CNY,0.25,0.04,https://detail.1688.com/offer/1036446744571.html,included,
1036433839751,packaging,packaging,定制牛皮纸袋节日奶茶外卖服装打包袋礼物伴手礼品手提袋订制logo,Kraft Packing Paper,"Kraft Packing Paper. Confirm the selected model, size and included items before ordering.",CNY,0.18,0.03,https://detail.1688.com/offer/1036433839751.html,included,
1036329846522,packaging,packaging,【定制】牛皮纸袋订制服装手提购物袋圣诞节生日奶茶外卖打包袋下,Kraft Packing Paper,"Kraft Packing Paper. Confirm the selected model, size and included items before ordering.",CNY,0.18,0.03,https://detail.1688.com/offer/1036329846522.html,included,
1036194017729,packaging,packaging,现货飞机盒宽12.5cm特硬瓦楞牛皮纸盒文具饰品打包纸盒厂家直销价,Cardboard Mailer Box,"Cardboard Mailer Box. Confirm the selected model, size and included items before ordering.",CNY,0.44,0.06,https://detail.1688.com/offer/1036194017729.html,included,
1036113955802,packaging,packaging,黄牛皮纸袋定制服装鞋品购物手提袋加厚外卖礼品打包袋子定做logo,Kraft Packing Paper,"Kraft Packing Paper. Confirm the selected model, size and included items before ordering.",CNY,0.18,0.03,https://detail.1688.com/offer/1036113955802.html,included,
1035604682366,packaging,packaging,宠物用品包装盒定制白卡翻盖折盒高档小纸盒厂家免费设计印刷彩盒,Clear Folding Packaging Box,"Clear Folding Packaging Box. Confirm the selected model, size and included items before ordering.",CNY,0.5,0.07,https://detail.1688.com/offer/1035604682366.html,included,
1035555251608,packaging,packaging,黄金脆皮烤肠纸袋淀粉肠专用防油牛皮纸打包袋袋子烤面筋香肠双根,Kraft Packing Paper,"Kraft Packing Paper. Confirm the selected model, size and included items before ordering.",CNY,3.7,0.54,https://detail.1688.com/offer/1035555251608.html,included,
1035201899547,packaging,packaging,便携式迷你四格随身药盒收纳盒便携一周小药盒首饰分装盒分药盒子,Portable Storage Box,"Portable Storage Box. Listed features: portable. Confirm the selected model, size and included items before ordering.",CNY,0.24,0.04,https://detail.1688.com/offer/1035201899547.html,included,
1035107588526,packaging,packaging,定制加厚牛皮纸袋奶茶烘焙外卖打包袋礼物生日礼品手提袋现货批发,Kraft Packing Paper,"Kraft Packing Paper. Confirm the selected model, size and included items before ordering.",CNY,0.18,0.03,https://detail.1688.com/offer/1035107588526.html,included,
1035106328877,packaging,packaging,牛皮纸手提袋定制logo加厚彩色外卖打包袋服装生日礼物礼品袋定做,Kraft Packing Paper,"Kraft Packing Paper. Confirm the selected model, size and included items before ordering.",CNY,0.18,0.03,https://detail.1688.com/offer/1035106328877.html,included,
1035101216484,packaging,packaging,定制手提加厚牛皮纸袋子生日伴手礼品购物袋奶茶外卖打包袋子批发,Kraft Packing Paper,"Kraft Packing Paper. Confirm the selected model, size and included items before ordering.",CNY,0.18,0.03,https://detail.1688.com/offer/1035101216484.html,included,
1034789281450,packaging,packaging,定制服装手提袋加厚生日礼物礼品牛皮纸袋子伴手礼打包袋现货批发,Kraft Packing Paper,"Kraft Packing Paper. Confirm the selected model, size and included items before ordering.",CNY,0.18,0.03,https://detail.1688.com/offer/1034789281450.html,included,
1034718457057,packaging,packaging,牛皮纸袋手提袋定制logo奶茶咖啡烘焙外卖餐饮袋生日圣诞礼品纸袋,Kraft Packing Paper,"Kraft Packing Paper. Confirm the selected model, size and included items before ordering.",CNY,0.18,0.03,https://detail.1688.com/offer/1034718457057.html,included,
1034675433256,packaging,packaging,厂家现货服装店无腰线手提袋牛皮纸袋广告宣传购物礼品袋可印logo,Kraft Packing Paper,"Kraft Packing Paper. Confirm the selected model, size and included items before ordering.",CNY,1.26,0.18,https://detail.1688.com/offer/1034675433256.html,included,
1034511722813,packaging,packaging,BO堡家项链首饰包装盒戒指手镯饰品礼盒堡狮龙宝诗家吊坠包装盒,Packaging Box,"Packaging Box. Confirm the selected model, size and included items before ordering.",CNY,8,1.17,https://detail.1688.com/offer/1034511722813.html,included,
1034046943609,packaging,packaging,牛皮纸袋定制跨境服装奶茶咖啡手提袋定做礼品生日袋外卖打包袋,Kraft Packing Paper,"Kraft Packing Paper. Confirm the selected model, size and included items before ordering.",CNY,0.2,0.03,https://detail.1688.com/offer/1034046943609.html,included,
1033894546667,packaging,packaging,【定制】圣诞节牛皮纸袋送礼物礼品手提袋生日奶茶外卖打包袋子下,Kraft Packing Paper,"Kraft Packing Paper. Confirm the selected model, size and included items before ordering.",CNY,0.18,0.03,https://detail.1688.com/offer/1033894546667.html,included,
1033880201027,packaging,packaging,首饰盒六格透明塑料耳环耳钉装盒双排装饰品美甲药品多功能收纳盒,Plastic Gift Packaging Box,"Plastic Gift Packaging Box. Listed features: plastic. Confirm the selected model, size and included items before ordering.",CNY,0.55,0.08,https://detail.1688.com/offer/1033880201027.html,included,
1033858478025,packaging,packaging,牛皮纸袋定制可印LOGO手提袋餐饮咖啡烘焙外卖打包袋礼品包装批货,Kraft Packing Paper,"Kraft Packing Paper. Confirm the selected model, size and included items before ordering.",CNY,0.22,0.03,https://detail.1688.com/offer/1033858478025.html,included,
1033727080729,packaging,packaging,通用黑色礼品盒手机壳包装盒 中性天地盖产品盒黑色现货包装直销,Packaging Box,"Packaging Box. Confirm the selected model, size and included items before ordering.",CNY,2,0.29,https://detail.1688.com/offer/1033727080729.html,included,
1033587043411,packaging,packaging,白色飞机盒子现货批发厂家直销纸箱瓦楞特硬空白快递打包盒包装新,Cardboard Mailer Box,"Cardboard Mailer Box. Confirm the selected model, size and included items before ordering.",CNY,0.2,0.03,https://detail.1688.com/offer/1033587043411.html,included,
1033385593238,packaging,packaging,撕拉盒正方形双面印刷覆膜烫镭射银戒指耳钉吊坠钻石打包拉链纸盒,Packaging Box,"Packaging Box. Confirm the selected model, size and included items before ordering.",CNY,1.6,0.23,https://detail.1688.com/offer/1033385593238.html,included,
1033003010172,packaging,packaging,包装彩盒印刷银卡纸白卡纸盒天地盖礼盒瓦楞飞机盒小批量定纸箱,Cardboard Mailer Box,"Cardboard Mailer Box. Confirm the selected model, size and included items before ordering.",CNY,0.03,,https://detail.1688.com/offer/1033003010172.html,held,invalid-price
1032241151612,packaging,packaging,跨境批发手提纸袋服装店礼品店加厚白卡纸袋现货logo无腰线手提袋,Paper Gift Bag,"Paper Gift Bag. Confirm the selected model, size and included items before ordering.",CNY,1.3,0.19,https://detail.1688.com/offer/1032241151612.html,included,
1032035604536,packaging,packaging,厂家直销pvc塑料盒车贴透明吸塑内托pet透明盒子塑料吸塑托盘,Plastic Protective Packaging Insert,"Plastic Protective Packaging Insert. Listed features: plastic. Confirm the selected model, size and included items before ordering.",CNY,0.15,0.02,https://detail.1688.com/offer/1032035604536.html,included,
1032018114330,packaging,packaging,定制手提牛皮纸袋logo加厚生日伴手礼品袋甜品奶茶烘焙外卖打包袋,Kraft Packing Paper,"Kraft Packing Paper. Confirm the selected model, size and included items before ordering.",CNY,0.2,0.03,https://detail.1688.com/offer/1032018114330.html,included,
1031834255631,packaging,packaging,手提牛皮纸袋定制logo加厚彩色外卖打包袋生日伴手礼品袋现货批发,Kraft Packing Paper,"Kraft Packing Paper. Confirm the selected model, size and included items before ordering.",CNY,0.18,0.03,https://detail.1688.com/offer/1031834255631.html,included,
1031817283367,packaging,packaging,【定制】加厚牛皮纸袋订制logo节日手提伴手圣诞节礼物礼品袋子下,Kraft Packing Paper,"Kraft Packing Paper. Confirm the selected model, size and included items before ordering.",CNY,0.18,0.03,https://detail.1688.com/offer/1031817283367.html,included,
1031703641712,packaging,packaging,牛皮纸手提袋定制印刷logo奶茶咖啡烘焙食品外卖节日礼品纸袋批货,Kraft Packing Paper,"Kraft Packing Paper. Confirm the selected model, size and included items before ordering.",CNY,0.22,0.03,https://detail.1688.com/offer/1031703641712.html,included,
1031695460489,packaging,packaging,产品包装盒定制高档纸盒小批量彩印白卡盒化妆品药品胶印折叠彩盒,Foldable Packaging Box,"Foldable Packaging Box. Listed features: foldable. Confirm the selected model, size and included items before ordering.",CNY,1,0.15,https://detail.1688.com/offer/1031695460489.html,included,
1031644096943,packaging,packaging,哇噢中山拉链盒定做化妆品印刷撕拉盒瓦楞纸盒子快递打包盒订做,Packaging Box,"Packaging Box. Confirm the selected model, size and included items before ordering.",CNY,0.1,0.01,https://detail.1688.com/offer/1031644096943.html,included,
1031518264178,packaging,packaging,瓦楞盒定制水果年货手提包装盒订制飞机盒订做纸盒彩盒礼品盒定做,Cardboard Mailer Box,"Cardboard Mailer Box. Confirm the selected model, size and included items before ordering.",CNY,0.2,0.03,https://detail.1688.com/offer/1031518264178.html,included,
1031491710031,packaging,packaging,跨境PU皮首饰收纳袋时尚ins多层拉链包旅行便捷式饰品收纳包批发,Storage Bag,"Storage Bag. Confirm the selected model, size and included items before ordering.",CNY,13.9,2.03,https://detail.1688.com/offer/1031491710031.html,included,
1031328085275,packaging,packaging,牛皮纸手提袋定制logo服装店购物礼品袋奶茶外卖咖啡打包袋子批发,Kraft Packing Paper,"Kraft Packing Paper. Confirm the selected model, size and included items before ordering.",CNY,0.2,0.03,https://detail.1688.com/offer/1031328085275.html,included,
1031174777376,packaging,packaging,现货牛皮纸盒正方形天地盖包装盒食品茶叶礼品盒包装日用包装盒,Packaging Box,"Packaging Box. Confirm the selected model, size and included items before ordering.",CNY,0.1,0.01,https://detail.1688.com/offer/1031174777376.html,included,
1031091116195,packaging,packaging,动物系列ins风牛皮纸袋礼品袋婚庆外贸外卖打包袋礼物手提袋定制,Kraft Packing Paper,"Kraft Packing Paper. Confirm the selected model, size and included items before ordering.",CNY,0.2,0.03,https://detail.1688.com/offer/1031091116195.html,included,
1080744848738,packaging,packaging,牛皮纸手提袋定制高级感购物袋伴手礼礼品袋餐饮外卖纸袋印刷logo,Kraft Packing Paper,"Kraft Packing Paper. Confirm the selected model, size and included items before ordering.",CNY,0.18,0.03,https://detail.1688.com/offer/1080744848738.html,included,
1080108372246,packaging,packaging,翠冠梨包装盒礼品盒翠冠梨包装箱5/10斤装梨子礼盒空盒翠冠梨纸箱,Cardboard Shipping Box,"Cardboard Shipping Box. Confirm the selected model, size and included items before ordering.",CNY,20.92,3.06,https://detail.1688.com/offer/1080108372246.html,included,
1080099708856,packaging,packaging,茶叶PVC胶盒定制国风透明PET茶叶包装盒方形塑料礼盒OEM源头工厂,Plastic Packaging Box,"Plastic Packaging Box. Listed features: plastic. Confirm the selected model, size and included items before ordering.",CNY,0.2,0.03,https://detail.1688.com/offer/1080099708856.html,included,
1079469764365,packaging,packaging,空纸盒批发包装盒小批量定制食品零食彩盒飞机盒化妆品翻盖礼盒,Cardboard Mailer Box,"Cardboard Mailer Box. Confirm the selected model, size and included items before ordering.",CNY,0.1,0.01,https://detail.1688.com/offer/1079469764365.html,included,
1079450676092,packaging,packaging,杜邦纸袋定制复古防水通勤包定做礼品购物按扣袋企业广告logo印制,Paper Gift Bag,"Paper Gift Bag. Confirm the selected model, size and included items before ordering.",CNY,8,1.17,https://detail.1688.com/offer/1079450676092.html,included,
1079229656551,packaging,packaging,牛皮纸袋定制可印logo外卖餐饮打包纸袋手提袋咖啡烘焙现货批发,Kraft Packing Paper,"Kraft Packing Paper. Confirm the selected model, size and included items before ordering.",CNY,0.18,0.03,https://detail.1688.com/offer/1079229656551.html,included,
1078827500338,packaging,packaging,跨境爆款品包装盒定制工厂飞机盒特硬包装盒空盒子彩盒礼盒包装盒,Cardboard Mailer Box,"Cardboard Mailer Box. Confirm the selected model, size and included items before ordering.",CNY,0.05,0.01,https://detail.1688.com/offer/1078827500338.html,included,
1078798169363,packaging,packaging,加厚牛皮纸袋定制可印logo高级感礼品手提袋烘焙外卖打包袋批发,Kraft Packing Paper,"Kraft Packing Paper. Confirm the selected model, size and included items before ordering.",CNY,0.18,0.03,https://detail.1688.com/offer/1078798169363.html,included,
1078791969759,packaging,packaging,海底捞火锅同款迷你手提袋定制logo生日礼物伴手礼品牛皮纸袋批发,Kraft Packing Paper,"Kraft Packing Paper. Confirm the selected model, size and included items before ordering.",CNY,0.2,0.03,https://detail.1688.com/offer/1078791969759.html,included,
1078737949739,packaging,packaging,厂家彩盒定制白卡包装纸盒印刷彩盒定制化妆品医药品食品包装定做,Packaging Box,"Packaging Box. Confirm the selected model, size and included items before ordering.",CNY,1,0.15,https://detail.1688.com/offer/1078737949739.html,included,
1078721342664,packaging,packaging,拉链盒定制牛皮纸瓦楞加硬包装盒快递发货纸箱彩盒印刷特硬飞机盒,Cardboard Mailer Box,"Cardboard Mailer Box. Confirm the selected model, size and included items before ordering.",CNY,0.79,0.12,https://detail.1688.com/offer/1078721342664.html,included,
1078540973802,packaging,packaging,牛皮纸袋定制手提袋外贸可爱礼品袋烘焙奶茶咖啡外卖打包袋批发,Kraft Packing Paper,"Kraft Packing Paper. Confirm the selected model, size and included items before ordering.",CNY,0.18,0.03,https://detail.1688.com/offer/1078540973802.html,included,
1078477208204,packaging,packaging,包装盒定制礼盒高端书本盒伴手礼空盒子印刷订制天地盖礼品盒定做,Gift Packaging Box,"Gift Packaging Box. Confirm the selected model, size and included items before ordering.",CNY,0.69,0.1,https://detail.1688.com/offer/1078477208204.html,included,
1078467344340,packaging,packaging,礼品袋,Paper Gift Bag,"Paper Gift Bag. Confirm the selected model, size and included items before ordering.",CNY,0.2,0.03,https://detail.1688.com/offer/1078467344340.html,included,
1078441277532,packaging,packaging,单肩杜邦纸袋定制手提牛皮纸包服装购物袋收纳袋学生通勤包斜挎包,Kraft Packing Paper,"Kraft Packing Paper. Confirm the selected model, size and included items before ordering.",CNY,8,1.17,https://detail.1688.com/offer/1078441277532.html,included,
1078231550978,packaging,packaging,包装盒礼盒定制彩盒飞机盒瓦楞盒抽屉盒化妆品日用食品包装盒定制,Gift Packaging Box,"Gift Packaging Box. Confirm the selected model, size and included items before ordering.",CNY,1,0.15,https://detail.1688.com/offer/1078231550978.html,included,
1078175838886,packaging,packaging,龙虎山红包棂福包装纸袋,Kraft Packing Paper,"Kraft Packing Paper. Confirm the selected model, size and included items before ordering.",CNY,1,0.15,https://detail.1688.com/offer/1078175838886.html,included,
1078080172249,packaging,packaging,厂家定制包装盒多项工艺logo支持小批量定做白卡纸盒彩盒瓦楞纸盒,Packaging Box,"Packaging Box. Confirm the selected model, size and included items before ordering.",CNY,0.12,0.02,https://detail.1688.com/offer/1078080172249.html,included,
1078080156587,packaging,packaging,牛皮纸袋定制加logo手提袋节日礼物礼品袋外卖奶茶烘培食品打包袋,Kraft Packing Paper,"Kraft Packing Paper. Confirm the selected model, size and included items before ordering.",CNY,0.18,0.03,https://detail.1688.com/offer/1078080156587.html,included,
1078058402584,packaging,packaging,跨境万圣节圣诞节服装道具包装盒定制双插盒白卡纸盒扣底盒彩盒,Packaging Box,"Packaging Box. Confirm the selected model, size and included items before ordering.",CNY,0.1,0.01,https://detail.1688.com/offer/1078058402584.html,included,
1078818777201,packaging,packaging,迷你海底捞同款火锅牛皮纸袋定制加厚彩印零食饰品礼物礼品手提袋,Kraft Packing Paper,"Kraft Packing Paper. Confirm the selected model, size and included items before ordering.",CNY,0.2,0.03,https://detail.1688.com/offer/1078818777201.html,included,
1077126298506,packaging,packaging,跨境磁吸翻盖盒伴手礼礼盒婚礼企业商务伴手礼书型盒空盒批发,Gift Packaging Box,"Gift Packaging Box. Confirm the selected model, size and included items before ordering.",CNY,3.2,0.47,https://detail.1688.com/offer/1077126298506.html,included,
1075309846951,packaging,packaging,杜邦纸袋定制logo可水洗牛皮纸袋企业培训班宣传商务伴手礼手提袋,Kraft Packing Paper,"Kraft Packing Paper. Confirm the selected model, size and included items before ordering.",CNY,3,0.44,https://detail.1688.com/offer/1075309846951.html,included,
1074532031588,packaging,packaging,定制化妆品食品包装盒礼品纸盒杯子高档包装盒飞机盒彩盒礼盒定做,Cardboard Mailer Box,"Cardboard Mailer Box. Confirm the selected model, size and included items before ordering.",CNY,0.2,0.03,https://detail.1688.com/offer/1074532031588.html,included,
1073230799276,packaging,packaging,牛皮纸袋定制印LOGO餐饮咖啡甜品外卖打包手提袋礼品包装现货批发,Kraft Packing Paper,"Kraft Packing Paper. Confirm the selected model, size and included items before ordering.",CNY,0.18,0.03,https://detail.1688.com/offer/1073230799276.html,included,
1072442491097,packaging,packaging,牛皮纸袋定制可印logo中秋节礼品袋月饼蛋黄酥食品手提袋包装批货,Kraft Packing Paper,"Kraft Packing Paper. Confirm the selected model, size and included items before ordering.",CNY,0.18,0.03,https://detail.1688.com/offer/1072442491097.html,included,
1070655027606,packaging,packaging,便携大容量手提无纺布可水洗牛皮纸环保购物袋大号折叠袋子礼品袋,Foldable Portable Kraft Packing Paper,"Foldable Portable Kraft Packing Paper. Listed features: foldable, portable. Confirm the selected model, size and included items before ordering.",CNY,8.5,1.24,https://detail.1688.com/offer/1070655027606.html,included,
1069971874158,packaging,packaging,牛皮纸袋定制可印LOGO中秋节礼品袋月饼甜品烘焙手提袋包装批货,Kraft Packing Paper,"Kraft Packing Paper. Confirm the selected model, size and included items before ordering.",CNY,0.18,0.03,https://detail.1688.com/offer/1069971874158.html,included,
1063864015679,packaging,packaging,礼盒定制厂家直销 当天下单次日发货 天地盖/翻盖盒 支持来样加工,Gift Packaging Box,"Gift Packaging Box. Confirm the selected model, size and included items before ordering.",CNY,0.98,0.14,https://detail.1688.com/offer/1063864015679.html,included,
1058962997279,packaging,packaging,牛皮纸袋手提袋圣诞节端午礼品袋咖啡饮品外卖打包袋工厂源头批发,Kraft Packing Paper,"Kraft Packing Paper. Confirm the selected model, size and included items before ordering.",CNY,0.19,0.03,https://detail.1688.com/offer/1058962997279.html,included,
1056986868578,packaging,packaging,牛皮纸袋定制可印刷logo中秋节手提袋活动伴手礼品外卖打包袋批货,Kraft Packing Paper,"Kraft Packing Paper. Confirm the selected model, size and included items before ordering.",CNY,0.18,0.03,https://detail.1688.com/offer/1056986868578.html,included,
1043204252486,packaging,packaging,牛皮纸袋批发礼品纸袋定制烘焙店中外卖大外卖大尺寸外卖手提纸袋,Kraft Packing Paper,"Kraft Packing Paper. Confirm the selected model, size and included items before ordering.",CNY,0.18,0.03,https://detail.1688.com/offer/1043204252486.html,included,
905440527791,office-education,office,16K牛皮作业本车线本a5学生错题本作文400格横线练习本语文英语本,Exercise Book,"Exercise Book. Confirm the selected model, size and included items before ordering.",CNY,0.87,0.13,https://detail.1688.com/offer/905440527791.html,included,
922871845297,office-education,office,分区草稿本16K牛皮纸作业登记本 初中小学科目32k记事本,Notebook,"Notebook. Confirm the selected model, size and included items before ordering.",CNY,0.96,0.14,https://detail.1688.com/offer/922871845297.html,included,
890748424647,office-education,office,卡皮巴拉十色笔卡通按动10色圆珠笔学生文具多色手账笔涂鸦笔油笔,Novelty Pen,"Novelty Pen. Confirm the selected model, size and included items before ordering.",CNY,0.96,0.14,https://detail.1688.com/offer/890748424647.html,included,
645374523107,office-education,office,批发a5b5商务笔记本定制加厚会议本子高颜值学习用品a6笔记本本子,Notebook,"Notebook. Confirm the selected model, size and included items before ordering.",CNY,2.43,0.36,https://detail.1688.com/offer/645374523107.html,included,
622425661761,office-education,office,A6车线本跨境同款专供可印LOGO笔记本记事本学生口袋本软抄本,Notebook,"Notebook. Confirm the selected model, size and included items before ordering.",CNY,0.9,0.13,https://detail.1688.com/offer/622425661761.html,included,
671156791288,office-education,office,A7侧翻线圈本学生小本子口袋迷你笔记本日记本便携办公记事本批发,Portable Notebook,"Portable Notebook. Listed features: portable. Confirm the selected model, size and included items before ordering.",CNY,0.6,0.09,https://detail.1688.com/offer/671156791288.html,included,
1061047771192,office-education,office,加LOGO马尼拉纸质文件夹分类办公室彩色插页夹资料档案夹A4,Document Folder,"Document Folder. Confirm the selected model, size and included items before ordering.",CNY,17.9,2.62,https://detail.1688.com/offer/1061047771192.html,included,
728172372590,office-education,office,a5软皮PU笔记本定制Logo简约广告礼品商务b5记事皮面软抄本定做A6,Notebook,"Notebook. Confirm the selected model, size and included items before ordering.",CNY,2.7,0.4,https://detail.1688.com/offer/728172372590.html,included,
1035734290492,office-education,office,加厚a4文件夹磨砂黑色写字垫板办公室医院登记书写板PP会议资料夹,Writing Clipboard,"Writing Clipboard. Confirm the selected model, size and included items before ordering.",CNY,3.48,0.51,https://detail.1688.com/offer/1035734290492.html,included,
1086360381487,office-education,office,新款彩色马尼拉纸质文件夹办公室资料档案分类索引letter sizeA4,Document Folder,"Document Folder. Confirm the selected model, size and included items before ordering.",CNY,0.4,0.06,https://detail.1688.com/offer/1086360381487.html,included,
726065341972,office-education,office,A5商务皮面会议笔记本定制Logo厚本子经典pu记事本广告礼品定做,Notebook,"Notebook. Confirm the selected model, size and included items before ordering.",CNY,4.5,0.66,https://detail.1688.com/offer/726065341972.html,included,
912874231719,office-education,office,羊巴皮笔记本定制a5加厚商务会议记事本批发学习工作记录本子批发,Notebook,"Notebook. Confirm the selected model, size and included items before ordering.",CNY,3.95,0.58,https://detail.1688.com/offer/912874231719.html,included,
845564923954,office-education,office,A5A6活页外壳闪粉活页本透明卡册拉链包手账本印logo卡片工厂现货,Notebook,"Notebook. Confirm the selected model, size and included items before ordering.",CNY,1.8,0.26,https://detail.1688.com/offer/845564923954.html,included,
790353752571,office-education,office,国潮笔记本子礼盒套装故宫文创中国风商务办公会议记录本可印logo,Notebook,"Notebook. Confirm the selected model, size and included items before ordering.",CNY,8,1.17,https://detail.1688.com/offer/790353752571.html,included,
44278863150,office-education,office,黑皮笔记本定制时尚会议记录本批发党员学习笔记厂家商务笔记本,Notebook,"Notebook. Confirm the selected model, size and included items before ordering.",CNY,1.43,0.21,https://detail.1688.com/offer/44278863150.html,included,
732917812223,office-education,office,黑皮记事本时尚会议记录本批发党员学习笔记厂家商务笔记本定制,Notebook,"Notebook. Confirm the selected model, size and included items before ordering.",CNY,1.43,0.21,https://detail.1688.com/offer/732917812223.html,included,
550662699438,office-education,office,多色涂鸦水笔100色彩色套装中性笔办公文具水笔100色粉彩套装彩笔,Gel Pen,"Gel Pen. Confirm the selected model, size and included items before ordering.",CNY,35,5.12,https://detail.1688.com/offer/550662699438.html,included,
630041126341,office-education,office,小学生a5车线牛面作业本读书笔记英语语文数学练习32K作业本批发,Exercise Book,"Exercise Book. Confirm the selected model, size and included items before ordering.",CNY,0.8,0.12,https://detail.1688.com/offer/630041126341.html,included,
842798750261,office-education,office,透明软皮质拼接PVC活页本A5B5可拆卸活页夹pu外壳笔记本手账本子,Notebook,"Notebook. Confirm the selected model, size and included items before ordering.",CNY,3,0.44,https://detail.1688.com/offer/842798750261.html,included,
998670132560,office-education,office,a6笔记本加厚随身便携软皮笔记本ins风商务小本子定制口袋记事本,Portable Notebook,"Portable Notebook. Listed features: portable. Confirm the selected model, size and included items before ordering.",CNY,7.8,1.14,https://detail.1688.com/offer/998670132560.html,included,
1019704646251,office-education,office,羊巴皮a5笔记本定制加厚商务会议办公本可定制logo简约加厚记事本,Notebook,"Notebook. Confirm the selected model, size and included items before ordering.",CNY,20,2.93,https://detail.1688.com/offer/1019704646251.html,included,
817258228989,office-education,office,定制线圈本石头纸印Logo定制口袋本亚马逊跨境全天候防水笔记本,Notebook,"Notebook. Confirm the selected model, size and included items before ordering.",CNY,1.99,0.29,https://detail.1688.com/offer/817258228989.html,included,
807476602861,office-education,office,商务办公文具礼品中性笔定制可印LOGO定做亚克力乳胶贴签字笔批发,Gel Pen,"Gel Pen. Confirm the selected model, size and included items before ordering.",CNY,0.49,0.07,https://detail.1688.com/offer/807476602861.html,included,
530217301391,office-education,office,厂家批发粉笔易擦白板擦塑料绒布大办公文教黑板擦低价现货,Plastic Board Eraser,"Plastic Board Eraser. Listed features: plastic. Confirm the selected model, size and included items before ordering.",CNY,0.49,0.07,https://detail.1688.com/offer/530217301391.html,included,
943713114227,office-education,office,无线胶装笔记本A5B5本子办公软面抄记事本logo封面定制笔记本定制,Notebook,"Notebook. Confirm the selected model, size and included items before ordering.",CNY,2,0.29,https://detail.1688.com/offer/943713114227.html,included,
692145333555,office-education,office,a4文件夹子批发资料册强力夹pp塑料办公用品文具收纳档案夹板学生,Plastic Document Folder,"Plastic Document Folder. Listed features: plastic. Confirm the selected model, size and included items before ordering.",CNY,1.79,0.26,https://detail.1688.com/offer/692145333555.html,included,
595300233209,office-education,office,金属笔商务礼品笔刻字打标好用的中性笔黑色水笔办公文具激光LOGO,Gel Pen,"Gel Pen. Confirm the selected model, size and included items before ordering.",CNY,4.82,0.71,https://detail.1688.com/offer/595300233209.html,included,
651303260620,office-education,office,定制复古牛皮纸页面古风笔记本创意定做手工线装软面手账本logo,Notebook,"Notebook. Confirm the selected model, size and included items before ordering.",CNY,2.5,0.37,https://detail.1688.com/offer/651303260620.html,included,
1066086419047,office-education,office,商务羊巴皮笔记本礼盒套装定制logo记事本办公文具会议本子,Notebook,"Notebook. Confirm the selected model, size and included items before ordering.",CNY,5.1,0.75,https://detail.1688.com/offer/1066086419047.html,included,
671223753004,office-education,office,工厂定制麻布日记本小清新记事本新款搭扣笔记本绑带记录本加LOGO,Notebook,"Notebook. Confirm the selected model, size and included items before ordering.",CNY,9,1.32,https://detail.1688.com/offer/671223753004.html,included,
884316713751,office-education,office,A5商务笔记本礼盒套装定制高档办公记事本子企业年会礼品定制logo,Notebook,"Notebook. Confirm the selected model, size and included items before ordering.",CNY,5.6,0.82,https://detail.1688.com/offer/884316713751.html,included,
1045560044524,office-education,office,笔记本定制商务跨境硬皮简约绑带日记亚马逊办公文具批发记事本子,Notebook,"Notebook. Confirm the selected model, size and included items before ordering.",CNY,3.5,0.51,https://detail.1688.com/offer/1045560044524.html,included,
894084049713,office-education,office,荔枝纹笔记本定制商务办公a5记事本可定logo学生笔记本子定做批发,Notebook,"Notebook. Confirm the selected model, size and included items before ordering.",CNY,3.95,0.58,https://detail.1688.com/offer/894084049713.html,included,
974773982700,office-education,office,咖啡渣软木纹笔记本a5办公定制拼接商务记事本便携式手账本子环保,Portable Notebook,"Portable Notebook. Listed features: portable. Confirm the selected model, size and included items before ordering.",CNY,10.3,1.51,https://detail.1688.com/offer/974773982700.html,included,
1050502657409,office-education,office,A5搭扣皮面记事本三折笔插办公笔记本企业会议记录本便携定制logo,Portable Notebook,"Portable Notebook. Listed features: portable. Confirm the selected model, size and included items before ordering.",CNY,8.7,1.27,https://detail.1688.com/offer/1050502657409.html,included,
1008654932914,office-education,office,A4可立式板写字板夹多功能档案文件夹学生试卷收纳夹办公资料册,Document Folder,"Document Folder. Confirm the selected model, size and included items before ordering.",CNY,3,0.44,https://detail.1688.com/offer/1008654932914.html,included,
821316369069,office-education,office,商务办公文具按动签字笔定制可印LOGO高颜值黑广告公司圆珠中性笔,Gel Pen,"Gel Pen. Confirm the selected model, size and included items before ordering.",CNY,0.89,0.13,https://detail.1688.com/offer/821316369069.html,included,
936392702412,office-education,office,笔记本定制小清新荔枝纹可印logo学习文具加厚记事本子商务办公,Notebook,"Notebook. Confirm the selected model, size and included items before ordering.",CNY,14.8,2.17,https://detail.1688.com/offer/936392702412.html,included,
982659319547,office-education,office,A5新款再生环保咖啡渣软木绑带笔记本定制创意高档礼盒记事本套装,Notebook,"Notebook. Confirm the selected model, size and included items before ordering.",CNY,4,0.59,https://detail.1688.com/offer/982659319547.html,included,
1054344725039,office-education,office,2027波纹撞色记笔记本A5加厚内页企业办公送礼记事本批发可印logo,Notebook,"Notebook. Confirm the selected model, size and included items before ordering.",CNY,4.9,0.72,https://detail.1688.com/offer/1054344725039.html,included,
965717646483,office-education,office,商务a5笔记本礼盒套装定制logo斜纹记事本保温杯礼盒学校公司礼品,Notebook,"Notebook. Confirm the selected model, size and included items before ordering.",CNY,5.2,0.76,https://detail.1688.com/offer/965717646483.html,included,
979973141715,office-education,office,跨境创意笔记本3D彩绘油画玫瑰花卉记事本高颜值加厚学生日记本子,Notebook,"Notebook. Confirm the selected model, size and included items before ordering.",CNY,7.8,1.14,https://detail.1688.com/offer/979973141715.html,included,
627058714511,office-education,office,新款批发商务办公活页笔记本套装a5本子创意文具记事本B5logo,Notebook,"Notebook. Confirm the selected model, size and included items before ordering.",CNY,12.5,1.83,https://detail.1688.com/offer/627058714511.html,included,
969246755456,office-education,office,可拍pu拼接a5笔记本本子商务办公记录本记事本日记本笔插批发定制,Notebook,"Notebook. Confirm the selected model, size and included items before ordering.",CNY,8.8,1.29,https://detail.1688.com/offer/969246755456.html,included,
859311513753,office-education,office,欧美外贸绑带本笔记本定制A5松紧带记事本子定做手账本礼品广告A6,Notebook,"Notebook. Confirm the selected model, size and included items before ordering.",CNY,1.35,0.2,https://detail.1688.com/offer/859311513753.html,included,
1066827939704,office-education,office,A5斜纹笔记本高档商务伴手礼可印logo办公商务记事本文具礼盒套装,Notebook,"Notebook. Confirm the selected model, size and included items before ordering.",CNY,5.2,0.76,https://detail.1688.com/offer/1066827939704.html,included,
1062460346864,office-education,office,A5咖啡渣茶叶渣笔记本定制软木拼接手账本商务办公记事本手账本,Notebook,"Notebook. Confirm the selected model, size and included items before ordering.",CNY,8.5,1.24,https://detail.1688.com/offer/1062460346864.html,included,
1050612160671,office-education,office,A5羊巴皮笔记本定制 pu皮商务办公记事本企业广告宣传日记本定做,Notebook,"Notebook. Confirm the selected model, size and included items before ordering.",CNY,3.9,0.57,https://detail.1688.com/offer/1050612160671.html,included,
625384119950,office-education,office,文件夹a4双夹资料夹加厚板夹档案夹办公用品单双强力文件夹批发,Document Folder,"Document Folder. Confirm the selected model, size and included items before ordering.",CNY,2.15,0.31,https://detail.1688.com/offer/625384119950.html,included,
904972469250,office-education,office,马尼拉文件夹信纸尺寸切割标签方便标记和整理家庭办公室学校归档,Document Folder,"Document Folder. Confirm the selected model, size and included items before ordering.",CNY,0.69,0.1,https://detail.1688.com/offer/904972469250.html,included,
977984022273,office-education,office,软皮a6笔记本定制logo插笔款高颜值办公记事本外出会议记录本批发,Notebook,"Notebook. Confirm the selected model, size and included items before ordering.",CNY,3.5,0.51,https://detail.1688.com/offer/977984022273.html,included,
912160781281,office-education,office,磁性白板笔带刷 教师办公马克笔12色记号笔可擦超划算套装水性笔,Marker Pen,"Marker Pen. Confirm the selected model, size and included items before ordering.",CNY,7,1.02,https://detail.1688.com/offer/912160781281.html,included,
1014324378793,office-education,office,羊巴皮复古软皮面a5笔记本定制企业logo商务办公多尺寸记事本定制,Notebook,"Notebook. Confirm the selected model, size and included items before ordering.",CNY,3.6,0.53,https://detail.1688.com/offer/1014324378793.html,included,
928564253804,office-education,office,跨境高地牛新款卡通签字笔黑笔圆珠笔学生书写文具用品按动中性笔,Ballpoint Pen,"Ballpoint Pen. Confirm the selected model, size and included items before ordering.",CNY,0.8,0.12,https://detail.1688.com/offer/928564253804.html,included,
657906475467,office-education,office,文件夹A4资料夹多功能板夹商务经理夹皮质收纳销售夹签约本展业夹,Document Folder,"Document Folder. Confirm the selected model, size and included items before ordering.",CNY,17.8,2.6,https://detail.1688.com/offer/657906475467.html,included,
966954415711,office-education,office,可拍A5复古牛皮商务笔记本本子批发 搭扣办公皮革本 活页夹记事本,Notebook,"Notebook. Confirm the selected model, size and included items before ordering.",CNY,24.8,3.63,https://detail.1688.com/offer/966954415711.html,included,
887216848245,office-education,office,擦拭不留痕白板笔学生教学用品易擦水性黑色白板笔教师企业书写笔,Whiteboard,"Whiteboard. Confirm the selected model, size and included items before ordering.",CNY,0.23,0.03,https://detail.1688.com/offer/887216848245.html,included,
601034650542,office-education,office,创意口袋小本子a6软抄记事本子 广告礼品商务笔记本子可印制logo,Notebook,"Notebook. Confirm the selected model, size and included items before ordering.",CNY,3.2,0.47,https://detail.1688.com/offer/601034650542.html,included,
944489038289,office-education,office,批发窗花扣复古笔记本本子定制a5企业商务会议本仿皮加厚学生本子,Notebook,"Notebook. Confirm the selected model, size and included items before ordering.",CNY,3.26,0.48,https://detail.1688.com/offer/944489038289.html,included,
693484594448,office-education,office,商务笔记本礼盒装A5会议记录本子办公用品pu皮面记事本可加印logo,Notebook,"Notebook. Confirm the selected model, size and included items before ordering.",CNY,10.5,1.54,https://detail.1688.com/offer/693484594448.html,included,
719577403602,office-education,office,创意绑带仿皮笔记本A5办公文具手账本复古活页记事本可印企业logo,Notebook,"Notebook. Confirm the selected model, size and included items before ordering.",CNY,12.8,1.87,https://detail.1688.com/offer/719577403602.html,included,
670861607953,office-education,office,多功能A4文件夹皮质商务资料夹带计算器销售合同夹笔记文件夹定制,Document Folder,"Document Folder. Confirm the selected model, size and included items before ordering.",CNY,9,1.32,https://detail.1688.com/offer/670861607953.html,included,
875044445176,office-education,office,重手感商务中性笔高档水笔可印刷LOGO质感黑色签字笔办公文具礼品,Gel Pen,"Gel Pen. Confirm the selected model, size and included items before ordering.",CNY,1.1,0.16,https://detail.1688.com/offer/875044445176.html,included,
1070243814124,office-education,office,跨境商务办公笔记本礼品套装加厚记事本a5本子送客户企业定制logo,Notebook,"Notebook. Confirm the selected model, size and included items before ordering.",CNY,6.02,0.88,https://detail.1688.com/offer/1070243814124.html,included,
1010874018011,office-education,office,软皮斜纹笔记本礼盒套装定制跨境商务办公会议记事本杯子印刷logo,Notebook,"Notebook. Confirm the selected model, size and included items before ordering.",CNY,7.8,1.14,https://detail.1688.com/offer/1010874018011.html,included,
672981641926,office-education,office,a5笔记本子简约风复古风日记本创意潮流文艺精致软皮面会议记事本,Notebook,"Notebook. Confirm the selected model, size and included items before ordering.",CNY,4.5,0.66,https://detail.1688.com/offer/672981641926.html,included,
1031650493090,office-education,office,跨境环保绑带笔记本礼盒套装商务办公创意潮流软木拼接记事本定制,Notebook,"Notebook. Confirm the selected model, size and included items before ordering.",CNY,6.8,0.99,https://detail.1688.com/offer/1031650493090.html,included,
1087397076004,office-education,office,a5布纹笔记本高颜值创意欧式梵高星空磁扣商务办公会议记事本文艺,Notebook,"Notebook. Confirm the selected model, size and included items before ordering.",CNY,18.8,2.75,https://detail.1688.com/offer/1087397076004.html,included,
963866562865,office-education,office,跨境A5软木拼接PU笔记本松紧带布纹记事本商务办公记录本套装定制,Notebook,"Notebook. Confirm the selected model, size and included items before ordering.",CNY,8.5,1.24,https://detail.1688.com/offer/963866562865.html,included,
976854847515,office-education,office,可拍A5复古格纹本子笔记本定制商务日记本礼盒套装道林纸记事本,Notebook,"Notebook. Confirm the selected model, size and included items before ordering.",CNY,17.8,2.6,https://detail.1688.com/offer/976854847515.html,included,
969556598277,office-education,office,可拍跨境专供新款A5竹纹笔记本子磁吸扣记事本拼接企业商务本定制,Notebook,"Notebook. Confirm the selected model, size and included items before ordering.",CNY,18.8,2.75,https://detail.1688.com/offer/969556598277.html,included,
918018077763,office-education,office,a5荔枝纹笔记本定制加厚商务会议记录本可定logo日常学习日记本,Notebook,"Notebook. Confirm the selected model, size and included items before ordering.",CNY,3.95,0.58,https://detail.1688.com/offer/918018077763.html,included,
1061005890498,office-education,office,笔记本本子定制商务办公跨境绑带日记本简约亚马逊文具创意记事本,Notebook,"Notebook. Confirm the selected model, size and included items before ordering.",CNY,9.5,1.39,https://detail.1688.com/offer/1061005890498.html,included,
1049314419833,office-education,office,笔记本定制a5商务软皮面记事本子办公高颜值日记本文具批发印logo,Notebook,"Notebook. Confirm the selected model, size and included items before ordering.",CNY,8.5,1.24,https://detail.1688.com/offer/1049314419833.html,included,
689172818885,office-education,office,A4文件夹莫兰迪色强力双夹办公用品pp加厚档案资料夹文件夹批发,Document Folder,"Document Folder. Confirm the selected model, size and included items before ordering.",CNY,3.05,0.45,https://detail.1688.com/offer/689172818885.html,included,
602226801014,office-education,office,新款教师学生PVC透明笔记本子记事活页手账本现货批发,Notebook,"Notebook. Confirm the selected model, size and included items before ordering.",CNY,4.7,0.69,https://detail.1688.com/offer/602226801014.html,included,
1059508897941,office-education,office,亚马逊笔记本定制学生商务办公企业会议记录本员工福利礼品本定做,Notebook,"Notebook. Confirm the selected model, size and included items before ordering.",CNY,2,0.29,https://detail.1688.com/offer/1059508897941.html,included,
1036469484185,office-education,office,简约插笔a5笔记本商务办公企业会议记事本PU软皮羊巴本子定制logo,Notebook,"Notebook. Confirm the selected model, size and included items before ordering.",CNY,4.5,0.66,https://detail.1688.com/offer/1036469484185.html,included,
973388513675,office-education,office,a5简商务笔记本可印logo企业会议记录本高颜值PU羊巴笔插记事本子,Notebook,"Notebook. Confirm the selected model, size and included items before ordering.",CNY,3.75,0.55,https://detail.1688.com/offer/973388513675.html,included,
801414033123,office-education,office,美容院vip顾客档案本定 制 养生馆美发会员资料管理logo印刷手册,Record Book,"Record Book. Confirm the selected model, size and included items before ordering.",CNY,0.5,0.07,https://detail.1688.com/offer/801414033123.html,included,
980233212785,office-education,office,A5笔记本可定制logo礼盒套装活页笔记本手杖本定制logo笔记本礼盒,Notebook,"Notebook. Confirm the selected model, size and included items before ordering.",CNY,5.5,0.8,https://detail.1688.com/offer/980233212785.html,included,
902098794507,office-education,office,小学生草稿本草稿纸定 制 a4a5便签本空白加厚可撕演算纸logo印刷,Draft Notebook,"Draft Notebook. Confirm the selected model, size and included items before ordering.",CNY,0.61,0.09,https://detail.1688.com/offer/902098794507.html,included,
1082143760129,office-education,office,U型笔盖彩色白板笔易写易擦水性记号笔教学办公文具批发,Marker Pen,"Marker Pen. Confirm the selected model, size and included items before ordering.",CNY,0.4,0.06,https://detail.1688.com/offer/1082143760129.html,included,
1082125704510,office-education,office,双头白板笔彩色大容量可擦水性记号笔教学办公文具批发,Marker Pen,"Marker Pen. Confirm the selected model, size and included items before ordering.",CNY,0.85,0.12,https://detail.1688.com/offer/1082125704510.html,included,
641287001682,office-education,office,A4多功能文件夹板皮质经理谈单夹量房本签约本商务销售合同夹印制,Document Folder,"Document Folder. Confirm the selected model, size and included items before ordering.",CNY,10.8,1.58,https://detail.1688.com/offer/641287001682.html,included,
654760903860,office-education,office,皮面本a5商务记事本笔记本加厚办公用简约日记本会议记录本簿批发,Notebook,"Notebook. Confirm the selected model, size and included items before ordering.",CNY,8,1.17,https://detail.1688.com/offer/654760903860.html,included,
627203158448,office-education,office,新款批发商务办公活页笔记本套装a5本子创意文具记事本B5logo,Notebook,"Notebook. Confirm the selected model, size and included items before ordering.",CNY,12.5,1.83,https://detail.1688.com/offer/627203158448.html,included,
675344904026,office-education,office,a5笔记本企业定制logo带插笔位可混批本子记事本商务学习办公本,Notebook,"Notebook. Confirm the selected model, size and included items before ordering.",CNY,5.5,0.8,https://detail.1688.com/offer/675344904026.html,included,
1051384564758,office-education,office,A5日落记事本简约仿皮办公笔记本多功能口袋会议记录本可定制logo,Notebook,"Notebook. Confirm the selected model, size and included items before ordering.",CNY,9.3,1.36,https://detail.1688.com/offer/1051384564758.html,included,
1075264152426,office-education,office,线圈笔记本定制高品质加厚记账本境外高端办公日程本源头厂家批发,Notebook,"Notebook. Confirm the selected model, size and included items before ordering.",CNY,12.8,1.87,https://detail.1688.com/offer/1075264152426.html,included,
977028918609,office-education,office,串珠中性笔0.5mm简约按动学生写字笔办公文具礼品广告签字笔批发,Gel Pen,"Gel Pen. Confirm the selected model, size and included items before ordering.",CNY,0.7,0.1,https://detail.1688.com/offer/977028918609.html,included,
845310807388,office-education,office,A5笔记本子带笔插软皮B5简约记事日记工作记录本商务办公高档,Notebook,"Notebook. Confirm the selected model, size and included items before ordering.",CNY,8.9,1.3,https://detail.1688.com/offer/845310807388.html,included,
968903674557,office-education,office,教师节A5笔记本商务办公记事本礼盒套装学校企业礼品本子可印logo,Notebook,"Notebook. Confirm the selected model, size and included items before ordering.",CNY,5.8,0.85,https://detail.1688.com/offer/968903674557.html,included,
1041147225446,office-education,office,A5笔记本定制骑马订软抄本logo广告本子B5胶装本16k办公车线本,Notebook,"Notebook. Confirm the selected model, size and included items before ordering.",CNY,1,0.15,https://detail.1688.com/offer/1041147225446.html,included,
713917685541,office-education,office,白板墙贴磁性加厚画板儿童家用教学办公专用塑料软磁吸黑板贴贴纸,Plastic Adhesive Labels,"Plastic Adhesive Labels. Listed features: plastic. Confirm the selected model, size and included items before ordering.",CNY,17,2.49,https://detail.1688.com/offer/713917685541.html,included,
988161885256,office-education,office,笔记本本子定制a5可印logo记事本文具礼盒套装日记本批发内页定制,Notebook,"Notebook. Confirm the selected model, size and included items before ordering.",CNY,4,0.59,https://detail.1688.com/offer/988161885256.html,included,
955985348360,office-education,office,培训机构广告招生宣传本定制错题本作业登记本地推本子 logo印刷,Exercise Book,"Exercise Book. Confirm the selected model, size and included items before ordering.",CNY,0.1,0.01,https://detail.1688.com/offer/955985348360.html,included,
929174560773,office-education,office,广告宣传笔记本定 制  机构宣传地推本子 logo印刷作业登记本批发,Notebook,"Notebook. Confirm the selected model, size and included items before ordering.",CNY,0.05,0.01,https://detail.1688.com/offer/929174560773.html,included,
1063153988633,office-education,office,Letter size马尼拉文件夹A4彩色文件夹加厚办公收纳多色分类夹,Document Folder,"Document Folder. Confirm the selected model, size and included items before ordering.",CNY,0.4,0.06,https://detail.1688.com/offer/1063153988633.html,included,
1048067525900,office-education,office,励志A5车线本学生奖励创意文具笔记本日记本软面抄办公用品记事本,Notebook,"Notebook. Confirm the selected model, size and included items before ordering.",CNY,0.62,0.09,https://detail.1688.com/offer/1048067525900.html,included,
675345324524,office-education,office,定制会议记录A5商务笔记本批发B5企业单位笔记本记事本定做厂家,Notebook,"Notebook. Confirm the selected model, size and included items before ordering.",CNY,7,1.02,https://detail.1688.com/offer/675345324524.html,included,
677980008466,office-education,office,加厚商务笔记本a5办公工作会议记录本子学习电商外贸手帐本批发,Notebook,"Notebook. Confirm the selected model, size and included items before ordering.",CNY,4.7,0.69,https://detail.1688.com/offer/677980008466.html,included,
729443843417,office-education,office,a5复古羊巴皮笔记本定制商务B5会议本A7口袋本a6绑带记事本定做,Notebook,"Notebook. Confirm the selected model, size and included items before ordering.",CNY,1.8,0.26,https://detail.1688.com/offer/729443843417.html,included,
893254398144,office-education,office,a5羊巴皮笔记本定制加厚商务会议记事本批发学习工作记录本子定做,Notebook,"Notebook. Confirm the selected model, size and included items before ordering.",CNY,3.95,0.58,https://detail.1688.com/offer/893254398144.html,included,
900376644598,office-education,office,a5羊巴软皮笔记本可印logo印字公司企业商务会议记录现货批发零售,Notebook,"Notebook. Confirm the selected model, size and included items before ordering.",CNY,4.2,0.61,https://detail.1688.com/offer/900376644598.html,included,
755447030306,office-education,office,大号白板笔可擦创意办公教学大容量速干水性易擦彩色记号笔批发,Marker Pen,"Marker Pen. Confirm the selected model, size and included items before ordering.",CNY,0.54,0.08,https://detail.1688.com/offer/755447030306.html,included,
705158126333,office-education,office,定 制商务A5皮质文件夹拉链包多功能销售活页销讲资料经理计算器,Document Folder,"Document Folder. Confirm the selected model, size and included items before ordering.",CNY,28.8,4.21,https://detail.1688.com/offer/705158126333.html,included,
701489315560,office-education,office,厂家专供a4经理夹垫板夹展业夹合同夹商务办公皮质文件夹logo,Writing Clipboard,"Writing Clipboard. Confirm the selected model, size and included items before ordering.",CNY,17.8,2.6,https://detail.1688.com/offer/701489315560.html,included,
1066877886587,office-education,office,商务办公笔记本定制礼盒套装羊巴皮记事本高颜值会议文具本子,Notebook,"Notebook. Confirm the selected model, size and included items before ordering.",CNY,5.1,0.75,https://detail.1688.com/offer/1066877886587.html,included,
673313674469,office-education,office,笔记本可印logo羊巴皮a5记事本皮面文具本子批发商务办公便携手帐,Portable Notebook,"Portable Notebook. Listed features: portable. Confirm the selected model, size and included items before ordering.",CNY,8.8,1.29,https://detail.1688.com/offer/673313674469.html,included,
1061887174244,office-education,office,2027指纹图案商务软皮笔记本现货轻奢压边镂空封面企业办公记事本,Notebook,"Notebook. Confirm the selected model, size and included items before ordering.",CNY,5.5,0.8,https://detail.1688.com/offer/1061887174244.html,included,
910180773047,office-education,office,2025新款A5荔枝纹笔记本子高颜值挂坠商务办公加厚软皮面定制logo,Notebook,"Notebook. Confirm the selected model, size and included items before ordering.",CNY,10.8,1.58,https://detail.1688.com/offer/910180773047.html,included,
731783869167,office-education,office,商务办公活页笔记本定制A5搭扣PU皮面记事本可印logo多功能笔记本,Notebook,"Notebook. Confirm the selected model, size and included items before ordering.",CNY,9.8,1.43,https://detail.1688.com/offer/731783869167.html,included,
1055123091096,office-education,office,定制a5羊巴皮记事本高颜值加厚横线肤感简约商务风办公笔记本logo,Notebook,"Notebook. Confirm the selected model, size and included items before ordering.",CNY,4.6,0.67,https://detail.1688.com/offer/1055123091096.html,included,
698430422515,office-education,office,线圈本石头纸本子口袋本亚马逊跨境现货LOGO全天候防水笔记本,Notebook,"Notebook. Confirm the selected model, size and included items before ordering.",CNY,1.95,0.29,https://detail.1688.com/offer/698430422515.html,included,
695624698642,office-education,office,商务办公文具套装多色金属签字宝珠笔定制LOGO广告中性笔现货批发,Gel Pen,"Gel Pen. Confirm the selected model, size and included items before ordering.",CNY,1.85,0.27,https://detail.1688.com/offer/695624698642.html,included,
849638981185,office-education,office,A5复古绑带软皮笔记本本子 羊巴皮记事本 办公工作会议本商务定制,Notebook,"Notebook. Confirm the selected model, size and included items before ordering.",CNY,14.8,2.17,https://detail.1688.com/offer/849638981185.html,included,
1077942345826,office-education,office,商务拼接PU笔记本定制撞色搭扣记事本企业办公手账本会议记录本,Notebook,"Notebook. Confirm the selected model, size and included items before ordering.",CNY,11.5,1.68,https://detail.1688.com/offer/1077942345826.html,included,
986192934178,office-education,office,绑带笔记本礼盒套装定制a5记事本商务礼品套装简约硬面网红手账本,Notebook,"Notebook. Confirm the selected model, size and included items before ordering.",CNY,6.5,0.95,https://detail.1688.com/offer/986192934178.html,included,
669350174825,office-education,office,磁吸夹板书写多功能文件夹三合一写字板高中生a4纸加厚纸板夹会议,Document Folder,"Document Folder. Confirm the selected model, size and included items before ordering.",CNY,9.5,1.39,https://detail.1688.com/offer/669350174825.html,included,
979008508688,office-education,office,笔记本定制logo企业商务办公会议羊巴软皮高颜值平装a5记事本子,Notebook,"Notebook. Confirm the selected model, size and included items before ordering.",CNY,4.5,0.66,https://detail.1688.com/offer/979008508688.html,included,
624483985917,office-education,office,A5硬面PU皮面平装贴心笔记本子可印logo  商务会议学习奖品记事本,Notebook,"Notebook. Confirm the selected model, size and included items before ordering.",CNY,5.5,0.8,https://detail.1688.com/offer/624483985917.html,included,
1082960001391,office-education,office,A5中国风日程笔记本故宫文创办公计划记事本时间效率管理日程本,Notebook,"Notebook. Confirm the selected model, size and included items before ordering.",CNY,8.8,1.29,https://detail.1688.com/offer/1082960001391.html,included,
805092035410,office-education,office,礼盒套装a5磁扣笔记本本子商务办公定制印logo会议记事本多功能,Notebook,"Notebook. Confirm the selected model, size and included items before ordering.",CNY,8.8,1.29,https://detail.1688.com/offer/805092035410.html,included,
748176135976,office-education,office,高颜值斜纹搭扣笔记本礼盒套装定制商务办公实用a5记事本现货批发,Notebook,"Notebook. Confirm the selected model, size and included items before ordering.",CNY,7.9,1.16,https://detail.1688.com/offer/748176135976.html,included,
618162220840,office-education,office,A4多功能经理文件夹手提式公文包简约多功能销讲夹凤琴夹合同夹,Document Folder,"Document Folder. Confirm the selected model, size and included items before ordering.",CNY,41,6.0,https://detail.1688.com/offer/618162220840.html,included,
970270315761,office-education,office,国潮保温杯笔记本礼盒套装定制logo企业年会商务伴手礼文创记事本,Notebook,"Notebook. Confirm the selected model, size and included items before ordering.",CNY,15.8,2.31,https://detail.1688.com/offer/970270315761.html,included,
600600544048,office-education,office,B5创意办公文具笔记本批发 商务宣传广告礼品记事本批发可印LOGO,Notebook,"Notebook. Confirm the selected model, size and included items before ordering.",CNY,7.5,1.1,https://detail.1688.com/offer/600600544048.html,included,
1037643013119,office-education,office,光面扣笔记本礼盒套装定制logo商务办公记事本,Notebook,"Notebook. Confirm the selected model, size and included items before ordering.",CNY,5.1,0.75,https://detail.1688.com/offer/1037643013119.html,included,
725879560721,office-education,office,A5商务笔记本羊巴皮皮面记事本办公会议记录本精装本定制logo印刷,Notebook,"Notebook. Confirm the selected model, size and included items before ordering.",CNY,5.2,0.76,https://detail.1688.com/offer/725879560721.html,included,
620310039981,office-education,office,文件夹带计算器板夹A4皮革经理夹4S店签约销售资料夹便签商务办公,Document Folder,"Document Folder. Confirm the selected model, size and included items before ordering.",CNY,8.8,1.29,https://detail.1688.com/offer/620310039981.html,included,
733021551739,office-education,office,简约活页笔记本可拆卸A5商务软皮绑带本A6复古活页记事本子定制,Notebook,"Notebook. Confirm the selected model, size and included items before ordering.",CNY,8.8,1.29,https://detail.1688.com/offer/733021551739.html,included,
975410003537,office-education,office,2026现货跨境商务a5定制笔记本办公会议记录简约记事手帐本子文具,Notebook,"Notebook. Confirm the selected model, size and included items before ordering.",CNY,7.9,1.16,https://detail.1688.com/offer/975410003537.html,included,
1057214395711,office-education,office,PU皮革商务会议垫板夹办公A4文件写字垫板可印logo酒店文档垫夹,Writing Clipboard,"Writing Clipboard. Confirm the selected model, size and included items before ordering.",CNY,8.5,1.24,https://detail.1688.com/offer/1057214395711.html,included,
977580245144,office-education,office,A5笔记本定制皮面可印logo磁吸搭扣商务办公记事本国潮山河金属扣,Notebook,"Notebook. Confirm the selected model, size and included items before ordering.",CNY,10.8,1.58,https://detail.1688.com/offer/977580245144.html,included,
1088465412222,office-education,office,二线圈渐变铝杆笔金属按动圆珠笔办公文具酒店促销笔广告礼品笔,Ballpoint Pen,"Ballpoint Pen. Confirm the selected model, size and included items before ordering.",CNY,0.93,0.14,https://detail.1688.com/offer/1088465412222.html,included,
1088465412188,office-education,office,厂家供应新款入油水晶圆珠笔印刷logo 广告笔金属笔批发办公文具,Ballpoint Pen,"Ballpoint Pen. Confirm the selected model, size and included items before ordering.",CNY,2.83,0.41,https://detail.1688.com/offer/1088465412188.html,included,
1088456732482,office-education,office,四合一触屏电容笔办公金属圆珠笔广告笔可印刷LOGO金属笔LED灯笔,Ballpoint Pen,"Ballpoint Pen. Confirm the selected model, size and included items before ordering.",CNY,2.98,0.44,https://detail.1688.com/offer/1088456732482.html,included,
1088456732442,office-education,office,金属按动喷胶美极笔电容触控圆珠笔可印刷logo新款铝杆木纹广告笔,Ballpoint Pen,"Ballpoint Pen. Confirm the selected model, size and included items before ordering.",CNY,1.65,0.24,https://detail.1688.com/offer/1088456732442.html,included,
1088456732417,office-education,office,按动笔批发 新款供应广告笔多色圆珠笔可印刷logo铝杆按压圆珠笔,Ballpoint Pen,"Ballpoint Pen. Confirm the selected model, size and included items before ordering.",CNY,1.99,0.29,https://detail.1688.com/offer/1088456732417.html,included,
1088455076555,office-education,office,金粉按动笔现货批发圆珠笔创意礼品按动笔印刷logo金属广告圆珠笔,Ballpoint Pen,"Ballpoint Pen. Confirm the selected model, size and included items before ordering.",CNY,1.87,0.27,https://detail.1688.com/offer/1088455076555.html,included,
1088455076554,office-education,office,创意圣诞节系列按动圆珠笔现货可爱卡通圣诞节礼品笔热转印圆珠笔,Ballpoint Pen,"Ballpoint Pen. Confirm the selected model, size and included items before ordering.",CNY,2.04,0.3,https://detail.1688.com/offer/1088455076554.html,included,
1088455076524,office-education,office,玫瑰金按动圆珠笔简约商务学生书写礼品广告笔可印logo按压金属笔,Ballpoint Pen,"Ballpoint Pen. Confirm the selected model, size and included items before ordering.",CNY,2.95,0.43,https://detail.1688.com/offer/1088455076524.html,included,
1088455076479,office-education,office,铁盒装电容圆珠笔套装 现货批发广告笔可印刷logo四合一LED灯笔,Ballpoint Pen,"Ballpoint Pen. Confirm the selected model, size and included items before ordering.",CNY,4.59,0.67,https://detail.1688.com/offer/1088455076479.html,included,
1088455076478,office-education,office,新款带孔美极笔可印logo办公文具圆珠笔多色电容触屏笔多色铝杆笔,Novelty Pen,"Novelty Pen. Confirm the selected model, size and included items before ordering.",CNY,1.76,0.26,https://detail.1688.com/offer/1088455076478.html,included,
1088455076278,office-education,office,现货多功能金属电容手机触屏圆珠笔红外线灯笔可印刷logo四合一笔,Ballpoint Pen,"Ballpoint Pen. Confirm the selected model, size and included items before ordering.",CNY,4.42,0.65,https://detail.1688.com/offer/1088455076278.html,included,
1088454540620,office-education,office,厂家批发多色葫芦笔广告按动塑料圆珠笔促销笔办公学生文具礼品笔,Plastic Ballpoint Pen,"Plastic Ballpoint Pen. Listed features: plastic. Confirm the selected model, size and included items before ordering.",CNY,0.51,0.07,https://detail.1688.com/offer/1088454540620.html,included,
1088454540591,office-education,office,水晶圆珠笔现货批发创意珍珠花笔夹礼品广告笔印刷logo顶钻金属笔,Ballpoint Pen,"Ballpoint Pen. Confirm the selected model, size and included items before ordering.",CNY,3.29,0.48,https://detail.1688.com/offer/1088454540591.html,included,
1088454540321,office-education,office,现货热转印花膜笔多色图案简约广告礼品笔创意卡通可爱豹纹圆珠笔,Ballpoint Pen,"Ballpoint Pen. Confirm the selected model, size and included items before ordering.",CNY,2.04,0.3,https://detail.1688.com/offer/1088454540321.html,included,
1088454520625,office-education,office,二线触屏灯笔 现货新款LED金属灯笔办公文具礼品发光圆珠笔批发,Ballpoint Pen,"Ballpoint Pen. Confirm the selected model, size and included items before ordering.",CNY,3.29,0.48,https://detail.1688.com/offer/1088454520625.html,included,
1088453352619,office-education,office,厂家批发按动笔办公书写文具多色金属广告圆珠笔可印刷logo喷胶笔,Ballpoint Pen,"Ballpoint Pen. Confirm the selected model, size and included items before ordering.",CNY,1.61,0.24,https://detail.1688.com/offer/1088453352619.html,included,
1088453352596,office-education,office,按动喷胶圆珠笔办公文具学生广告礼品笔可印刷logo多色铝杆圆珠笔,Ballpoint Pen,"Ballpoint Pen. Confirm the selected model, size and included items before ordering.",CNY,1.88,0.28,https://detail.1688.com/offer/1088453352596.html,included,
1088453352332,office-education,office,金属电容笔 铝杆触屏头手机触摸笔圆珠笔两用 双用触控礼品笔批发,Ballpoint Pen,"Ballpoint Pen. Confirm the selected model, size and included items before ordering.",CNY,0.8,0.12,https://detail.1688.com/offer/1088453352332.html,included,
1088452504658,office-education,office,跨境美极笔手写触屏笔金属铝杆笔可印logo按动彩色电容圆珠笔批发,Novelty Pen,"Novelty Pen. Confirm the selected model, size and included items before ordering.",CNY,1.01,0.15,https://detail.1688.com/offer/1088452504658.html,included,
1088452504638,office-education,office,现货供应金属按动圆珠笔商务礼品广告笔印刷logo创意办公用品批发,Ballpoint Pen,"Ballpoint Pen. Confirm the selected model, size and included items before ordering.",CNY,3.63,0.53,https://detail.1688.com/offer/1088452504638.html,included,
1088452504629,office-education,office,金属水晶笔 现货批发彩色花笔夹钻石圆珠笔广告婚庆笔礼品水钻笔,Ballpoint Pen,"Ballpoint Pen. Confirm the selected model, size and included items before ordering.",CNY,2.89,0.42,https://detail.1688.com/offer/1088452504629.html,included,
1088452504424,office-education,office,三合一触屏笔医护用LED灯笔多功能金属圆珠笔礼品广告笔印刷logo,Novelty Pen,"Novelty Pen. Confirm the selected model, size and included items before ordering.",CNY,7.4,1.08,https://detail.1688.com/offer/1088452504424.html,included,
1088451196403,office-education,office,DIY图案热升华笔空白热转印圆珠笔热升华按动笔广告礼品笔批发,Ballpoint Pen,"Ballpoint Pen. Confirm the selected model, size and included items before ordering.",CNY,1.7,0.25,https://detail.1688.com/offer/1088451196403.html,included,
1088448464829,office-education,office,平头小高士笔现货批发多色笔商务广告笔可印刷LOGO小高士圆珠笔,Ballpoint Pen,"Ballpoint Pen. Confirm the selected model, size and included items before ordering.",CNY,0.97,0.14,https://detail.1688.com/offer/1088448464829.html,included,
1088446012987,office-education,office,金属电容笔印刷logo 学生商务礼品圆珠笔 ipad手机两用触控触屏笔,Novelty Pen,"Novelty Pen. Confirm the selected model, size and included items before ordering.",CNY,1.99,0.29,https://detail.1688.com/offer/1088446012987.html,included,
1088446012747,office-education,office,爱心大理石纹按动圆珠笔多色图案简约礼品广告笔创意学生少女心笔,Ballpoint Pen,"Ballpoint Pen. Confirm the selected model, size and included items before ordering.",CNY,2.27,0.33,https://detail.1688.com/offer/1088446012747.html,included,
1088445972973,office-education,office,多色圆珠笔 现货批发创意文具顶部带钻石圆珠笔可印刷广告礼品笔,Ballpoint Pen,"Ballpoint Pen. Confirm the selected model, size and included items before ordering.",CNY,1.7,0.25,https://detail.1688.com/offer/1088445972973.html,included,
1088443996893,office-education,office,新款按动圆珠笔可印刷logo办公学生文具金属按压圆珠笔广告礼品笔,Ballpoint Pen,"Ballpoint Pen. Confirm the selected model, size and included items before ordering.",CNY,2.27,0.33,https://detail.1688.com/offer/1088443996893.html,included,
1088443120922,office-education,office,金属圆珠笔按动学生奖品创意小礼品金属笔广告笔可印刷logo铝杆笔,Ballpoint Pen,"Ballpoint Pen. Confirm the selected model, size and included items before ordering.",CNY,0.83,0.12,https://detail.1688.com/offer/1088443120922.html,included,
1088078749224,office-education,office,新款渐变色大钻笔 UV大钻圆珠笔 女士礼品笔 学生礼品广告金属笔,Ballpoint Pen,"Ballpoint Pen. Confirm the selected model, size and included items before ordering.",CNY,2.49,0.36,https://detail.1688.com/offer/1088078749224.html,included,
1087758005690,office-education,office,现货批发创意diy长款串珠笔圆珠笔手工穿珠可印刷个性串珠圆珠笔,Novelty Pen,"Novelty Pen. Confirm the selected model, size and included items before ordering.",CNY,0.48,0.07,https://detail.1688.com/offer/1087758005690.html,included,
1087757573691,office-education,office,跨境足球圆珠笔迷你四色按动笔学生多色手账笔篮球橄榄球造型笔,Novelty Pen,"Novelty Pen. Confirm the selected model, size and included items before ordering.",CNY,0.64,0.09,https://detail.1688.com/offer/1087757573691.html,included,
1087668661235,office-education,office,diy七彩珍珠钻串珠笔多巴胺渐变色串珠圆珠笔彩色珍珠贴片塑料笔,Plastic Novelty Pen,"Plastic Novelty Pen. Listed features: plastic. Confirm the selected model, size and included items before ordering.",CNY,1.3,0.19,https://detail.1688.com/offer/1087668661235.html,included,
1087668661097,office-education,office,DIY镶钻长款串珠笔批发创意精美可爱少女心塑料笔多色旋动圆珠笔,Plastic Novelty Pen,"Plastic Novelty Pen. Listed features: plastic. Confirm the selected model, size and included items before ordering.",CNY,1.74,0.25,https://detail.1688.com/offer/1087668661097.html,included,
1087668661018,office-education,office,创意触屏塑料笔批发学生书写文具圆珠笔可印刷logo酒店广告宣传笔,Plastic Novelty Pen,"Plastic Novelty Pen. Listed features: plastic. Confirm the selected model, size and included items before ordering.",CNY,0.52,0.08,https://detail.1688.com/offer/1087668661018.html,included,
1087664877683,office-education,office,创意塑料毛球笔卡通可爱学生解压手账笔批发少女心学校广告礼品笔,Plastic Novelty Pen,"Plastic Novelty Pen. Listed features: plastic. Confirm the selected model, size and included items before ordering.",CNY,0.86,0.13,https://detail.1688.com/offer/1087664877683.html,included,
1087662273495,office-education,office,多色迷你圆珠笔可DIY挂链条塑料圆珠笔办公学生便携口袋笔礼品笔,Plastic Portable Ballpoint Pen,"Plastic Portable Ballpoint Pen. Listed features: plastic, portable. Confirm the selected model, size and included items before ordering.",CNY,0.29,0.04,https://detail.1688.com/offer/1087662273495.html,included,
1087661561450,office-education,office,创意diy钥匙扣串珠笔可印logo短款便携式迷你笔塑料钥匙扣圆珠笔,Plastic Portable Novelty Pen,"Plastic Portable Novelty Pen. Listed features: plastic, portable. Confirm the selected model, size and included items before ordering.",CNY,1.47,0.22,https://detail.1688.com/offer/1087661561450.html,included,
1087661561301,office-education,office,创意按动菱形中性笔几何变形笔解压笔酒店企业广告礼品笔塑料笔,Plastic Novelty Pen,"Plastic Novelty Pen. Listed features: plastic. Confirm the selected model, size and included items before ordering.",CNY,2.86,0.42,https://detail.1688.com/offer/1087661561301.html,included,
1087658565413,office-education,office,内杆插纸卷纸塑料圆珠笔diy手工卡通小白笔可转印花膜广告礼品笔,Plastic Ballpoint Pen,"Plastic Ballpoint Pen. Listed features: plastic. Confirm the selected model, size and included items before ordering.",CNY,0.36,0.05,https://detail.1688.com/offer/1087658565413.html,included,
1087653577930,office-education,office,卡通6色毛绒圆珠笔学生可爱手账记号笔多功能六色合一按动手账笔,Novelty Pen,"Novelty Pen. Confirm the selected model, size and included items before ordering.",CNY,0.97,0.14,https://detail.1688.com/offer/1087653577930.html,included,
1087652285856,office-education,office,新款diy塑料串珠笔学生毕业季系列串珠圆珠笔现货批发印花串珠笔,Plastic Novelty Pen,"Plastic Novelty Pen. Listed features: plastic. Confirm the selected model, size and included items before ordering.",CNY,1.05,0.15,https://detail.1688.com/offer/1087652285856.html,included,
1087465772867,office-education,office,现货木质圆珠笔带刻度尺方形木质尺子笔可印刷logo原木广告礼品笔,Ballpoint Pen,"Ballpoint Pen. Confirm the selected model, size and included items before ordering.",CNY,1,0.15,https://detail.1688.com/offer/1087465772867.html,included,
1087463196186,office-education,office,创意木质圆珠笔带刻度尺方形木质尺子笔可印刷logo原木广告礼品笔,Ballpoint Pen,"Ballpoint Pen. Confirm the selected model, size and included items before ordering.",CNY,1,0.15,https://detail.1688.com/offer/1087463196186.html,included,
1087450096677,office-education,office,新款木质刻度尺圆珠笔环保原木材质圆珠笔可印logo原木广告礼品笔,Ballpoint Pen,"Ballpoint Pen. Confirm the selected model, size and included items before ordering.",CNY,1,0.15,https://detail.1688.com/offer/1087450096677.html,included,
1087448172103,office-education,office,方形木质尺子笔环保原木材质圆珠笔可印logo学生文具刻度尺圆珠笔,Ballpoint Pen,"Ballpoint Pen. Confirm the selected model, size and included items before ordering.",CNY,1,0.15,https://detail.1688.com/offer/1087448172103.html,included,
1087431757013,office-education,office,现货铝杆按动笔二线圈磨砂金属圆珠笔可印logo广告礼品促销笔批发,Ballpoint Pen,"Ballpoint Pen. Confirm the selected model, size and included items before ordering.",CNY,0.81,0.12,https://detail.1688.com/offer/1087431757013.html,included,
1087429701051,office-education,office,新款创意金粉入油蝴蝶结金属笔批发文具用品 广告圆珠笔印刷logo,Ballpoint Pen,"Ballpoint Pen. Confirm the selected model, size and included items before ordering.",CNY,3.29,0.48,https://detail.1688.com/offer/1087429701051.html,included,
1087427261189,office-education,office,金属水晶笔办公学生多色旋转水钻笔批发可雕刻logo广告礼品圆珠笔,Ballpoint Pen,"Ballpoint Pen. Confirm the selected model, size and included items before ordering.",CNY,1.67,0.24,https://detail.1688.com/offer/1087427261189.html,included,
1087424477318,office-education,office,新款按动圆珠笔创意闪粉金属广告礼品圆珠笔可印刷logo按动笔批发,Ballpoint Pen,"Ballpoint Pen. Confirm the selected model, size and included items before ordering.",CNY,1.7,0.25,https://detail.1688.com/offer/1087424477318.html,included,
1087423409385,office-education,office,爱心按动笔现货批发圆珠笔创意礼品爱心金粉按动笔印刷logo圆珠笔,Ballpoint Pen,"Ballpoint Pen. Confirm the selected model, size and included items before ordering.",CNY,2.38,0.35,https://detail.1688.com/offer/1087423409385.html,included,
1087417077430,office-education,office,跨境新款笔夹四叶草笔 创意金属笔水晶笔多色旋动圆珠笔可印logo,Ballpoint Pen,"Ballpoint Pen. Confirm the selected model, size and included items before ordering.",CNY,3.51,0.51,https://detail.1688.com/offer/1087417077430.html,included,
1087413793602,office-education,office,玫瑰金渐变色美极笔可雕刻logo金属触屏铝杆笔广告礼品促销圆珠笔,Ballpoint Pen,"Ballpoint Pen. Confirm the selected model, size and included items before ordering.",CNY,1.27,0.19,https://detail.1688.com/offer/1087413793602.html,included,
1087413793601,office-education,office,现货按动多色圆珠笔办公书写文具金属礼品广告圆珠笔批发印刷logo,Ballpoint Pen,"Ballpoint Pen. Confirm the selected model, size and included items before ordering.",CNY,2.72,0.4,https://detail.1688.com/offer/1087413793601.html,included,
1087413793358,office-education,office,干花圆珠笔厂家现货新款永生花系列入油花笔可印刷logo广告圆珠笔,Ballpoint Pen,"Ballpoint Pen. Confirm the selected model, size and included items before ordering.",CNY,4.53,0.66,https://detail.1688.com/offer/1087413793358.html,included,
1087413793337,office-education,office,按动金属笔厂家现货创意文具电镀玫瑰金按压圆珠笔礼品创意广告笔,Ballpoint Pen,"Ballpoint Pen. Confirm the selected model, size and included items before ordering.",CNY,1.59,0.23,https://detail.1688.com/offer/1087413793337.html,included,
1087412173715,office-education,office,多色按动金属圆珠笔现货批发创意文具卡通铝杆笔可印刷logo广告笔,Ballpoint Pen,"Ballpoint Pen. Confirm the selected model, size and included items before ordering.",CNY,2.55,0.37,https://detail.1688.com/offer/1087412173715.html,included,
1087412173713,office-education,office,喷胶铝杆笔现货批发广告笔按动圆珠笔金属笔可印刷logo按压圆珠笔,Ballpoint Pen,"Ballpoint Pen. Confirm the selected model, size and included items before ordering.",CNY,0.75,0.11,https://detail.1688.com/offer/1087412173713.html,included,
1087411481720,office-education,office,喷胶触屏圆珠笔批发按动铝杆笔 手写电容笔批发可印刷logo广告笔,Ballpoint Pen,"Ballpoint Pen. Confirm the selected model, size and included items before ordering.",CNY,1.55,0.23,https://detail.1688.com/offer/1087411481720.html,included,
1087411481655,office-education,office,四合一触屏电容笔办公金属圆珠笔广告笔可印刷LOGO金属笔LED灯笔,Ballpoint Pen,"Ballpoint Pen. Confirm the selected model, size and included items before ordering.",CNY,3.19,0.47,https://detail.1688.com/offer/1087411481655.html,included,
1087411205780,office-education,office,跨境喷胶按动铝杆笔可印logo新款玫瑰金中油笔多色螺纹按压金属笔,Novelty Pen,"Novelty Pen. Confirm the selected model, size and included items before ordering.",CNY,1.79,0.26,https://detail.1688.com/offer/1087411205780.html,included,
1087411205532,office-education,office,带钻小高士笔现货批发办公文具商务酒店笔科印刷LOGO小高士圆珠笔,Ballpoint Pen,"Ballpoint Pen. Confirm the selected model, size and included items before ordering.",CNY,1.44,0.21,https://detail.1688.com/offer/1087411205532.html,included,
1087410197758,office-education,office,四合一笔 现货批发金属电容笔圆珠笔四合一红外线手写触屏圆珠笔,Ballpoint Pen,"Ballpoint Pen. Confirm the selected model, size and included items before ordering.",CNY,4.71,0.69,https://detail.1688.com/offer/1087410197758.html,included,
1087410197476,office-education,office,按动喷胶圆珠笔办公文具学生广告礼品笔批发可印刷logo金属圆珠笔,Ballpoint Pen,"Ballpoint Pen. Confirm the selected model, size and included items before ordering.",CNY,0.88,0.13,https://detail.1688.com/offer/1087410197476.html,included,
1087395953898,office-education,office,新款按动笔现货批发渐变色铝杆按压美极笔印刷logo触屏金属圆珠笔,Ballpoint Pen,"Ballpoint Pen. Confirm the selected model, size and included items before ordering.",CNY,1.08,0.16,https://detail.1688.com/offer/1087395953898.html,included,
1087387916185,office-education,office,厂家现货树枝圆珠笔木头铅笔原生原木材质树皮笔酒店广告礼品笔,Ballpoint Pen,"Ballpoint Pen. Confirm the selected model, size and included items before ordering.",CNY,0.95,0.14,https://detail.1688.com/offer/1087387916185.html,included,
1087184296418,office-education,office,现货原木色树枝圆珠笔复古松木材质木质铅笔酒店促销广告礼品笔,Ballpoint Pen,"Ballpoint Pen. Confirm the selected model, size and included items before ordering.",CNY,0.95,0.14,https://detail.1688.com/offer/1087184296418.html,included,
1087182556133,office-education,office,树枝圆珠笔木头铅笔原生原木材质树皮笔酒店广告礼品笔厂家批发,Ballpoint Pen,"Ballpoint Pen. Confirm the selected model, size and included items before ordering.",CNY,0.95,0.14,https://detail.1688.com/offer/1087182556133.html,included,
1087178528366,office-education,office,厂家批发树枝圆珠笔木头铅笔原生原木材质树皮笔酒店广告礼品笔,Ballpoint Pen,"Ballpoint Pen. Confirm the selected model, size and included items before ordering.",CNY,0.95,0.14,https://detail.1688.com/offer/1087178528366.html,included,
1087175672222,office-education,office,创意原木色树枝圆珠笔复古松木材质木质铅笔酒店促销广告礼品笔,Ballpoint Pen,"Ballpoint Pen. Confirm the selected model, size and included items before ordering.",CNY,1.07,0.16,https://detail.1688.com/offer/1087175672222.html,included,
1087005694347,office-education,office,创意diy砂糖串珠笔现货批发满天星水钻手工贴片圆珠笔多色珠子笔,Novelty Pen,"Novelty Pen. Confirm the selected model, size and included items before ordering.",CNY,1.25,0.18,https://detail.1688.com/offer/1087005694347.html,included,
1086866496212,office-education,office,厂家批发小高士塑料笔可印logo多色旋转圆珠笔酒店宣传广告礼品笔,Plastic Novelty Pen,"Plastic Novelty Pen. Listed features: plastic. Confirm the selected model, size and included items before ordering.",CNY,0.32,0.05,https://detail.1688.com/offer/1086866496212.html,included,
1086773289655,office-education,office,30mm马卡龙色磁粒磁铁磁钉办公文教磁吸强磁大号单面数字透明笑脸,Office Magnets,"Office Magnets. Confirm the selected model, size and included items before ordering.",CNY,3,0.44,https://detail.1688.com/offer/1086773289655.html,included,
1086701042059,office-education,office,创意少女心圣诞节圆珠笔炫彩流沙入油笔可爱卡通套头圣诞帽子笔,Ballpoint Pen,"Ballpoint Pen. Confirm the selected model, size and included items before ordering.",CNY,1.02,0.15,https://detail.1688.com/offer/1086701042059.html,included,
1086688950847,office-education,office,迷你四色圆珠笔可套卡通萌物头彩色塑料笔学生四合一按动手账笔,Plastic Novelty Pen,"Plastic Novelty Pen. Listed features: plastic. Confirm the selected model, size and included items before ordering.",CNY,0.42,0.06,https://detail.1688.com/offer/1086688950847.html,included,
1086670823070,office-education,office,触屏笔小葫芦喷漆圆珠笔学办公写文具圆珠笔可印刷logo广告宣传笔,Novelty Pen,"Novelty Pen. Confirm the selected model, size and included items before ordering.",CNY,0.58,0.08,https://detail.1688.com/offer/1086670823070.html,included,
1086605262059,office-education,office,新款万圣节圣诞节主题造型笔 骷颅头 南瓜蝙蝠火鸡雪花形状圆珠笔,Novelty Pen,"Novelty Pen. Confirm the selected model, size and included items before ordering.",CNY,0.45,0.07,https://detail.1688.com/offer/1086605262059.html,included,
1086600866215,office-education,office,玫瑰花造型圆珠笔情人节礼物ins女生送礼高颜值圆珠笔玫瑰花苞笔,Ballpoint Pen,"Ballpoint Pen. Confirm the selected model, size and included items before ordering.",CNY,1.13,0.17,https://detail.1688.com/offer/1086600866215.html,included,
1086595806584,office-education,office,厂家供应全纸管圆珠笔环保纸管广告笔拔套简易纸管笔彩色卷纸笔,Ballpoint Pen,"Ballpoint Pen. Confirm the selected model, size and included items before ordering.",CNY,0.37,0.05,https://detail.1688.com/offer/1086595806584.html,included,
1086595806454,office-education,office,喷胶渐变按动圆珠笔办公学生文具书写笔印logo促销宣传广告礼品笔,Ballpoint Pen,"Ballpoint Pen. Confirm the selected model, size and included items before ordering.",CNY,0.46,0.07,https://detail.1688.com/offer/1086595806454.html,included,
1086595806351,office-education,office,DIY满钻渐变串珠笔多色塑料串珠圆珠笔创意手工贴贴镶钻串珠笔,Plastic Novelty Pen,"Plastic Novelty Pen. Listed features: plastic. Confirm the selected model, size and included items before ordering.",CNY,4.65,0.68,https://detail.1688.com/offer/1086595806351.html,included,
1086595466304,office-education,office,创意国旗圆珠笔英伦风旗帜笔办公学生文具圆珠笔钢丝笔夹按动笔,Ballpoint Pen,"Ballpoint Pen. Confirm the selected model, size and included items before ordering.",CNY,0.61,0.09,https://detail.1688.com/offer/1086595466304.html,included,
1086593782622,office-education,office,现货创意DIY满钻串珠圆珠笔手工镶钻串珠笔旋动多色珠子笔塑料笔,Plastic Novelty Pen,"Plastic Novelty Pen. Listed features: plastic. Confirm the selected model, size and included items before ordering.",CNY,3.33,0.49,https://detail.1688.com/offer/1086593782622.html,included,
1086588778828,office-education,office,卡通迷你四色圆珠笔可套卡通萌物头彩色手账学生四合一按动手账笔,Novelty Pen,"Novelty Pen. Confirm the selected model, size and included items before ordering.",CNY,0.42,0.06,https://detail.1688.com/offer/1086588778828.html,included,
1086588778650,office-education,office,彩色喷胶按动圆珠笔可印logo学生书写圆珠笔广告礼品宣传笔促销笔,Ballpoint Pen,"Ballpoint Pen. Confirm the selected model, size and included items before ordering.",CNY,0.61,0.09,https://detail.1688.com/offer/1086588778650.html,included,
1086587966891,office-education,office,塑料工具笔六合一水平仪刻度尺触屏笔一字十字双头螺丝刀圆珠笔,Plastic Novelty Pen,"Plastic Novelty Pen. Listed features: plastic. Confirm the selected model, size and included items before ordering.",CNY,1.19,0.17,https://detail.1688.com/offer/1086587966891.html,included,
1086434725115,office-education,office,木质刻度尺圆珠笔环保原木材质圆珠笔可印logo原木广告礼品笔批发,Ballpoint Pen,"Ballpoint Pen. Confirm the selected model, size and included items before ordering.",CNY,1,0.15,https://detail.1688.com/offer/1086434725115.html,included,
1086418293061,office-education,office,方形木质尺子笔环保原木材质圆珠笔学生文具刻度尺礼品笔现货批发,Ballpoint Pen,"Ballpoint Pen. Confirm the selected model, size and included items before ordering.",CNY,1,0.15,https://detail.1688.com/offer/1086418293061.html,included,
1086417137095,office-education,office,创意木质圆珠笔带刻度尺方形木质尺子笔可印刷logo原木广告礼品笔,Ballpoint Pen,"Ballpoint Pen. Confirm the selected model, size and included items before ordering.",CNY,1,0.15,https://detail.1688.com/offer/1086417137095.html,included,
1086366530073,office-education,office,创意电容金属笔 现货批发多色手写笔触控笔 两用手机电脑笔触屏笔,Novelty Pen,"Novelty Pen. Confirm the selected model, size and included items before ordering.",CNY,1.42,0.21,https://detail.1688.com/offer/1086366530073.html,included,
1086364362115,office-education,office,钻石圆珠笔现货批发钻石卡通创意造型笔头钻石笔时尚电镀杆圆珠笔,Novelty Pen,"Novelty Pen. Confirm the selected model, size and included items before ordering.",CNY,3.97,0.58,https://detail.1688.com/offer/1086364362115.html,included,
1086360778233,office-education,office,金属按动笔现货批发铝杆跳动笔多色按动圆珠笔可印刷logo礼品笔,Ballpoint Pen,"Ballpoint Pen. Confirm the selected model, size and included items before ordering.",CNY,1.41,0.21,https://detail.1688.com/offer/1086360778233.html,included,
1086359494304,office-education,office,跨境按动铝杆笔批发酒店办公学生广告礼品笔可镭射logo喷胶圆珠笔,Ballpoint Pen,"Ballpoint Pen. Confirm the selected model, size and included items before ordering.",CNY,1.68,0.25,https://detail.1688.com/offer/1086359494304.html,included,
1086357934335,office-education,office,创意文具糖果色按动圆珠笔小清新马卡龙金属礼品广告笔可印刷logo,Ballpoint Pen,"Ballpoint Pen. Confirm the selected model, size and included items before ordering.",CNY,2.49,0.36,https://detail.1688.com/offer/1086357934335.html,included,
1086357934313,office-education,office,水钻圆珠笔 厂家批发水钻笔水晶碎钻金属圆珠笔广告笔转动圆珠笔,Ballpoint Pen,"Ballpoint Pen. Confirm the selected model, size and included items before ordering.",CNY,3.06,0.45,https://detail.1688.com/offer/1086357934313.html,included,
1086352122468,office-education,office,多色喷胶圆珠笔按动铝杆笔可印logo电容触屏圆珠笔新款带孔美极笔,Ballpoint Pen,"Ballpoint Pen. Confirm the selected model, size and included items before ordering.",CNY,1.65,0.24,https://detail.1688.com/offer/1086352122468.html,included,
1086352122201,office-education,office,按动触屏圆珠笔可印刷logo学生书写礼品广告笔旋转陀螺减压笔批发,Ballpoint Pen,"Ballpoint Pen. Confirm the selected model, size and included items before ordering.",CNY,1.97,0.29,https://detail.1688.com/offer/1086352122201.html,included,
1086352086524,office-education,office,金属电容笔 铝杆触屏头手机触摸笔圆珠笔两用 双用触控礼品笔批发,Ballpoint Pen,"Ballpoint Pen. Confirm the selected model, size and included items before ordering.",CNY,1.59,0.23,https://detail.1688.com/offer/1086352086524.html,included,
1086352086473,office-education,office,喷胶按动铝杆笔可印刷logo创意学生金属圆珠笔多色按压跳动笔批发,Ballpoint Pen,"Ballpoint Pen. Confirm the selected model, size and included items before ordering.",CNY,1.79,0.26,https://detail.1688.com/offer/1086352086473.html,included,
1086352086447,office-education,office,流沙笔新款时尚金粉圆珠笔炫丽多彩流沙创意金属水晶礼品笔入油笔,Ballpoint Pen,"Ballpoint Pen. Confirm the selected model, size and included items before ordering.",CNY,2.83,0.41,https://detail.1688.com/offer/1086352086447.html,included,
1086352086419,office-education,office,多色包珍珠按动笔批发可爱珍珠少女心礼品广告笔学生金属圆珠笔,Ballpoint Pen,"Ballpoint Pen. Confirm the selected model, size and included items before ordering.",CNY,2.6,0.38,https://detail.1688.com/offer/1086352086419.html,included,
1086352086410,office-education,office,厂家供应水晶圆珠笔 广告水晶笔 新款钻石圆珠笔礼品笔可印刷LOGO,Ballpoint Pen,"Ballpoint Pen. Confirm the selected model, size and included items before ordering.",CNY,2.67,0.39,https://detail.1688.com/offer/1086352086410.html,included,
1086351386521,office-education,office,二线喷胶跳动笔批发可印刷logo金属铝杆喷胶按动圆珠笔广告礼品笔,Ballpoint Pen,"Ballpoint Pen. Confirm the selected model, size and included items before ordering.",CNY,1.05,0.15,https://detail.1688.com/offer/1086351386521.html,included,
1086351386259,office-education,office,二线圈按动铝杆笔可印logoUV电镀圆珠笔广告礼品笔酒店促销圆珠笔,Ballpoint Pen,"Ballpoint Pen. Confirm the selected model, size and included items before ordering.",CNY,1.25,0.18,https://detail.1688.com/offer/1086351386259.html,included,
1086349990619,office-education,office,现货按动圆珠笔批发多色金属圆珠笔办公书写文具礼品广告笔印logo,Ballpoint Pen,"Ballpoint Pen. Confirm the selected model, size and included items before ordering.",CNY,1.96,0.29,https://detail.1688.com/offer/1086349990619.html,included,
1086349690635,office-education,office,喷胶按动笔厂家批发可印刷logo办公学生广告礼品笔多色金属圆珠笔,Ballpoint Pen,"Ballpoint Pen. Confirm the selected model, size and included items before ordering.",CNY,0.93,0.14,https://detail.1688.com/offer/1086349690635.html,included,
1086349690365,office-education,office,红外线灯笔电子笔 多功能金属电容手机触屏圆珠笔 四合一LED灯笔,Ballpoint Pen,"Ballpoint Pen. Confirm the selected model, size and included items before ordering.",CNY,5.44,0.8,https://detail.1688.com/offer/1086349690365.html,included,
1086347578746,office-education,office,按动美极笔电容触屏笔可印logo铝杆圆珠笔广告礼品笔UV电镀美极笔,Novelty Pen,"Novelty Pen. Confirm the selected model, size and included items before ordering.",CNY,1.19,0.17,https://detail.1688.com/offer/1086347578746.html,included,
1086347578476,office-education,office,灯笔 现货批发触控圆珠笔LED灯多功能笔三合一可印刷logo金属灯笔,Ballpoint Pen,"Ballpoint Pen. Confirm the selected model, size and included items before ordering.",CNY,2.49,0.36,https://detail.1688.com/offer/1086347578476.html,included,
1086345754509,office-education,office,多功能金属灯笔 电容手写触屏笔创意LED圆珠笔广告礼品圆珠笔批发,Novelty Pen,"Novelty Pen. Confirm the selected model, size and included items before ordering.",CNY,3.06,0.45,https://detail.1688.com/offer/1086345754509.html,included,
1086345410532,office-education,office,按动触屏圆珠笔可雕刻logo办公文具学生广告礼品笔旋转陀螺减压笔,Ballpoint Pen,"Ballpoint Pen. Confirm the selected model, size and included items before ordering.",CNY,2.83,0.41,https://detail.1688.com/offer/1086345410532.html,included,
1086345410432,office-education,office,铝杆圆珠笔现货批发按压圆珠笔金属中油笔可印刷按动铝杆圆珠笔,Novelty Pen,"Novelty Pen. Confirm the selected model, size and included items before ordering.",CNY,1.04,0.15,https://detail.1688.com/offer/1086345410432.html,included,
1086344558889,office-education,office,四叶草diy空管圆珠笔厂家批发创意可印刷logo空杆笔diy空管圆珠笔,Ballpoint Pen,"Ballpoint Pen. Confirm the selected model, size and included items before ordering.",CNY,3.23,0.47,https://detail.1688.com/offer/1086344558889.html,included,
1086344522608,office-education,office,触摸圆珠笔 现货批发金属铝杆电容手写触屏两用金属电容笔触屏笔,Novelty Pen,"Novelty Pen. Confirm the selected model, size and included items before ordering.",CNY,0.94,0.14,https://detail.1688.com/offer/1086344522608.html,included,
1086344522607,office-education,office,触屏按动金属圆珠笔现货批发电容橡胶铝杆笔可印刷logo广告圆珠笔,Ballpoint Pen,"Ballpoint Pen. Confirm the selected model, size and included items before ordering.",CNY,1.02,0.15,https://detail.1688.com/offer/1086344522607.html,included,
1086344510769,office-education,office,金属LED灯笔 多功能触屏触控圆珠笔发光电容笔可印logo水晶灯笔,Ballpoint Pen,"Ballpoint Pen. Confirm the selected model, size and included items before ordering.",CNY,2.95,0.43,https://detail.1688.com/offer/1086344510769.html,included,
1086343598883,office-education,office,按动触屏笔厂家批发学生书写礼品广告圆珠笔可激光雕刻电容喷胶笔,Novelty Pen,"Novelty Pen. Confirm the selected model, size and included items before ordering.",CNY,0.83,0.12,https://detail.1688.com/offer/1086343598883.html,included,
1086343598669,office-education,office,厂家批发金属按动圆珠笔 笔杆定色转印花纹礼品广告笔印刷logo,Ballpoint Pen,"Ballpoint Pen. Confirm the selected model, size and included items before ordering.",CNY,3.4,0.5,https://detail.1688.com/offer/1086343598669.html,included,
1086343550957,office-education,office,热转印花膜圆珠笔创意学生少女旋转触屏水晶笔多色大理石纹金属笔,Ballpoint Pen,"Ballpoint Pen. Confirm the selected model, size and included items before ordering.",CNY,2.38,0.35,https://detail.1688.com/offer/1086343550957.html,included,
1086343322942,office-education,office,多功能发光圆珠笔 创意现货三合一LED灯笔金属电容广告触屏笔批发,Novelty Pen,"Novelty Pen. Confirm the selected model, size and included items before ordering.",CNY,2.67,0.39,https://detail.1688.com/offer/1086343322942.html,included,
1086343322897,office-education,office,LED灯笔 现货批发发光圆珠笔三合一电容笔白光笔可印刷触屏灯笔,Ballpoint Pen,"Ballpoint Pen. Confirm the selected model, size and included items before ordering.",CNY,2.49,0.36,https://detail.1688.com/offer/1086343322897.html,included,
1086343322679,office-education,office,按动金属圆珠笔批发可镭射logo学生书写礼品广告笔现货按压圆珠笔,Ballpoint Pen,"Ballpoint Pen. Confirm the selected model, size and included items before ordering.",CNY,1.61,0.24,https://detail.1688.com/offer/1086343322679.html,included,
1086341954775,office-education,office,贴纸无笔夹按动笔金属圆珠笔水晶贴贴笔按压中油笔白色圆珠笔现货,Novelty Pen,"Novelty Pen. Confirm the selected model, size and included items before ordering.",CNY,1.84,0.27,https://detail.1688.com/offer/1086341954775.html,included,
1086341286969,office-education,office,多色按动喷胶笔办公学生文具金属笔可印logo电容触屏圆珠笔铝杆笔,Ballpoint Pen,"Ballpoint Pen. Confirm the selected model, size and included items before ordering.",CNY,0.88,0.13,https://detail.1688.com/offer/1086341286969.html,included,
1086141113755,office-education,office,树枝圆珠笔木头铅笔原生原木材质树皮笔酒店广告礼品笔厂家批发,Ballpoint Pen,"Ballpoint Pen. Confirm the selected model, size and included items before ordering.",CNY,0.95,0.14,https://detail.1688.com/offer/1086141113755.html,included,
1086139353748,office-education,office,新款树枝圆珠笔木头铅笔原生原木材质树皮笔酒店广告礼品笔批发,Ballpoint Pen,"Ballpoint Pen. Confirm the selected model, size and included items before ordering.",CNY,0.95,0.14,https://detail.1688.com/offer/1086139353748.html,included,
1086139353747,office-education,office,创意树枝圆珠笔木头铅笔原生原木材质树皮笔酒店广告礼品笔批发,Ballpoint Pen,"Ballpoint Pen. Confirm the selected model, size and included items before ordering.",CNY,0.95,0.14,https://detail.1688.com/offer/1086139353747.html,included,
1086138757694,office-education,office,新款原木色树枝圆珠笔复古松木材质木质铅笔酒店促销广告礼品笔,Ballpoint Pen,"Ballpoint Pen. Confirm the selected model, size and included items before ordering.",CNY,0.95,0.14,https://detail.1688.com/offer/1086138757694.html,included,
1086137101952,office-education,office,树枝圆珠笔木头铅笔原生原木材质树皮笔酒店广告礼品笔厂家批发,Ballpoint Pen,"Ballpoint Pen. Confirm the selected model, size and included items before ordering.",CNY,0.95,0.14,https://detail.1688.com/offer/1086137101952.html,included,
1086133545957,office-education,office,创意原木色树枝圆珠笔复古原生原木材质铅笔酒店促销广告礼品笔,Ballpoint Pen,"Ballpoint Pen. Confirm the selected model, size and included items before ordering.",CNY,0.95,0.14,https://detail.1688.com/offer/1086133545957.html,included,
1086118640300,office-education,office,小高士塑料笔厂家批发多色旋转圆珠笔印刷logo酒店宣传广告礼品笔,Plastic Novelty Pen,"Plastic Novelty Pen. Listed features: plastic. Confirm the selected model, size and included items before ordering.",CNY,0.32,0.05,https://detail.1688.com/offer/1086118640300.html,included,
1086113912759,office-education,office,塑料小高士圆珠笔可印logo多色旋转圆珠笔酒店宣传促销广告礼品笔,Plastic Ballpoint Pen,"Plastic Ballpoint Pen. Listed features: plastic. Confirm the selected model, size and included items before ordering.",CNY,0.32,0.05,https://detail.1688.com/offer/1086113912759.html,included,
1085855316279,office-education,office,创意爱心水晶圆珠笔金属流沙旋转笔少女心ins风学生文具礼品批发,Ballpoint Pen,"Ballpoint Pen. Confirm the selected model, size and included items before ordering.",CNY,1.05,0.15,https://detail.1688.com/offer/1085855316279.html,included,
1085808591136,office-education,office,新款diy亮片串珠笔现货批发五角星爱心亮片串珠圆珠笔多色圆珠笔,Novelty Pen,"Novelty Pen. Confirm the selected model, size and included items before ordering.",CNY,1.08,0.16,https://detail.1688.com/offer/1085808591136.html,included,
1085710499207,office-education,office,跨境新款高尔夫球杆圆珠笔单支高尔夫球杆塑料造型笔高尔夫礼品笔,Plastic Novelty Pen,"Plastic Novelty Pen. Listed features: plastic. Confirm the selected model, size and included items before ordering.",CNY,0.61,0.09,https://detail.1688.com/offer/1085710499207.html,included,
1085710499196,office-education,office,登山扣四色跳动塑料圆珠笔便携随身口袋笔可印刷logo广告赠礼品笔,Plastic Portable Ballpoint Pen,"Plastic Portable Ballpoint Pen. Listed features: plastic, portable. Confirm the selected model, size and included items before ordering.",CNY,0.69,0.1,https://detail.1688.com/offer/1085710499196.html,included,
1085710499169,office-education,office,创意卡通小汽车圆珠笔可印刷logo个性塑料造型笔广告礼品笔宣传笔,Plastic Novelty Pen,"Plastic Novelty Pen. Listed features: plastic. Confirm the selected model, size and included items before ordering.",CNY,1.66,0.24,https://detail.1688.com/offer/1085710499169.html,included,
1085708395319,office-education,office,新款DIY转动中油圆珠笔便携式钥匙扣串珠笔手工装饰圆珠笔批发,Portable Novelty Pen,"Portable Novelty Pen. Listed features: portable. Confirm the selected model, size and included items before ordering.",CNY,1.7,0.25,https://detail.1688.com/offer/1085708395319.html,included,
1085707935131,office-education,office,卷纸小白笔diy手工按动圆珠笔内杆插纸简约高颜值学生塑料笔批发,Plastic Novelty Pen,"Plastic Novelty Pen. Listed features: plastic. Confirm the selected model, size and included items before ordering.",CNY,0.36,0.05,https://detail.1688.com/offer/1085707935131.html,included,
1085707211362,office-education,office,简约马卡龙色塑料笔学生考试刷题圆珠笔可印刷logo展会礼品广告笔,Plastic Novelty Pen,"Plastic Novelty Pen. Listed features: plastic. Confirm the selected model, size and included items before ordering.",CNY,0.49,0.07,https://detail.1688.com/offer/1085707211362.html,included,
1085704031509,office-education,office,厂家批发塑料按动圆珠笔可印logo小葫芦标枪广告笔细杆促销礼品笔,Plastic Ballpoint Pen,"Plastic Ballpoint Pen. Listed features: plastic. Confirm the selected model, size and included items before ordering.",CNY,0.31,0.05,https://detail.1688.com/offer/1085704031509.html,included,
1085701799655,office-education,office,跨境创意搞怪咸鱼造型圆珠笔海洋系列圆珠笔鱼类造型笔礼品闲鱼笔,Novelty Pen,"Novelty Pen. Confirm the selected model, size and included items before ordering.",CNY,1.13,0.17,https://detail.1688.com/offer/1085701799655.html,included,
1085701799373,office-education,office,新款水晶猫咪圆珠笔可印刷logo酒店宣传广告礼品笔创意多色水晶笔,Ballpoint Pen,"Ballpoint Pen. Confirm the selected model, size and included items before ordering.",CNY,0.87,0.13,https://detail.1688.com/offer/1085701799373.html,included,
1085699615704,office-education,office,新款多色旋动式扭扭爱心圆珠笔办公文具学生塑料笔广告礼品促销笔,Plastic Novelty Pen,"Plastic Novelty Pen. Listed features: plastic. Confirm the selected model, size and included items before ordering.",CNY,0.36,0.05,https://detail.1688.com/offer/1085699615704.html,included,
1085691279823,office-education,office,创意diy卷纸串珠笔 新款内杆插纸卷纸塑料圆珠笔批发旋动串珠笔,Plastic Novelty Pen,"Plastic Novelty Pen. Listed features: plastic. Confirm the selected model, size and included items before ordering.",CNY,1.36,0.2,https://detail.1688.com/offer/1085691279823.html,included,
1085477607173,office-education,office,时尚水晶笔创意花笔夹金属圆珠笔批发多色旋动礼品广告笔印刷logo,Ballpoint Pen,"Ballpoint Pen. Confirm the selected model, size and included items before ordering.",CNY,3.51,0.51,https://detail.1688.com/offer/1085477607173.html,included,
1085474047016,office-education,office,按动金属铝杆笔喷胶圆珠笔可印logo激光刻字广告礼品笔商务圆珠笔,Ballpoint Pen,"Ballpoint Pen. Confirm the selected model, size and included items before ordering.",CNY,1.81,0.26,https://detail.1688.com/offer/1085474047016.html,included,
1085471759125,office-education,office,按动圆珠笔现货批发铝杆笔触控广告笔金属笔可印刷logo按压铝杆笔,Ballpoint Pen,"Ballpoint Pen. Confirm the selected model, size and included items before ordering.",CNY,1.39,0.2,https://detail.1688.com/offer/1085471759125.html,included,
1085462067423,office-education,office,现货创意金属圆珠笔 商务金属笔 触屏金属圆珠笔 广告礼品笔印刷,Ballpoint Pen,"Ballpoint Pen. Confirm the selected model, size and included items before ordering.",CNY,3.63,0.53,https://detail.1688.com/offer/1085462067423.html,included,
1085459323570,office-education,office,多色圆珠笔现货批发办公文具商务酒店笔可印刷LOGO广告金属圆珠笔,Ballpoint Pen,"Ballpoint Pen. Confirm the selected model, size and included items before ordering.",CNY,1.75,0.26,https://detail.1688.com/offer/1085459323570.html,included,
1085457823594,office-education,office,铝杆按动笔现货批发办公文具多色创意喷胶笔可刻字logo广告礼品笔,Ballpoint Pen,"Ballpoint Pen. Confirm the selected model, size and included items before ordering.",CNY,1.76,0.26,https://detail.1688.com/offer/1085457823594.html,included,
1085457823582,office-education,office,红外线灯笔 现货批发多功能金属电容圆珠笔铁盒装四合一LED灯笔,Ballpoint Pen,"Ballpoint Pen. Confirm the selected model, size and included items before ordering.",CNY,6.57,0.96,https://detail.1688.com/offer/1085457823582.html,included,
1085456035720,office-education,office,创意纯色触屏金属笔 商务办公文教广告圆珠笔 金属圆珠笔印制LOGO,Ballpoint Pen,"Ballpoint Pen. Confirm the selected model, size and included items before ordering.",CNY,2.49,0.36,https://detail.1688.com/offer/1085456035720.html,included,
1085453691669,office-education,office,学生创意LED灯发光圆珠笔 商务办公文具触屏金属圆珠笔 印刷LOGO,Ballpoint Pen,"Ballpoint Pen. Confirm the selected model, size and included items before ordering.",CNY,3.51,0.51,https://detail.1688.com/offer/1085453691669.html,included,
1085453511784,office-education,office,按动圆珠笔现货批发金粉圆珠笔创意礼品可印刷logo广告圆珠笔,Ballpoint Pen,"Ballpoint Pen. Confirm the selected model, size and included items before ordering.",CNY,1.87,0.27,https://detail.1688.com/offer/1085453511784.html,included,
1085453511749,office-education,office,铝杆按动圆珠笔厂家批发可雕刻logo多色金属圆珠笔酒店促销礼品笔,Ballpoint Pen,"Ballpoint Pen. Confirm the selected model, size and included items before ordering.",CNY,1.31,0.19,https://detail.1688.com/offer/1085453511749.html,included,
1085453511499,office-education,office,厂家直销网红指尖陀螺旋转减压笔创意塑料圆珠笔发光玩具笔礼品笔,Plastic Ballpoint Pen,"Plastic Ballpoint Pen. Listed features: plastic. Confirm the selected model, size and included items before ordering.",CNY,1.96,0.29,https://detail.1688.com/offer/1085453511499.html,included,
1085451343871,office-education,office,铝杆圆珠笔现货批发商务礼品广告金属中油笔可印刷按动铝杆圆珠笔,Novelty Pen,"Novelty Pen. Confirm the selected model, size and included items before ordering.",CNY,1.59,0.23,https://detail.1688.com/offer/1085451343871.html,included,
1085450855905,office-education,office,糖果色按动金属笔可刻字logo办公学生按压式圆珠笔新款多色圆珠笔,Ballpoint Pen,"Ballpoint Pen. Confirm the selected model, size and included items before ordering.",CNY,2.61,0.38,https://detail.1688.com/offer/1085450855905.html,included,
1085450855895,office-education,office,金属按动笔铝杆笔彩色按压圆珠笔刻字logo宣传广告礼品笔厂家批发,Ballpoint Pen,"Ballpoint Pen. Confirm the selected model, size and included items before ordering.",CNY,1.36,0.2,https://detail.1688.com/offer/1085450855895.html,included,
1085450371982,office-education,office,厂家批发入油金属笔创意圆珠笔商务水晶笔印刷logo水晶笔批发,Ballpoint Pen,"Ballpoint Pen. Confirm the selected model, size and included items before ordering.",CNY,2.95,0.43,https://detail.1688.com/offer/1085450371982.html,included,
1085450371921,office-education,office,新款灯笔 现货触控圆珠笔LED灯多功能笔三合一可印刷logo金属灯笔,Ballpoint Pen,"Ballpoint Pen. Confirm the selected model, size and included items before ordering.",CNY,4.53,0.66,https://detail.1688.com/offer/1085450371921.html,included,
1085443707394,office-education,office,金属按动笔铝杆笔美极笔电容触控圆珠笔手写触屏笔印刷logo礼品笔,Novelty Pen,"Novelty Pen. Confirm the selected model, size and included items before ordering.",CNY,0.89,0.13,https://detail.1688.com/offer/1085443707394.html,included,
1085364018279,office-education,office,现货方形木质尺子笔二合一刻度尺圆珠笔可印刷logo原木广告礼品笔,Ballpoint Pen,"Ballpoint Pen. Confirm the selected model, size and included items before ordering.",CNY,1,0.15,https://detail.1688.com/offer/1085364018279.html,included,
1085353270017,office-education,office,现货木质圆珠笔带刻度尺方形木质尺子笔可印刷logo原木广告礼品笔,Ballpoint Pen,"Ballpoint Pen. Confirm the selected model, size and included items before ordering.",CNY,1,0.15,https://detail.1688.com/offer/1085353270017.html,included,
1085351398691,office-education,office,方形木质刻度尺圆珠笔环保原木材质圆珠笔可印logo原木广告礼品笔,Ballpoint Pen,"Ballpoint Pen. Confirm the selected model, size and included items before ordering.",CNY,1,0.15,https://detail.1688.com/offer/1085351398691.html,included,
1085342670291,office-education,office,新款木质圆珠笔带刻度尺方形木质尺子笔可印刷logo原木广告礼品笔,Ballpoint Pen,"Ballpoint Pen. Confirm the selected model, size and included items before ordering.",CNY,1.13,0.17,https://detail.1688.com/offer/1085342670291.html,included,
1085339166496,office-education,office,厂家供应木质圆珠笔带刻度尺四方原木笔可印刷logo企业广告礼品笔,Ballpoint Pen,"Ballpoint Pen. Confirm the selected model, size and included items before ordering.",CNY,1,0.15,https://detail.1688.com/offer/1085339166496.html,included,
1085098922013,office-education,office,创意原木色树枝圆珠笔复古原生原木材质铅笔酒店促销广告礼品笔,Ballpoint Pen,"Ballpoint Pen. Confirm the selected model, size and included items before ordering.",CNY,0.95,0.14,https://detail.1688.com/offer/1085098922013.html,included,
1085092329530,office-education,office,小高士塑料笔多色旋转圆珠笔可印刷logo酒店宣传促销笔广告礼品笔,Plastic Novelty Pen,"Plastic Novelty Pen. Listed features: plastic. Confirm the selected model, size and included items before ordering.",CNY,0.32,0.05,https://detail.1688.com/offer/1085092329530.html,included,
1085082394830,office-education,office,厂家批发原木色树枝圆珠笔复古松木材质木质铅笔促销广告礼品笔,Ballpoint Pen,"Ballpoint Pen. Confirm the selected model, size and included items before ordering.",CNY,0.95,0.14,https://detail.1688.com/offer/1085082394830.html,included,
1085074217614,office-education,office,高士塑料笔批发可印logo多色旋转圆珠笔酒店宣传促销笔广告礼品笔,Plastic Novelty Pen,"Plastic Novelty Pen. Listed features: plastic. Confirm the selected model, size and included items before ordering.",CNY,0.32,0.05,https://detail.1688.com/offer/1085074217614.html,included,
1085051781966,office-education,office,创意米奇头葡萄球中性笔0.5mm彩色按动水笔少女心学生文具批发,Gel Pen,"Gel Pen. Confirm the selected model, size and included items before ordering.",CNY,1.15,0.17,https://detail.1688.com/offer/1085051781966.html,included,
1084832915121,office-education,office,30mm马卡龙色磁粒磁铁磁钉办公文教磁吸强磁大号单面数字透明笑脸,Office Magnets,"Office Magnets. Confirm the selected model, size and included items before ordering.",CNY,4.5,0.66,https://detail.1688.com/offer/1084832915121.html,included,
1084464347701,office-education,office,新款木质刻度尺圆珠笔环保原木材质圆珠笔可印logo原木广告礼品笔,Ballpoint Pen,"Ballpoint Pen. Confirm the selected model, size and included items before ordering.",CNY,1,0.15,https://detail.1688.com/offer/1084464347701.html,included,
1084462901471,office-education,office,按动蕾丝圆珠笔办公学生文具金属圆珠笔可镭射logo酒店广告礼品笔,Ballpoint Pen,"Ballpoint Pen. Confirm the selected model, size and included items before ordering.",CNY,1.9,0.28,https://detail.1688.com/offer/1084462901471.html,included,
1084393727628,office-education,office,新款原木色树枝圆珠笔复古松木材质木质铅笔酒店促销广告礼品笔,Ballpoint Pen,"Ballpoint Pen. Confirm the selected model, size and included items before ordering.",CNY,0.95,0.14,https://detail.1688.com/offer/1084393727628.html,included,
1084220652723,office-education,office,创意原木色树枝圆珠笔复古松木材质木质铅笔酒店促销广告礼品笔,Ballpoint Pen,"Ballpoint Pen. Confirm the selected model, size and included items before ordering.",CNY,0.89,0.13,https://detail.1688.com/offer/1084220652723.html,included,
1084194435435,office-education,office,现货树枝圆珠笔木头铅笔原生原木材质树皮笔酒店广告礼品笔批发,Ballpoint Pen,"Ballpoint Pen. Confirm the selected model, size and included items before ordering.",CNY,0.95,0.14,https://detail.1688.com/offer/1084194435435.html,included,
1084192591963,office-education,office,现货原木色树枝圆珠笔复古松木材质木质铅笔酒店促销广告礼品笔,Ballpoint Pen,"Ballpoint Pen. Confirm the selected model, size and included items before ordering.",CNY,0.95,0.14,https://detail.1688.com/offer/1084192591963.html,included,
1084020286645,office-education,office,新款塑料小高士笔印logo多色旋转圆珠笔酒店宣传促销笔广告礼品笔,Plastic Ballpoint Pen,"Plastic Ballpoint Pen. Listed features: plastic. Confirm the selected model, size and included items before ordering.",CNY,0.32,0.05,https://detail.1688.com/offer/1084020286645.html,included,
1084019258674,office-education,office,新款塑料小高士笔可印logo多色旋转圆珠笔酒店宣传广告礼品笔批发,Plastic Ballpoint Pen,"Plastic Ballpoint Pen. Listed features: plastic. Confirm the selected model, size and included items before ordering.",CNY,0.32,0.05,https://detail.1688.com/offer/1084019258674.html,included,
1083971614942,office-education,office,厂家新PP料垫板耐磨软广告垫板A4塑料垫板学习办公文教用品批发,Plastic Writing Clipboard,"Plastic Writing Clipboard. Listed features: plastic. Confirm the selected model, size and included items before ordering.",CNY,4.29,0.63,https://detail.1688.com/offer/1083971614942.html,included,
1083861853429,office-education,office,高颜值渐变喷胶笔可印logo办公学生文具圆珠笔酒店会议宣传礼品笔,Ballpoint Pen,"Ballpoint Pen. Confirm the selected model, size and included items before ordering.",CNY,0.41,0.06,https://detail.1688.com/offer/1083861853429.html,included,
1083599616250,office-education,office,登山扣四色跳动塑料圆珠笔方便携带随身口袋笔可印刷logo广告赠礼,Plastic Portable Ballpoint Pen,"Plastic Portable Ballpoint Pen. Listed features: plastic, portable. Confirm the selected model, size and included items before ordering.",CNY,0.79,0.12,https://detail.1688.com/offer/1083599616250.html,included,
1083477928653,office-education,office,按动喷胶圆珠笔办公文具学生广告礼品笔旋转陀螺减压笔电容触屏笔,Novelty Pen,"Novelty Pen. Confirm the selected model, size and included items before ordering.",CNY,2.5,0.37,https://detail.1688.com/offer/1083477928653.html,included,
1083356615294,office-education,office,八线圈电容触屏圆珠笔可镭射logo旋转出芯金属笔酒店会议礼品笔,Ballpoint Pen,"Ballpoint Pen. Confirm the selected model, size and included items before ordering.",CNY,0.94,0.14,https://detail.1688.com/offer/1083356615294.html,included,
1083242253290,office-education,office,创意原木色树枝圆珠笔复古原生原木材质铅笔酒店促销广告礼品笔,Ballpoint Pen,"Ballpoint Pen. Confirm the selected model, size and included items before ordering.",CNY,0.89,0.13,https://detail.1688.com/offer/1083242253290.html,included,
1083237009777,office-education,office,现货树枝圆珠笔木头铅笔原生原木材质树皮笔酒店广告礼品笔批发,Ballpoint Pen,"Ballpoint Pen. Confirm the selected model, size and included items before ordering.",CNY,0.89,0.13,https://detail.1688.com/offer/1083237009777.html,included,
1083064025315,office-education,office,厂家现货树枝圆珠笔木头铅笔原生原木材质树皮笔酒店广告礼品笔,Ballpoint Pen,"Ballpoint Pen. Confirm the selected model, size and included items before ordering.",CNY,0.89,0.13,https://detail.1688.com/offer/1083064025315.html,included,
1083061413949,office-education,office,跨境创意树枝圆珠笔木头铅笔原生原木材质树皮笔酒店广告礼品笔,Ballpoint Pen,"Ballpoint Pen. Confirm the selected model, size and included items before ordering.",CNY,0.89,0.13,https://detail.1688.com/offer/1083061413949.html,included,
1083057345695,office-education,office,跨境创意树枝圆珠笔木头铅笔原生原木材质树皮笔酒店广告礼品笔,Ballpoint Pen,"Ballpoint Pen. Confirm the selected model, size and included items before ordering.",CNY,0.89,0.13,https://detail.1688.com/offer/1083057345695.html,included,
1083054805911,office-education,office,创意原木色树枝圆珠笔复古松木材质木质铅笔酒店促销广告礼品笔,Ballpoint Pen,"Ballpoint Pen. Confirm the selected model, size and included items before ordering.",CNY,0.89,0.13,https://detail.1688.com/offer/1083054805911.html,included,
1082932588057,office-education,office,创意diy空管串珠笔新款DIY手工制作串珠圆珠笔塑料空管串珠圆珠笔,Plastic Novelty Pen,"Plastic Novelty Pen. Listed features: plastic. Confirm the selected model, size and included items before ordering.",CNY,0.63,0.09,https://detail.1688.com/offer/1082932588057.html,included,
1082932568060,office-education,office,跨境diy串珠笔现货批发创意复古花朵串珠圆珠笔可爱少女心塑料笔,Plastic Novelty Pen,"Plastic Novelty Pen. Listed features: plastic. Confirm the selected model, size and included items before ordering.",CNY,2.6,0.38,https://detail.1688.com/offer/1082932568060.html,included,
1082932316027,office-education,office,现货创意diy爱心串珠圆珠笔手工镶钻串珠笔旋动多色珠子笔塑料笔,Plastic Novelty Pen,"Plastic Novelty Pen. Listed features: plastic. Confirm the selected model, size and included items before ordering.",CNY,3.8,0.56,https://detail.1688.com/offer/1082932316027.html,included,
1082931980069,office-education,office,DIY钥匙扣串珠笔 创意手机壳耳机套挂件钥匙扣 金属钥匙扣串珠笔,Novelty Pen,"Novelty Pen. Confirm the selected model, size and included items before ordering.",CNY,1.5,0.22,https://detail.1688.com/offer/1082931980069.html,included,
1082931980055,office-education,office,现货diy触屏串珠笔三合一串珠圆珠笔创意多功能广告礼品笔塑料笔,Plastic Novelty Pen,"Plastic Novelty Pen. Listed features: plastic. Confirm the selected model, size and included items before ordering.",CNY,0.66,0.1,https://detail.1688.com/offer/1082931980055.html,included,
1082931468122,office-education,office,diy玫瑰花串珠笔创意手工贴贴圆珠笔可爱少女心塑料笔广告礼品笔,Plastic Novelty Pen,"Plastic Novelty Pen. Listed features: plastic. Confirm the selected model, size and included items before ordering.",CNY,2.1,0.31,https://detail.1688.com/offer/1082931468122.html,included,
1082930800182,office-education,office,创意diy串珠笔现货批发塑料串珠笔可印logo新款UV渐变串珠圆珠笔,Plastic Novelty Pen,"Plastic Novelty Pen. Listed features: plastic. Confirm the selected model, size and included items before ordering.",CNY,1.35,0.2,https://detail.1688.com/offer/1082930800182.html,included,
1082930800171,office-education,office,创意DIY星空串珠笔 UV电镀串珠圆珠笔多色高颜值星辰渐变串珠笔,Novelty Pen,"Novelty Pen. Confirm the selected model, size and included items before ordering.",CNY,1.55,0.23,https://detail.1688.com/offer/1082930800171.html,included,
1082927252402,office-education,office,环保麦秸杆串珠笔创意多色diy串珠笔 麦秸材质卡通萌粒笔现货批发,Novelty Pen,"Novelty Pen. Confirm the selected model, size and included items before ordering.",CNY,0.49,0.07,https://detail.1688.com/offer/1082927252402.html,included,
1082925492498,office-education,office,新款四色塑料串珠笔现货四合一diy串珠圆珠笔学生多色按动手账笔,Plastic Novelty Pen,"Plastic Novelty Pen. Listed features: plastic. Confirm the selected model, size and included items before ordering.",CNY,0.44,0.06,https://detail.1688.com/offer/1082925492498.html,included,
1082923808714,office-education,office,新款diy水晶碎石串珠笔创意手工贴贴圆珠笔多色珠子笔广告礼品笔,Novelty Pen,"Novelty Pen. Confirm the selected model, size and included items before ordering.",CNY,1.9,0.28,https://detail.1688.com/offer/1082923808714.html,included,
1082923808704,office-education,office,创意diy易拉扣串珠笔圆形塑料易拉得易拉扣串珠圆珠笔伸缩易拉扣,Plastic Telescopic Novelty Pen,"Plastic Telescopic Novelty Pen. Listed features: plastic, telescopic. Confirm the selected model, size and included items before ordering.",CNY,1.5,0.22,https://detail.1688.com/offer/1082923808704.html,included,
1082921668986,office-education,office,新款diy亮片串珠笔现货批发五角星爱心亮片串珠圆珠笔多色圆珠笔,Novelty Pen,"Novelty Pen. Confirm the selected model, size and included items before ordering.",CNY,0.95,0.14,https://detail.1688.com/offer/1082921668986.html,included,
1082921476764,office-education,office,diy镶钻串珠笔创意手工贴贴满钻串珠圆珠笔多色转动珠子笔塑料笔,Plastic Novelty Pen,"Plastic Novelty Pen. Listed features: plastic. Confirm the selected model, size and included items before ordering.",CNY,2.94,0.43,https://detail.1688.com/offer/1082921476764.html,included,
1082920020882,office-education,office,diy新款护士节串珠笔创意手工制作印花多色串珠圆珠笔塑料串珠笔,Plastic Novelty Pen,"Plastic Novelty Pen. Listed features: plastic. Confirm the selected model, size and included items before ordering.",CNY,0.93,0.14,https://detail.1688.com/offer/1082920020882.html,included,
1082920020880,office-education,office,跨境热升华金属圆珠笔diy热转印花膜圆珠笔现货批发旋动串珠笔,Novelty Pen,"Novelty Pen. Confirm the selected model, size and included items before ordering.",CNY,1.8,0.26,https://detail.1688.com/offer/1082920020880.html,included,
1082917192851,office-education,office,串珠笔 现货批发创意diy塑料串珠笔圆珠笔可印刷塑料串珠圆珠笔,Plastic Novelty Pen,"Plastic Novelty Pen. Listed features: plastic. Confirm the selected model, size and included items before ordering.",CNY,0.46,0.07,https://detail.1688.com/offer/1082917192851.html,included,
1082778366026,office-education,office,新款喷胶渐变按动笔可印logo多色高颜值塑料笔酒店会议宣传礼品笔,Plastic Novelty Pen,"Plastic Novelty Pen. Listed features: plastic. Confirm the selected model, size and included items before ordering.",CNY,0.41,0.06,https://detail.1688.com/offer/1082778366026.html,included,
1082774202782,office-education,office,喷胶渐变塑料笔可印刷logo促销宣传广告礼品笔简约多色按动笔批发,Plastic Novelty Pen,"Plastic Novelty Pen. Listed features: plastic. Confirm the selected model, size and included items before ordering.",CNY,0.41,0.06,https://detail.1688.com/offer/1082774202782.html,included,
1082341456917,office-education,office,按动喷胶圆珠笔办公文具学生广告礼品笔旋转陀螺减压笔电容触屏笔,Novelty Pen,"Novelty Pen. Confirm the selected model, size and included items before ordering.",CNY,2.5,0.37,https://detail.1688.com/offer/1082341456917.html,included,
1082183702581,office-education,office,创意树枝圆珠笔木头铅笔原生原木材质树皮笔酒店广告礼品笔批发,Ballpoint Pen,"Ballpoint Pen. Confirm the selected model, size and included items before ordering.",CNY,0.89,0.13,https://detail.1688.com/offer/1082183702581.html,included,
1081919593011,office-education,office,创意四色串珠笔多色笔芯划重点标记按动塑料笔diy串珠圆珠笔批发,Plastic Novelty Pen,"Plastic Novelty Pen. Listed features: plastic. Confirm the selected model, size and included items before ordering.",CNY,0.63,0.09,https://detail.1688.com/offer/1081919593011.html,included,
1081912821465,office-education,office,新款DIY毛球串珠笔创意四合一按动手账笔现货批发四色毛球塑料笔,Plastic Novelty Pen,"Plastic Novelty Pen. Listed features: plastic. Confirm the selected model, size and included items before ordering.",CNY,1.45,0.21,https://detail.1688.com/offer/1081912821465.html,included,
1081912105586,office-education,office,新款diy串珠笔现货批发创意满天星水钻笔砂糖串珠笔多色珠子笔,Novelty Pen,"Novelty Pen. Confirm the selected model, size and included items before ordering.",CNY,1.1,0.16,https://detail.1688.com/offer/1081912105586.html,included,
1081910153694,office-education,office,diy钻石串珠笔手工贴贴镶钻串珠圆珠笔创意水钻笔彩色满钻珠子笔,Novelty Pen,"Novelty Pen. Confirm the selected model, size and included items before ordering.",CNY,1.1,0.16,https://detail.1688.com/offer/1081910153694.html,included,
1081907161895,office-education,office,现货diy砂糖串珠笔高颜值卡通创意四色按动笔塑料串珠圆珠笔批发,Plastic Novelty Pen,"Plastic Novelty Pen. Listed features: plastic. Confirm the selected model, size and included items before ordering.",CNY,1.8,0.26,https://detail.1688.com/offer/1081907161895.html,included,
1081906865862,office-education,office,新款卡通毛球串珠笔可爱风毛茸茸塑料串珠圆珠笔多色旋转圆珠笔,Plastic Novelty Pen,"Plastic Novelty Pen. Listed features: plastic. Confirm the selected model, size and included items before ordering.",CNY,0.68,0.1,https://detail.1688.com/offer/1081906865862.html,included,
1081906389987,office-education,office,创意DIY满钻串珠圆珠笔手工贴多色塑料串珠圆珠笔多色转动珠子笔,Plastic Ballpoint Pen,"Plastic Ballpoint Pen. Listed features: plastic. Confirm the selected model, size and included items before ordering.",CNY,2.94,0.43,https://detail.1688.com/offer/1081906389987.html,included,
1081906389948,office-education,office,新款diy串珠笔现货批发创意满天星水钻笔砂糖串珠笔多色珠子笔,Novelty Pen,"Novelty Pen. Confirm the selected model, size and included items before ordering.",CNY,1.5,0.22,https://detail.1688.com/offer/1081906389948.html,included,
1081906297930,office-education,office,DIY钥匙扣串珠笔可印logo办公学生书写塑料圆珠笔酒店宣传促销笔,Plastic Novelty Pen,"Plastic Novelty Pen. Listed features: plastic. Confirm the selected model, size and included items before ordering.",CNY,1.5,0.22,https://detail.1688.com/offer/1081906297930.html,included,
1081906121951,office-education,office,新款DIY珍珠串珠笔多色塑料串珠圆珠笔手工镶钻镶珍珠串珠笔批发,Plastic Novelty Pen,"Plastic Novelty Pen. Listed features: plastic. Confirm the selected model, size and included items before ordering.",CNY,3.8,0.56,https://detail.1688.com/offer/1081906121951.html,included,
1081906121947,office-education,office,新款diy钥匙扣串珠笔可印logo旋转糖果色迷你笔塑料钥匙扣圆珠笔,Plastic Novelty Pen,"Plastic Novelty Pen. Listed features: plastic. Confirm the selected model, size and included items before ordering.",CNY,1.3,0.19,https://detail.1688.com/offer/1081906121947.html,included,
1081894759025,office-education,office,喷胶渐变按动笔可印logo多色高颜值塑料笔酒店会议宣传礼品笔批发,Plastic Novelty Pen,"Plastic Novelty Pen. Listed features: plastic. Confirm the selected model, size and included items before ordering.",CNY,0.41,0.06,https://detail.1688.com/offer/1081894759025.html,included,
1081872505472,office-education,office,新款喷胶按动触屏笔可雕刻logo办公文具学生减压笔旋转陀螺圆珠笔,Novelty Pen,"Novelty Pen. Confirm the selected model, size and included items before ordering.",CNY,2.5,0.37,https://detail.1688.com/offer/1081872505472.html,included,
1081871363507,office-education,office,吸铁石按压圆珠笔方便吸附收纳高颜值性价比多色钢珠笔,Ballpoint Pen,"Ballpoint Pen. Confirm the selected model, size and included items before ordering.",CNY,0.6,0.09,https://detail.1688.com/offer/1081871363507.html,included,
1081870105646,office-education,office,多色按动喷胶笔批发办公文具学生减压笔旋转陀螺圆珠笔电容触屏笔,Novelty Pen,"Novelty Pen. Confirm the selected model, size and included items before ordering.",CNY,2.5,0.37,https://detail.1688.com/offer/1081870105646.html,included,
1081865231849,office-education,office,塑料喷胶渐变圆珠笔可印刷logo办公学生文具书写笔促销广告礼品笔,Plastic Ballpoint Pen,"Plastic Ballpoint Pen. Listed features: plastic. Confirm the selected model, size and included items before ordering.",CNY,0.41,0.06,https://detail.1688.com/offer/1081865231849.html,included,
1081832589475,office-education,office,多色按动喷胶笔批发办公文具学生减压笔旋转陀螺圆珠笔电容触屏笔,Novelty Pen,"Novelty Pen. Confirm the selected model, size and included items before ordering.",CNY,2.5,0.37,https://detail.1688.com/offer/1081832589475.html,included,
1081726240664,office-education,office,美极笔按动铝杆喷胶金属触屏圆珠笔刻字印logo彩色电容圆珠笔批发,Ballpoint Pen,"Ballpoint Pen. Confirm the selected model, size and included items before ordering.",CNY,0.89,0.13,https://detail.1688.com/offer/1081726240664.html,included,
1081407638054,office-education,office,按动喷胶圆珠笔办公文具学生广告礼品笔旋转陀螺减压笔电容触屏笔,Novelty Pen,"Novelty Pen. Confirm the selected model, size and included items before ordering.",CNY,2.5,0.37,https://detail.1688.com/offer/1081407638054.html,included,
1081400518754,office-education,office,按动喷胶圆珠笔办公文具学生广告礼品笔旋转陀螺减压笔电容触屏笔,Novelty Pen,"Novelty Pen. Confirm the selected model, size and included items before ordering.",CNY,2.5,0.37,https://detail.1688.com/offer/1081400518754.html,included,
1081386008735,office-education,office,新款万圣节圆珠笔火鸡骷髅头蝙蝠南瓜造型笔雪花积木枫叶圆珠笔,Novelty Pen,"Novelty Pen. Confirm the selected model, size and included items before ordering.",CNY,0.4,0.06,https://detail.1688.com/offer/1081386008735.html,included,
1081374101214,office-education,office,按动喷胶圆珠笔可镭射logo多色铝杆电容触屏笔新款旋转陀螺减压笔,Novelty Pen,"Novelty Pen. Confirm the selected model, size and included items before ordering.",CNY,2.5,0.37,https://detail.1688.com/offer/1081374101214.html,included,
1081350417207,office-education,office,按动喷胶圆珠笔办公学生文具广告礼品笔电容触屏笔旋转陀螺减压笔,Novelty Pen,"Novelty Pen. Confirm the selected model, size and included items before ordering.",CNY,2.5,0.37,https://detail.1688.com/offer/1081350417207.html,included,
1081343969546,office-education,office,按动喷胶笔可印logo办公文具学生减压笔旋转陀螺圆珠笔电容触屏笔,Novelty Pen,"Novelty Pen. Confirm the selected model, size and included items before ordering.",CNY,2.5,0.37,https://detail.1688.com/offer/1081343969546.html,included,
1081336761249,office-education,office,新款喷胶按动触屏笔可雕刻logo学生书写礼品广告笔旋转陀螺减压笔,Novelty Pen,"Novelty Pen. Confirm the selected model, size and included items before ordering.",CNY,2.5,0.37,https://detail.1688.com/offer/1081336761249.html,included,
1081296639743,office-education,office,现货原木色树枝圆珠笔复古松木材质木质铅笔酒店促销广告礼品笔,Ballpoint Pen,"Ballpoint Pen. Confirm the selected model, size and included items before ordering.",CNY,0.89,0.13,https://detail.1688.com/offer/1081296639743.html,included,
1081136284582,office-education,office,现货按动美极笔手写触屏笔金属铝杆笔可印logo彩色电容圆珠笔批发,Novelty Pen,"Novelty Pen. Confirm the selected model, size and included items before ordering.",CNY,0.89,0.13,https://detail.1688.com/offer/1081136284582.html,included,
1081125659356,office-education,office,创意树枝圆珠笔木头铅笔原生原木材质树皮笔酒店广告礼品笔批发,Ballpoint Pen,"Ballpoint Pen. Confirm the selected model, size and included items before ordering.",CNY,0.89,0.13,https://detail.1688.com/offer/1081125659356.html,included,
1081108696618,office-education,office,白色美极笔手写触屏笔金属铝杆笔可印logo按动彩色电容圆珠笔批发,Novelty Pen,"Novelty Pen. Confirm the selected model, size and included items before ordering.",CNY,0.89,0.13,https://detail.1688.com/offer/1081108696618.html,included,
1081104388656,office-education,office,新款按动白色美极笔铝杆喷胶金属触屏笔可印刷logo彩色电容圆珠笔,Novelty Pen,"Novelty Pen. Confirm the selected model, size and included items before ordering.",CNY,0.89,0.13,https://detail.1688.com/offer/1081104388656.html,included,
1081085184977,office-education,office,现货美极笔按动铝杆喷胶金属触屏圆珠笔可刻字logo彩色电容圆珠笔,Ballpoint Pen,"Ballpoint Pen. Confirm the selected model, size and included items before ordering.",CNY,0.89,0.13,https://detail.1688.com/offer/1081085184977.html,included,
1080863978366,office-education,office,DIY串珠笔专用加长不锈钢棒现货速发个性跨境串珠笔穿珠替换铁丝,Stainless Steel Pen Craft Components,"Stainless Steel Pen Craft Components. Listed features: stainless steel. Confirm the selected model, size and included items before ordering.",CNY,0.06,0.01,https://detail.1688.com/offer/1080863978366.html,included,
1080862646005,office-education,office,跨境diy七彩珍珠钻串珠笔手工贴贴珍珠圆珠笔可爱少女心塑料笔,Plastic Novelty Pen,"Plastic Novelty Pen. Listed features: plastic. Confirm the selected model, size and included items before ordering.",CNY,1.15,0.17,https://detail.1688.com/offer/1080862646005.html,included,
1080861422102,office-education,office,创意DIY条纹满钻串珠笔多色塑料串珠圆珠笔手工贴贴镶钻串珠笔,Plastic Novelty Pen,"Plastic Novelty Pen. Listed features: plastic. Confirm the selected model, size and included items before ordering.",CNY,3.2,0.47,https://detail.1688.com/offer/1080861422102.html,included,
1080860898135,office-education,office,跨境diy串珠圆珠笔可印logo办公学生便携式口袋笔迷你金属圆珠笔,Portable Ballpoint Pen,"Portable Ballpoint Pen. Listed features: portable. Confirm the selected model, size and included items before ordering.",CNY,2.75,0.4,https://detail.1688.com/offer/1080860898135.html,included,
1080860858134,office-education,office,新款diy长款串珠笔 马卡龙色系直筒转动圆珠笔塑料广告礼品笔批发,Plastic Novelty Pen,"Plastic Novelty Pen. Listed features: plastic. Confirm the selected model, size and included items before ordering.",CNY,0.42,0.06,https://detail.1688.com/offer/1080860858134.html,included,
1080858834513,office-education,office,DIY满钻串珠笔多色塑料串珠圆珠笔现货手工贴贴镶钻串珠笔批发,Plastic Novelty Pen,"Plastic Novelty Pen. Listed features: plastic. Confirm the selected model, size and included items before ordering.",CNY,2.65,0.39,https://detail.1688.com/offer/1080858834513.html,included,
1080858438332,office-education,office,跨境塑料串珠笔批发学生创意手工diy圆珠笔UV渐变新款串珠笔批发,Plastic Novelty Pen,"Plastic Novelty Pen. Listed features: plastic. Confirm the selected model, size and included items before ordering.",CNY,1.1,0.16,https://detail.1688.com/offer/1080858438332.html,included,
1080857894330,office-education,office,跨境diy豹纹串珠笔手工创意贴钻镶钻串珠笔多色满钻塑料圆珠笔,Plastic Novelty Pen,"Plastic Novelty Pen. Listed features: plastic. Confirm the selected model, size and included items before ordering.",CNY,4.1,0.6,https://detail.1688.com/offer/1080857894330.html,included,
1080857698342,office-education,office,多功能金属工具笔 创意diy串珠工具笔 五合一刻度尺螺丝刀圆珠笔,Ballpoint Pen,"Ballpoint Pen. Confirm the selected model, size and included items before ordering.",CNY,4.95,0.72,https://detail.1688.com/offer/1080857698342.html,included,
1080857698336,office-education,office,创意diy塑料串珠笔新款四叶草系列串珠圆珠笔现货批发印花串珠笔,Plastic Novelty Pen,"Plastic Novelty Pen. Listed features: plastic. Confirm the selected model, size and included items before ordering.",CNY,0.93,0.14,https://detail.1688.com/offer/1080857698336.html,included,
1080857698329,office-education,office,创意diy星空串珠笔UV电镀串珠圆珠笔多色高颜值星辰渐变串珠笔,Novelty Pen,"Novelty Pen. Confirm the selected model, size and included items before ordering.",CNY,1.05,0.15,https://detail.1688.com/offer/1080857698329.html,included,
1080857326450,office-education,office,新款diy浮雕串珠圆珠笔鎏金斑点多色旋动圆珠笔UV电镀碎纹礼品笔,Ballpoint Pen,"Ballpoint Pen. Confirm the selected model, size and included items before ordering.",CNY,1.5,0.22,https://detail.1688.com/offer/1080857326450.html,included,
1080857326427,office-education,office,新款亮片UV电镀渐变串珠笔创意DIY亮片串珠笔多色塑圆珠笔批发,Novelty Pen,"Novelty Pen. Confirm the selected model, size and included items before ordering.",CNY,2.1,0.31,https://detail.1688.com/offer/1080857326427.html,included,
1080854362640,office-education,office,diy奶油胶手绘串珠笔创意手工DIY手工画油圆珠笔可爱少女心塑料笔,Plastic Novelty Pen,"Plastic Novelty Pen. Listed features: plastic. Confirm the selected model, size and included items before ordering.",CNY,1.64,0.24,https://detail.1688.com/offer/1080854362640.html,included,
1080852646769,office-education,office,创意diy串珠笔 现货批发塑料串珠笔可印刷新色UV电镀塑料串珠笔,Plastic Novelty Pen,"Plastic Novelty Pen. Listed features: plastic. Confirm the selected model, size and included items before ordering.",CNY,0.69,0.1,https://detail.1688.com/offer/1080852646769.html,included,
1080852646734,office-education,office,跨境diy毛球串珠笔创意四合一按动圆珠笔现货批发四色毛球塑料笔,Plastic Novelty Pen,"Plastic Novelty Pen. Listed features: plastic. Confirm the selected model, size and included items before ordering.",CNY,1.75,0.26,https://detail.1688.com/offer/1080852646734.html,included,
1080852174713,office-education,office,新款塑料包钻串珠笔学生创意diy触屏圆珠笔三合一多功能圆珠笔,Plastic Novelty Pen,"Plastic Novelty Pen. Listed features: plastic. Confirm the selected model, size and included items before ordering.",CNY,4.6,0.67,https://detail.1688.com/offer/1080852174713.html,included,
1080850070914,office-education,office,彩色碎钻串珠笔创意diy手工塑料串珠笔可爱少女心塑料笔现货批发,Plastic Novelty Pen,"Plastic Novelty Pen. Listed features: plastic. Confirm the selected model, size and included items before ordering.",CNY,1.15,0.17,https://detail.1688.com/offer/1080850070914.html,included,
1080823086210,office-education,office,多色喷胶按动铝杆笔可印刷logo办公文具学生减压笔旋转陀螺圆珠笔,Ballpoint Pen,"Ballpoint Pen. Confirm the selected model, size and included items before ordering.",CNY,2.5,0.37,https://detail.1688.com/offer/1080823086210.html,included,
1080783378112,office-education,office,按动喷胶笔可印logo办公文具学生减压笔旋转陀螺圆珠笔电容触屏笔,Novelty Pen,"Novelty Pen. Confirm the selected model, size and included items before ordering.",CNY,2.5,0.37,https://detail.1688.com/offer/1080783378112.html,included,
1080382997871,office-education,office,创意爱心笔蝴蝶造型笔五角星笔花朵笔火鸡雪花积木枫叶圆珠笔批发,Novelty Pen,"Novelty Pen. Confirm the selected model, size and included items before ordering.",CNY,0.4,0.06,https://detail.1688.com/offer/1080382997871.html,included,
1080381201546,office-education,office,情人节爱心圆珠笔创意南瓜花朵造型笔万圣蝙蝠雪花积木枫叶圆珠笔,Novelty Pen,"Novelty Pen. Confirm the selected model, size and included items before ordering.",CNY,0.4,0.06,https://detail.1688.com/offer/1080381201546.html,included,
1080347516341,office-education,office,新款篮球造型圆珠笔运动系列比赛专用礼品笔旋动式解压扭扭笔批发,Ballpoint Pen,"Ballpoint Pen. Confirm the selected model, size and included items before ordering.",CNY,0.59,0.09,https://detail.1688.com/offer/1080347516341.html,included,
1080286238181,office-education,office,按动喷胶圆珠笔可镭射logo多色铝杆电容触屏笔新款旋转陀螺减压笔,Novelty Pen,"Novelty Pen. Confirm the selected model, size and included items before ordering.",CNY,2.5,0.37,https://detail.1688.com/offer/1080286238181.html,included,
1080279906255,office-education,office,新款喷胶按动触屏笔可雕刻logo学生书写礼品广告笔旋转陀螺减压笔,Novelty Pen,"Novelty Pen. Confirm the selected model, size and included items before ordering.",CNY,2.5,0.37,https://detail.1688.com/offer/1080279906255.html,included,
1080277462745,office-education,office,多色按动喷胶笔可印logo旋转陀螺圆珠笔办公文具学生减压笔触屏笔,Novelty Pen,"Novelty Pen. Confirm the selected model, size and included items before ordering.",CNY,2.5,0.37,https://detail.1688.com/offer/1080277462745.html,included,
1080089337373,office-education,office,现货美极笔按动铝杆喷胶金属触屏圆珠笔可刻字logo彩色电容圆珠笔,Ballpoint Pen,"Ballpoint Pen. Confirm the selected model, size and included items before ordering.",CNY,0.89,0.13,https://detail.1688.com/offer/1080089337373.html,included,
1080070561993,office-education,office,跨境按动美极笔手写触屏笔金属铝杆笔可印logo彩色电容圆珠笔批发,Novelty Pen,"Novelty Pen. Confirm the selected model, size and included items before ordering.",CNY,0.89,0.13,https://detail.1688.com/offer/1080070561993.html,included,
1079983983067,office-education,office,创意DIY满钻串珠笔手工陶泥镶钻多色串珠圆珠笔荧光彩色水钻笔,Novelty Pen,"Novelty Pen. Confirm the selected model, size and included items before ordering.",CNY,4.2,0.61,https://detail.1688.com/offer/1079983983067.html,included,
1079981947213,office-education,office,diy镶钻长款串珠笔创意手工贴贴多色塑料圆珠笔广告礼品笔批发,Plastic Novelty Pen,"Plastic Novelty Pen. Listed features: plastic. Confirm the selected model, size and included items before ordering.",CNY,1.54,0.23,https://detail.1688.com/offer/1079981947213.html,included,
1079979591555,office-education,office,创意迷你四色圆珠笔可套卡通萌物头四合一塑料笔学生按动手账笔,Plastic Novelty Pen,"Plastic Novelty Pen. Listed features: plastic. Confirm the selected model, size and included items before ordering.",CNY,0.44,0.06,https://detail.1688.com/offer/1079979591555.html,included,
1079979003467,office-education,office,创意diy卷纸串珠笔 新款内杆插纸卷纸塑料串珠圆珠笔广告礼品笔,Plastic Novelty Pen,"Plastic Novelty Pen. Listed features: plastic. Confirm the selected model, size and included items before ordering.",CNY,1.2,0.18,https://detail.1688.com/offer/1079979003467.html,included,
1079972115967,office-education,office,DIY学生毕业季系列串珠笔印花多色串珠圆珠笔现货批发塑料串珠笔,Plastic Novelty Pen,"Plastic Novelty Pen. Listed features: plastic. Confirm the selected model, size and included items before ordering.",CNY,0.93,0.14,https://detail.1688.com/offer/1079972115967.html,included,
1079933591802,office-education,office,厂家批发按动电容触屏笔印logo旋转陀螺圆珠笔办公文具学生减压笔,Novelty Pen,"Novelty Pen. Confirm the selected model, size and included items before ordering.",CNY,2.5,0.37,https://detail.1688.com/offer/1079933591802.html,included,
1079908019045,office-education,office,新款喷胶按动触屏笔可雕刻logo办公文具学生减压笔旋转陀螺圆珠笔,Novelty Pen,"Novelty Pen. Confirm the selected model, size and included items before ordering.",CNY,2.5,0.37,https://detail.1688.com/offer/1079908019045.html,included,
1079906223116,office-education,office,跨境按动喷胶笔办公文具学生减压笔旋转陀螺圆珠笔多色电容触屏笔,Novelty Pen,"Novelty Pen. Confirm the selected model, size and included items before ordering.",CNY,2.5,0.37,https://detail.1688.com/offer/1079906223116.html,included,
1079526404295,office-education,office,新款动物小四色圆珠笔卡通萌物头彩色圆珠笔便携学生写字笔按动笔,Portable Ballpoint Pen,"Portable Ballpoint Pen. Listed features: portable. Confirm the selected model, size and included items before ordering.",CNY,0.57,0.08,https://detail.1688.com/offer/1079526404295.html,included,
1079524096454,office-education,office,足球迷你四色圆珠笔可爱小学生四合一按动手账笔篮球橄榄球造型笔,Novelty Pen,"Novelty Pen. Confirm the selected model, size and included items before ordering.",CNY,0.57,0.08,https://detail.1688.com/offer/1079524096454.html,included,
1079442943119,office-education,office,多色喷胶圆珠笔办公文具学生广告礼品笔旋转陀螺减压笔电容触屏笔,Novelty Pen,"Novelty Pen. Confirm the selected model, size and included items before ordering.",CNY,2.5,0.37,https://detail.1688.com/offer/1079442943119.html,included,
1079419843074,office-education,office,喷胶按动圆珠笔可印logo办公文具学生减压笔旋转陀螺圆珠笔触屏笔,Novelty Pen,"Novelty Pen. Confirm the selected model, size and included items before ordering.",CNY,2.5,0.37,https://detail.1688.com/offer/1079419843074.html,included,
1079411487564,office-education,office,跨境按动喷胶笔办公文具学生减压笔旋转陀螺圆珠笔多色电容触屏笔,Novelty Pen,"Novelty Pen. Confirm the selected model, size and included items before ordering.",CNY,2.5,0.37,https://detail.1688.com/offer/1079411487564.html,included,
1079411487129,office-education,office,多色喷胶圆珠笔办公文具学生广告礼品笔旋转陀螺减压笔电容触屏笔,Novelty Pen,"Novelty Pen. Confirm the selected model, size and included items before ordering.",CNY,2.5,0.37,https://detail.1688.com/offer/1079411487129.html,included,
1079393115882,office-education,office,按动喷胶圆珠笔可镭射logo多色铝杆电容触屏笔新款旋转陀螺减压笔,Novelty Pen,"Novelty Pen. Confirm the selected model, size and included items before ordering.",CNY,2.5,0.37,https://detail.1688.com/offer/1079393115882.html,included,
1079372709295,office-education,office,现货地球仪造型圆珠笔新款解压陀螺旋转扭扭笔可印logo广告礼品笔,Ballpoint Pen,"Ballpoint Pen. Confirm the selected model, size and included items before ordering.",CNY,0.59,0.09,https://detail.1688.com/offer/1079372709295.html,included,
1079352269984,office-education,office,创意地球仪造型圆珠笔解压转转陀螺地球形状圆珠笔可印logo礼品笔,Ballpoint Pen,"Ballpoint Pen. Confirm the selected model, size and included items before ordering.",CNY,0.59,0.09,https://detail.1688.com/offer/1079352269984.html,included,
1079332277401,office-education,office,新款篮球造型圆珠笔解压陀螺转转篮球圆珠笔印LOGO广告礼品圆珠笔,Ballpoint Pen,"Ballpoint Pen. Confirm the selected model, size and included items before ordering.",CNY,0.59,0.09,https://detail.1688.com/offer/1079332277401.html,included,
1079326662552,office-education,office,厂家批发现货笔记本 A5仿皮商务记事本礼盒装 办公文教礼品本子,Notebook,"Notebook. Confirm the selected model, size and included items before ordering.",CNY,7.8,1.14,https://detail.1688.com/offer/1079326662552.html,included,
1079234452866,office-education,office,现货动物小四色圆珠笔卡通萌物头彩色圆珠笔便携学生写字笔按动笔,Portable Ballpoint Pen,"Portable Ballpoint Pen. Listed features: portable. Confirm the selected model, size and included items before ordering.",CNY,0.57,0.08,https://detail.1688.com/offer/1079234452866.html,included,
1079232956540,office-education,office,跨境动物小四色圆珠笔卡通萌物头彩色圆珠笔便携学生写字笔按动笔,Portable Ballpoint Pen,"Portable Ballpoint Pen. Listed features: portable. Confirm the selected model, size and included items before ordering.",CNY,0.57,0.08,https://detail.1688.com/offer/1079232956540.html,included,
1079057498057,office-education,office,现货按动白色美极笔铝杆喷胶金属触屏笔可印刷logo彩色电容圆珠笔,Novelty Pen,"Novelty Pen. Confirm the selected model, size and included items before ordering.",CNY,0.89,0.13,https://detail.1688.com/offer/1079057498057.html,included,
1079037534523,office-education,office,美极笔按动铝杆喷胶金属触屏圆珠笔刻字印logo按动彩色电容圆珠笔,Ballpoint Pen,"Ballpoint Pen. Confirm the selected model, size and included items before ordering.",CNY,0.89,0.13,https://detail.1688.com/offer/1079037534523.html,included,
1079036374274,office-education,office,新款按动美极笔手写触屏笔金属铝杆笔可印logo彩色电容圆珠笔批发,Novelty Pen,"Novelty Pen. Confirm the selected model, size and included items before ordering.",CNY,0.89,0.13,https://detail.1688.com/offer/1079036374274.html,included,
1079031678625,office-education,office,按动美极笔手写触屏笔金属铝杆笔可印logo彩色电容圆珠笔厂家批发,Novelty Pen,"Novelty Pen. Confirm the selected model, size and included items before ordering.",CNY,0.89,0.13,https://detail.1688.com/offer/1079031678625.html,included,
1079029802956,office-education,office,跨境美极笔按动铝杆喷胶金属触屏圆珠笔可刻字logo彩色电容圆珠笔,Ballpoint Pen,"Ballpoint Pen. Confirm the selected model, size and included items before ordering.",CNY,0.89,0.13,https://detail.1688.com/offer/1079029802956.html,included,
1079027882739,office-education,office,白色美极笔手写触屏笔金属铝杆笔可印logo按动彩色电容圆珠笔批发,Novelty Pen,"Novelty Pen. Confirm the selected model, size and included items before ordering.",CNY,0.89,0.13,https://detail.1688.com/offer/1079027882739.html,included,
1078966220310,office-education,office,创意可爱卡通四色迷你圆珠笔足球系列圆珠笔多色划重点标记笔批发,Ballpoint Pen,"Ballpoint Pen. Confirm the selected model, size and included items before ordering.",CNY,0.57,0.08,https://detail.1688.com/offer/1078966220310.html,included,
1078961944634,office-education,office,创意可爱卡通四色迷你圆珠笔足球系列圆珠笔多色划重点标记笔批发,Ballpoint Pen,"Ballpoint Pen. Confirm the selected model, size and included items before ordering.",CNY,0.57,0.08,https://detail.1688.com/offer/1078961944634.html,included,
1078958256411,office-education,office,跨境足球圆珠笔迷你四色按动笔学生多色手账笔篮球橄榄球造型笔,Novelty Pen,"Novelty Pen. Confirm the selected model, size and included items before ordering.",CNY,0.57,0.08,https://detail.1688.com/offer/1078958256411.html,included,
1078956608546,office-education,office,足球迷你四色圆珠笔可爱小学生四合一按动手账笔篮球橄榄球造型笔,Novelty Pen,"Novelty Pen. Confirm the selected model, size and included items before ordering.",CNY,0.57,0.08,https://detail.1688.com/offer/1078956608546.html,included,
1078854369125,office-education,office,笑脸陀螺转转圆珠笔创意笑脸表情笔可印刷LOGO广告礼品圆珠笔批发,Ballpoint Pen,"Ballpoint Pen. Confirm the selected model, size and included items before ordering.",CNY,0.59,0.09,https://detail.1688.com/offer/1078854369125.html,included,
1078519621600,office-education,office,新款动物小四色圆珠笔卡通萌物头彩色圆珠笔便携学生写字笔按动笔,Portable Ballpoint Pen,"Portable Ballpoint Pen. Listed features: portable. Confirm the selected model, size and included items before ordering.",CNY,0.57,0.08,https://detail.1688.com/offer/1078519621600.html,included,
1078451752706,office-education,office,创意可爱卡通四色迷你圆珠笔万圣节系列圆珠笔多色划重点标记笔,Ballpoint Pen,"Ballpoint Pen. Confirm the selected model, size and included items before ordering.",CNY,0.57,0.08,https://detail.1688.com/offer/1078451752706.html,included,
1078317070154,office-education,office,创意地球仪造型圆珠笔解压转转陀螺地球形状圆珠笔可印logo礼品笔,Ballpoint Pen,"Ballpoint Pen. Confirm the selected model, size and included items before ordering.",CNY,0.59,0.09,https://detail.1688.com/offer/1078317070154.html,included,
1078286190212,office-education,office,新款地球仪造型圆珠笔解压转转陀螺地球形状圆珠笔可印logo礼品笔,Ballpoint Pen,"Ballpoint Pen. Confirm the selected model, size and included items before ordering.",CNY,0.59,0.09,https://detail.1688.com/offer/1078286190212.html,included,
1078234593696,office-education,office,动物小四色圆珠笔卡通萌物头彩色圆珠笔便携学生写字笔按动笔批发,Portable Ballpoint Pen,"Portable Ballpoint Pen. Listed features: portable. Confirm the selected model, size and included items before ordering.",CNY,0.57,0.08,https://detail.1688.com/offer/1078234593696.html,included,
1078234357436,office-education,office,跨境动物小四色圆珠笔卡通萌物头彩色圆珠笔便携学生写字笔按动笔,Portable Ballpoint Pen,"Portable Ballpoint Pen. Listed features: portable. Confirm the selected model, size and included items before ordering.",CNY,0.57,0.08,https://detail.1688.com/offer/1078234357436.html,included,
1078231349965,office-education,office,现货动物小四色圆珠笔卡通萌物头彩色圆珠笔便携学生写字笔按动笔,Portable Ballpoint Pen,"Portable Ballpoint Pen. Listed features: portable. Confirm the selected model, size and included items before ordering.",CNY,0.57,0.08,https://detail.1688.com/offer/1078231349965.html,included,
1078227589770,office-education,office,创意动物小四色圆珠笔卡通萌物头彩色圆珠笔便携学生写字笔按动笔,Portable Ballpoint Pen,"Portable Ballpoint Pen. Listed features: portable. Confirm the selected model, size and included items before ordering.",CNY,0.57,0.08,https://detail.1688.com/offer/1078227589770.html,included,
1078182927508,office-education,office,跨境按动美极笔手写触屏笔金属铝杆笔可印logo彩色电容圆珠笔批发,Novelty Pen,"Novelty Pen. Confirm the selected model, size and included items before ordering.",CNY,0.89,0.13,https://detail.1688.com/offer/1078182927508.html,included,
1078177147035,office-education,office,美极笔按动铝杆喷胶金属触屏圆珠笔刻字印logo彩色电容圆珠笔批发,Ballpoint Pen,"Ballpoint Pen. Confirm the selected model, size and included items before ordering.",CNY,0.89,0.13,https://detail.1688.com/offer/1078177147035.html,included,
1078176679084,office-education,office,美极笔按动铝杆喷胶金属触屏圆珠笔可刻字logo彩色电容圆珠笔批发,Ballpoint Pen,"Ballpoint Pen. Confirm the selected model, size and included items before ordering.",CNY,0.89,0.13,https://detail.1688.com/offer/1078176679084.html,included,
1078171343466,office-education,office,美极笔按动铝杆喷胶金属触屏圆珠笔刻字印logo礼品广告触控美极笔,Ballpoint Pen,"Ballpoint Pen. Confirm the selected model, size and included items before ordering.",CNY,0.89,0.13,https://detail.1688.com/offer/1078171343466.html,included,
1078169995041,office-education,office,现货美极笔手写触屏笔金属铝杆笔可印logo按动彩色电容圆珠笔批发,Novelty Pen,"Novelty Pen. Confirm the selected model, size and included items before ordering.",CNY,0.89,0.13,https://detail.1688.com/offer/1078169995041.html,included,
1078158439584,office-education,office,跨境美极笔手写触屏笔金属铝杆笔可印logo按动彩色电容圆珠笔批发,Novelty Pen,"Novelty Pen. Confirm the selected model, size and included items before ordering.",CNY,1.01,0.15,https://detail.1688.com/offer/1078158439584.html,included,
1078146048230,office-education,office,可爱圣诞迷你圆珠笔可爱小学生四合一按动手账笔多色划重点标记笔,Novelty Pen,"Novelty Pen. Confirm the selected model, size and included items before ordering.",CNY,0.6,0.09,https://detail.1688.com/offer/1078146048230.html,included,
1078144716307,office-education,office,跨境圣诞老人圆珠笔迷你四色按动笔学生多色手账笔圣诞节礼品笔,Novelty Pen,"Novelty Pen. Confirm the selected model, size and included items before ordering.",CNY,0.6,0.09,https://detail.1688.com/offer/1078144716307.html,included,
1078142924365,office-education,office,新款圣诞迷你四色圆珠笔可爱小学生四合一按动手账笔划重点标记笔,Novelty Pen,"Novelty Pen. Confirm the selected model, size and included items before ordering.",CNY,0.6,0.09,https://detail.1688.com/offer/1078142924365.html,included,
1078127732617,office-education,office,卡通圣诞迷你四色圆珠笔可爱小学生四合一按动手账笔划重点标记笔,Novelty Pen,"Novelty Pen. Confirm the selected model, size and included items before ordering.",CNY,0.6,0.09,https://detail.1688.com/offer/1078127732617.html,included,
1077967945373,office-education,office,创意足球圆珠笔迷你四色按动笔学生多色手账笔篮球橄榄球造型笔,Novelty Pen,"Novelty Pen. Confirm the selected model, size and included items before ordering.",CNY,0.57,0.08,https://detail.1688.com/offer/1077967945373.html,included,
1077966937414,office-education,office,足球迷你四色圆珠笔可爱小学生四合一按动手账笔划重点标记笔批发,Novelty Pen,"Novelty Pen. Confirm the selected model, size and included items before ordering.",CNY,0.57,0.08,https://detail.1688.com/offer/1077966937414.html,included,
1077960569815,office-education,office,足球迷你四色圆珠笔可爱小学生四合一按动手账笔划重点标记笔批发,Novelty Pen,"Novelty Pen. Confirm the selected model, size and included items before ordering.",CNY,0.57,0.08,https://detail.1688.com/offer/1077960569815.html,included,
1077956577714,office-education,office,跨境专供可爱足球篮球橄榄球造型四色圆珠笔卡通多色迷你手账短笔,Ballpoint Pen,"Ballpoint Pen. Confirm the selected model, size and included items before ordering.",CNY,0.57,0.08,https://detail.1688.com/offer/1077956577714.html,included,
1077954353576,office-education,office,跨境足球圆珠笔迷你四色按动笔学生多色手账笔篮球橄榄球造型笔,Novelty Pen,"Novelty Pen. Confirm the selected model, size and included items before ordering.",CNY,0.57,0.08,https://detail.1688.com/offer/1077954353576.html,included,
1077851132253,office-education,office,新款按动黄铜笔批发创意复古礼品圆珠笔商务金属圆珠笔可印刷logo,Ballpoint Pen,"Ballpoint Pen. Confirm the selected model, size and included items before ordering.",CNY,14.5,2.12,https://detail.1688.com/offer/1077851132253.html,included,
1077848148373,office-education,office,枪栓笔现货批发创意金属仿枪笔按动机枪笔可印刷logo多功能圆珠笔,Ballpoint Pen,"Ballpoint Pen. Confirm the selected model, size and included items before ordering.",CNY,7.7,1.13,https://detail.1688.com/offer/1077848148373.html,included,
1077803520470,office-education,office,笔记本软抄本会议记事本手帐物流学生日记本办公书写文教店批发,Notebook,"Notebook. Confirm the selected model, size and included items before ordering.",CNY,0.9,0.13,https://detail.1688.com/offer/1077803520470.html,included,
1077786880806,office-education,office,新奇特仿真五金工具造型螺丝刀钳子扳手圆珠笔创意学生文具塑料笔,Plastic Novelty Pen,"Plastic Novelty Pen. Listed features: plastic. Confirm the selected model, size and included items before ordering.",CNY,1.13,0.17,https://detail.1688.com/offer/1077786880806.html,included,
1077781168623,office-education,office,新奇特仿真五金工具造型螺丝刀钳子扳手锤子圆珠笔学生文具写字笔,Ballpoint Pen,"Ballpoint Pen. Confirm the selected model, size and included items before ordering.",CNY,1.13,0.17,https://detail.1688.com/offer/1077781168623.html,included,
1077769968499,office-education,office,新奇特仿真五金工具造型螺丝刀钳子扳手圆珠笔创意学生文具写字笔,Ballpoint Pen,"Ballpoint Pen. Confirm the selected model, size and included items before ordering.",CNY,1.13,0.17,https://detail.1688.com/offer/1077769968499.html,included,
1077753166422,office-education,office,DIY串珠笔专用加长不锈钢棒现货速发个性跨境串珠笔穿珠替换铁丝,Stainless Steel Pen Craft Components,"Stainless Steel Pen Craft Components. Listed features: stainless steel. Confirm the selected model, size and included items before ordering.",CNY,0.06,0.01,https://detail.1688.com/offer/1077753166422.html,included,
1077494118419,office-education,office,新款世界杯足球造型圆珠笔解压陀螺塑料笔可印logo广告礼品笔批发,Plastic Novelty Pen,"Plastic Novelty Pen. Listed features: plastic. Confirm the selected model, size and included items before ordering.",CNY,0.59,0.09,https://detail.1688.com/offer/1077494118419.html,included,
1077454861866,office-education,office,创意可爱卡通四色迷你圆珠笔万圣节系列圆珠笔多色划重点标记笔,Ballpoint Pen,"Ballpoint Pen. Confirm the selected model, size and included items before ordering.",CNY,0.57,0.08,https://detail.1688.com/offer/1077454861866.html,included,
1077189838878,office-education,office,创意动物系列圆珠笔可爱小学生四合一按动手账笔多色划重点标记笔,Novelty Pen,"Novelty Pen. Confirm the selected model, size and included items before ordering.",CNY,0.57,0.08,https://detail.1688.com/offer/1077189838878.html,included,
1077149209332,office-education,office,卡通圣诞迷你四色圆珠笔可爱小学生四合一按动手账笔划重点标记笔,Novelty Pen,"Novelty Pen. Confirm the selected model, size and included items before ordering.",CNY,0.6,0.09,https://detail.1688.com/offer/1077149209332.html,included,
1077141877419,office-education,office,可爱卡通圣诞圆珠笔多色塑料笔划重点标记笔学生四合一按动手账笔,Plastic Novelty Pen,"Plastic Novelty Pen. Listed features: plastic. Confirm the selected model, size and included items before ordering.",CNY,0.6,0.09,https://detail.1688.com/offer/1077141877419.html,included,
1077139925513,office-education,office,新款迷你四色圆珠笔卡通圣诞节系列塑料笔学生四合一按动手账笔,Plastic Novelty Pen,"Plastic Novelty Pen. Listed features: plastic. Confirm the selected model, size and included items before ordering.",CNY,0.6,0.09,https://detail.1688.com/offer/1077139925513.html,included,
1076806705087,office-education,office,新奇特仿真五金工具造型笔螺丝刀钳子扳手锤子圆珠笔广告礼品笔,Novelty Pen,"Novelty Pen. Confirm the selected model, size and included items before ordering.",CNY,1.13,0.17,https://detail.1688.com/offer/1076806705087.html,included,
1076797633634,office-education,office,创意搞怪五金工具造型笔奇葩文具可爱写字笔扳手钳子螺丝刀锤子笔,Novelty Pen,"Novelty Pen. Confirm the selected model, size and included items before ordering.",CNY,1.13,0.17,https://detail.1688.com/offer/1076797633634.html,included,
1076795689257,office-education,office,新奇特仿真五金工具造型螺丝刀钳子扳手锤子圆珠笔学生文具写字笔,Ballpoint Pen,"Ballpoint Pen. Confirm the selected model, size and included items before ordering.",CNY,1.13,0.17,https://detail.1688.com/offer/1076795689257.html,included,
1076471081830,office-education,office,金属陀螺圆珠笔转转解压玩具笔高灵敏触屏笔,Novelty Pen,"Novelty Pen. Confirm the selected model, size and included items before ordering.",CNY,2.78,0.41,https://detail.1688.com/offer/1076471081830.html,included,
1076427582094,office-education,office,创意可爱卡通四色迷你圆珠笔万圣节系列圆珠笔多色划重点标记笔,Ballpoint Pen,"Ballpoint Pen. Confirm the selected model, size and included items before ordering.",CNY,0.57,0.08,https://detail.1688.com/offer/1076427582094.html,included,
1076425246215,office-education,office,创意可爱卡通四色迷你圆珠笔万圣节系列圆珠笔多色划重点标记笔,Ballpoint Pen,"Ballpoint Pen. Confirm the selected model, size and included items before ordering.",CNY,0.57,0.08,https://detail.1688.com/offer/1076425246215.html,included,
1076411464797,office-education,office,跨境diy串珠圆珠笔可印logo办公学生便携式口袋笔迷你金属圆珠笔,Portable Ballpoint Pen,"Portable Ballpoint Pen. Listed features: portable. Confirm the selected model, size and included items before ordering.",CNY,2.75,0.4,https://detail.1688.com/offer/1076411464797.html,included,
1076408632921,office-education,office,喷胶金属圆珠笔可印刷logo商务礼品旋动中油笔电容触屏圆珠笔批发,Novelty Pen,"Novelty Pen. Confirm the selected model, size and included items before ordering.",CNY,2.5,0.37,https://detail.1688.com/offer/1076408632921.html,included,
1076353780007,office-education,office,创意四色diy串珠笔多色笔芯标记圆珠笔可爱学生塑料笔广告礼品笔,Plastic Novelty Pen,"Plastic Novelty Pen. Listed features: plastic. Confirm the selected model, size and included items before ordering.",CNY,0.78,0.11,https://detail.1688.com/offer/1076353780007.html,included,
1076331107869,office-education,office,创意动物小四色圆珠笔卡通萌物头彩色圆珠笔便携学生写字笔按动笔,Portable Ballpoint Pen,"Portable Ballpoint Pen. Listed features: portable. Confirm the selected model, size and included items before ordering.",CNY,0.57,0.08,https://detail.1688.com/offer/1076331107869.html,included,
1076329243659,office-education,office,动物小四色圆珠笔卡通萌物头彩色圆珠笔便携学生写字笔按动笔批发,Portable Ballpoint Pen,"Portable Ballpoint Pen. Listed features: portable. Confirm the selected model, size and included items before ordering.",CNY,0.57,0.08,https://detail.1688.com/offer/1076329243659.html,included,
1076329243475,office-education,office,创意动物小四色圆珠笔卡通萌物头彩色圆珠笔便携学生写字笔按动笔,Portable Ballpoint Pen,"Portable Ballpoint Pen. Listed features: portable. Confirm the selected model, size and included items before ordering.",CNY,0.57,0.08,https://detail.1688.com/offer/1076329243475.html,included,
1076093510618,office-education,office,创意可爱卡通四色迷你圆珠笔圣诞系列圆珠笔多色划重点标记笔批发,Ballpoint Pen,"Ballpoint Pen. Confirm the selected model, size and included items before ordering.",CNY,0.6,0.09,https://detail.1688.com/offer/1076093510618.html,included,
1076069595106,office-education,office,创意可爱卡通四色迷你圆珠笔足球系列圆珠笔多色划重点标记笔批发,Ballpoint Pen,"Ballpoint Pen. Confirm the selected model, size and included items before ordering.",CNY,0.57,0.08,https://detail.1688.com/offer/1076069595106.html,included,
1076066304498,office-education,office,厂家批发 现货水晶入油笔广告礼品笔配件DIY空管金属笔圆珠笔印刷,Ballpoint Pen,"Ballpoint Pen. Confirm the selected model, size and included items before ordering.",CNY,1.95,0.29,https://detail.1688.com/offer/1076066304498.html,included,
1076062348651,office-education,office,厂家批发 现货水晶入油笔广告礼品笔配件DIY空管金属笔圆珠笔印刷,Ballpoint Pen,"Ballpoint Pen. Confirm the selected model, size and included items before ordering.",CNY,2.1,0.31,https://detail.1688.com/offer/1076062348651.html,included,
1076058128939,office-education,office,diy四叶草空管笔 现货批发空管圆珠笔手作入油水晶笔广告笔空杆笔,Ballpoint Pen,"Ballpoint Pen. Confirm the selected model, size and included items before ordering.",CNY,2.8,0.41,https://detail.1688.com/offer/1076058128939.html,included,
1076054692412,office-education,office,可爱迷你圆珠笔可镭射logo短款便携式口袋笔 酒店会议广告礼品笔,Portable Ballpoint Pen,"Portable Ballpoint Pen. Listed features: portable. Confirm the selected model, size and included items before ordering.",CNY,2.55,0.37,https://detail.1688.com/offer/1076054692412.html,included,
1075767278320,office-education,office,创意搞怪五金工具造型笔奇葩文具可爱写字笔扳手钳子螺丝刀锤子笔,Novelty Pen,"Novelty Pen. Confirm the selected model, size and included items before ordering.",CNY,1.13,0.17,https://detail.1688.com/offer/1075767278320.html,included,
1075750814784,office-education,office,新奇特仿真五金工具造型笔螺丝刀钳子扳手锤子圆珠笔广告礼品笔,Novelty Pen,"Novelty Pen. Confirm the selected model, size and included items before ordering.",CNY,1.13,0.17,https://detail.1688.com/offer/1075750814784.html,included,
1075745306789,office-education,office,新奇特仿真五金工具造型螺丝刀钳子扳手锤子圆珠笔学生文具写字笔,Ballpoint Pen,"Ballpoint Pen. Confirm the selected model, size and included items before ordering.",CNY,1.13,0.17,https://detail.1688.com/offer/1075745306789.html,included,
1075572100265,office-education,office,厂家直销按动金属圆珠笔印logo创意广告礼品笔酒店商务宣传促销笔,Ballpoint Pen,"Ballpoint Pen. Confirm the selected model, size and included items before ordering.",CNY,1.29,0.19,https://detail.1688.com/offer/1075572100265.html,included,
1075564447699,office-education,office,创意可爱卡通四色迷你圆珠笔万圣节系列圆珠笔多色划重点标记笔,Ballpoint Pen,"Ballpoint Pen. Confirm the selected model, size and included items before ordering.",CNY,0.57,0.08,https://detail.1688.com/offer/1075564447699.html,included,
1075564447283,office-education,office,创意可爱卡通四色迷你圆珠笔万圣节系列圆珠笔多色划重点标记笔,Ballpoint Pen,"Ballpoint Pen. Confirm the selected model, size and included items before ordering.",CNY,0.57,0.08,https://detail.1688.com/offer/1075564447283.html,included,
1075557063997,office-education,office,创意可爱卡通四色迷你圆珠笔万圣节系列圆珠笔多色划重点标记笔,Ballpoint Pen,"Ballpoint Pen. Confirm the selected model, size and included items before ordering.",CNY,0.57,0.08,https://detail.1688.com/offer/1075557063997.html,included,
1075555012005,office-education,office,跨境diy串珠圆珠笔可印logo办公学生便携式口袋笔迷你金属圆珠笔,Portable Ballpoint Pen,"Portable Ballpoint Pen. Listed features: portable. Confirm the selected model, size and included items before ordering.",CNY,2.75,0.4,https://detail.1688.com/offer/1075555012005.html,included,
1075554712316,office-education,office,新款diy钥匙扣串珠笔可印logo旋转糖果色迷你笔塑料钥匙扣圆珠笔,Plastic Novelty Pen,"Plastic Novelty Pen. Listed features: plastic. Confirm the selected model, size and included items before ordering.",CNY,1.3,0.19,https://detail.1688.com/offer/1075554712316.html,included,
1075552352511,office-education,office,创意DIY满钻串珠圆珠笔手工贴多色塑料串珠圆珠笔多色转动珠子笔,Plastic Ballpoint Pen,"Plastic Ballpoint Pen. Listed features: plastic. Confirm the selected model, size and included items before ordering.",CNY,2.94,0.43,https://detail.1688.com/offer/1075552352511.html,included,
1075546756875,office-education,office,diy钻石串珠笔手工贴贴镶钻串珠圆珠笔创意水钻笔彩色满钻珠子笔,Novelty Pen,"Novelty Pen. Confirm the selected model, size and included items before ordering.",CNY,1.1,0.16,https://detail.1688.com/offer/1075546756875.html,included,
1075545396738,office-education,office,新款塑料包钻串珠笔学生创意diy触屏圆珠笔三合一多功能圆珠笔,Plastic Novelty Pen,"Plastic Novelty Pen. Listed features: plastic. Confirm the selected model, size and included items before ordering.",CNY,4.6,0.67,https://detail.1688.com/offer/1075545396738.html,included,
1075539276167,office-education,office,串珠笔 现货批发创意diy塑料串珠笔圆珠笔可印刷塑料串珠圆珠笔,Plastic Novelty Pen,"Plastic Novelty Pen. Listed features: plastic. Confirm the selected model, size and included items before ordering.",CNY,0.46,0.07,https://detail.1688.com/offer/1075539276167.html,included,
1075474872586,office-education,office,新款金属圆珠笔批发户外战术防身笔多功能笔可印刷logo广告礼品笔,Ballpoint Pen,"Ballpoint Pen. Confirm the selected model, size and included items before ordering.",CNY,2.9,0.42,https://detail.1688.com/offer/1075474872586.html,included,
1075464312961,office-education,office,水晶笔 现货批发新款创意笔四叶草水晶笔可印刷logo四叶草圆珠笔,Ballpoint Pen,"Ballpoint Pen. Confirm the selected model, size and included items before ordering.",CNY,2.85,0.42,https://detail.1688.com/offer/1075464312961.html,included,
1075461136576,office-education,office,ins风旋动珍珠金属圆珠笔 商务礼品笔粉色珍珠笔权杖笔印刷logo,Ballpoint Pen,"Ballpoint Pen. Confirm the selected model, size and included items before ordering.",CNY,1.7,0.25,https://detail.1688.com/offer/1075461136576.html,included,
1075454164887,office-education,office,跨境批发大钻石金属圆珠笔新款四叶草挂坠广告笔金属笔印刷logo,Ballpoint Pen,"Ballpoint Pen. Confirm the selected model, size and included items before ordering.",CNY,3,0.44,https://detail.1688.com/offer/1075454164887.html,included,
1075417697834,office-education,office,按动触屏圆珠笔可印刷logo学生书写礼品广告笔旋转陀螺减压笔批发,Ballpoint Pen,"Ballpoint Pen. Confirm the selected model, size and included items before ordering.",CNY,2.85,0.42,https://detail.1688.com/offer/1075417697834.html,included,
1075358801178,office-education,office,跨境DIY塑料串珠笔创意四合一按动圆珠笔现货批发四色咕咕笔,Plastic Novelty Pen,"Plastic Novelty Pen. Listed features: plastic. Confirm the selected model, size and included items before ordering.",CNY,0.58,0.08,https://detail.1688.com/offer/1075358801178.html,included,
1075261923109,office-education,office,可爱圣诞迷你圆珠笔可爱小学生四合一按动手账笔多色划重点标记笔,Novelty Pen,"Novelty Pen. Confirm the selected model, size and included items before ordering.",CNY,0.6,0.09,https://detail.1688.com/offer/1075261923109.html,included,
1075243667488,office-education,office,可爱卡通圣诞圆珠笔多色塑料笔划重点标记笔学生四合一按动手账笔,Plastic Novelty Pen,"Plastic Novelty Pen. Listed features: plastic. Confirm the selected model, size and included items before ordering.",CNY,0.6,0.09,https://detail.1688.com/offer/1075243667488.html,included,
1075229696854,office-education,office,高尔夫球杆笔套装 桌面迷你练习场球杆高尔夫笔多功能金属圆珠笔,Ballpoint Pen,"Ballpoint Pen. Confirm the selected model, size and included items before ordering.",CNY,17,2.49,https://detail.1688.com/offer/1075229696854.html,included,
1075213572503,office-education,office,创意多色塑料圆珠笔 按压式6色合一彩色油笔学生文具多功能手账笔,Plastic Novelty Pen,"Plastic Novelty Pen. Listed features: plastic. Confirm the selected model, size and included items before ordering.",CNY,0.53,0.08,https://detail.1688.com/offer/1075213572503.html,included,
1075211288562,office-education,office,跨境新款高尔夫球杆圆珠笔单支高尔夫球杆塑料造型笔高尔夫礼品笔,Plastic Novelty Pen,"Plastic Novelty Pen. Listed features: plastic. Confirm the selected model, size and included items before ordering.",CNY,0.54,0.08,https://detail.1688.com/offer/1075211288562.html,included,
1075205492968,office-education,office,创意四色圆珠笔按动红蓝黑绿多色广告笔可爱学生四合一按压手账笔,Novelty Pen,"Novelty Pen. Confirm the selected model, size and included items before ordering.",CNY,0.55,0.08,https://detail.1688.com/offer/1075205492968.html,included,
1075086553131,office-education,office,跨境DIY金属笔 手作空杆鹿头造型圆珠笔广告笔印刷logo 厂家批发,Ballpoint Pen,"Ballpoint Pen. Confirm the selected model, size and included items before ordering.",CNY,3.2,0.47,https://detail.1688.com/offer/1075086553131.html,included,
1075073485561,office-education,office,厂家批发创意金属圆珠笔DIY印刷水晶笔日韩手工入油空管圆珠笔,Ballpoint Pen,"Ballpoint Pen. Confirm the selected model, size and included items before ordering.",CNY,2.8,0.41,https://detail.1688.com/offer/1075073485561.html,included,
1075001588271,office-education,office,金粉按动圆珠笔批发办公学生少女按压包皮笔可印刷logo金属圆珠笔,Ballpoint Pen,"Ballpoint Pen. Confirm the selected model, size and included items before ordering.",CNY,1.65,0.24,https://detail.1688.com/offer/1075001588271.html,included,
1074998448751,office-education,office,创意卡通毛绒娃娃头塑料笔立体卡通笑脸触屏笔圣诞节广告礼品笔,Plastic Novelty Pen,"Plastic Novelty Pen. Listed features: plastic. Confirm the selected model, size and included items before ordering.",CNY,1.13,0.17,https://detail.1688.com/offer/1074998448751.html,included,
1074991244897,office-education,office,多色按动喷胶笔可印logo旋转陀螺圆珠笔办公文具学生减压笔触屏笔,Novelty Pen,"Novelty Pen. Confirm the selected model, size and included items before ordering.",CNY,1.74,0.25,https://detail.1688.com/offer/1074991244897.html,included,
1074967815091,office-education,office,厂家批发金属圆珠笔 创意DIY水晶笔空管笔pen入油笔可印刷颜色,Ballpoint Pen,"Ballpoint Pen. Confirm the selected model, size and included items before ordering.",CNY,2.1,0.31,https://detail.1688.com/offer/1074967815091.html,included,
1074963603309,office-education,office,双色两头圆珠笔蓝红笔芯金属笔硅胶护套握手转动笔标记两色对账笔,Silicone Ballpoint Pen,"Silicone Ballpoint Pen. Listed features: silicone. Confirm the selected model, size and included items before ordering.",CNY,3.2,0.47,https://detail.1688.com/offer/1074963603309.html,included,
1074910203390,office-education,office,创意搞怪五金工具造型笔奇葩文具可爱写字笔扳手钳子螺丝刀锤子笔,Novelty Pen,"Novelty Pen. Confirm the selected model, size and included items before ordering.",CNY,1.13,0.17,https://detail.1688.com/offer/1074910203390.html,included,
1074903699794,office-education,office,创意搞怪五金工具造型笔奇葩文具可爱写字笔扳手钳子螺丝刀锤子笔,Novelty Pen,"Novelty Pen. Confirm the selected model, size and included items before ordering.",CNY,1.13,0.17,https://detail.1688.com/offer/1074903699794.html,included,
1074880375482,office-education,office,五金工具造型圆珠笔创意学生文具礼品笔卡通扳手钳子螺丝刀锤子笔,Ballpoint Pen,"Ballpoint Pen. Confirm the selected model, size and included items before ordering.",CNY,1.13,0.17,https://detail.1688.com/offer/1074880375482.html,included,
1074879413917,office-education,office,创意热转印圆珠笔满杆印花按动笔可雕刻logo外贸礼品广告笔批发,Ballpoint Pen,"Ballpoint Pen. Confirm the selected model, size and included items before ordering.",CNY,1.5,0.22,https://detail.1688.com/offer/1074879413917.html,included,
1074878381967,office-education,office,多色竹木帽喷胶圆珠笔可印刷logo铝杆按动金属笔广告礼品笔促销笔,Ballpoint Pen,"Ballpoint Pen. Confirm the selected model, size and included items before ordering.",CNY,1.1,0.16,https://detail.1688.com/offer/1074878381967.html,included,
1074878381963,office-education,office,创意钥匙扣迷你圆珠笔办公学生便携式口袋笔短款迷你金属圆珠笔,Portable Ballpoint Pen,"Portable Ballpoint Pen. Listed features: portable. Confirm the selected model, size and included items before ordering.",CNY,3.3,0.48,https://detail.1688.com/offer/1074878381963.html,included,
1074871919773,office-education,office,五金工具造型圆珠笔创意学生文具礼品笔卡通扳手钳子螺丝刀锤子笔,Ballpoint Pen,"Ballpoint Pen. Confirm the selected model, size and included items before ordering.",CNY,1.13,0.17,https://detail.1688.com/offer/1074871919773.html,included,
1074853981156,office-education,office,现货多功能金属电容手机触屏圆珠笔红外线灯笔可印刷logo四合一笔,Ballpoint Pen,"Ballpoint Pen. Confirm the selected model, size and included items before ordering.",CNY,3.9,0.57,https://detail.1688.com/offer/1074853981156.html,included,
1074845053938,office-education,office,户外带灯工具笔九合一水平仪刻度尺触屏笔一字十字螺丝刀圆珠笔,Novelty Pen,"Novelty Pen. Confirm the selected model, size and included items before ordering.",CNY,6.7,0.98,https://detail.1688.com/offer/1074845053938.html,included,
1074840081987,office-education,office,多功能竹子工具笔六合一水平仪刻度尺触屏笔一字十字螺丝刀圆珠笔,Novelty Pen,"Novelty Pen. Confirm the selected model, size and included items before ordering.",CNY,3.6,0.53,https://detail.1688.com/offer/1074840081987.html,included,
1074638019299,office-education,office,按动喷胶金属圆珠笔多色触屏电容笔可印刷logo酒店银行活动广告笔,Ballpoint Pen,"Ballpoint Pen. Confirm the selected model, size and included items before ordering.",CNY,1.15,0.17,https://detail.1688.com/offer/1074638019299.html,included,
1074603785706,office-education,office,现货diy触屏串珠笔三合一串珠圆珠笔创意多功能礼品笔塑料圆珠笔,Plastic Novelty Pen,"Plastic Novelty Pen. Listed features: plastic. Confirm the selected model, size and included items before ordering.",CNY,0.83,0.12,https://detail.1688.com/offer/1074603785706.html,included,
1074597221309,office-education,office,厂家直销按动金属圆珠笔印logo创意广告礼品笔酒店商务宣传促销笔,Ballpoint Pen,"Ballpoint Pen. Confirm the selected model, size and included items before ordering.",CNY,1.29,0.19,https://detail.1688.com/offer/1074597221309.html,included,
1074563201183,office-education,office,跨境热升华金属圆珠笔diy热转印花膜圆珠笔现货批发旋动串珠笔,Novelty Pen,"Novelty Pen. Confirm the selected model, size and included items before ordering.",CNY,1.8,0.26,https://detail.1688.com/offer/1074563201183.html,included,
1074561349238,office-education,office,跨境塑料毛绒串珠笔批发创意手工diy圆珠笔新款卡通毛球串珠笔,Plastic Novelty Pen,"Plastic Novelty Pen. Listed features: plastic. Confirm the selected model, size and included items before ordering.",CNY,0.95,0.14,https://detail.1688.com/offer/1074561349238.html,included,
1074561001505,office-education,office,创意四色串珠笔多色笔芯划重点标记按动塑料笔diy串珠圆珠笔批发,Plastic Novelty Pen,"Plastic Novelty Pen. Listed features: plastic. Confirm the selected model, size and included items before ordering.",CNY,0.63,0.09,https://detail.1688.com/offer/1074561001505.html,included,
1074558121654,office-education,office,现货创意diy爱心串珠圆珠笔手工镶钻串珠笔旋动多色珠子笔塑料笔,Plastic Novelty Pen,"Plastic Novelty Pen. Listed features: plastic. Confirm the selected model, size and included items before ordering.",CNY,3.8,0.56,https://detail.1688.com/offer/1074558121654.html,included,
1074557689708,office-education,office,DIY满钻串珠笔多色塑料串珠圆珠笔现货手工贴贴镶钻串珠笔批发,Plastic Novelty Pen,"Plastic Novelty Pen. Listed features: plastic. Confirm the selected model, size and included items before ordering.",CNY,2.65,0.39,https://detail.1688.com/offer/1074557689708.html,included,
1074492665207,office-education,office,华豪供应千奇百货七彩小鸟系列圆珠笔金属笔礼品笔广告笔印刷logo,Ballpoint Pen,"Ballpoint Pen. Confirm the selected model, size and included items before ordering.",CNY,3,0.44,https://detail.1688.com/offer/1074492665207.html,included,
1074492665206,office-education,office,新品推荐火烈鸟笔创意卡通造型笔金属笔广告圆珠笔办公用品可印刷,Novelty Pen,"Novelty Pen. Confirm the selected model, size and included items before ordering.",CNY,2.2,0.32,https://detail.1688.com/offer/1074492665206.html,included,
1074490181350,office-education,office,新款创意金粉入油蝴蝶结金属笔批发文具用品 广告圆珠笔印刷logo,Ballpoint Pen,"Ballpoint Pen. Confirm the selected model, size and included items before ordering.",CNY,2.9,0.42,https://detail.1688.com/offer/1074490181350.html,included,
1074488897171,office-education,office,现货批发鲜花入油水晶圆珠笔 diy干花金属笔 广告礼品笔印刷logo,Ballpoint Pen,"Ballpoint Pen. Confirm the selected model, size and included items before ordering.",CNY,2.4,0.35,https://detail.1688.com/offer/1074488897171.html,included,
1074485081695,office-education,office,现货韩版卡通圆珠笔 时尚可爱蝴蝶结 金属圆珠笔广告笔印刷LOGO笔,Ballpoint Pen,"Ballpoint Pen. Confirm the selected model, size and included items before ordering.",CNY,1.7,0.25,https://detail.1688.com/offer/1074485081695.html,included,
1074484561702,office-education,office,厂家批发商务礼品旋动金属圆珠笔创意广告酒店菠萝笔印刷LOGO,Ballpoint Pen,"Ballpoint Pen. Confirm the selected model, size and included items before ordering.",CNY,1.75,0.26,https://detail.1688.com/offer/1074484561702.html,included,
1074477545879,office-education,office,厂家批发创意印刷花朵图案笔夹金属圆珠笔现货水晶圆珠笔批发,Ballpoint Pen,"Ballpoint Pen. Confirm the selected model, size and included items before ordering.",CNY,3.1,0.45,https://detail.1688.com/offer/1074477545879.html,included,
1074252532384,office-education,office,高尔夫球杆笔套装 桌面迷你练习场球杆高尔夫笔多功能金属圆珠笔,Ballpoint Pen,"Ballpoint Pen. Confirm the selected model, size and included items before ordering.",CNY,17,2.49,https://detail.1688.com/offer/1074252532384.html,included,
1074250368612,office-education,office,高尔夫球杆笔套装 桌面迷你练习场球杆高尔夫笔多功能金属圆珠笔,Ballpoint Pen,"Ballpoint Pen. Confirm the selected model, size and included items before ordering.",CNY,17,2.49,https://detail.1688.com/offer/1074250368612.html,included,
1074245716873,office-education,office,高尔夫球杆笔套装 桌面迷你练习场球杆高尔夫笔多功能金属圆珠笔,Ballpoint Pen,"Ballpoint Pen. Confirm the selected model, size and included items before ordering.",CNY,17,2.49,https://detail.1688.com/offer/1074245716873.html,included,
1074238548711,office-education,office,高尔夫球杆笔套装 桌面迷你练习场球杆高尔夫笔多功能金属圆珠笔,Ballpoint Pen,"Ballpoint Pen. Confirm the selected model, size and included items before ordering.",CNY,17,2.49,https://detail.1688.com/offer/1074238548711.html,included,
1074233196219,office-education,office,高尔夫球杆笔套装 桌面迷你练习场球杆高尔夫笔多功能金属圆珠笔,Ballpoint Pen,"Ballpoint Pen. Confirm the selected model, size and included items before ordering.",CNY,17,2.49,https://detail.1688.com/offer/1074233196219.html,included,
1074229509242,office-education,office,新款diy钥匙扣串珠笔可印logo旋转糖果色迷你笔塑料钥匙扣圆珠笔,Plastic Novelty Pen,"Plastic Novelty Pen. Listed features: plastic. Confirm the selected model, size and included items before ordering.",CNY,1.3,0.19,https://detail.1688.com/offer/1074229509242.html,included,
1074227741311,office-education,office,创意卡通可爱豹纹圆珠笔促销宣传广告礼品笔多色豹纹按动塑料笔,Plastic Novelty Pen,"Plastic Novelty Pen. Listed features: plastic. Confirm the selected model, size and included items before ordering.",CNY,0.3,0.04,https://detail.1688.com/offer/1074227741311.html,included,
1074227072741,office-education,office,高尔夫球杆笔套装 桌面迷你练习场球杆高尔夫笔多功能金属圆珠笔,Ballpoint Pen,"Ballpoint Pen. Confirm the selected model, size and included items before ordering.",CNY,17,2.49,https://detail.1688.com/offer/1074227072741.html,included,
1074061506060,office-education,office,diy空管水晶笔现货批发空管圆珠笔手作入油水晶笔广告笔空杆笔pen,Ballpoint Pen,"Ballpoint Pen. Confirm the selected model, size and included items before ordering.",CNY,2.8,0.41,https://detail.1688.com/offer/1074061506060.html,included,
1074044090659,office-education,office,新款DIY创意入油空杆圆珠笔 跨境日韩干画笔金属笔现货批发 pen,Ballpoint Pen,"Ballpoint Pen. Confirm the selected model, size and included items before ordering.",CNY,2.45,0.36,https://detail.1688.com/offer/1074044090659.html,included,
1074010097333,office-education,office,厂家批发按动笔办公书写文具广告礼品铝杆圆珠笔可印刷logo喷胶笔,Ballpoint Pen,"Ballpoint Pen. Confirm the selected model, size and included items before ordering.",CNY,1.58,0.23,https://detail.1688.com/offer/1074010097333.html,included,
1074006585895,office-education,office,新款国旗圆珠笔英伦风旗帜笔办公学生文具书写笔钢丝笔夹按动笔,Ballpoint Pen,"Ballpoint Pen. Confirm the selected model, size and included items before ordering.",CNY,0.54,0.08,https://detail.1688.com/offer/1074006585895.html,included,
1073861530400,office-education,office,迷你短款金属圆珠笔可印刷logo随身便携口袋圆珠笔广告礼品笔批发,Portable Ballpoint Pen,"Portable Ballpoint Pen. Listed features: portable. Confirm the selected model, size and included items before ordering.",CNY,3.3,0.48,https://detail.1688.com/offer/1073861530400.html,included,
1073535354324,office-education,office,跨境水晶串珠笔现货批发创意学生diy手工塑料串珠笔水晶圆珠笔,Plastic Novelty Pen,"Plastic Novelty Pen. Listed features: plastic. Confirm the selected model, size and included items before ordering.",CNY,0.84,0.12,https://detail.1688.com/offer/1073535354324.html,included,
1073532526407,office-education,office,diy镶钻串珠笔创意手工贴贴满钻串珠圆珠笔多色转动珠子笔塑料笔,Plastic Novelty Pen,"Plastic Novelty Pen. Listed features: plastic. Confirm the selected model, size and included items before ordering.",CNY,2.94,0.43,https://detail.1688.com/offer/1073532526407.html,included,
1073531862740,office-education,office,现货diy砂糖串珠笔高颜值卡通创意四色按动笔塑料串珠圆珠笔批发,Plastic Novelty Pen,"Plastic Novelty Pen. Listed features: plastic. Confirm the selected model, size and included items before ordering.",CNY,1.8,0.26,https://detail.1688.com/offer/1073531862740.html,included,
1073526926947,office-education,office,diy奶油胶手绘串珠笔创意手工DIY手工画油圆珠笔可爱少女心塑料笔,Plastic Novelty Pen,"Plastic Novelty Pen. Listed features: plastic. Confirm the selected model, size and included items before ordering.",CNY,1.64,0.24,https://detail.1688.com/offer/1073526926947.html,included,
1073465314497,office-education,office,红外线灯笔电子笔 多功能金属电容手机触屏圆珠笔 四合一LED灯笔,Ballpoint Pen,"Ballpoint Pen. Confirm the selected model, size and included items before ordering.",CNY,5.8,0.85,https://detail.1688.com/offer/1073465314497.html,included,
1073453046891,office-education,office,新款四叶草金属笔 多色时尚广告圆珠笔 时尚书写工具可印刷logo,Ballpoint Pen,"Ballpoint Pen. Confirm the selected model, size and included items before ordering.",CNY,2,0.29,https://detail.1688.com/offer/1073453046891.html,included,
1073438718768,office-education,office,可爱菠萝圆珠笔pen 商务礼品金属签字笔印刷广告酒店金属菠萝笔,Ballpoint Pen,"Ballpoint Pen. Confirm the selected model, size and included items before ordering.",CNY,2.05,0.3,https://detail.1688.com/offer/1073438718768.html,included,
1073264845251,office-education,office,高尔夫球杆笔套装 桌面迷你练习场球杆高尔夫笔多功能金属圆珠笔,Ballpoint Pen,"Ballpoint Pen. Confirm the selected model, size and included items before ordering.",CNY,17,2.49,https://detail.1688.com/offer/1073264845251.html,included,
1073255849861,office-education,office,高尔夫球杆笔套装 桌面迷你练习场球杆高尔夫笔多功能金属圆珠笔,Ballpoint Pen,"Ballpoint Pen. Confirm the selected model, size and included items before ordering.",CNY,17,2.49,https://detail.1688.com/offer/1073255849861.html,included,
1073244033351,office-education,office,高尔夫球杆笔套装 桌面迷你练习场球杆高尔夫笔多功能金属圆珠笔,Ballpoint Pen,"Ballpoint Pen. Confirm the selected model, size and included items before ordering.",CNY,16.99,2.49,https://detail.1688.com/offer/1073244033351.html,included,
1073242953348,office-education,office,高尔夫球杆笔套装 桌面迷你练习场球杆高尔夫笔多功能金属圆珠笔,Ballpoint Pen,"Ballpoint Pen. Confirm the selected model, size and included items before ordering.",CNY,19.2,2.81,https://detail.1688.com/offer/1073242953348.html,included,
1073241389518,office-education,office,高尔夫球杆笔套装 桌面迷你练习场球杆高尔夫笔多功能金属圆珠笔,Ballpoint Pen,"Ballpoint Pen. Confirm the selected model, size and included items before ordering.",CNY,16.99,2.49,https://detail.1688.com/offer/1073241389518.html,included,
1073216883063,office-education,office,现货批发DIY手作水晶笔 新创意入油圆珠笔pen diy钻石笔空杆印刷,Ballpoint Pen,"Ballpoint Pen. Confirm the selected model, size and included items before ordering.",CNY,2.1,0.31,https://detail.1688.com/offer/1073216883063.html,included,
1073212235171,office-education,office,金属圆珠笔入油笔DIY空管广告笔pen印刷logo 创意礼品笔批发厂家,Ballpoint Pen,"Ballpoint Pen. Confirm the selected model, size and included items before ordering.",CNY,2.1,0.31,https://detail.1688.com/offer/1073212235171.html,included,
1073206371266,office-education,office,多色竹木帽喷胶圆珠笔可印logo铝杆金属圆珠笔按动竹木材质圆珠笔,Ballpoint Pen,"Ballpoint Pen. Confirm the selected model, size and included items before ordering.",CNY,1.3,0.19,https://detail.1688.com/offer/1073206371266.html,included,
1073206150004,office-education,office,新款少女心圣诞节圆珠笔炫彩流沙入油笔可爱卡通套头圣诞帽子笔,Ballpoint Pen,"Ballpoint Pen. Confirm the selected model, size and included items before ordering.",CNY,0.9,0.13,https://detail.1688.com/offer/1073206150004.html,included,
1073198823675,office-education,office,厂家批发四叶草diy金属圆珠笔广告笔印刷logo 展会礼品笔批发pen,Ballpoint Pen,"Ballpoint Pen. Confirm the selected model, size and included items before ordering.",CNY,2.85,0.42,https://detail.1688.com/offer/1073198823675.html,included,
1073193339951,office-education,office,水晶空管DIY流沙可填充制作金属圆珠笔金箔笔印刷logo爱心空管笔,Ballpoint Pen,"Ballpoint Pen. Confirm the selected model, size and included items before ordering.",CNY,2.1,0.31,https://detail.1688.com/offer/1073193339951.html,included,
1073191310631,office-education,office,创意塑料香肠造型搞怪圆珠笔 跨境文具学生学习用品可爱按动笔,Plastic Ballpoint Pen,"Plastic Ballpoint Pen. Listed features: plastic. Confirm the selected model, size and included items before ordering.",CNY,1.05,0.15,https://detail.1688.com/offer/1073191310631.html,included,
1073189042929,office-education,office,新款四色塑料串珠笔现货四合一diy串珠圆珠笔学生多色按动手账笔,Plastic Novelty Pen,"Plastic Novelty Pen. Listed features: plastic. Confirm the selected model, size and included items before ordering.",CNY,0.44,0.06,https://detail.1688.com/offer/1073189042929.html,included,
1073182747790,office-education,office,厂家批发迷你短款金属笔旋转出芯中油笔随身便携口袋圆珠笔礼品笔,Portable Novelty Pen,"Portable Novelty Pen. Listed features: portable. Confirm the selected model, size and included items before ordering.",CNY,3.2,0.47,https://detail.1688.com/offer/1073182747790.html,included,
1073004239733,office-education,office,厂家批发金属圆珠笔 创意旋转商务办公签字笔广告礼品笔印刷LOGO,Ballpoint Pen,"Ballpoint Pen. Confirm the selected model, size and included items before ordering.",CNY,4.2,0.61,https://detail.1688.com/offer/1073004239733.html,included,
1072986694030,office-education,office,跨境按动铝杆圆珠笔酒店办公学生广告礼品笔多色螺纹按压喷胶笔,Ballpoint Pen,"Ballpoint Pen. Confirm the selected model, size and included items before ordering.",CNY,1.66,0.24,https://detail.1688.com/offer/1072986694030.html,included,
1072986694028,office-education,office,铝杆按动笔现货批发办公文具多色创意喷胶笔可刻字logo广告礼品笔,Ballpoint Pen,"Ballpoint Pen. Confirm the selected model, size and included items before ordering.",CNY,1.55,0.23,https://detail.1688.com/offer/1072986694028.html,included,
1072983042530,office-education,office,按动中性笔 跳动墨蓝黑红笔水笔签字笔芯学生用考试碳素圆珠笔,Ballpoint Pen,"Ballpoint Pen. Confirm the selected model, size and included items before ordering.",CNY,0.9,0.13,https://detail.1688.com/offer/1072983042530.html,included,
1072975790788,office-education,office,按动圆珠笔批发创意办公书写文具多色喷胶圆珠笔可印刷logo铝杆笔,Ballpoint Pen,"Ballpoint Pen. Confirm the selected model, size and included items before ordering.",CNY,1.48,0.22,https://detail.1688.com/offer/1072975790788.html,included,
1072693679076,office-education,office,新款卡通毛球串珠笔可爱风毛茸茸塑料串珠圆珠笔多色旋转圆珠笔,Plastic Novelty Pen,"Plastic Novelty Pen. Listed features: plastic. Confirm the selected model, size and included items before ordering.",CNY,0.68,0.1,https://detail.1688.com/offer/1072693679076.html,included,
1072692903005,office-education,office,DIY钥匙扣串珠笔 创意手机壳耳机套挂件钥匙扣 金属钥匙扣串珠笔,Novelty Pen,"Novelty Pen. Confirm the selected model, size and included items before ordering.",CNY,1.5,0.22,https://detail.1688.com/offer/1072692903005.html,included,
1072690895069,office-education,office,跨境diy豹纹串珠笔手工创意贴钻镶钻串珠笔多色满钻塑料圆珠笔,Plastic Novelty Pen,"Plastic Novelty Pen. Listed features: plastic. Confirm the selected model, size and included items before ordering.",CNY,4.1,0.6,https://detail.1688.com/offer/1072690895069.html,included,
1072688543486,office-education,office,新款diy渐变串珠笔手工贴钻镶钻串珠圆珠笔多色塑料串珠笔批发,Plastic Novelty Pen,"Plastic Novelty Pen. Listed features: plastic. Confirm the selected model, size and included items before ordering.",CNY,4.1,0.6,https://detail.1688.com/offer/1072688543486.html,included,
1072685507707,office-education,office,现货diy触屏串珠笔三合一串珠圆珠笔创意多功能广告礼品笔塑料笔,Plastic Novelty Pen,"Plastic Novelty Pen. Listed features: plastic. Confirm the selected model, size and included items before ordering.",CNY,0.66,0.1,https://detail.1688.com/offer/1072685507707.html,included,
1072680315850,office-education,office,环保麦秸杆串珠笔创意多色diy串珠笔 麦秸材质卡通萌粒笔现货批发,Novelty Pen,"Novelty Pen. Confirm the selected model, size and included items before ordering.",CNY,0.49,0.07,https://detail.1688.com/offer/1072680315850.html,included,
1072610407641,office-education,office,平头小高士笔现货批发多色笔商务广告笔可印刷LOGO小高士圆珠笔,Ballpoint Pen,"Ballpoint Pen. Confirm the selected model, size and included items before ordering.",CNY,0.86,0.13,https://detail.1688.com/offer/1072610407641.html,included,
1072610407480,office-education,office,现货批发带挂坠水钻笔 新款金属圆珠笔水晶笔礼品笔印刷办公用品,Ballpoint Pen,"Ballpoint Pen. Confirm the selected model, size and included items before ordering.",CNY,2.17,0.32,https://detail.1688.com/offer/1072610407480.html,included,
1072607011091,office-education,office,多色金属造型笔可镭射logo酒店会议广告礼品笔创意卡通鹿头笔批发,Novelty Pen,"Novelty Pen. Confirm the selected model, size and included items before ordering.",CNY,2.8,0.41,https://detail.1688.com/offer/1072607011091.html,included,
1072598291638,office-education,office,新款女士时尚皇冠金属圆珠笔 卡通可爱韩版创意女生皇冠笔印刷,Ballpoint Pen,"Ballpoint Pen. Confirm the selected model, size and included items before ordering.",CNY,2,0.29,https://detail.1688.com/offer/1072598291638.html,included,
1072597247586,office-education,office,厂家批发卡通鹿头金属圆珠笔广告笔印刷logo 造型笔批发创意文具,Novelty Pen,"Novelty Pen. Confirm the selected model, size and included items before ordering.",CNY,1.68,0.25,https://detail.1688.com/offer/1072597247586.html,included,
1072360383114,office-education,office,跨境ins韩版创意火烈鸟造型塑料圆珠笔 酒店商务笔加工可印LOGO,Plastic Ballpoint Pen,"Plastic Ballpoint Pen. Listed features: plastic. Confirm the selected model, size and included items before ordering.",CNY,0.9,0.13,https://detail.1688.com/offer/1072360383114.html,included,
1072352263481,office-education,office,卡通迷你四色圆珠笔可爱学生多色爱心笔划重点划线标记按动塑料笔,Plastic Novelty Pen,"Plastic Novelty Pen. Listed features: plastic. Confirm the selected model, size and included items before ordering.",CNY,0.6,0.09,https://detail.1688.com/offer/1072352263481.html,included,
1072348419716,office-education,office,办公学习文具多色笔四合一按动手账笔划重点划线标记笔塑料圆珠笔,Plastic Novelty Pen,"Plastic Novelty Pen. Listed features: plastic. Confirm the selected model, size and included items before ordering.",CNY,0.44,0.06,https://detail.1688.com/offer/1072348419716.html,included,
1072348419700,office-education,office,新款diy内杆卷纸圆珠笔按动插纸广告笔透明杆卷纸笔花膜笔批发,Ballpoint Pen,"Ballpoint Pen. Confirm the selected model, size and included items before ordering.",CNY,0.32,0.05,https://detail.1688.com/offer/1072348419700.html,included,
1072223174142,office-education,office,高尔夫球杆笔套装 桌面迷你练习场球杆高尔夫笔多功能金属圆珠笔,Ballpoint Pen,"Ballpoint Pen. Confirm the selected model, size and included items before ordering.",CNY,17,2.49,https://detail.1688.com/offer/1072223174142.html,included,
1072141055206,office-education,office,创意圣诞节系列按动圆珠笔现货可爱卡通圣诞节礼品笔热转印圆珠笔,Ballpoint Pen,"Ballpoint Pen. Confirm the selected model, size and included items before ordering.",CNY,1.8,0.26,https://detail.1688.com/offer/1072141055206.html,included,
1072139947335,office-education,office,铝杆按动笔二线圈斜口圆珠笔可印刷logo酒店促销笔广告礼品笔批发,Ballpoint Pen,"Ballpoint Pen. Confirm the selected model, size and included items before ordering.",CNY,0.98,0.14,https://detail.1688.com/offer/1072139947335.html,included,
1072139947330,office-education,office,厂家批发金属笔PU包皮笔亮片按动笔印刷各种包皮笔圆珠笔pen印刷,Ballpoint Pen,"Ballpoint Pen. Confirm the selected model, size and included items before ordering.",CNY,1.7,0.25,https://detail.1688.com/offer/1072139947330.html,included,
1072133411772,office-education,office,多色喷胶按动铝杆笔可印logo按动出芯中油笔酒店展会礼品笔圆珠笔,Novelty Pen,"Novelty Pen. Confirm the selected model, size and included items before ordering.",CNY,1.58,0.23,https://detail.1688.com/offer/1072133411772.html,included,
1071406679035,office-education,office,高尔夫球杆笔套装 桌面迷你练习场球杆高尔夫笔多功能金属圆珠笔,Ballpoint Pen,"Ballpoint Pen. Confirm the selected model, size and included items before ordering.",CNY,17,2.49,https://detail.1688.com/offer/1071406679035.html,included,
1071396143817,office-education,office,高尔夫球杆笔套装 桌面迷你练习场球杆高尔夫笔多功能金属圆珠笔,Ballpoint Pen,"Ballpoint Pen. Confirm the selected model, size and included items before ordering.",CNY,17,2.49,https://detail.1688.com/offer/1071396143817.html,included,
1071382783236,office-education,office,高尔夫球杆笔套装 桌面迷你练习场球杆高尔夫笔多功能金属圆珠笔,Ballpoint Pen,"Ballpoint Pen. Confirm the selected model, size and included items before ordering.",CNY,17,2.49,https://detail.1688.com/offer/1071382783236.html,included,
1070089252707,office-education,office,爱心大理石纹按动圆珠笔多色图案简约礼品广告笔创意学生少女心笔,Ballpoint Pen,"Ballpoint Pen. Confirm the selected model, size and included items before ordering.",CNY,2,0.29,https://detail.1688.com/offer/1070089252707.html,included,
1070067656723,office-education,office,爱心大理石纹按动圆珠笔多色图案简约礼品广告笔创意学生少女心笔,Ballpoint Pen,"Ballpoint Pen. Confirm the selected model, size and included items before ordering.",CNY,2,0.29,https://detail.1688.com/offer/1070067656723.html,included,
1089122568155,office-education,office,包钻大钻石圆珠笔少女学生文具旋转金属笔水晶钻石笔广告礼品笔,Ballpoint Pen,"Ballpoint Pen. Confirm the selected model, size and included items before ordering.",CNY,2.89,0.42,https://detail.1688.com/offer/1089122568155.html,included,
1089119388057,office-education,office,创意diy毛球串珠笔可爱风毛茸茸广告礼品笔毛球串珠圆珠笔批发,Novelty Pen,"Novelty Pen. Confirm the selected model, size and included items before ordering.",CNY,1.08,0.16,https://detail.1688.com/offer/1089119388057.html,included,
1089116120274,office-education,office,diy星空串珠笔 手工uv电镀星空亮片渐变圆珠笔办公文具串珠礼品笔,Novelty Pen,"Novelty Pen. Confirm the selected model, size and included items before ordering.",CNY,1.76,0.26,https://detail.1688.com/offer/1089116120274.html,included,
1089109684720,office-education,office,新款卡通毛球串珠笔批发创意diy塑料串珠圆珠笔四合一按动手账笔,Plastic Novelty Pen,"Plastic Novelty Pen. Listed features: plastic. Confirm the selected model, size and included items before ordering.",CNY,1.99,0.29,https://detail.1688.com/offer/1089109684720.html,included,
1089107832873,office-education,office,新款毛绒串珠笔创意DIY毛球串珠圆珠笔可爱风毛茸茸礼品笔塑料笔,Plastic Novelty Pen,"Plastic Novelty Pen. Listed features: plastic. Confirm the selected model, size and included items before ordering.",CNY,0.77,0.11,https://detail.1688.com/offer/1089107832873.html,included,
1088809264566,office-education,office,多色七线圈圆珠笔可印刷logo金属电容触控笔酒店活动促销笔礼品笔,Ballpoint Pen,"Ballpoint Pen. Confirm the selected model, size and included items before ordering.",CNY,1,0.15,https://detail.1688.com/offer/1088809264566.html,included,
1088712056113,office-education,office,可爱圣诞迷你圆珠笔可爱小学生四合一按动手账笔多色划重点标记笔,Novelty Pen,"Novelty Pen. Confirm the selected model, size and included items before ordering.",CNY,0.68,0.1,https://detail.1688.com/offer/1088712056113.html,included,
1088709792021,office-education,office,跨境按动塑料笔可印刷logo促销宣传广告礼品笔多色喷漆圆珠笔批发,Plastic Novelty Pen,"Plastic Novelty Pen. Listed features: plastic. Confirm the selected model, size and included items before ordering.",CNY,0.31,0.05,https://detail.1688.com/offer/1088709792021.html,included,
1088709576130,office-education,office,跨境笑脸陀螺转转圆珠笔创意笑脸表情笔可印刷LOGO广告礼品圆珠笔,Ballpoint Pen,"Ballpoint Pen. Confirm the selected model, size and included items before ordering.",CNY,0.67,0.1,https://detail.1688.com/offer/1088709576130.html,included,
1088707560624,office-education,office,创意仿真复古子弹造型圆珠笔小学生玩具奖品笔旋动塑料广告礼品笔,Plastic Ballpoint Pen,"Plastic Ballpoint Pen. Listed features: plastic. Confirm the selected model, size and included items before ordering.",CNY,1.06,0.16,https://detail.1688.com/offer/1088707560624.html,included,
1088705432467,office-education,office,现货多色扭动圆珠笔印logo银行酒店前台广告笔办公商务塑料促销笔,Plastic Ballpoint Pen,"Plastic Ballpoint Pen. Listed features: plastic. Confirm the selected model, size and included items before ordering.",CNY,0.31,0.05,https://detail.1688.com/offer/1088705432467.html,included,
1088705432434,office-education,office,现货丝带圆珠笔 广告蝴蝶结按动笔创意艾滋宣传迷你笔礼品飘带笔,Ballpoint Pen,"Ballpoint Pen. Confirm the selected model, size and included items before ordering.",CNY,0.43,0.06,https://detail.1688.com/offer/1088705432434.html,included,
1088705432433,office-education,office,新款diy满钻满珍珠串珠笔手工贴钻珍珠串珠圆珠笔多色塑料串珠笔,Plastic Novelty Pen,"Plastic Novelty Pen. Listed features: plastic. Confirm the selected model, size and included items before ordering.",CNY,4.31,0.63,https://detail.1688.com/offer/1088705432433.html,included,
1088694644901,office-education,office,创意可爱少女心豹纹圆珠笔办公文具学生书写笔多色图案简约豹纹笔,Ballpoint Pen,"Ballpoint Pen. Confirm the selected model, size and included items before ordering.",CNY,0.34,0.05,https://detail.1688.com/offer/1088694644901.html,included,
1088471900008,office-education,office,金属灯笔现货批发触控圆珠笔LED灯多功能笔三合一可印刷logo灯笔,Ballpoint Pen,"Ballpoint Pen. Confirm the selected model, size and included items before ordering.",CNY,3.22,0.47,https://detail.1688.com/offer/1088471900008.html,included,
1088471248015,office-education,office,金属按动圆珠笔二线圈铝杆商务笔可印logo广告礼品促销笔厂家批发,Ballpoint Pen,"Ballpoint Pen. Confirm the selected model, size and included items before ordering.",CNY,1.11,0.16,https://detail.1688.com/offer/1088471248015.html,included,
1088468612129,office-education,office,四叶草水晶笔现货批发新款四叶草吊坠水晶笔可印刷logo创意圆珠笔,Ballpoint Pen,"Ballpoint Pen. Confirm the selected model, size and included items before ordering.",CNY,2.98,0.44,https://detail.1688.com/offer/1088468612129.html,included,
1088468612120,office-education,office,按动金粉圆珠笔批发包皮pu闪粉笔可印刷logo创意多色金属圆珠笔,Ballpoint Pen,"Ballpoint Pen. Confirm the selected model, size and included items before ordering.",CNY,1.78,0.26,https://detail.1688.com/offer/1088468612120.html,included,
1088465412235,office-education,office,按动笔现货批发圆珠笔创意礼品金粉按动笔印刷logo金属广告圆珠笔,Ballpoint Pen,"Ballpoint Pen. Confirm the selected model, size and included items before ordering.",CNY,1.87,0.27,https://detail.1688.com/offer/1088465412235.html,included,
1088465412223,office-education,office,厂家供应六边形按动金属圆珠笔可印LOGO办公文具礼品笔广告金属笔,Ballpoint Pen,"Ballpoint Pen. Confirm the selected model, size and included items before ordering.",CNY,2.01,0.29,https://detail.1688.com/offer/1088465412223.html,included,
823846156328,logistics-packaging,packaging,14-16cm正方形三层瓦楞纸包装盒 跨境覆膜防水物流快递白盒批发,Packaging Box,"Packaging Box. Confirm the selected model, size and included items before ordering.",CNY,1.11,0.16,https://detail.1688.com/offer/823846156328.html,included,
834230080824,logistics-packaging,packaging,现货气泡柱袋pe透明防摔防震气柱袋包装物流快递气柱卷材支持定制,Air Column Protective Bag,"Air Column Protective Bag. Confirm the selected model, size and included items before ordering.",CNY,0.25,0.04,https://detail.1688.com/offer/834230080824.html,included,
773644981203,logistics-packaging,packaging,牛皮纸打包盒一次性餐盒商用韩式炸鸡盒轻食炒饭外卖防油纸盒批发,Packaging Box,"Packaging Box. Confirm the selected model, size and included items before ordering.",CNY,0.29,0.04,https://detail.1688.com/offer/773644981203.html,included,
792985846236,logistics-packaging,packaging,新鸿发手机壳钢化膜快递产品打包纸盒 长方形扁平瓦楞打包飞机盒,Cardboard Mailer Box,"Cardboard Mailer Box. Confirm the selected model, size and included items before ordering.",CNY,0.12,0.02,https://detail.1688.com/offer/792985846236.html,included,
735850568238,logistics-packaging,packaging,特硬飞机盒宽度23厘米 长方形瓦楞牛皮纸包装盒快递物流打包纸盒,Cardboard Mailer Box,"Cardboard Mailer Box. Confirm the selected model, size and included items before ordering.",CNY,0.87,0.13,https://detail.1688.com/offer/735850568238.html,included,
707505805052,logistics-packaging,packaging,1ml美容针PET医疗吸塑盒-万级车间生产-搭配特卫强盖材4色印刷,Clear Packaging Box,"Clear Packaging Box. Confirm the selected model, size and included items before ordering.",CNY,0.1,0.01,https://detail.1688.com/offer/707505805052.html,included,
736131722852,logistics-packaging,packaging,特硬加厚飞机盒宽度21厘米跨境外贸包装盒快递物流打包盒物流包装,Cardboard Mailer Box,"Cardboard Mailer Box. Confirm the selected model, size and included items before ordering.",CNY,0.76,0.11,https://detail.1688.com/offer/736131722852.html,included,
778319752389,logistics-packaging,packaging,快递打包飞机盒优质特硬高5.5宽12.5-17.5长方形电商淘宝工厂批发,Cardboard Mailer Box,"Cardboard Mailer Box. Confirm the selected model, size and included items before ordering.",CNY,0.83,0.12,https://detail.1688.com/offer/778319752389.html,included,
779263444567,logistics-packaging,packaging,飞机盒高9.5宽21.5-27.5数码配件服装加强加硬/发货打包包装纸盒,Cardboard Mailer Box,"Cardboard Mailer Box. Confirm the selected model, size and included items before ordering.",CNY,2.29,0.34,https://detail.1688.com/offer/779263444567.html,included,
771819952941,logistics-packaging,packaging,长32cm飞机盒特硬跨境现货速发物流包装纸盒快递打包盒跨境专用,Cardboard Mailer Box,"Cardboard Mailer Box. Confirm the selected model, size and included items before ordering.",CNY,0.42,0.06,https://detail.1688.com/offer/771819952941.html,included,
892153402065,logistics-packaging,packaging,小尺寸飞机盒现货特硬包装纸盒手机壳钢化膜物流包装电商快递打包,Cardboard Mailer Box,"Cardboard Mailer Box. Confirm the selected model, size and included items before ordering.",CNY,0.12,0.02,https://detail.1688.com/offer/892153402065.html,included,
898754334424,logistics-packaging,packaging,小尺寸飞机盒现货特硬包装纸盒子手机壳钢化膜礼品盒物流快递logo,Cardboard Mailer Box,"Cardboard Mailer Box. Confirm the selected model, size and included items before ordering.",CNY,0.13,0.02,https://detail.1688.com/offer/898754334424.html,included,
996498313723,logistics-packaging,packaging,服装飞机盒定制logo彩色特硬电商仓库打包物流快递包装纸盒纸箱,Cardboard Mailer Box,"Cardboard Mailer Box. Confirm the selected model, size and included items before ordering.",CNY,0.18,0.03,https://detail.1688.com/offer/996498313723.html,included,
994078195949,logistics-packaging,packaging,LED长条灯管盒扁平纸箱快递打包盒长条日光灯管瓦楞纸盒定制厂家,Cardboard Shipping Box,"Cardboard Shipping Box. Confirm the selected model, size and included items before ordering.",CNY,0.3,0.04,https://detail.1688.com/offer/994078195949.html,included,
600780795250,logistics-packaging,packaging,东莞宏冠T11飞机盒服饰包装盒物流快递纸盒定制印刷批发物流专用,Cardboard Mailer Box,"Cardboard Mailer Box. Confirm the selected model, size and included items before ordering.",CNY,0.55,0.08,https://detail.1688.com/offer/600780795250.html,included,
973000165840,logistics-packaging,packaging,专供costco山姆运动背包PDQ展示盒 定做沃尔玛展示架挎包堆叠纸箱,Cardboard Shipping Box,"Cardboard Shipping Box. Confirm the selected model, size and included items before ordering.",CNY,5.8,0.85,https://detail.1688.com/offer/973000165840.html,included,
983623290241,logistics-packaging,packaging,书型盒飞机盒天地盒精装礼盒打样烫金UV磁吸透明视窗空盒设计定制,Cardboard Mailer Box,"Cardboard Mailer Box. Confirm the selected model, size and included items before ordering.",CNY,1,0.15,https://detail.1688.com/offer/983623290241.html,included,
953762188264,logistics-packaging,packaging,高端硬纸礼品纸箱定制高级生日礼物创意飞机纸盒双开免折盒厂家,Clear Folding Packaging Box,"Clear Folding Packaging Box. Confirm the selected model, size and included items before ordering.",CNY,0.2,0.03,https://detail.1688.com/offer/953762188264.html,included,
834887099919,logistics-packaging,packaging,炸鸡汉堡折叠手提盒烘培糕点一次性外卖打包盒,Foldable Takeaway Food Box,"Foldable Takeaway Food Box. Listed features: foldable. Confirm the selected model, size and included items before ordering.",CNY,0.77,0.11,https://detail.1688.com/offer/834887099919.html,included,
939707535189,logistics-packaging,packaging,装盒小批量定制空白纸盒印刷抽奖盲盒空盒白卡盒盲盒空盒子定制,Packaging Box,"Packaging Box. Confirm the selected model, size and included items before ordering.",CNY,0.01,,https://detail.1688.com/offer/939707535189.html,held,invalid-price
747806152367,logistics-packaging,packaging,长条包装盒定制可印logo物流快递纸箱子定做长方形雨伞纸盒空盒子,Cardboard Shipping Box,"Cardboard Shipping Box. Confirm the selected model, size and included items before ordering.",CNY,0.1,0.01,https://detail.1688.com/offer/747806152367.html,included,
751819275654,logistics-packaging,packaging,物流包装扁平纸箱定制雨伞水杯瓦楞盒厂家直销加厚加硬扁平包装盒,Cardboard Shipping Box,"Cardboard Shipping Box. Confirm the selected model, size and included items before ordering.",CNY,0.1,0.01,https://detail.1688.com/offer/751819275654.html,included,
596932967045,logistics-packaging,packaging,汉堡瓦楞纸盒子免折叠一次性外卖纸质热狗盒炸鸡薯条小吃打包盒,Foldable Packaging Box,"Foldable Packaging Box. Listed features: foldable. Confirm the selected model, size and included items before ordering.",CNY,111.01,16.24,https://detail.1688.com/offer/596932967045.html,included,
903277313387,logistics-packaging,packaging,白色卡纸船盒一次性餐盒防油纸箱牛皮纸敞口商用烤肠炸鸡打包盒,Cardboard Shipping Box,"Cardboard Shipping Box. Confirm the selected model, size and included items before ordering.",CNY,0.5,0.07,https://detail.1688.com/offer/903277313387.html,included,
950507529089,logistics-packaging,packaging,高档牛皮纸披萨打包盒9寸pizza外卖大饼8寸7寸6寸10寸12寸九七寸,Kraft Packing Paper,"Kraft Packing Paper. Confirm the selected model, size and included items before ordering.",CNY,0.89,0.13,https://detail.1688.com/offer/950507529089.html,included,
883716495958,logistics-packaging,packaging,纸箱定制小批量特硬瓦楞物流打包箱子大号礼品包装盒彩色印刷定做,Cardboard Shipping Box,"Cardboard Shipping Box. Confirm the selected model, size and included items before ordering.",CNY,1,0.15,https://detail.1688.com/offer/883716495958.html,included,
894066452796,logistics-packaging,packaging,厂家彩色印刷瓦楞天地盖开窗牛皮纸盒通用设计包小批量硬盒高端,Packaging Box,"Packaging Box. Confirm the selected model, size and included items before ordering.",CNY,0.3,0.04,https://detail.1688.com/offer/894066452796.html,included,
647011530953,logistics-packaging,packaging,源头工厂烫金私人定制抽屉盒伴手礼盒抽拉烫金皮带盒子套装礼品盒,Gift Packaging Box,"Gift Packaging Box. Confirm the selected model, size and included items before ordering.",CNY,5,0.73,https://detail.1688.com/offer/647011530953.html,included,
561723680637,logistics-packaging,packaging,加厚牛皮纸餐盒定制一次性饭盒沙拉快餐盒加厚外卖打包盒定做批发,Takeaway Food Box,"Takeaway Food Box. Confirm the selected model, size and included items before ordering.",CNY,0.3,0.04,https://detail.1688.com/offer/561723680637.html,included,
983846109793,logistics-packaging,packaging,定制精华液纸盒白卡UV烫金次抛面部瓶装原液套盒化妆品压纹彩盒,Packaging Box,"Packaging Box. Confirm the selected model, size and included items before ordering.",CNY,0.1,0.01,https://detail.1688.com/offer/983846109793.html,included,
764765773347,logistics-packaging,packaging,厂家定做防油外卖章鱼小丸子盒子一次性白卡打包盒餐盒定制小批量,Takeaway Food Box,"Takeaway Food Box. Confirm the selected model, size and included items before ordering.",CNY,20,2.93,https://detail.1688.com/offer/764765773347.html,included,
781342761869,logistics-packaging,packaging,小何菇凉炸鸡打包盒炸鸡盒批发纸盒小批量鸡食品外卖牛皮,Packaging Box,"Packaging Box. Confirm the selected model, size and included items before ordering.",CNY,0.1,0.01,https://detail.1688.com/offer/781342761869.html,included,
693377217196,logistics-packaging,packaging,一次性牛皮纸打包盒透气孔炸鸡盒商用内淋膜防油食品纸盒定 制,Packaging Box,"Packaging Box. Confirm the selected model, size and included items before ordering.",CNY,0.45,0.07,https://detail.1688.com/offer/693377217196.html,included,
810936214084,logistics-packaging,packaging,【源头工厂】定制瓦楞飞机盒礼品天地盖磁吸盒双面纸箱瓦楞礼盒,Cardboard Mailer Box,"Cardboard Mailer Box. Confirm the selected model, size and included items before ordering.",CNY,0.2,0.03,https://detail.1688.com/offer/810936214084.html,included,
829810112712,logistics-packaging,packaging,彩色撕拉飞机盒彩色彩印彩盒彩箱飞机盒瓦楞彩印彩色拉链飞机盒子,Cardboard Mailer Box,"Cardboard Mailer Box. Confirm the selected model, size and included items before ordering.",CNY,0.1,0.01,https://detail.1688.com/offer/829810112712.html,included,
706237852062,logistics-packaging,packaging,跨境现货服装节日礼品礼物一片式折叠盒翻盖盒磁吸盒礼品盒可定制,Foldable Gift Packaging Box,"Foldable Gift Packaging Box. Listed features: foldable. Confirm the selected model, size and included items before ordering.",CNY,8,1.17,https://detail.1688.com/offer/706237852062.html,included,
643504408286,logistics-packaging,packaging,工厂现货 创意侧翻折叠酒盒 红酒盒可折叠包装节省存储和物流空间,Foldable Gift Packaging Box,"Foldable Gift Packaging Box. Listed features: foldable. Confirm the selected model, size and included items before ordering.",CNY,14.5,2.12,https://detail.1688.com/offer/643504408286.html,included,
773658976050,logistics-packaging,packaging,炸鸡薯条汉堡一次性打包纸盒无纺布袋淋膜袋船盒食品外卖盒子批发,Packaging Box,"Packaging Box. Confirm the selected model, size and included items before ordering.",CNY,50,7.32,https://detail.1688.com/offer/773658976050.html,included,
1029609143999,logistics-packaging,packaging,EPE珍珠棉鸡蛋托土鸡蛋包装内衬减震缓冲快递物流包装盒定制定做,Protective Packing Foam,"Protective Packing Foam. Confirm the selected model, size and included items before ordering.",CNY,0.97,0.14,https://detail.1688.com/offer/1029609143999.html,included,
1015497040664,logistics-packaging,improvement,塑木地板户外露台地面铺设木塑跨境防腐木地板共挤二代塑木地板,Flooring Boards,"Flooring Boards. Confirm the selected model, size and included items before ordering.",CNY,35,5.12,https://detail.1688.com/offer/1015497040664.html,included,
1014371236119,logistics-packaging,packaging,珍珠棉泡沫板快递打包防震箱包泡沫棉厂家直销一件起批填充卷材,Foam Packaging,"Foam Packaging. Confirm the selected model, size and included items before ordering.",CNY,1.99,0.29,https://detail.1688.com/offer/1014371236119.html,included,
1013434332281,logistics-packaging,packaging,epe珍珠棉泡沫板割草机内衬包装定制物流运输防撞泡棉填充物批发,Foam Packaging,"Foam Packaging. Confirm the selected model, size and included items before ordering.",CNY,10,1.46,https://detail.1688.com/offer/1013434332281.html,included,
1013422136896,logistics-packaging,packaging,epe珍珠棉内衬包装盒物流填充包装部件缓冲减震定位托珍珠棉定制,Packaging Box,"Packaging Box. Confirm the selected model, size and included items before ordering.",CNY,10,1.46,https://detail.1688.com/offer/1013422136896.html,included,
1012664945913,logistics-packaging,packaging,珍珠棉板内衬白色缓冲保护异形泡沫棉快递物流定制产品内托包装,Protective Packaging Insert,"Protective Packaging Insert. Confirm the selected model, size and included items before ordering.",CNY,10,1.46,https://detail.1688.com/offer/1012664945913.html,included,
1011648913065,logistics-packaging,packaging,快递打包机电商投袋机打印贴面单封口快递袋连卷袋包装机工厂直销,Parcel Packing Machine,"Parcel Packing Machine. Confirm the selected model, size and included items before ordering.",CNY,433,63.35,https://detail.1688.com/offer/1011648913065.html,included,
1008550020403,logistics-packaging,packaging,包装缓冲ixpe泡棉 xpe保温棉 防震防撞物流飞机盒用,Cardboard Mailer Box,"Cardboard Mailer Box. Confirm the selected model, size and included items before ordering.",CNY,1.68,0.25,https://detail.1688.com/offer/1008550020403.html,included,
1002207380798,logistics-packaging,packaging,厂家供应定制epe珍珠棉内衬物流缓冲防碰撞包装盒内托底托抗压,Protective Packaging Insert,"Protective Packaging Insert. Confirm the selected model, size and included items before ordering.",CNY,1.7,0.25,https://detail.1688.com/offer/1002207380798.html,included,
995661776852,logistics-packaging,packaging,耐候钢花边 户外公园金属草坪围挡 红锈色金属花园边缘,Garden Edging,"Garden Edging. Confirm the selected model, size and included items before ordering.",CNY,5.9,0.86,https://detail.1688.com/offer/995661776852.html,included,
995648713924,logistics-packaging,packaging,耐候钢花边 锈色金属收边条耐候钢金属花园围边 直板花边贴标代发,Garden Edging,"Garden Edging. Confirm the selected model, size and included items before ordering.",CNY,5.9,0.86,https://detail.1688.com/offer/995648713924.html,included,
994934460417,logistics-packaging,packaging,耐候钢花边金属锈蚀花园草坪围边花坛围栏金属生锈景观草坪收边条,Garden Edging,"Garden Edging. Confirm the selected model, size and included items before ordering.",CNY,5.9,0.86,https://detail.1688.com/offer/994934460417.html,included,
994887334124,logistics-packaging,packaging,耐候钢板波浪纹花边 耐候钢草石隔离带 耐候板波浪围边贴标代发,Garden Edging,"Garden Edging. Confirm the selected model, size and included items before ordering.",CNY,5.9,0.86,https://detail.1688.com/offer/994887334124.html,included,
994240401343,logistics-packaging,packaging,耐候钢花边 户外锈色齿状金属收边条 耐候钢板花园围边贴标代发,Garden Edging,"Garden Edging. Confirm the selected model, size and included items before ordering.",CNY,5.9,0.86,https://detail.1688.com/offer/994240401343.html,included,
994217437960,logistics-packaging,packaging,耐候钢花边 户外公园草坪金属隔离带 锈色金属花园边缘贴标代发,Garden Edging,"Garden Edging. Confirm the selected model, size and included items before ordering.",CNY,5.9,0.86,https://detail.1688.com/offer/994217437960.html,included,
994198685453,logistics-packaging,packaging,耐候钢花园边缘红锈色金属草石隔离带户外插地式五尺金属花边,Garden Edging,"Garden Edging. Confirm the selected model, size and included items before ordering.",CNY,5.9,0.86,https://detail.1688.com/offer/994198685453.html,included,
988629638495,logistics-packaging,packaging,蓝色小工具类EVA内衬物流防护包装材料减震防撞辅材源头厂家批发,Protective Packing Foam,"Protective Packing Foam. Confirm the selected model, size and included items before ordering.",CNY,0.5,0.07,https://detail.1688.com/offer/988629638495.html,included,
983531683847,logistics-packaging,packaging,东莞EPE珍珠棉厂家直销 手机壳珍珠棉 珍珠棉片材泡沫棉垫快递包,Foam Packaging,"Foam Packaging. Confirm the selected model, size and included items before ordering.",CNY,0.08,0.01,https://detail.1688.com/offer/983531683847.html,included,
959939758028,logistics-packaging,packaging,epe珍珠棉内衬内托 异形缓冲棉快递打包防震泡沫板包装护角加工,Protective Packaging Insert,"Protective Packaging Insert. Confirm the selected model, size and included items before ordering.",CNY,1.5,0.22,https://detail.1688.com/offer/959939758028.html,included,
957095606320,logistics-packaging,packaging,可定制纸箱外包装快递物流运周转通用特硬高强坚固楞纸包装盒辅材,Cardboard Shipping Box,"Cardboard Shipping Box. Confirm the selected model, size and included items before ordering.",CNY,0.5,0.07,https://detail.1688.com/offer/957095606320.html,included,
948899512481,logistics-packaging,packaging,全自动快递打包机电商仓储套袋封口贴单一体机 1人操作打包机设备,Parcel Packing Machine,"Parcel Packing Machine. Confirm the selected model, size and included items before ordering.",CNY,350,51.21,https://detail.1688.com/offer/948899512481.html,included,
948129958057,logistics-packaging,packaging,EPE珍珠棉植绒内衬 礼品酒品包装盒红酒玻璃瓶快递缓震内托,Protective Packaging Insert,"Protective Packaging Insert. Confirm the selected model, size and included items before ordering.",CNY,5,0.73,https://detail.1688.com/offer/948129958057.html,included,
946125022820,logistics-packaging,packaging,eva卡槽物流运输防撞泡棉条工具缓冲包装内托材料玻璃固定保护器,Protective Packaging Insert,"Protective Packaging Insert. Confirm the selected model, size and included items before ordering.",CNY,0.5,0.07,https://detail.1688.com/offer/946125022820.html,included,
938858323047,logistics-packaging,packaging,力界快递袋打包机电商云仓投袋贴单封口机电动连卷袋电商仓储专用,Packaging Bag,"Packaging Bag. Confirm the selected model, size and included items before ordering.",CNY,398,58.23,https://detail.1688.com/offer/938858323047.html,included,
938649448672,logistics-packaging,packaging,复合珠光膜气泡袋信封泡沫袋自黏袋快递袋长条自粘带子包装打包袋,Packaging Bag,"Packaging Bag. Confirm the selected model, size and included items before ordering.",CNY,0.15,0.02,https://detail.1688.com/offer/938649448672.html,included,
921379429222,logistics-packaging,packaging,厂家定制供应EPE珍珠棉泡沫板内托内衬开槽挖孔防撞快递包装填充,Protective Packaging Insert,"Protective Packaging Insert. Confirm the selected model, size and included items before ordering.",CNY,1.8,0.26,https://detail.1688.com/offer/921379429222.html,included,
908867298417,logistics-packaging,packaging,厂家定制供应epe珍珠棉内衬物流缓冲防碰撞包装盒内托底托抗压,Protective Packaging Insert,"Protective Packaging Insert. Confirm the selected model, size and included items before ordering.",CNY,1.7,0.25,https://detail.1688.com/offer/908867298417.html,included,
904357392750,logistics-packaging,packaging,防压eva板材快递泡沫板块加厚高密度保护垫eva密封防摔减震防水,Protective Packing Foam,"Protective Packing Foam. Confirm the selected model, size and included items before ordering.",CNY,0.1,0.01,https://detail.1688.com/offer/904357392750.html,included,
898682650212,logistics-packaging,packaging,粵港澳大灣區沉浸式生产藍牙耳机壳周转托盘出货物流包装打樣設計,Shipping Crate or Pallet,"Shipping Crate or Pallet. Confirm the selected model, size and included items before ordering.",CNY,1.8,0.26,https://detail.1688.com/offer/898682650212.html,included,
898652270741,logistics-packaging,packaging,松山湖物流包裝預定50毫米氣泡珍珠棉防震減摔30毫米開發設計周轉,Foam Packaging,"Foam Packaging. Confirm the selected model, size and included items before ordering.",CNY,1,0.15,https://detail.1688.com/offer/898652270741.html,included,
898456255379,logistics-packaging,packaging,安阳化妝品快遞包裝纖維棉訂購濮阳工藝品防震包裝玻璃瓶防碎包裝,Bottle,"Bottle. Confirm the selected model, size and included items before ordering.",CNY,2,0.29,https://detail.1688.com/offer/898456255379.html,included,
895855933883,logistics-packaging,packaging,源头厂家批发黑色拉链尼龙编织绳子缝纫纱线快递袋包装袋辅助材料,Packaging Bag,"Packaging Bag. Confirm the selected model, size and included items before ordering.",CNY,6.5,0.95,https://detail.1688.com/offer/895855933883.html,included,
885148421600,logistics-packaging,packaging,汽修五金工具固定周转箱EVA泡沫雕刻内衬仪器显示器进口epe缓冲棉,Computer Monitor,"Computer Monitor. Confirm the selected model, size and included items before ordering.",CNY,2.48,0.36,https://detail.1688.com/offer/885148421600.html,included,
853525126130,logistics-packaging,packaging,epe珍珠棉内衬包装异形开槽礼盒内托快递填充棉缓冲包装厂家批发,Protective Packaging Insert,"Protective Packaging Insert. Confirm the selected model, size and included items before ordering.",CNY,0.8,0.12,https://detail.1688.com/offer/853525126130.html,included,
850632918342,logistics-packaging,packaging,物流防震白色epe珍珠棉内托epe内衬植绒缓冲防震填充,Protective Packaging Insert,"Protective Packaging Insert. Confirm the selected model, size and included items before ordering.",CNY,0.8,0.12,https://detail.1688.com/offer/850632918342.html,included,
840289046404,logistics-packaging,packaging,厂家直供EVA护角 防磕防碰防撞 家具物流运输三面护角 转角卡槽,Protective Packing Foam,"Protective Packing Foam. Confirm the selected model, size and included items before ordering.",CNY,1.3,0.19,https://detail.1688.com/offer/840289046404.html,included,
827801068818,logistics-packaging,packaging,eva环保材质美容个护产品内托茶叶礼盒内衬高端内托工具箱周转箱,Protective Packaging Insert,"Protective Packaging Insert. Confirm the selected model, size and included items before ordering.",CNY,3.1,0.45,https://detail.1688.com/offer/827801068818.html,included,
825007554623,logistics-packaging,packaging,epe珍珠棉快递包装盒珍珠棉成型异形材定 制板材卷材片材加工批发,Packaging Box,"Packaging Box. Confirm the selected model, size and included items before ordering.",CNY,1.25,0.18,https://detail.1688.com/offer/825007554623.html,included,
824992298473,logistics-packaging,packaging,epe珍珠棉片材内衬防潮物流包装软泡沫垫板片材板材防震泡沫批发,Foam Packaging,"Foam Packaging. Confirm the selected model, size and included items before ordering.",CNY,0.55,0.08,https://detail.1688.com/offer/824992298473.html,included,
824830619491,logistics-packaging,packaging,epe珍珠棉片材板材珍珠棉包装 内衬白色快递物流防震珍珠棉包装,Foam Packaging,"Foam Packaging. Confirm the selected model, size and included items before ordering.",CNY,0.5,0.07,https://detail.1688.com/offer/824830619491.html,included,
820667242145,logistics-packaging,packaging,现模42*32*5cm 珍珠棉鹅蛋托12枚装鹅蛋包装盒寄快递运输防震防摔,Packaging Box,"Packaging Box. Confirm the selected model, size and included items before ordering.",CNY,2.8,0.41,https://detail.1688.com/offer/820667242145.html,included,
819502744393,logistics-packaging,packaging,阿联酋空运专线 门到门双清包税 国内普货出口跨境货运代理服务,,,CNY,1,0.15,https://detail.1688.com/offer/819502744393.html,held,english-product-identification-pending
813311640299,logistics-packaging,packaging,不干胶标签条码打印纸铜版纸物流卷筒贴80 9030 40 50 60 80 130,Adhesive Labels,"Adhesive Labels. Confirm the selected model, size and included items before ordering.",CNY,6,0.88,https://detail.1688.com/offer/813311640299.html,included,
808398648266,logistics-packaging,packaging,彩色快递袋全新料材质加厚物流打包袋子批发快递防水袋子,Packaging Bag,"Packaging Bag. Confirm the selected model, size and included items before ordering.",CNY,8.88,1.3,https://detail.1688.com/offer/808398648266.html,included,
797294443465,logistics-packaging,packaging,热销市场：印刷标牌、酒标 金属、丝印冲压凹凸彩色立体 铝牌定,Metal Printed Sign,"Metal Printed Sign. Confirm the selected model, size and included items before ordering.",CNY,0.6,0.09,https://detail.1688.com/offer/797294443465.html,included,
795918512789,logistics-packaging,packaging,定制异形珍珠棉内衬包装辅材小电器快递减震水果防磕碰珍珠棉内托,Protective Packaging Insert,"Protective Packaging Insert. Confirm the selected model, size and included items before ordering.",CNY,0.6,0.09,https://detail.1688.com/offer/795918512789.html,included,
793020668256,logistics-packaging,packaging,工厂现货供应纸箱折叠箱PP中空板周转箱eva冷热压子母钉铁钉胶钉,Foldable Cardboard Shipping Box,"Foldable Cardboard Shipping Box. Listed features: foldable. Confirm the selected model, size and included items before ordering.",CNY,0.22,0.03,https://detail.1688.com/offer/793020668256.html,included,
792835991204,logistics-packaging,packaging,半透明手工敲钉P中空板箱塑料周转箱半透明塑胶手工敲钉eva冷热压,Plastic Plastic Storage Crate,"Plastic Plastic Storage Crate. Listed features: plastic. Confirm the selected model, size and included items before ordering.",CNY,0.22,0.03,https://detail.1688.com/offer/792835991204.html,included,
786093252177,logistics-packaging,packaging,现货供应PP中空板周转箱配件子母钉铁钉加胶钉手工敲钉爆款子母钉,Steel Nails,"Steel Nails. Confirm the selected model, size and included items before ordering.",CNY,0.22,0.03,https://detail.1688.com/offer/786093252177.html,included,
786093252125,logistics-packaging,packaging,PP中空板周转箱配件子母钉铁钉加胶钉塑料箱配件手工钉塑胶钉子,Plastic Plastic Crate Fasteners,"Plastic Plastic Crate Fasteners. Listed features: plastic. Confirm the selected model, size and included items before ordering.",CNY,0.22,0.03,https://detail.1688.com/offer/786093252125.html,included,
786089657703,logistics-packaging,packaging,厂家现货供应PP中空板周转箱配件子母钉铁钉胶钉手工钉eva冷热压,Steel Nails,"Steel Nails. Confirm the selected model, size and included items before ordering.",CNY,0.22,0.03,https://detail.1688.com/offer/786089657703.html,included,
785990215185,logistics-packaging,packaging,PC半透明手工敲钉中空板塑料周转箱半透明塑胶手工敲钉28MM塑胶钉,Plastic Plastic Storage Crate,"Plastic Plastic Storage Crate. Listed features: plastic. Confirm the selected model, size and included items before ordering.",CNY,0.22,0.03,https://detail.1688.com/offer/785990215185.html,included,
785982675383,logistics-packaging,packaging,工厂长期批发现货PC半透明手工敲钉中空板塑料周转箱钉子半透明28,Plastic Plastic Storage Crate,"Plastic Plastic Storage Crate. Listed features: plastic. Confirm the selected model, size and included items before ordering.",CNY,0.25,0.04,https://detail.1688.com/offer/785982675383.html,included,
785787449684,logistics-packaging,packaging,源头厂家长期批发供应PP中空板周转箱配件塑料箱钉子各种塑胶钉,Plastic Plastic Crate Fasteners,"Plastic Plastic Crate Fasteners. Listed features: plastic. Confirm the selected model, size and included items before ordering.",CNY,8,1.17,https://detail.1688.com/offer/785787449684.html,included,
785777520596,logistics-packaging,packaging,工厂现货供应PP中空板箱子母钉铁钉加胶钉手工钉周转箱加固配件钉,Plastic Storage Crate,"Plastic Storage Crate. Confirm the selected model, size and included items before ordering.",CNY,0.22,0.03,https://detail.1688.com/offer/785777520596.html,included,
785715054284,logistics-packaging,packaging,工厂现货供应PP中空板周转箱配件子母钉铁钉加胶钉手工钉子周转箱,Steel Nails,"Steel Nails. Confirm the selected model, size and included items before ordering.",CNY,0.22,0.03,https://detail.1688.com/offer/785715054284.html,included,
785709890928,logistics-packaging,packaging,子母钉铁钉加胶钉手工钉子供应中空板周转箱塑料箱配件各种塑胶钉,Plastic Plastic Crate Fasteners,"Plastic Plastic Crate Fasteners. Listed features: plastic. Confirm the selected model, size and included items before ordering.",CNY,0.22,0.03,https://detail.1688.com/offer/785709890928.html,included,
785675919613,logistics-packaging,packaging,中空板周转箱配件箱子母钉铁钉加胶钉手工钉型号多样周转箱手工钉,Steel Nails,"Steel Nails. Confirm the selected model, size and included items before ordering.",CNY,0.22,0.03,https://detail.1688.com/offer/785675919613.html,included,
756202874285,logistics-packaging,packaging,EPE珍珠棉厂家内衬内托快递包装材料防静电高密度防震,Protective Packaging Insert,"Protective Packaging Insert. Confirm the selected model, size and included items before ordering.",CNY,0.15,0.02,https://detail.1688.com/offer/756202874285.html,included,
732399891878,logistics-packaging,improvement,定制PVC户外塑木地板WPC室外地板庭院露台防腐地板园林实心地板,Flooring Boards,"Flooring Boards. Confirm the selected model, size and included items before ordering.",CNY,95,13.9,https://detail.1688.com/offer/732399891878.html,included,
731908889814,logistics-packaging,packaging,epe珍珠棉板减震防震家具包边角异形珍珠棉快递填充内衬,Foam Packaging,"Foam Packaging. Confirm the selected model, size and included items before ordering.",CNY,0.55,0.08,https://detail.1688.com/offer/731908889814.html,included,
730757231548,logistics-packaging,packaging,快递袋打包机电商打印贴面单投袋封口包装机电动连卷袋快递投袋机,Packaging Bag,"Packaging Bag. Confirm the selected model, size and included items before ordering.",CNY,498,72.87,https://detail.1688.com/offer/730757231548.html,included,
730293596109,logistics-packaging,packaging,定制全自动快递袋打包机电商打印贴面单封口包装机连卷快递投袋机,Packaging Bag,"Packaging Bag. Confirm the selected model, size and included items before ordering.",CNY,498,72.87,https://detail.1688.com/offer/730293596109.html,included,
729659852536,logistics-packaging,improvement,圆孔浮雕木纹共挤户外木塑地板WPC花园庭院阳台防滑塑木地板室外,Flooring Boards,"Flooring Boards. Confirm the selected model, size and included items before ordering.",CNY,125.9,18.42,https://detail.1688.com/offer/729659852536.html,included,
723966664486,logistics-packaging,packaging,NFC扎带NFC芯片nfc标签防伪溯源/互动营销/智慧物流,Electronic Component,"Electronic Component. Confirm the selected model, size and included items before ordering.",CNY,3.2,0.47,https://detail.1688.com/offer/723966664486.html,included,
717570221427,logistics-packaging,packaging,多功能EVA泡棉异形柱状物流防震材料高密度耐磨损缓冲减震辅材,Foam Packaging,"Foam Packaging. Confirm the selected model, size and included items before ordering.",CNY,0.6,0.09,https://detail.1688.com/offer/717570221427.html,included,
712206018193,logistics-packaging,improvement,石塑地板SPC石塑锁扣地板室内diy地板防火石晶地板无缝耐磨加厚板,Flooring Boards,"Flooring Boards. Confirm the selected model, size and included items before ordering.",CNY,36,5.27,https://detail.1688.com/offer/712206018193.html,included,
695816689236,logistics-packaging,packaging,可定制全自动快递袋制袋机市场袋拉链袋机热封降解塑料袋机器设备,Plastic Packaging Bag,"Plastic Packaging Bag. Listed features: plastic. Confirm the selected model, size and included items before ordering.",CNY,155000,22678.93,https://detail.1688.com/offer/695816689236.html,included,
695660024752,logistics-packaging,packaging,苏州厂家EPE珍珠棉内衬快递减震礼盒内托包装盒礼盒加厚填充内托,Protective Packaging Insert,"Protective Packaging Insert. Confirm the selected model, size and included items before ordering.",CNY,1,0.15,https://detail.1688.com/offer/695660024752.html,included,
672904155496,logistics-packaging,improvement,厂家定制木塑地板室外花园景观栈道露台地板自铺WPC户外塑木地板,Flooring Boards,"Flooring Boards. Confirm the selected model, size and included items before ordering.",CNY,69.9,10.23,https://detail.1688.com/offer/672904155496.html,included,
672661286147,logistics-packaging,improvement,定制量大优惠共挤塑木地板浮雕户外地板木塑地板阳台露台庭院地板,Flooring Boards,"Flooring Boards. Confirm the selected model, size and included items before ordering.",CNY,69.9,10.23,https://detail.1688.com/offer/672661286147.html,included,
670401532054,logistics-packaging,packaging,物流胶带打包器手动塑料封箱器切割器胶纸机胶带座4.8cm胶带切割,Plastic Packing Tape,"Plastic Packing Tape. Listed features: plastic. Confirm the selected model, size and included items before ordering.",CNY,3.3,0.48,https://detail.1688.com/offer/670401532054.html,included,
668987876499,logistics-packaging,packaging,三防热敏纸不干胶10090807060快递打印贴纸小批量标签纸条形码,Adhesive Labels,"Adhesive Labels. Confirm the selected model, size and included items before ordering.",CNY,6.4,0.94,https://detail.1688.com/offer/668987876499.html,included,
653341350945,logistics-packaging,packaging,爱心粉色EPE珍珠棉DIY填充物快递填充颗粒粉色白色珍珠棉泡沫批发,Foam Packaging,"Foam Packaging. Confirm the selected model, size and included items before ordering.",CNY,0.01,,https://detail.1688.com/offer/653341350945.html,held,invalid-price
643479352677,logistics-packaging,packaging,珍珠棉玻璃茶具瓷器包装 易碎物品物流快递包装,Foam Packaging,"Foam Packaging. Confirm the selected model, size and included items before ordering.",CNY,1.25,0.18,https://detail.1688.com/offer/643479352677.html,included,
642669550651,logistics-packaging,packaging,厂家直销  水性辅材 腻子粉 保温涂料包装袋 蛇皮袋,Packaging Bag,"Packaging Bag. Confirm the selected model, size and included items before ordering.",CNY,0.75,0.11,https://detail.1688.com/offer/642669550651.html,included,
642270958273,logistics-packaging,packaging,epe珍珠棉内衬快递打包泡沫板加厚包装垫片大防潮膜连包装软片,Foam Packaging,"Foam Packaging. Confirm the selected model, size and included items before ordering.",CNY,0.99,0.14,https://detail.1688.com/offer/642270958273.html,included,
640917548775,logistics-packaging,packaging,白色水果快递包装盒防碰  珍珠棉水果内衬 epe珍珠棉定 制,Packaging Box,"Packaging Box. Confirm the selected model, size and included items before ordering.",CNY,0.6,0.09,https://detail.1688.com/offer/640917548775.html,included,
640840584539,logistics-packaging,packaging,厂家批发EPE珍珠棉 圆管空心管物流包装减震保护管批发,Foam Packaging,"Foam Packaging. Confirm the selected model, size and included items before ordering.",CNY,0.6,0.09,https://detail.1688.com/offer/640840584539.html,included,
606082583112,logistics-packaging,packaging,珍珠棉内衬内托挖槽定制防潮快递物流包装防震发泡珍珠棉片厂家,Protective Packaging Insert,"Protective Packaging Insert. Confirm the selected model, size and included items before ordering.",CNY,0.52,0.08,https://detail.1688.com/offer/606082583112.html,included,
597662844693,logistics-packaging,packaging,厂家直销  水性辅材 腻子粉 保温涂料包装袋 蛇皮袋,Packaging Bag,"Packaging Bag. Confirm the selected model, size and included items before ordering.",CNY,0.73,0.11,https://detail.1688.com/offer/597662844693.html,included,
576718271721,logistics-packaging,packaging,防震防摔黑色包装泡沫片 周转箱防震防撞泡棉内胆 防撞抗摔盒子厂,Foam Packaging,"Foam Packaging. Confirm the selected model, size and included items before ordering.",CNY,1.45,0.21,https://detail.1688.com/offer/576718271721.html,included,
576541689416,logistics-packaging,packaging,孝感珍珠棉袋厂家供应EPE珍珠棉袋子EPE袋轧花袋防震快递珍珠棉袋,Foam Packaging,"Foam Packaging. Confirm the selected model, size and included items before ordering.",CNY,0.05,0.01,https://detail.1688.com/offer/576541689416.html,included,
576368141591,logistics-packaging,packaging,沙发编织袋1.8M 床垫袋 家具包装袋物流搬家打包塑料编织袋汽泡袋,Plastic Packaging Bag,"Plastic Packaging Bag. Listed features: plastic. Confirm the selected model, size and included items before ordering.",CNY,8,1.17,https://detail.1688.com/offer/576368141591.html,included,
576034427423,logistics-packaging,packaging,批发沙发床垫包装编织袋 五金软体床餐椅物流搬家袋汽泡袋棉毡,Sofa,"Sofa. Confirm the selected model, size and included items before ordering.",CNY,4.5,0.66,https://detail.1688.com/offer/576034427423.html,included,
575281254907,logistics-packaging,packaging,特种纸黑卡厂家单双面透心礼盒手提袋吊牌原浆黑色硬卡纸特种纸,Paper Gift Bag,"Paper Gift Bag. Confirm the selected model, size and included items before ordering.",CNY,1.3,0.19,https://detail.1688.com/offer/575281254907.html,included,
555271075160,logistics-packaging,packaging,生产珍珠棉内衬珍珠棉内托 珍珠棉防震包装盒 快递水果包装填充,Protective Packaging Insert,"Protective Packaging Insert. Confirm the selected model, size and included items before ordering.",CNY,0.55,0.08,https://detail.1688.com/offer/555271075160.html,included,
527751350527,logistics-packaging,packaging,厂家供应 PVC夹网网格布包装薄膜 周转箱辅材PVC薄膜,Packaging Film,"Packaging Film. Confirm the selected model, size and included items before ordering.",CNY,8,1.17,https://detail.1688.com/offer/527751350527.html,included,
525452690690,logistics-packaging,packaging,供应PE自封袋警示语环保塑膜袋市场通用拉链袋服装包装袋批发定做,Packaging Bag,"Packaging Bag. Confirm the selected model, size and included items before ordering.",CNY,0.28,0.04,https://detail.1688.com/offer/525452690690.html,included,
524617428624,logistics-packaging,packaging,河南物流包装内衬南阳植绒加硬包装内衬開發設計和打样制樣生產,Protective Packing Foam,"Protective Packing Foam. Confirm the selected model, size and included items before ordering.",CNY,2.2,0.32,https://detail.1688.com/offer/524617428624.html,included,
520714382792,logistics-packaging,packaging,35*25双排10000张厂家直供标签纸不干胶条码机打印纸空白铜版纸,Printer Paper,"Printer Paper. Confirm the selected model, size and included items before ordering.",CNY,15,2.19,https://detail.1688.com/offer/520714382792.html,included,
520710839347,logistics-packaging,packaging,44*40双排1万张条码纸不干胶标签纸贴纸铜版纸不干胶定制印刷,Adhesive Labels,"Adhesive Labels. Confirm the selected model, size and included items before ordering.",CNY,56,8.19,https://detail.1688.com/offer/520710839347.html,included,
520688518747,logistics-packaging,packaging,源头工厂 铜版纸不干标签条码打印纸物流贴纸30*8mm三排30000张,Adhesive Labels,"Adhesive Labels. Confirm the selected model, size and included items before ordering.",CNY,32,4.68,https://detail.1688.com/offer/520688518747.html,included,
44063398427,logistics-packaging,packaging,供应订 做珍珠棉防震条 玻璃长条快递包装泡沫袋防震材料珍珠棉,Foam Packaging,"Foam Packaging. Confirm the selected model, size and included items before ordering.",CNY,16,2.34,https://detail.1688.com/offer/44063398427.html,included,
44030138536,logistics-packaging,packaging,湖北孝感厂家生产珍珠棉 3毫米珍珠棉包装袋快递防震防撞防碎膜卷,Foam Packaging,"Foam Packaging. Confirm the selected model, size and included items before ordering.",CNY,16,2.34,https://detail.1688.com/offer/44030138536.html,included,
39891312759,logistics-packaging,packaging,epe垫EPE珍珠棉 物流包装快递包装 防震材料成型环保EPE珍珠棉,Foam Packaging,"Foam Packaging. Confirm the selected model, size and included items before ordering.",CNY,0.4,0.06,https://detail.1688.com/offer/39891312759.html,included,
1083914575224,logistics-packaging,packaging,聚氨酯发泡袋即拍即用环保防震快递包装填充物异形易碎品打包材料,Protective Foam Bag,"Protective Foam Bag. Confirm the selected model, size and included items before ordering.",CNY,7,1.02,https://detail.1688.com/offer/1083914575224.html,included,
1078723615415,logistics-packaging,packaging,聚氨酯手拍发泡袋 快递物流缓冲包装材料 异形易碎品现场发泡包装,Protective Foam Bag,"Protective Foam Bag. Confirm the selected model, size and included items before ordering.",CNY,8,1.17,https://detail.1688.com/offer/1078723615415.html,included,
1068936319469,logistics-packaging,packaging,厂家专业生产批发EPE珍珠棉物流包装内衬礼盒包装epe珍珠棉护角,Protective Packing Foam,"Protective Packing Foam. Confirm the selected model, size and included items before ordering.",CNY,1.8,0.26,https://detail.1688.com/offer/1068936319469.html,included,
1056983886435,logistics-packaging,packaging,荔枝鲜果包装标签鲜甜多汁果标农贸市场摊贩快递打包不干胶贴纸,Adhesive Labels,"Adhesive Labels. Confirm the selected model, size and included items before ordering.",CNY,5.9,0.86,https://detail.1688.com/offer/1056983886435.html,included,
995994701263,logistics-packaging,packaging,胶带透明打包用强粘封箱胶带大卷黄色物流包装胶带疯抢整箱批发,Packing Tape,"Packing Tape. Confirm the selected model, size and included items before ordering.",CNY,2.5,0.37,https://detail.1688.com/offer/995994701263.html,included,
936915187335,logistics-packaging,packaging,可定制天地盖彩盒创意礼品食品生鲜水果物流运输覆膜瓦楞纸板彩盒,Packaging Box,"Packaging Box. Confirm the selected model, size and included items before ordering.",CNY,5.5,0.8,https://detail.1688.com/offer/936915187335.html,included,
936650923138,logistics-packaging,packaging,灰色泡沫珍珠棉管化妆瓶包装保护海绵套快递防震填充填缝泡棉套,Foam Packaging,"Foam Packaging. Confirm the selected model, size and included items before ordering.",CNY,0.65,0.1,https://detail.1688.com/offer/936650923138.html,included,
644271620630,logistics-packaging,packaging,USB加长管麦克风 话筒 电脑笔记本用麦克风 USB Microphone配海绵,Microphone Component,"Microphone Component. Confirm the selected model, size and included items before ordering.",CNY,13,1.9,https://detail.1688.com/offer/644271620630.html,included,
674999662707,lighting | furniture-lighting,lighting,吸顶灯高级感全光谱客厅灯大厅主灯护眼简约卧室中山灯具家装灯饰,Ceiling Light,"Ceiling Light. Confirm the selected model, size and included items before ordering.",CNY,73,10.68,https://detail.1688.com/offer/674999662707.html,included,
814693676928,lighting | lighting-market,lighting,跨境led灯泡充电款长续航节能照明灯泡户外螺口e27应急摆摊球泡灯,LED Light Bulb,"LED Light Bulb. Confirm the selected model, size and included items before ordering.",CNY,1.5,0.22,https://detail.1688.com/offer/814693676928.html,included,
673099653195,lighting,lighting,云朵吸顶灯全光谱led卧室灯现代简约北欧儿童房南瓜护眼中山灯具,Ceiling Light,"Ceiling Light. Confirm the selected model, size and included items before ordering.",CNY,68,9.95,https://detail.1688.com/offer/673099653195.html,included,
996958598634,lighting,lighting,LED吸顶灯全光谱护眼轻奢现代简约客厅灯中山灯具餐厅卧室灯主灯,Ceiling Light,"Ceiling Light. Confirm the selected model, size and included items before ordering.",CNY,49,7.17,https://detail.1688.com/offer/996958598634.html,included,
751688338979,lighting,lighting,吸顶灯超薄客厅灯简约卧室灯套餐家装灯饰照明大厅中山灯具厂直销,Ceiling Light,"Ceiling Light. Confirm the selected model, size and included items before ordering.",CNY,40,5.85,https://detail.1688.com/offer/751688338979.html,included,
1057248933702,lighting,lighting,摆摊LED磁吸充电照明灯 长续航不插电 夜市地摊露营跨境应急灯,Emergency Light,"Emergency Light. Confirm the selected model, size and included items before ordering.",CNY,14,2.05,https://detail.1688.com/offer/1057248933702.html,included,
887205667086,lighting | furniture-lighting,lighting,客厅主灯吸顶灯现代简约2025年新款全屋套餐组合大气广东中山灯具,Ceiling Light,"Ceiling Light. Confirm the selected model, size and included items before ordering.",CNY,95,13.9,https://detail.1688.com/offer/887205667086.html,included,
985451825238,lighting,lighting,25年新led吸顶灯客厅灯具卧室灯简约餐厅灯阳台中山灯具,Ceiling Light,"Ceiling Light. Confirm the selected model, size and included items before ordering.",CNY,17.18,2.51,https://detail.1688.com/offer/985451825238.html,included,
950480777148,lighting,lighting,定制加工太阳能灯可充电户外照明露营野炊太阳能多功能应急灯,Solar Light,"Solar Light. Confirm the selected model, size and included items before ordering.",CNY,14.5,2.12,https://detail.1688.com/offer/950480777148.html,included,
1078211443672,lighting,lighting,三面发光露营灯户外便携折叠应急灯高亮照明夜市摆摊灯亚马逊爆TK,Foldable Portable Portable Camping Light,"Foldable Portable Portable Camping Light. Listed features: foldable, portable. Confirm the selected model, size and included items before ordering.",CNY,160,23.41,https://detail.1688.com/offer/1078211443672.html,included,
733558041748,lighting,lighting,882B户外强光探照灯带侧灯LED大功率长续航家用手握式手电筒定制,Portable Work Light,"Portable Work Light. Confirm the selected model, size and included items before ordering.",CNY,25.5,3.73,https://detail.1688.com/offer/733558041748.html,included,
931052273062,lighting,lighting,led感应吸顶灯声控楼道楼梯过道家用入户 走廊自动雷达人体感应灯,Ceiling Light,"Ceiling Light. Confirm the selected model, size and included items before ordering.",CNY,9.37,1.37,https://detail.1688.com/offer/931052273062.html,included,
712750426831,lighting,lighting,神火手电筒强光远射变焦手电可充电户外应急灯照明灯救援防汛电筒,Torch,"Torch. Confirm the selected model, size and included items before ordering.",CNY,9,1.32,https://detail.1688.com/offer/712750426831.html,included,
706674784791,lighting,lighting,伍德氏灯照猫藓尿癣真菌检测手电筒UV紫外线荧光剂紫光验钞灯专用,Torch,"Torch. Confirm the selected model, size and included items before ordering.",CNY,4.3,0.63,https://detail.1688.com/offer/706674784791.html,included,
680655180831,lighting,lighting,落地灯ins简约北欧led客厅卧室立式床头灯墙角落地台灯遥控氛围灯,Head Torch,"Head Torch. Confirm the selected model, size and included items before ordering.",CNY,56,8.19,https://detail.1688.com/offer/680655180831.html,included,
1077941665161,lighting,lighting,充电照明灯户外露营灯超长续航夜市摆摊灯地摊神器应急led灯批发,Portable Market Light,"Portable Market Light. Confirm the selected model, size and included items before ordering.",CNY,34,4.97,https://detail.1688.com/offer/1077941665161.html,included,
907009561046,lighting | furniture-lighting,lighting,灯具全屋2025年新款客厅吊灯2024现代简约大气轻奢高级感吸顶主灯,Ceiling Light,"Ceiling Light. Confirm the selected model, size and included items before ordering.",CNY,119,17.41,https://detail.1688.com/offer/907009561046.html,included,
998706308401,lighting,lighting,广东中山灯具语音声控智能客厅灯现代简约吸顶灯全屋组合套餐,Ceiling Light,"Ceiling Light. Confirm the selected model, size and included items before ordering.",CNY,314,45.94,https://detail.1688.com/offer/998706308401.html,included,
712034834082,lighting,lighting,吸顶灯led超薄全光谱卧室灯北欧家用简约现代厨房书房阳台客厅灯,Ceiling Light,"Ceiling Light. Confirm the selected model, size and included items before ordering.",CNY,40,5.85,https://detail.1688.com/offer/712034834082.html,included,
997810372301,lighting,lighting,太阳能照明灯户外强光家用庭院灯农村室外院子一拖二投光防水路灯,Solar Street Light,"Solar Street Light. Confirm the selected model, size and included items before ordering.",CNY,92,13.46,https://detail.1688.com/offer/997810372301.html,included,
990868263555,lighting,lighting,太阳能照明灯家用户外爆亮庭院灯新款超亮大功率农村门口防水路灯,Solar Street Light,"Solar Street Light. Confirm the selected model, size and included items before ordering.",CNY,109,15.95,https://detail.1688.com/offer/990868263555.html,included,
928531233324,lighting,lighting,D11太阳能灯充电大容量投光灯家用户外夜市摆摊庭院照明路灯Amzon,Solar Street Light,"Solar Street Light. Confirm the selected model, size and included items before ordering.",CNY,85,12.44,https://detail.1688.com/offer/928531233324.html,included,
851178624065,lighting | furniture-lighting,lighting,中山灯具菱晶板全光谱98简约现代护眼LED吸顶灯卧室客厅大厅主灯,Ceiling Light,"Ceiling Light. Confirm the selected model, size and included items before ordering.",CNY,188,27.51,https://detail.1688.com/offer/851178624065.html,included,
756080040716,lighting,lighting,吸顶灯普瑞全光谱98护眼简约客厅大厅主灯组合套餐客厅灯中山灯具,Ceiling Light,"Ceiling Light. Confirm the selected model, size and included items before ordering.",CNY,94,13.75,https://detail.1688.com/offer/756080040716.html,included,
630393665691,lighting,lighting,厂家直供LED灯管 一体化T5 T8灯管照明1.2米节能光管 全套日光灯,LED Tube Light,"LED Tube Light. Confirm the selected model, size and included items before ordering.",CNY,5.39,0.79,https://detail.1688.com/offer/630393665691.html,included,
747013987248,lighting | furniture-lighting,lighting,三防全光谱吸顶灯led客厅灯简约过道灯阳台灯护眼圆形卧室灯厂家,Desk Lamp,"Desk Lamp. Confirm the selected model, size and included items before ordering.",CNY,8.8,1.29,https://detail.1688.com/offer/747013987248.html,included,
678031266337,lighting,lighting,FSL佛山照明T8灯管LED一体化双端供电支架家用玻璃长条日光灯光源,LED Tube Light,"LED Tube Light. Confirm the selected model, size and included items before ordering.",CNY,5.1,0.75,https://detail.1688.com/offer/678031266337.html,included,
898708930545,lighting,lighting,金属LED机床工作灯防水防油烟防爆荧光数控照明车床220V三防灯36v,Work Light,"Work Light. Confirm the selected model, size and included items before ordering.",CNY,22,3.22,https://detail.1688.com/offer/898708930545.html,included,
1086551336070,lighting,lighting,摆地摊夜市灯充电应急灯LED补光灯户外照明强光支架野外露营灯,Camping Light,"Camping Light. Confirm the selected model, size and included items before ordering.",CNY,29.9,4.37,https://detail.1688.com/offer/1086551336070.html,included,
670666558983,lighting,lighting,BOZZYS野营户外骑行照明灯便携式led露营应急防灾备用盐水袋灯,Portable Portable Camping Light,"Portable Portable Camping Light. Listed features: portable. Confirm the selected model, size and included items before ordering.",CNY,29,4.24,https://detail.1688.com/offer/670666558983.html,included,
745692780928,lighting,lighting,一体化led灯管T5超亮日光灯t8长条灯条家用全套节能支架光管1.2米,LED Tube Light,"LED Tube Light. Confirm the selected model, size and included items before ordering.",CNY,2,0.29,https://detail.1688.com/offer/745692780928.html,included,
977844579486,lighting | furniture-lighting,lighting,法式中古风轻奢全屋套餐组合客厅吸顶灯2025新款卧室护眼中山灯具,Ceiling Light,"Ceiling Light. Confirm the selected model, size and included items before ordering.",CNY,125,18.29,https://detail.1688.com/offer/977844579486.html,included,
633977936805,lighting | lighting-market,lighting,led灯泡E27家用大功率高富帅球泡灯摆摊电灯泡螺口节能灯泡超亮,LED Light Bulb,"LED Light Bulb. Confirm the selected model, size and included items before ordering.",CNY,0.5,0.07,https://detail.1688.com/offer/633977936805.html,included,
959164562938,lighting,lighting,全光谱客厅吸顶灯现代轻奢亚克力设计LED高级感2025新款大厅灯具,Ceiling Light,"Ceiling Light. Confirm the selected model, size and included items before ordering.",CNY,125,18.29,https://detail.1688.com/offer/959164562938.html,included,
724202337698,lighting,lighting,月球太阳能柱头灯庭院灯别墅花园大门灯户外防水围墙灯家用门柱灯,Head Torch,"Head Torch. Confirm the selected model, size and included items before ordering.",CNY,108,15.8,https://detail.1688.com/offer/724202337698.html,included,
1064929326620,lighting,lighting,严选太阳能仿真八爪鱼监控灯太阳灯大门照明防水家用户外庭院壁灯,Wall Light,"Wall Light. Confirm the selected model, size and included items before ordering.",CNY,22,3.22,https://detail.1688.com/offer/1064929326620.html,included,
1040271074318,lighting,lighting,LED塔吊灯1000W1500瓦建筑工地工程照明户外防水探照投光大功率,Pendant Light,"Pendant Light. Confirm the selected model, size and included items before ordering.",CNY,327,47.85,https://detail.1688.com/offer/1040271074318.html,included,
980557890702,lighting,lighting,跨境新款多功能便携磁吸工作灯COB笔灯充电汽修灯磁吸笔夹手电筒,Portable Torch,"Portable Torch. Listed features: portable. Confirm the selected model, size and included items before ordering.",CNY,15.9,2.33,https://detail.1688.com/offer/980557890702.html,included,
43495734,lighting | lighting-market,lighting,批发9LED铝合金迷你手电筒两件套滚花9灯旅游居家照明代发手电筒,Torch,"Torch. Confirm the selected model, size and included items before ordering.",CNY,3,0.44,https://detail.1688.com/offer/43495734.html,included,
851823612415,lighting,lighting,投光灯户外篮球场led灯防水大面积室外工地照明灯篮球场专用灯,Outdoor Floodlight,"Outdoor Floodlight. Confirm the selected model, size and included items before ordering.",CNY,144,21.07,https://detail.1688.com/offer/851823612415.html,included,
743227773084,lighting,lighting,FSL佛山照明护眼全光谱LED卧室吸顶灯具现代简约过道阳台灯客厅灯,Desk Lamp,"Desk Lamp. Confirm the selected model, size and included items before ordering.",CNY,19.75,2.89,https://detail.1688.com/offer/743227773084.html,included,
1061789101610,lighting,lighting,露营户外照明灯无极调光双光源照明马灯超长续航复古野营露营灯,Portable Camping Light,"Portable Camping Light. Confirm the selected model, size and included items before ordering.",CNY,49,7.17,https://detail.1688.com/offer/1061789101610.html,included,
782046231570,lighting,lighting,ingelec塑包铝家用led灯泡球泡A泡节能超亮灯大功率室内照明批发,LED Light Bulb,"LED Light Bulb. Confirm the selected model, size and included items before ordering.",CNY,2.5,0.37,https://detail.1688.com/offer/782046231570.html,included,
760431057562,lighting,lighting,跨境新款强光手电筒户外多功能露营照明手电LED灯光工作侧灯,Portable Camping Light,"Portable Camping Light. Confirm the selected model, size and included items before ordering.",CNY,5.28,0.77,https://detail.1688.com/offer/760431057562.html,included,
751384191596,lighting | lighting-market,lighting,夜市led家用充电式灯泡高亮节能应急球泡灯户外无线夜市摆地摊灯,LED Light Bulb,"LED Light Bulb. Confirm the selected model, size and included items before ordering.",CNY,3.99,0.58,https://detail.1688.com/offer/751384191596.html,included,
673277831641,lighting,lighting,定制LED盐水应急照明灯户外露营灯抗灾停电救援盐水发电应急灯,Emergency Light,"Emergency Light. Confirm the selected model, size and included items before ordering.",CNY,25.5,3.73,https://detail.1688.com/offer/673277831641.html,included,
1076917070491,lighting,lighting,照明灯摆摊夜市灯充电led地摊移动户外照明灯强光支架应急露营灯,Portable Market Light,"Portable Market Light. Confirm the selected model, size and included items before ordering.",CNY,39,5.71,https://detail.1688.com/offer/1076917070491.html,included,
981222520501,lighting,lighting,2026新款夹子灯中号太阳能灯感应灯庭院灯户外壁灯露营灯补光灯,Wall Light,"Wall Light. Confirm the selected model, size and included items before ordering.",CNY,14,2.05,https://detail.1688.com/offer/981222520501.html,included,
1045644222113,lighting,lighting,户外露营灯超长续航野营氛围灯led多功能照明充电应急磁吸工作灯,Portable Camping Light,"Portable Camping Light. Confirm the selected model, size and included items before ordering.",CNY,30.8,4.51,https://detail.1688.com/offer/1045644222113.html,included,
979825272637,lighting,lighting,跨境户外LED灯三叶折叠露营灯TYPE充电便携挂钩多功能野营帐篷灯,Foldable Portable Camping Light,"Foldable Portable Camping Light. Listed features: foldable, portable. Confirm the selected model, size and included items before ordering.",CNY,18,2.63,https://detail.1688.com/offer/979825272637.html,included,
1086698372707,lighting,lighting,摆地摊夜市灯充电应急灯LED补光灯户外照明强光支架野外露营灯,Camping Light,"Camping Light. Confirm the selected model, size and included items before ordering.",CNY,29.9,4.37,https://detail.1688.com/offer/1086698372707.html,included,
1050241073183,lighting,lighting,登山扣挂绳灯 户外露营徒步照明便携 LED小夜灯 防水充电提灯挂灯,Portable Portable Camping Light,"Portable Portable Camping Light. Listed features: portable. Confirm the selected model, size and included items before ordering.",CNY,20.5,3.0,https://detail.1688.com/offer/1050241073183.html,included,
595852996067,lighting,lighting,强光手电筒充电便捷家用大功率长续航户外摆地摊迷你远射照明灯,Torch,"Torch. Confirm the selected model, size and included items before ordering.",CNY,3.6,0.53,https://detail.1688.com/offer/595852996067.html,included,
918862407512,lighting,lighting,青空灯嵌入式涂鸦厨房卫生间蓝天灯玄关过道简约智能led天晴空灯,Sky Effect Light,"Sky Effect Light. Confirm the selected model, size and included items before ordering.",CNY,208,30.43,https://detail.1688.com/offer/918862407512.html,included,
724720292206,lighting,lighting,LED复古马灯泛光照明户外手提帐篷灯太阳能充电露营家氛围灯强光,Camping Light,"Camping Light. Confirm the selected model, size and included items before ordering.",CNY,14.8,2.17,https://detail.1688.com/offer/724720292206.html,included,
1086695850530,lighting,lighting,多功能手电筒USB充电便携式COB侧灯带挂钩户外强光长续航照明手电,Portable LED Light Strip,"Portable LED Light Strip. Listed features: portable. Confirm the selected model, size and included items before ordering.",CNY,9.3,1.36,https://detail.1688.com/offer/1086695850530.html,included,
1085812475663,lighting,lighting,全光谱电灯泡led节能灯超亮E27螺旋纹口家用吊灯台灯照明球泡改造,LED Light Bulb,"LED Light Bulb. Confirm the selected model, size and included items before ordering.",CNY,6.8,0.99,https://detail.1688.com/offer/1085812475663.html,included,
680304951455,lighting,lighting,led灯盘吸顶灯替换芯方形超亮节能模组光源 恒流贴片高亮磁吸灯芯,Ceiling Light,"Ceiling Light. Confirm the selected model, size and included items before ordering.",CNY,2.49,0.36,https://detail.1688.com/offer/680304951455.html,included,
1050650448875,lighting,lighting,跨境新品露营灯USB充电强光手电便携应急灯手提照明灯户外野营灯,Portable Portable Camping Light,"Portable Portable Camping Light. Listed features: portable. Confirm the selected model, size and included items before ordering.",CNY,31.2,4.57,https://detail.1688.com/offer/1050650448875.html,included,
645697546959,lighting,lighting,太阳能跨境爆款裂纹庭院灯户外防水裂纹地插灯花园球场别墅景观灯,Outdoor Garden Light,"Outdoor Garden Light. Confirm the selected model, size and included items before ordering.",CNY,10,1.46,https://detail.1688.com/offer/645697546959.html,included,
1000815853532,lighting,lighting,厂家直营 爆亮太阳能路灯工程款LED感应式庭院灯户外防雨照明路灯,Solar Street Light,"Solar Street Light. Confirm the selected model, size and included items before ordering.",CNY,140,20.48,https://detail.1688.com/offer/1000815853532.html,included,
855843476486,lighting,lighting,跨境专供太阳能绣球花灯户外庭院花园装饰灯草坪地插灯,Decorative Light,"Decorative Light. Confirm the selected model, size and included items before ordering.",CNY,15.5,2.27,https://detail.1688.com/offer/855843476486.html,included,
835934410093,lighting,lighting,户外露营灯折叠照明灯挂灯工作灯帐篷灯营地灯多功能应急灯野营灯,Foldable Portable Camping Light,"Foldable Portable Camping Light. Listed features: foldable. Confirm the selected model, size and included items before ordering.",CNY,21.8,3.19,https://detail.1688.com/offer/835934410093.html,included,
997435712578,lighting,lighting,太阳能led灯户外庭院人体感应路灯充电照明灯家用花园防水壁灯,Solar Street Light,"Solar Street Light. Confirm the selected model, size and included items before ordering.",CNY,6.5,0.95,https://detail.1688.com/offer/997435712578.html,included,
38522362679,lighting,lighting,剑火T135小型便携式移动照明系统 手提户外移动式 工程应急照明灯,Portable Portable Lighting System,"Portable Portable Lighting System. Listed features: portable. Confirm the selected model, size and included items before ordering.",CNY,1099,160.8,https://detail.1688.com/offer/38522362679.html,included,
1028407304218,lighting,lighting,太阳能路灯6米新农村公路照明灯户外超亮大功率家用庭院灯工程款,Solar Street Light,"Solar Street Light. Confirm the selected model, size and included items before ordering.",CNY,118,17.27,https://detail.1688.com/offer/1028407304218.html,included,
980037124135,lighting | lighting-market,lighting,太阳能马灯户外露营灯超亮LED钓鱼徒步攀登多功能照明灯便携式应,Portable Portable Camping Light,"Portable Portable Camping Light. Listed features: portable. Confirm the selected model, size and included items before ordering.",CNY,16.58,2.43,https://detail.1688.com/offer/980037124135.html,included,
802504564430,lighting,lighting,户外露营灯帐篷灯天幕氛围灯超长续航充电马灯复古提灯山地野营灯,Camping Light,"Camping Light. Confirm the selected model, size and included items before ordering.",CNY,8.6,1.26,https://detail.1688.com/offer/802504564430.html,included,
1087069750768,lighting,lighting,E27螺口LED球泡灯三档调光节能灯泡家用暖白光源5W7W超亮照明,LED Light Bulb,"LED Light Bulb. Confirm the selected model, size and included items before ordering.",CNY,4.5,0.66,https://detail.1688.com/offer/1087069750768.html,included,
560405822245,lighting,lighting,led充电灯泡夜市摆摊户外便携露营灯usb充电应急灯停电照明球泡灯,Portable Portable Camping Light,"Portable Portable Camping Light. Listed features: portable. Confirm the selected model, size and included items before ordering.",CNY,5.99,0.88,https://detail.1688.com/offer/560405822245.html,included,
915725215568,lighting,lighting,户外多功能露营应急照明灯 太阳能充电灯 应急灯 夜市摆摊投光灯,Portable Camping Light,"Portable Camping Light. Confirm the selected model, size and included items before ordering.",CNY,14.5,2.12,https://detail.1688.com/offer/915725215568.html,included,
711501577207,lighting,lighting,射树灯led户外防水草坪插地照明庭院投射灯公园景观别墅射灯厂家,Recessed or Spot Light,"Recessed or Spot Light. Confirm the selected model, size and included items before ordering.",CNY,25,3.66,https://detail.1688.com/offer/711501577207.html,included,
633821140721,lighting,lighting,批发节能灯led灯泡球泡灯家用客厅e27螺口超亮恒流护眼厂房照明灯,LED Light Bulb,"LED Light Bulb. Confirm the selected model, size and included items before ordering.",CNY,0.53,0.08,https://detail.1688.com/offer/633821140721.html,included,
889454611819,lighting,lighting,太阳能露营灯户外充电式照明灯家用停电应急灯地摊灯营地灯野营灯,Portable Camping Light,"Portable Camping Light. Confirm the selected model, size and included items before ordering.",CNY,42.8,6.26,https://detail.1688.com/offer/889454611819.html,included,
889801469327,lighting,lighting,神火A22-S强光手电筒36W充电大功率高亮远射防汛应急照明电筒,Torch,"Torch. Confirm the selected model, size and included items before ordering.",CNY,88.5,12.95,https://detail.1688.com/offer/889801469327.html,included,
612686850244,lighting,lighting,fsl佛山照明led灯泡大功率柱形球泡高亮节能A泡灯E27螺口明装灯座,LED Light Bulb,"LED Light Bulb. Confirm the selected model, size and included items before ordering.",CNY,2.1,0.31,https://detail.1688.com/offer/612686850244.html,included,
942177273480,lighting | lighting-market,lighting,新款太阳能投光灯家用庭院灯花园照明灯庭院灯户外防水太阳能灯,Outdoor Floodlight,"Outdoor Floodlight. Confirm the selected model, size and included items before ordering.",CNY,79,11.56,https://detail.1688.com/offer/942177273480.html,included,
1077103587250,lighting,lighting,户外多用处手提野营灯 防雨水高亮照明实用露营灯 快速充电照明灯,Portable Camping Light,"Portable Camping Light. Confirm the selected model, size and included items before ordering.",CNY,48,7.02,https://detail.1688.com/offer/1077103587250.html,included,
1031690931573,lighting,lighting,手摇发电太阳能充电灯马灯应急家用照明户外手提停电帐篷露营夜市,Hand-Crank Emergency Light,"Hand-Crank Emergency Light. Confirm the selected model, size and included items before ordering.",CNY,13.9,2.03,https://detail.1688.com/offer/1031690931573.html,included,
1087279174863,lighting,lighting,家用广角太阳能路灯户外庭院led照明灯一体化感应灯跨境现货厂家,Solar Street Light,"Solar Street Light. Confirm the selected model, size and included items before ordering.",CNY,89,13.02,https://detail.1688.com/offer/1087279174863.html,included,
958639738690,lighting,lighting,惠民太阳能充电投光灯户外庭院灯家用防水大功率农村大门口照明灯,Outdoor Floodlight,"Outdoor Floodlight. Confirm the selected model, size and included items before ordering.",CNY,65.2,9.54,https://detail.1688.com/offer/958639738690.html,included,
987345938180,lighting,lighting,工厂定制 跨境太阳能路灯solarlight工程款超亮道路照明太阳能灯,Solar Street Light,"Solar Street Light. Confirm the selected model, size and included items before ordering.",CNY,805,117.78,https://detail.1688.com/offer/987345938180.html,included,
1043161948736,lighting,lighting,超亮LED工作灯180°旋转多角度调节高效能持久续航照明灯,Work Light,"Work Light. Confirm the selected model, size and included items before ordering.",CNY,35,5.12,https://detail.1688.com/offer/1043161948736.html,included,
669884691177,lighting | lighting-market,lighting,飞利浦LED探照灯压铸铝户外泛光灯BVP150方形防水防尘广告投光灯,Portable Work Light,"Portable Work Light. Confirm the selected model, size and included items before ordering.",CNY,28.5,4.17,https://detail.1688.com/offer/669884691177.html,included,
996361255073,lighting,lighting,跨境半月灯美甲睫毛美睫纹绣店24寸弧形U型LED护眼照明补光美容灯,Salon Task Lamp,"Salon Task Lamp. Confirm the selected model, size and included items before ordering.",CNY,85,12.44,https://detail.1688.com/offer/996361255073.html,included,
820131437919,lighting,lighting,太阳能钨丝灯人体感应壁灯户外庭院灯花园防水灯家用照明灯小路灯,Solar Street Light,"Solar Street Light. Confirm the selected model, size and included items before ordering.",CNY,6.9,1.01,https://detail.1688.com/offer/820131437919.html,included,
711324553224,lighting,lighting,新款私模太阳能投光灯 家用庭院花园照明 防水庭院灯 户外太阳能,Outdoor Floodlight,"Outdoor Floodlight. Confirm the selected model, size and included items before ordering.",CNY,150,21.95,https://detail.1688.com/offer/711324553224.html,included,
703904111689,lighting,lighting,太阳能路灯批发市政工程户外照明庭院灯 新农村6米太阳能路灯厂家,Solar Street Light,"Solar Street Light. Confirm the selected model, size and included items before ordering.",CNY,240,35.12,https://detail.1688.com/offer/703904111689.html,included,
718701023887,lighting,lighting,【菲律宾基建指定款】新农村建设道路照明灯 6米太阳能一体式路灯,Solar Street Light,"Solar Street Light. Confirm the selected model, size and included items before ordering.",CNY,320,46.82,https://detail.1688.com/offer/718701023887.html,included,
968664745933,lighting,lighting,LED充电投光灯家用停电应急手提超亮防水工地户外照明灯摆摊露营,Outdoor Floodlight,"Outdoor Floodlight. Confirm the selected model, size and included items before ordering.",CNY,83,12.14,https://detail.1688.com/offer/968664745933.html,included,
685965128050,lighting,lighting,户外野营帐篷灯营地多功能手提充电照明灯便携氛围露营灯营地灯,Portable Portable Camping Light,"Portable Portable Camping Light. Listed features: portable. Confirm the selected model, size and included items before ordering.",CNY,31,4.54,https://detail.1688.com/offer/685965128050.html,included,
769392086472,lighting | lighting-market,lighting,LED照明投光灯室外防水照明灯超亮定制强光探照灯厂房工厂照明灯,Portable Work Light,"Portable Work Light. Confirm the selected model, size and included items before ordering.",CNY,80,11.71,https://detail.1688.com/offer/769392086472.html,included,
1082357041284,lighting | lighting-market,lighting,太阳能路灯全套户外照明灯新农村市政道路高杆灯超量大功率照明灯,Solar Street Light,"Solar Street Light. Confirm the selected model, size and included items before ordering.",CNY,100,14.63,https://detail.1688.com/offer/1082357041284.html,included,
949422606072,lighting,lighting,工厂直营太阳能户外投光灯防水庭院家用超亮大功率投光室外照明灯,Outdoor Floodlight,"Outdoor Floodlight. Confirm the selected model, size and included items before ordering.",CNY,299,43.75,https://detail.1688.com/offer/949422606072.html,included,
711452144249,lighting,lighting,新款太阳能灯爆闪四合一灯珠户外灯庭院灯家用大功率照明灯路灯,Solar Street Light,"Solar Street Light. Confirm the selected model, size and included items before ordering.",CNY,35,5.12,https://detail.1688.com/offer/711452144249.html,included,
974306509389,lighting,lighting,跨境热卖太阳能立夹灯户外夹子庭院灯路灯家用壁灯新款感应防水,Solar Street Light,"Solar Street Light. Confirm the selected model, size and included items before ordering.",CNY,21,3.07,https://detail.1688.com/offer/974306509389.html,included,
986141317519,lighting,lighting,led灯泡E27螺口大功率厂房车间工地强光照明灯150W足瓦节能球泡灯,LED Light Bulb,"LED Light Bulb. Confirm the selected model, size and included items before ordering.",CNY,9.2,1.35,https://detail.1688.com/offer/986141317519.html,included,
769499237287,lighting | lighting-market,lighting,亚明led蚂蚁款投光灯户外防水广告照明投射灯高亮足瓦泛光灯批发,Outdoor Floodlight,"Outdoor Floodlight. Confirm the selected model, size and included items before ordering.",CNY,25,3.66,https://detail.1688.com/offer/769499237287.html,included,
902254985930,lighting,lighting,颖朗2026太阳能灯户外防水庭院家用新农村大功率特亮照明灯庭院灯,Outdoor Garden Light,"Outdoor Garden Light. Confirm the selected model, size and included items before ordering.",CNY,158,23.12,https://detail.1688.com/offer/902254985930.html,included,
863514568502,lighting,lighting,5800露营灯太阳能多功能手提马灯户外应急帐篷灯照明灯地摊野营灯,Portable Camping Light,"Portable Camping Light. Confirm the selected model, size and included items before ordering.",CNY,14.9,2.18,https://detail.1688.com/offer/863514568502.html,included,
915634753115,lighting,lighting,太阳能户外灯人体感应庭院灯一体家用院子照明路灯超亮一体化路灯,Solar Street Light,"Solar Street Light. Confirm the selected model, size and included items before ordering.",CNY,180,26.34,https://detail.1688.com/offer/915634753115.html,included,
661690176784,lighting,lighting,太阳能灯家用室内卧室照明灯太阳能吸顶灯LED庭院灯新款吸顶灯,Ceiling Light,"Ceiling Light. Confirm the selected model, size and included items before ordering.",CNY,13,1.9,https://detail.1688.com/offer/661690176784.html,included,
1003519529132,lighting,lighting,led投光灯户外工程照明射灯高杆球场灯室外防水模组隧道灯泛光灯,Outdoor Floodlight,"Outdoor Floodlight. Confirm the selected model, size and included items before ordering.",CNY,64.3,9.41,https://detail.1688.com/offer/1003519529132.html,included,
1048486402142,lighting | lighting-market,lighting,跨境太阳能投光灯led泛光灯户外防水庭院灯工程款夜市照明灯厂家,Portable Market Light,"Portable Market Light. Confirm the selected model, size and included items before ordering.",CNY,65,9.51,https://detail.1688.com/offer/1048486402142.html,included,
1073653680266,lighting,lighting,跨境新款户外应急照明灯多功能点烟器带割刀螺丝刀露营灯钥匙扣灯,Clip-On Light,"Clip-On Light. Confirm the selected model, size and included items before ordering.",CNY,14,2.05,https://detail.1688.com/offer/1073653680266.html,included,
890724933693,lighting,lighting,太阳能照明灯手提太阳能一体充电灯夜市摆摊户外露营停电应急灯,Emergency Light,"Emergency Light. Confirm the selected model, size and included items before ordering.",CNY,35,5.12,https://detail.1688.com/offer/890724933693.html,included,
826749522794,lighting,lighting,太阳能户外灯路灯庭院灯led 灯家用超亮新款大功率照明灯防水防雷,Solar Street Light,"Solar Street Light. Confirm the selected model, size and included items before ordering.",CNY,74.04,10.83,https://detail.1688.com/offer/826749522794.html,included,
1031243607027,lighting,lighting,led塔吊灯工地照明灯1000瓦加厚鳍片大功率塔吊射灯2000w探照大灯,Pendant Light,"Pendant Light. Confirm the selected model, size and included items before ordering.",CNY,103,15.07,https://detail.1688.com/offer/1031243607027.html,included,
713566678313,lighting,lighting,太阳能手提露营灯 户外野营便携氛围灯 庭院阳台景观照明装饰挂灯,Portable Portable Camping Light,"Portable Portable Camping Light. Listed features: portable. Confirm the selected model, size and included items before ordering.",CNY,50.9,7.45,https://detail.1688.com/offer/713566678313.html,included,
955639062098,lighting | lighting-market,lighting,led螺口E27灯泡圆形飞碟灯超亮护眼卧室照明灯双色调光节能防水灯,LED Light Bulb,"LED Light Bulb. Confirm the selected model, size and included items before ordering.",CNY,15,2.19,https://detail.1688.com/offer/955639062098.html,included,
676355263759,lighting,lighting,亚明投光灯led防水射灯100w广场照明灯户外高流明球场灯黑金刚,Outdoor Floodlight,"Outdoor Floodlight. Confirm the selected model, size and included items before ordering.",CNY,18.6,2.72,https://detail.1688.com/offer/676355263759.html,included,
641894480267,lighting,lighting,太阳能灯户外庭院灯太阳能投光灯LED投光灯户外照明灯,Outdoor Floodlight,"Outdoor Floodlight. Confirm the selected model, size and included items before ordering.",CNY,11,1.61,https://detail.1688.com/offer/641894480267.html,included,
1088488668089,lighting,lighting,新款户外露营灯野营灯LED应急照明USB充电帐篷灯氛围灯手提式手电,Portable Camping Light,"Portable Camping Light. Confirm the selected model, size and included items before ordering.",CNY,6,0.88,https://detail.1688.com/offer/1088488668089.html,included,
1081037649431,lighting,lighting,户外大功率led模组球场投光灯足球篮球投射高杆灯户外防水照明灯,Outdoor Floodlight,"Outdoor Floodlight. Confirm the selected model, size and included items before ordering.",CNY,148.2,21.68,https://detail.1688.com/offer/1081037649431.html,included,
1045466394554,lighting,lighting,户外露营超长续航照明复古锁扣松果灯帐篷天幕氛围多功能应急挂灯,Portable Camping Light,"Portable Camping Light. Confirm the selected model, size and included items before ordering.",CNY,7.78,1.14,https://detail.1688.com/offer/1045466394554.html,included,
1034660766129,lighting,lighting,5年质保工程LED大功率投光灯车间工地照明灯草坪泛光灯工厂户外,Outdoor Floodlight,"Outdoor Floodlight. Confirm the selected model, size and included items before ordering.",CNY,50,7.32,https://detail.1688.com/offer/1034660766129.html,included,
684032602000,lighting | lighting-market,lighting,太阳能户外照明露营灯马灯帐篷野营灯挂式超亮可充电天幕复古挂灯,Camping Light,"Camping Light. Confirm the selected model, size and included items before ordering.",CNY,17.5,2.56,https://detail.1688.com/offer/684032602000.html,included,
986879759699,lighting,lighting,led变光灯泡超高可调三色节能台灯吊灯室内家用照明e27螺口塑包灯,LED Light Bulb,"LED Light Bulb. Confirm the selected model, size and included items before ordering.",CNY,2.7,0.4,https://detail.1688.com/offer/986879759699.html,included,
571401446249,lighting,lighting,灭蚊户外家用防水照明氛围露营驱蚊挂式马灯帐篷野营摆摊灯,Portable Market Light,"Portable Market Light. Confirm the selected model, size and included items before ordering.",CNY,29,4.24,https://detail.1688.com/offer/571401446249.html,included,
938056824275,lighting,lighting,充电式照明灯摆摊夜市灯户外LED露营灯超长续航地摊灯停电应急灯,Camping Light,"Camping Light. Confirm the selected model, size and included items before ordering.",CNY,44.2,6.47,https://detail.1688.com/offer/938056824275.html,included,
649724261360,lighting,lighting,强光远射变焦伸缩户外涉猎便携式18650充电厂家批发铝合金手电筒,Telescopic Portable Torch,"Telescopic Portable Torch. Listed features: telescopic, portable. Confirm the selected model, size and included items before ordering.",CNY,20,2.93,https://detail.1688.com/offer/649724261360.html,included,
825783897201,lighting,lighting,太阳能充电灯户外照明露营家用超长续航led应急灯备用灯跨境批发,Emergency Light,"Emergency Light. Confirm the selected model, size and included items before ordering.",CNY,98,14.34,https://detail.1688.com/offer/825783897201.html,included,
820637084764,lighting,lighting,跨境太阳能灯 庭院灯电池大容量LED照明路灯20w-100W室内外投光灯,Solar Street Light,"Solar Street Light. Confirm the selected model, size and included items before ordering.",CNY,81.6,11.94,https://detail.1688.com/offer/820637084764.html,included,
1083218159165,lighting,lighting,阳台吸顶灯2026新款正方形小型led家用照明入户玄关走廊过道简约,Ceiling Light,"Ceiling Light. Confirm the selected model, size and included items before ordering.",CNY,22,3.22,https://detail.1688.com/offer/1083218159165.html,included,
1052311470929,lighting,lighting,户外氛围露营灯照明led应急手提灯充电野营灯便携复古轻便 小马灯,Portable Portable Camping Light,"Portable Portable Camping Light. Listed features: portable. Confirm the selected model, size and included items before ordering.",CNY,29,4.24,https://detail.1688.com/offer/1052311470929.html,included,
1080313836696,lighting,lighting,北山狼露营灯户外照明超长续航多功能帐篷野营充电挂灯氛围小夜灯,Portable Camping Light,"Portable Camping Light. Confirm the selected model, size and included items before ordering.",CNY,39,5.71,https://detail.1688.com/offer/1080313836696.html,included,
1079309260217,lighting,lighting,跨境太阳能露营灯户外灯照明家用太阳能野营灯长续航太阳能帐篷灯,Portable Camping Light,"Portable Camping Light. Confirm the selected model, size and included items before ordering.",CNY,6.5,0.95,https://detail.1688.com/offer/1079309260217.html,included,
654692499805,lighting,lighting,爆款多功能双侧灯大口径防水大容量便携可充电应急照明工作探照灯,Portable Portable Work Light,"Portable Portable Work Light. Listed features: portable. Confirm the selected model, size and included items before ordering.",CNY,38,5.56,https://detail.1688.com/offer/654692499805.html,included,
783534588163,lighting | lighting-market,lighting,led应急灯泡led地摊夜市摆摊灯户外露营充电无线照明USB 节能灯,Portable Camping Light,"Portable Camping Light. Confirm the selected model, size and included items before ordering.",CNY,2.89,0.42,https://detail.1688.com/offer/783534588163.html,included,
634876619254,lighting,lighting,一体化太阳能路灯头新农村道路照明 太阳能灯庭院led太阳能路灯头,Solar Street Light,"Solar Street Light. Confirm the selected model, size and included items before ordering.",CNY,225,32.92,https://detail.1688.com/offer/634876619254.html,included,
1079607142583,lighting,lighting,批发新明一体化led太阳能路灯户外灯家用庭院灯照明灯,Solar Street Light,"Solar Street Light. Confirm the selected model, size and included items before ordering.",CNY,181,26.48,https://detail.1688.com/offer/1079607142583.html,included,
696191918869,lighting,lighting,厂家定制一体化太阳能路灯 市政工程新农村照明高亮带监控路灯,Solar Street Light,"Solar Street Light. Confirm the selected model, size and included items before ordering.",CNY,298,43.6,https://detail.1688.com/offer/696191918869.html,included,
679529405787,lighting,lighting,厂家定制太阳能工程一体化路灯户外防水新农村照明大功率高亮路灯,Solar Street Light,"Solar Street Light. Confirm the selected model, size and included items before ordering.",CNY,398,58.23,https://detail.1688.com/offer/679529405787.html,included,
1068851069542,lighting,lighting,太阳能立夹户外防水三头壁灯夹子灯室外庭院灯人体感应超亮照明灯,Wall Light,"Wall Light. Confirm the selected model, size and included items before ordering.",CNY,32,4.68,https://detail.1688.com/offer/1068851069542.html,included,
1064810845728,lighting,lighting,一体化太阳能路灯 工程照明厂家批发LED超亮大功率户外防水路灯,Solar Street Light,"Solar Street Light. Confirm the selected model, size and included items before ordering.",CNY,190,27.8,https://detail.1688.com/offer/1064810845728.html,included,
679312057604,lighting,lighting,跨境太阳能灯户外充电LED照明露营灯多功能野营灯长续航营地灯,Solar Light,"Solar Light. Confirm the selected model, size and included items before ordering.",CNY,12,1.76,https://detail.1688.com/offer/679312057604.html,included,
826576263698,lighting,lighting,太阳能路灯全套家用户外庭院灯led太阳能灯大功率防水道路照明 灯,Solar Street Light,"Solar Street Light. Confirm the selected model, size and included items before ordering.",CNY,109,15.95,https://detail.1688.com/offer/826576263698.html,included,
1036666333481,lighting,lighting,神火TZ06移动升降投光灯工程工地户外工作照明车探照灯抢险应急灯,Portable Work Light,"Portable Work Light. Confirm the selected model, size and included items before ordering.",CNY,1412.5,206.67,https://detail.1688.com/offer/1036666333481.html,included,
712409626179,lighting | lighting-market,lighting,太阳能户外露营灯 便携式挂式帐篷灯野营应急照明手提灯防水LED灯,Portable Portable Camping Light,"Portable Portable Camping Light. Listed features: portable. Confirm the selected model, size and included items before ordering.",CNY,50.9,7.45,https://detail.1688.com/offer/712409626179.html,included,
624412249360,lighting | lighting-market,lighting,极光橙usb充电灯泡户外夜市摆地摊灯高富帅家用停电led应急球泡灯,LED Light Bulb,"LED Light Bulb. Confirm the selected model, size and included items before ordering.",CNY,2.8,0.41,https://detail.1688.com/offer/624412249360.html,included,
986106854818,lighting,lighting,太阳能灯户外庭院景观照明灯饰线条拼接造型文案轮廓装潢洗墙灯,Solar Light,"Solar Light. Confirm the selected model, size and included items before ordering.",CNY,33,4.83,https://detail.1688.com/offer/986106854818.html,included,
562742879360,lighting,lighting,led亚明塔吊灯1000W建筑之星探照灯大灯2000瓦大功率工地照明灯,Portable Work Light,"Portable Work Light. Confirm the selected model, size and included items before ordering.",CNY,116,16.97,https://detail.1688.com/offer/562742879360.html,included,
779888376073,lighting,lighting,太阳能草坪灯户外灯防水装饰庭院灯天黑自动亮LED灯太阳能庭院灯,Outdoor Garden Light,"Outdoor Garden Light. Confirm the selected model, size and included items before ordering.",CNY,14.5,2.12,https://detail.1688.com/offer/779888376073.html,included,
1073941091534,lighting,lighting,太阳能三头壁灯 花园庭院围墙灯人体感应照明灯 长续航户外道路灯,Solar Street Light,"Solar Street Light. Confirm the selected model, size and included items before ordering.",CNY,26.8,3.92,https://detail.1688.com/offer/1073941091534.html,included,
1080691349407,lighting,lighting,批发LED投光灯射灯室外防水超亮工地探照灯工厂车间照明灯批发,Portable Work Light,"Portable Work Light. Confirm the selected model, size and included items before ordering.",CNY,102,14.92,https://detail.1688.com/offer/1080691349407.html,included,
1078960900568,lighting,lighting,【厂家直销】亚马逊太阳能路灯户外防水庭院灯一体化太阳能照明灯,Solar Street Light,"Solar Street Light. Confirm the selected model, size and included items before ordering.",CNY,19.8,2.9,https://detail.1688.com/offer/1078960900568.html,included,
758864061502,lighting | lighting-market,lighting,飞利浦大功率灯E27螺口LED节能家用超亮E40工地厂房车间照明灯泡,LED Light Bulb,"LED Light Bulb. Confirm the selected model, size and included items before ordering.",CNY,296,43.31,https://detail.1688.com/offer/758864061502.html,included,
1053064455758,lighting,lighting,太阳能户外灯夹子灯庭院感应灯壁灯家用农村门口照明灯路灯长续航,Solar Street Light,"Solar Street Light. Confirm the selected model, size and included items before ordering.",CNY,7.67,1.12,https://detail.1688.com/offer/1053064455758.html,included,
893373835910,lighting,lighting,led大功率投光灯 户外广场工地高杆照明射灯室外蓝球场足球泛光灯,Outdoor Floodlight,"Outdoor Floodlight. Confirm the selected model, size and included items before ordering.",CNY,60,8.78,https://detail.1688.com/offer/893373835910.html,included,
1086557113109,lighting,lighting,无叶吸顶风扇灯卧室中古风智能护眼静音餐厅儿童房护眼灯中山灯具,Lighting Fixture,"Lighting Fixture. Confirm the selected model, size and included items before ordering.",CNY,265,38.77,https://detail.1688.com/offer/1086557113109.html,included,
1086471571661,lighting | lighting-market | furniture-lighting,lighting,奶油风客厅主灯卧室房间吊灯马卡龙陶瓷女儿房灯具中古风陶瓷吊灯,Pendant Light,"Pendant Light. Confirm the selected model, size and included items before ordering.",CNY,570,83.4,https://detail.1688.com/offer/1086471571661.html,included,
1086464475699,lighting | lighting-market | furniture-lighting,lighting,客厅吊灯 法式奶油风水晶灯现代轻奢新款大气设计师款餐厅卧室灯,Pendant Light,"Pendant Light. Confirm the selected model, size and included items before ordering.",CNY,817,119.54,https://detail.1688.com/offer/1086464475699.html,included,
1086464353283,lighting | lighting-market | furniture-lighting,lighting,法式复古吊灯黑色水晶客厅主灯轻奢大气高级美式餐厅卧室房间灯具,Pendant Light,"Pendant Light. Confirm the selected model, size and included items before ordering.",CNY,325,47.55,https://detail.1688.com/offer/1086464353283.html,included,
1086419282609,lighting | lighting-market | furniture-lighting,lighting,北欧餐厅小吊灯现代简约轻奢创意咖啡厅床头店铺吧台单头玻璃灯具,Pendant Light,"Pendant Light. Confirm the selected model, size and included items before ordering.",CNY,65,9.51,https://detail.1688.com/offer/1086419282609.html,included,
1086332486610,lighting | lighting-market | furniture-lighting,lighting,2026新款法式全铜吊灯中古风客厅餐厅花苞古典卧室浪漫玫瑰铜花灯,Pendant Light,"Pendant Light. Confirm the selected model, size and included items before ordering.",CNY,1290,188.75,https://detail.1688.com/offer/1086332486610.html,included,
1086321246941,lighting | lighting-market | furniture-lighting,lighting,美式餐厅吊灯创意个性长条灯收银台咖啡厅吧台灯办公室工业风灯具,Desk Lamp,"Desk Lamp. Confirm the selected model, size and included items before ordering.",CNY,60,8.78,https://detail.1688.com/offer/1086321246941.html,included,
1086186979825,lighting | lighting-market | furniture-lighting,lighting,复古阁楼工业风格水泥铁艺吊灯单头餐厅酒吧柜台创意照明竹藤石膏,Pendant Light,"Pendant Light. Confirm the selected model, size and included items before ordering.",CNY,81.22,11.88,https://detail.1688.com/offer/1086186979825.html,included,
1086032837833,lighting | lighting-market | furniture-lighting,lighting,水晶吊灯餐厅2026新款轻奢意式现代简约吧台设计师别墅高档餐桌灯,Pendant Light,"Pendant Light. Confirm the selected model, size and included items before ordering.",CNY,368,53.84,https://detail.1688.com/offer/1086032837833.html,included,
1085995147901,lighting | furniture-lighting,lighting,高级感水晶民宿卧室床头小吊灯轻奢法式雪花艺术餐厅客厅个性吊灯,Pendant Light,"Pendant Light. Confirm the selected model, size and included items before ordering.",CNY,900,131.68,https://detail.1688.com/offer/1085995147901.html,included,
1085985055927,lighting | lighting-market | furniture-lighting,lighting,轻奢枝型主吊灯定制树叶花型水晶灯客厅餐厅创意大型非标工程灯具,Pendant Light,"Pendant Light. Confirm the selected model, size and included items before ordering.",CNY,99,14.49,https://detail.1688.com/offer/1085985055927.html,included,
1085798572279,lighting | lighting-market | furniture-lighting,lighting,跨境新款轻奢裂纹吸顶灯 现代简约高级感客厅餐厅卧室家用照明中,Ceiling Light,"Ceiling Light. Confirm the selected model, size and included items before ordering.",CNY,88,12.88,https://detail.1688.com/offer/1085798572279.html,included,
1085775393380,lighting | lighting-market | furniture-lighting,lighting,新款法式意大利穆拉诺复古风中古风客厅吊灯轻奢餐厅卧室书房吊灯,Pendant Light,"Pendant Light. Confirm the selected model, size and included items before ordering.",CNY,343,50.19,https://detail.1688.com/offer/1085775393380.html,included,
1085672733867,lighting | lighting-market | furniture-lighting,lighting,餐厅吊灯设计师马卡龙树脂吧台书房吊灯个性创意商用装饰北欧灯具,Pendant Light,"Pendant Light. Confirm the selected model, size and included items before ordering.",CNY,88,12.88,https://detail.1688.com/offer/1085672733867.html,included,
1085588955937,lighting | lighting-market | furniture-lighting,lighting,法式金色全铜水晶轻奢门厅走廊阳台卧室时尚床头吊灯土耳其风石膏,Pendant Light,"Pendant Light. Confirm the selected model, size and included items before ordering.",CNY,179.5,26.26,https://detail.1688.com/offer/1085588955937.html,included,
1085534261463,lighting | lighting-market | furniture-lighting,lighting,现代简约餐厅玻璃漂流瓶吊灯北欧创意卧室吧台酒瓶网红轻奢小吊灯,Pendant Light,"Pendant Light. Confirm the selected model, size and included items before ordering.",CNY,108,15.8,https://detail.1688.com/offer/1085534261463.html,included,
1085509608401,lighting | lighting-market | furniture-lighting,lighting,侘寂风卧室中古复古书房客厅高级感轻奢艺术主卧吸顶灯新款,Ceiling Light,"Ceiling Light. Confirm the selected model, size and included items before ordering.",CNY,280,40.97,https://detail.1688.com/offer/1085509608401.html,included,
1085427214151,lighting | lighting-market | furniture-lighting,lighting,法式复古彩色玻璃客厅吸顶灯中古风卧室主灯高级感轻奢餐厅灯具,Ceiling Light,"Ceiling Light. Confirm the selected model, size and included items before ordering.",CNY,525,76.82,https://detail.1688.com/offer/1085427214151.html,included,
1085393898524,lighting | lighting-market | furniture-lighting,lighting,客厅吊灯法式中古风创意艺术方形玻璃餐厅灯高级感轻奢卧室吧台灯,Desk Lamp,"Desk Lamp. Confirm the selected model, size and included items before ordering.",CNY,1495,218.74,https://detail.1688.com/offer/1085393898524.html,included,
1085335539623,lighting | lighting-market | furniture-lighting,lighting,美式餐厅吊灯创意个性长条灯咖啡厅吧台办公室工业风餐桌LED灯具,Pendant Light,"Pendant Light. Confirm the selected model, size and included items before ordering.",CNY,156.68,22.92,https://detail.1688.com/offer/1085335539623.html,included,
1086688893880,lighting | lighting-market | furniture-lighting,lighting,意式轻奢客厅吸顶灯现代简约高档大气餐厅卧室灯2025新款中山灯具,Ceiling Light,"Ceiling Light. Confirm the selected model, size and included items before ordering.",CNY,2186,319.85,https://detail.1688.com/offer/1086688893880.html,included,
1086148858094,lighting | lighting-market | furniture-lighting,lighting,法式中古风卧室吸顶灯复古轻奢玻璃花朵主卧灯创意水晶链书房灯具,Ceiling Light,"Ceiling Light. Confirm the selected model, size and included items before ordering.",CNY,285,41.7,https://detail.1688.com/offer/1086148858094.html,included,
1085256443320,lighting | lighting-market,lighting,全铜美式玉石吊灯客厅欧式复古乡村别墅纯铜大气简约卧室餐厅灯具,Pendant Light,"Pendant Light. Confirm the selected model, size and included items before ordering.",CNY,200,29.26,https://detail.1688.com/offer/1085256443320.html,included,
1085146261092,lighting | lighting-market,lighting,现代简约大气新款客厅餐厅灯意式创意个性卧室书房吸顶灯中山灯具,Ceiling Light,"Ceiling Light. Confirm the selected model, size and included items before ordering.",CNY,590,86.33,https://detail.1688.com/offer/1085146261092.html,included,
1085139369120,lighting | lighting-market,lighting,法式中古风贝壳吊灯客厅复古餐厅灯金属五头高档大气灯具,Pendant Light,"Pendant Light. Confirm the selected model, size and included items before ordering.",CNY,980,143.39,https://detail.1688.com/offer/1085139369120.html,included,
1085137382889,lighting | lighting-market,lighting,极简.6CM超薄护眼led吸顶灯卧室灯简约灯具儿童房主卧房间灯,Ceiling Light,"Ceiling Light. Confirm the selected model, size and included items before ordering.",CNY,50.64,7.41,https://detail.1688.com/offer/1085137382889.html,included,
1085117490052,lighting | lighting-market,lighting,别墅楼梯长吊灯现代轻奢方块玻璃冰块吊灯挑高客厅loft楼梯间吊灯,Pendant Light,"Pendant Light. Confirm the selected model, size and included items before ordering.",CNY,70,10.24,https://detail.1688.com/offer/1085117490052.html,included,
1085067826372,lighting | lighting-market,lighting,美式复古客厅吊灯全铜轻奢法式中古风别墅大气主卧室餐厅绝美灯具,Pendant Light,"Pendant Light. Confirm the selected model, size and included items before ordering.",CNY,198,28.97,https://detail.1688.com/offer/1085067826372.html,included,
1084950176114,lighting | lighting-market,lighting,工厂直销现代简约吊灯餐厅铁艺楼梯灯创意饭厅吧台奶茶店民宿吊灯,Pendant Light,"Pendant Light. Confirm the selected model, size and included items before ordering.",CNY,88,12.88,https://detail.1688.com/offer/1084950176114.html,included,
1084930136829,lighting | lighting-market,lighting,中古风手绘陶瓷吊灯法式复古奶油风餐厅床头玄关吧台书房茶室灯具,Pendant Light,"Pendant Light. Confirm the selected model, size and included items before ordering.",CNY,135,19.75,https://detail.1688.com/offer/1084930136829.html,included,
1084725786089,lighting | lighting-market,lighting,轻奢创意蒲公英水晶吊灯现代简约卧室餐厅客厅灯具金色圆形爆米花,Pendant Light,"Pendant Light. Confirm the selected model, size and included items before ordering.",CNY,178,26.04,https://detail.1688.com/offer/1084725786089.html,included,
1084721250248,lighting | lighting-market,lighting,法式复古铁艺水晶餐厅吊灯美式蜡烛造型客厅灯卧室氛围感灯具中古,Pendant Light,"Pendant Light. Confirm the selected model, size and included items before ordering.",CNY,508,74.33,https://detail.1688.com/offer/1084721250248.html,included,
1084515691569,lighting | lighting-market,lighting,奶油风玻璃吊灯网红ins北欧主卧室轻奢浪漫简约创意2022餐厅灯具,Pendant Light,"Pendant Light. Confirm the selected model, size and included items before ordering.",CNY,406.6,59.49,https://detail.1688.com/offer/1084515691569.html,included,
1084478822689,lighting | lighting-market,lighting,高级中古风奶油创意床头北欧简约卧室书房吧台意式民宿餐厅吊灯,Pendant Light,"Pendant Light. Confirm the selected model, size and included items before ordering.",CNY,110,16.09,https://detail.1688.com/offer/1084478822689.html,included,
1084462667316,lighting | lighting-market,lighting,跨境奶油风智能吸顶灯 LED 全光谱护眼卧室书房餐厅个性家装灯具,Ceiling Light,"Ceiling Light. Confirm the selected model, size and included items before ordering.",CNY,117,17.12,https://detail.1688.com/offer/1084462667316.html,included,
1084461793840,lighting | lighting-market,lighting,ETL认证led工矿灯UFO飞碟灯球馆天棚灯工业车间灯高光效房照明灯,Industrial High Bay Light,"Industrial High Bay Light. Confirm the selected model, size and included items before ordering.",CNY,112.49,16.46,https://detail.1688.com/offer/1084461793840.html,included,
1084419041344,lighting | lighting-market,lighting,跨境供应轻奢水晶吸顶灯椭圆形客厅卧室灯经典款支持定制任意尺寸,Ceiling Light,"Ceiling Light. Confirm the selected model, size and included items before ordering.",CNY,100,14.63,https://detail.1688.com/offer/1084419041344.html,included,
1084360252700,lighting | lighting-market,lighting,法式奶油风客厅吊灯2025新款中古风柿子灯现代简约高级感枝形灯具,Pendant Light,"Pendant Light. Confirm the selected model, size and included items before ordering.",CNY,398,58.23,https://detail.1688.com/offer/1084360252700.html,included,
1084324100822,lighting | lighting-market,lighting,新款美式复古风书房卧室荷叶吊灯中古设计师餐厅客厅玻璃灯具吊灯,Pendant Light,"Pendant Light. Confirm the selected model, size and included items before ordering.",CNY,300,43.89,https://detail.1688.com/offer/1084324100822.html,included,
1084285120624,lighting | lighting-market,lighting,日式微水泥吊灯led灯具酒店民宿餐厅灯吧台灯创意侘寂风奶油吊灯,Desk Lamp,"Desk Lamp. Confirm the selected model, size and included items before ordering.",CNY,38,5.56,https://detail.1688.com/offer/1084285120624.html,included,
1084279620934,lighting | lighting-market,lighting,日式餐厅灯具酒店民宿灯火锅店奶茶店装饰灯吧台灯家用侘寂风吊灯,Desk Lamp,"Desk Lamp. Confirm the selected model, size and included items before ordering.",CNY,35,5.12,https://detail.1688.com/offer/1084279620934.html,included,
1084256311043,lighting | lighting-market,lighting,奶油中古风床头吊灯美式复古创意花朵个性吊灯女孩卧室粉色床头灯,Head Torch,"Head Torch. Confirm the selected model, size and included items before ordering.",CNY,100,14.63,https://detail.1688.com/offer/1084256311043.html,included,
1084192332001,lighting | lighting-market,lighting,西班牙云石吊灯意式极简客厅主灯法式轻奢大气设计师餐厅卧室灯具,Pendant Light,"Pendant Light. Confirm the selected model, size and included items before ordering.",CNY,359,52.53,https://detail.1688.com/offer/1084192332001.html,included,
1084174896271,lighting | lighting-market,lighting,卧室玄关灯包豪斯玉兰设计师极简吊线灯吧台玻璃吊灯初语小爱同学,Pendant Light,"Pendant Light. Confirm the selected model, size and included items before ordering.",CNY,211.6,30.96,https://detail.1688.com/offer/1084174896271.html,included,
1084077448743,lighting | lighting-market,lighting,现代轻奢客厅吊灯圆环形led大厅灯设计师创意样板房卧室餐厅灯具,Pendant Light,"Pendant Light. Confirm the selected model, size and included items before ordering.",CNY,401,58.67,https://detail.1688.com/offer/1084077448743.html,included,
1084011872695,lighting | lighting-market,lighting,东南亚复古吊灯镂空泰式新疆波西米亚餐厅咖啡厅酒店会所包厢灯具,Pendant Light,"Pendant Light. Confirm the selected model, size and included items before ordering.",CNY,552,80.77,https://detail.1688.com/offer/1084011872695.html,included,
1083977780679,lighting | lighting-market,lighting,法式黑色水晶客厅吊灯后现代轻奢高级感灯具2026新款大气大厅主灯,Pendant Light,"Pendant Light. Confirm the selected model, size and included items before ordering.",CNY,482,70.52,https://detail.1688.com/offer/1083977780679.html,included,
1083955578774,lighting | lighting-market,lighting,法式中古风客厅吊灯现代简约银杏叶大厅主灯2026新款餐厅卧室灯具,Pendant Light,"Pendant Light. Confirm the selected model, size and included items before ordering.",CNY,372,54.43,https://detail.1688.com/offer/1083955578774.html,included,
1083933001811,lighting | lighting-market,lighting,中古手绘陶瓷吊灯奶油风复古法式餐厅床头玄关吧台过道日式茶室灯,Pendant Light,"Pendant Light. Confirm the selected model, size and included items before ordering.",CNY,110,16.09,https://detail.1688.com/offer/1083933001811.html,included,
1083859673663,lighting | lighting-market,lighting,法式中古奶油风大吊灯网红客厅餐厅北欧ins布艺设计艺术卧室灯具,Pendant Light,"Pendant Light. Confirm the selected model, size and included items before ordering.",CNY,238,34.82,https://detail.1688.com/offer/1083859673663.html,included,
1083833619191,lighting | lighting-market,lighting,设计师创意糖果餐厅灯北欧简约客厅灯笼彩色条纹卧室客厅玻璃吊灯,Pendant Light,"Pendant Light. Confirm the selected model, size and included items before ordering.",CNY,249.75,36.54,https://detail.1688.com/offer/1083833619191.html,included,
1083818805783,lighting | lighting-market,lighting,法式卧室吸顶灯中古奶油风主卧公主房灯具简约云朵灯轻奢书房灯,Ceiling Light,"Ceiling Light. Confirm the selected model, size and included items before ordering.",CNY,247,36.14,https://detail.1688.com/offer/1083818805783.html,included,
1083695356829,lighting | lighting-market,lighting,轻奢水晶吊灯客厅灯年新款灯具主卧室灯网红蒲公英服装店吊灯,Pendant Light,"Pendant Light. Confirm the selected model, size and included items before ordering.",CNY,333,48.72,https://detail.1688.com/offer/1083695356829.html,included,
1083658171246,lighting | lighting-market,lighting,新款轻奢水晶灯客厅卧室树枝吊灯创意个性餐厅吧台餐厅水晶吊灯铝,Pendant Light,"Pendant Light. Confirm the selected model, size and included items before ordering.",CNY,618,90.42,https://detail.1688.com/offer/1083658171246.html,included,
1083599996535,lighting | lighting-market,lighting,卧室灯中古风走廊过道灯复古入户玄关吸顶灯圆形护眼衣帽间阳台灯,Desk Lamp,"Desk Lamp. Confirm the selected model, size and included items before ordering.",CNY,99.2,14.51,https://detail.1688.com/offer/1083599996535.html,included,
1083469338528,lighting | lighting-market,lighting,法式中古风卧室吸顶灯2026新款轻奢高级感水晶家用主卧室房间灯具,Ceiling Light,"Ceiling Light. Confirm the selected model, size and included items before ordering.",CNY,424,62.04,https://detail.1688.com/offer/1083469338528.html,included,
1083467140100,lighting | lighting-market,lighting,北欧后现代简约创意线条组合小吊灯客厅卧室书房床头餐厅展厅灯具,Pendant Light,"Pendant Light. Confirm the selected model, size and included items before ordering.",CNY,129,18.87,https://detail.1688.com/offer/1083467140100.html,included,
1083460733480,lighting | lighting-market,lighting,意式轻奢客厅吊灯设计师高端法式水晶创意高级感别墅卧室餐厅灯具,Pendant Light,"Pendant Light. Confirm the selected model, size and included items before ordering.",CNY,650,95.11,https://detail.1688.com/offer/1083460733480.html,included,
1083439992565,lighting | lighting-market,lighting,2026新款卧室吸顶灯法式中古风花朵复古主卧灯创意水晶房间书房灯,Ceiling Light,"Ceiling Light. Confirm the selected model, size and included items before ordering.",CNY,243,35.55,https://detail.1688.com/offer/1083439992565.html,included,
1083417750400,lighting | lighting-market,lighting,夹子台灯学生学习宿舍全光谱灯卧室超亮插电可夹式床头阅读灯,Desk Lamp,"Desk Lamp. Confirm the selected model, size and included items before ordering.",CNY,47.05,6.88,https://detail.1688.com/offer/1083417750400.html,included,
1083408842511,lighting | lighting-market,lighting,轻奢水晶吊灯大气客厅灯后现代奢华餐厅饭厅吊灯跨境电商中山灯具,Pendant Light,"Pendant Light. Confirm the selected model, size and included items before ordering.",CNY,295,43.16,https://detail.1688.com/offer/1083408842511.html,included,
1083378610351,lighting | lighting-market,lighting,网红水晶吊灯长款蒲公英 服装店餐厅轻奢创意网红吧台设计师灯具,Pendant Light,"Pendant Light. Confirm the selected model, size and included items before ordering.",CNY,318,46.53,https://detail.1688.com/offer/1083378610351.html,included,
1083344674951,lighting | lighting-market,lighting,2026新款轻奢风圆形水晶吸顶灯卧室客厅餐厅简约高级感家用灯具,Ceiling Light,"Ceiling Light. Confirm the selected model, size and included items before ordering.",CNY,316,46.24,https://detail.1688.com/offer/1083344674951.html,included,
1083333037759,lighting | lighting-market,lighting,客厅吊灯法式复古主灯轻奢水晶灯2026年中古新款卧室餐厅中山灯具,Pendant Light,"Pendant Light. Confirm the selected model, size and included items before ordering.",CNY,398,58.23,https://detail.1688.com/offer/1083333037759.html,included,
1083167087746,lighting | lighting-market,lighting,轻奢水晶灯具奢华客厅灯现代简约大气2026新款主卧室餐厅吊灯,Pendant Light,"Pendant Light. Confirm the selected model, size and included items before ordering.",CNY,402,58.82,https://detail.1688.com/offer/1083167087746.html,included,
1083159222025,lighting | lighting-market,lighting,法式中古风铃兰花客厅吊灯南洋风北美黑胡桃木高级感餐厅卧室吊灯,Pendant Light,"Pendant Light. Confirm the selected model, size and included items before ordering.",CNY,1328,194.31,https://detail.1688.com/offer/1083159222025.html,included,
1083152869689,lighting | lighting-market,lighting,简约奶油风LED客厅吸顶灯中山灯具全屋套餐组合护眼智能大灯铁,Ceiling Light,"Ceiling Light. Confirm the selected model, size and included items before ordering.",CNY,82.8,12.11,https://detail.1688.com/offer/1083152869689.html,included,
1083138135367,lighting | lighting-market,lighting,工程满天星光立方吊灯定制装饰别墅大堂酒店前台吧台售楼部沙盘灯,Pendant Light,"Pendant Light. Confirm the selected model, size and included items before ordering.",CNY,200,29.26,https://detail.1688.com/offer/1083138135367.html,included,
1083029705435,lighting | lighting-market,lighting,东南亚复古吊灯个性异域珐琅彩吊灯波西米亚风格酒店走廊吧台吊灯,Pendant Light,"Pendant Light. Confirm the selected model, size and included items before ordering.",CNY,355,51.94,https://detail.1688.com/offer/1083029705435.html,included,
1083012157413,lighting | lighting-market,lighting,法式奶油风珍珠吊灯意式轻奢餐桌灯北欧吧台长条loft公寓餐厅吊灯,Pendant Light,"Pendant Light. Confirm the selected model, size and included items before ordering.",CNY,548,80.18,https://detail.1688.com/offer/1083012157413.html,included,
1082962924075,lighting | lighting-market,lighting,法式中古风卧室大气餐厅别墅高级感蜡烛灯具美式复古客厅水晶吊灯,Pendant Light,"Pendant Light. Confirm the selected model, size and included items before ordering.",CNY,1005,147.05,https://detail.1688.com/offer/1082962924075.html,included,
1082905880502,lighting | lighting-market,lighting,藤编法式复古中古风灯具卧室灯餐厅吊灯书房魔豆灯日式民宿实木灯,Pendant Light,"Pendant Light. Confirm the selected model, size and included items before ordering.",CNY,144.1,21.08,https://detail.1688.com/offer/1082905880502.html,included,
1082867853705,lighting | lighting-market,lighting,法式中古风餐厅吊灯6新复古高级感玻璃长条岛台吧台餐桌灯具铁,Pendant Light,"Pendant Light. Confirm the selected model, size and included items before ordering.",CNY,78,11.41,https://detail.1688.com/offer/1082867853705.html,included,
1082866577079,lighting | lighting-market,lighting,包安装无叶风扇灯全光谱卧室灯6新彩色儿童房吸顶灯空气循环铁,Ceiling Light,"Ceiling Light. Confirm the selected model, size and included items before ordering.",CNY,77.33,11.31,https://detail.1688.com/offer/1082866577079.html,included,
1082663191852,lighting | lighting-market,lighting,美式简约全铜壁灯 田园风复古温馨浪漫卧室床头灯客厅背景墙灯具,Head Torch,"Head Torch. Confirm the selected model, size and included items before ordering.",CNY,296,43.31,https://detail.1688.com/offer/1082663191852.html,included,
1082612768867,lighting | lighting-market,lighting,欧式吊灯法式中古轻奢别墅全铜客厅餐厅卧室书房创意灯具水晶吊灯,Pendant Light,"Pendant Light. Confirm the selected model, size and included items before ordering.",CNY,1080,158.02,https://detail.1688.com/offer/1082612768867.html,included,
1082579921725,lighting | lighting-market,lighting,意式极简一字餐厅吊灯简约月球长条餐桌轻奢护眼吧台饭厅灯具铁,Pendant Light,"Pendant Light. Confirm the selected model, size and included items before ordering.",CNY,71.8,10.51,https://detail.1688.com/offer/1082579921725.html,included,
1082562716367,lighting | lighting-market,lighting,法式客厅吊灯浪漫轻奢中古别墅水晶餐厅灯复古玻璃简约现代卧室灯,Pendant Light,"Pendant Light. Confirm the selected model, size and included items before ordering.",CNY,1259,184.21,https://detail.1688.com/offer/1082562716367.html,included,
1082540451609,lighting | lighting-market,lighting,LED 长筒射灯吊灯 餐厅吧台前台圆柱形吊线灯 1688 源头工厂批发,Pendant Light,"Pendant Light. Confirm the selected model, size and included items before ordering.",CNY,40,5.85,https://detail.1688.com/offer/1082540451609.html,included,
1082517619697,lighting | lighting-market,lighting,瀑布水晶吊灯轻奢客厅灯现代简约餐厅卧室灯金色灯臂水滴水晶串,Pendant Light,"Pendant Light. Confirm the selected model, size and included items before ordering.",CNY,172,25.17,https://detail.1688.com/offer/1082517619697.html,included,
1082464030391,lighting,lighting,2026新款无叶隐形风扇灯中山 LED吸顶灯客厅卧室餐厅跨境批发灯具,Ceiling Light,"Ceiling Light. Confirm the selected model, size and included items before ordering.",CNY,173,25.31,https://detail.1688.com/offer/1082464030391.html,included,
1082442673025,lighting | lighting-market,lighting,现代轻奢圆环玻璃球吊灯G9单头10头客餐厅灯具,Pendant Light,"Pendant Light. Confirm the selected model, size and included items before ordering.",CNY,55,8.05,https://detail.1688.com/offer/1082442673025.html,included,
1082357889132,lighting | lighting-market,lighting,全光谱led吸顶灯卧室2026新款主卧简约现代护眼儿童房间中山灯具,Ceiling Light,"Ceiling Light. Confirm the selected model, size and included items before ordering.",CNY,69.9,10.23,https://detail.1688.com/offer/1082357889132.html,included,
1082191017676,lighting | lighting-market,lighting,中古客厅吊灯美式复古全铜魔豆灯创意侘寂风餐厅卧室法式南洋吊灯,Pendant Light,"Pendant Light. Confirm the selected model, size and included items before ordering.",CNY,365,53.41,https://detail.1688.com/offer/1082191017676.html,included,
1082182962083,lighting | lighting-market,lighting,东南亚泰式吊灯卧室特色餐厅咖啡厅酒店酒吧民宿镂空雕花吊灯,Pendant Light,"Pendant Light. Confirm the selected model, size and included items before ordering.",CNY,480,70.23,https://detail.1688.com/offer/1082182962083.html,included,
1082101957296,lighting | lighting-market,lighting,卧室床头书房创意小吊灯设计师水滴客厅网格意式轻奢玄关小吊灯,Pendant Light,"Pendant Light. Confirm the selected model, size and included items before ordering.",CNY,158.6,23.21,https://detail.1688.com/offer/1082101957296.html,included,
1081952334679,lighting | lighting-market,lighting,意式轻奢客厅吸顶灯轻奢高级感大厅主灯胡桃木色卧室书房护眼灯具,Ceiling Light,"Ceiling Light. Confirm the selected model, size and included items before ordering.",CNY,248,36.29,https://detail.1688.com/offer/1081952334679.html,included,
1081947185381,lighting | lighting-market,lighting,新款法式全铜吊灯美式复古客厅卧室玫瑰花朵浪漫田园中古餐厅吊灯,Pendant Light,"Pendant Light. Confirm the selected model, size and included items before ordering.",CNY,630,92.18,https://detail.1688.com/offer/1081947185381.html,included,
1081816811508,lighting | lighting-market,lighting,中古风奶油风扇灯专用餐厅吊灯儿童主题高级感卧室吊扇灯中山灯具,Pendant Light,"Pendant Light. Confirm the selected model, size and included items before ordering.",CNY,388.8,56.89,https://detail.1688.com/offer/1081816811508.html,included,
1081809347373,lighting | lighting-market,lighting,设计师创意玻璃吊灯北欧后现代酒店餐厅吧台复式楼梯工程装饰吊灯,Pendant Light,"Pendant Light. Confirm the selected model, size and included items before ordering.",CNY,100,14.63,https://detail.1688.com/offer/1081809347373.html,included,
1081693303143,lighting | lighting-market,lighting,法式复古手绘陶瓷吊灯中古风饭厅吧台玄关过道创意卧室床头小吊灯,Pendant Light,"Pendant Light. Confirm the selected model, size and included items before ordering.",CNY,141.59,20.72,https://detail.1688.com/offer/1081693303143.html,included,
1081593575140,lighting | lighting-market,lighting,意式吊灯中古北欧客厅卧室餐厅法式巴黎复古现代岛台灯具,Desk Lamp,"Desk Lamp. Confirm the selected model, size and included items before ordering.",CNY,155,22.68,https://detail.1688.com/offer/1081593575140.html,included,
1081554961275,lighting | lighting-market,lighting,意式轻奢中古风客厅灯穆拉诺玻璃吊灯现代简约别墅餐厅灯卧室灯具,Pendant Light,"Pendant Light. Confirm the selected model, size and included items before ordering.",CNY,1552,227.08,https://detail.1688.com/offer/1081554961275.html,included,
1081523518499,lighting | lighting-market,lighting,轻奢高级感客厅吸顶灯6新简约水晶主灯餐厅卧室书房灯具铁其它,Ceiling Light,"Ceiling Light. Confirm the selected model, size and included items before ordering.",CNY,89.6,13.11,https://detail.1688.com/offer/1081523518499.html,included,
1081478521780,lighting,lighting,落地灯置物一体客厅卧室沙发旁阅读氛围灯复古实木立式台灯布,Desk Lamp,"Desk Lamp. Confirm the selected model, size and included items before ordering.",CNY,244.28,35.74,https://detail.1688.com/offer/1081478521780.html,included,
1081459395276,lighting | lighting-market,lighting,诺克琥珀卧室床头可升降小吊灯简约创意餐厅玄关灯意式设计师铝无,Pendant Light,"Pendant Light. Confirm the selected model, size and included items before ordering.",CNY,67,9.8,https://detail.1688.com/offer/1081459395276.html,included,
1081438628750,lighting | lighting-market,lighting,轻奢客厅水晶吊灯大厅主灯2026新款高级感中山灯具大气餐厅卧室灯,Pendant Light,"Pendant Light. Confirm the selected model, size and included items before ordering.",CNY,599,87.64,https://detail.1688.com/offer/1081438628750.html,included,
1081395415773,lighting | lighting-market,lighting,中古客厅吊灯法式奶油风简约大气创意高级感2025新款柿子玻璃灯具,Pendant Light,"Pendant Light. Confirm the selected model, size and included items before ordering.",CNY,298,43.6,https://detail.1688.com/offer/1081395415773.html,included,
1081359458879,lighting | lighting-market,lighting,跨境太阳能路灯户外防水庭院灯智能感应家用照明灯一体化太阳能灯,Solar Street Light,"Solar Street Light. Confirm the selected model, size and included items before ordering.",CNY,28.6,4.18,https://detail.1688.com/offer/1081359458879.html,included,
1081325903942,lighting | lighting-market,lighting,法式复古包豪斯客厅吊灯田园风浪漫贝壳卧室灯北欧高级感餐厅灯具,Pendant Light,"Pendant Light. Confirm the selected model, size and included items before ordering.",CNY,417,61.01,https://detail.1688.com/offer/1081325903942.html,included,
1081324921522,lighting | lighting-market,lighting,简约现代家居吊灯餐厅音符造型吧台客厅吊灯led灯卧室灯中山灯饰,Pendant Light,"Pendant Light. Confirm the selected model, size and included items before ordering.",CNY,50,7.32,https://detail.1688.com/offer/1081324921522.html,included,
1081273681921,lighting | lighting-market,lighting,法式吊灯云雾优雅大气客厅主灯高级感轻奢现代中古风餐厅卧室灯具,Pendant Light,"Pendant Light. Confirm the selected model, size and included items before ordering.",CNY,518,75.79,https://detail.1688.com/offer/1081273681921.html,included,
1081053039924,lighting | lighting-market,lighting,中古风吊灯全铜客厅主灯实木美式复古法式餐厅古董卧室中山灯具,Pendant Light,"Pendant Light. Confirm the selected model, size and included items before ordering.",CNY,730,106.81,https://detail.1688.com/offer/1081053039924.html,included,
1080885106617,lighting | lighting-market,lighting,客厅吊灯全铜奢华灯新款美式复古卧室灯中古高端大气别墅大厅吊灯,Pendant Light,"Pendant Light. Confirm the selected model, size and included items before ordering.",CNY,823,120.42,https://detail.1688.com/offer/1080885106617.html,included,
1080877326462,lighting | lighting-market,lighting,酒店非标灯具专业定制商场大型酒店工程灯具飘带灯售楼部沙盘吊灯,Pendant Light,"Pendant Light. Confirm the selected model, size and included items before ordering.",CNY,99,14.49,https://detail.1688.com/offer/1080877326462.html,included,
1080818048412,lighting | lighting-market,lighting,跨境LED太阳能路灯一体化户外人体感应太阳能灯防水太阳能庭院灯,Solar Street Light,"Solar Street Light. Confirm the selected model, size and included items before ordering.",CNY,109,15.95,https://detail.1688.com/offer/1080818048412.html,included,
1080365040894,lighting,lighting,便携钥匙扣小手电筒 铝合金登山扣迷你手电户外随身应急照明手电0,Portable Torch,"Portable Torch. Listed features: portable. Confirm the selected model, size and included items before ordering.",CNY,1.45,0.21,https://detail.1688.com/offer/1080365040894.html,included,
1080280847842,lighting | lighting-market,lighting,法式水晶玻璃吸顶灯客厅灯卧室书房现代简约温馨浪漫花朵灯具餐厅,Ceiling Light,"Ceiling Light. Confirm the selected model, size and included items before ordering.",CNY,393,57.5,https://detail.1688.com/offer/1080280847842.html,included,
1080267455448,lighting | lighting-market,lighting,新中式客厅吊灯中国简约现代餐厅卧室禅意别墅复式楼酒店大厅灯具,Pendant Light,"Pendant Light. Confirm the selected model, size and included items before ordering.",CNY,159.46,23.33,https://detail.1688.com/offer/1080267455448.html,included,
1080228336446,lighting | lighting-market,lighting,微笑鲨新款户外露营led照明灯可太阳能充电适用夜市摆摊停电应急,Portable Camping Light,"Portable Camping Light. Confirm the selected model, size and included items before ordering.",CNY,15,2.19,https://detail.1688.com/offer/1080228336446.html,included,
1080213327923,lighting | lighting-market,lighting,后现代轻奢卧室吸顶灯包豪斯创意书房餐厅茶室衣帽间艺术吸顶灯,Ceiling Light,"Ceiling Light. Confirm the selected model, size and included items before ordering.",CNY,824,120.56,https://detail.1688.com/offer/1080213327923.html,included,
1079996467389,lighting | lighting-market,lighting,法式轻奢水晶吊灯客厅树枝灯2026新款高级感卧室餐厅设计师款灯具,Pendant Light,"Pendant Light. Confirm the selected model, size and included items before ordering.",CNY,837,122.47,https://detail.1688.com/offer/1079996467389.html,included,
1079971415975,lighting | lighting-market,lighting,法式全铜吊灯浪漫田园餐厅中古Vintage客厅美式复古花朵卧室吊灯,Pendant Light,"Pendant Light. Confirm the selected model, size and included items before ordering.",CNY,799,116.91,https://detail.1688.com/offer/1079971415975.html,included,
1079904600252,lighting | lighting-market,lighting,微笑鲨新款充电户外照明远射强光手电筒充电式耐用家用应急灯大续,Torch,"Torch. Confirm the selected model, size and included items before ordering.",CNY,13.9,2.03,https://detail.1688.com/offer/1079904600252.html,included,
1079889288314,lighting | lighting-market,lighting,卧室吸顶灯现代意式轻奢艺术LED吸顶灯现代简约卧室客厅护眼灯具,Ceiling Light,"Ceiling Light. Confirm the selected model, size and included items before ordering.",CNY,302,44.19,https://detail.1688.com/offer/1079889288314.html,included,
1079854484827,lighting | lighting-market,lighting,微笑鲨医用便携照明眼科灯眼耳喉鼻科医护专用USB充电轻巧手持手,Portable Lighting Fixture,"Portable Lighting Fixture. Listed features: portable. Confirm the selected model, size and included items before ordering.",CNY,16,2.34,https://detail.1688.com/offer/1079854484827.html,included,
1079853416279,lighting | lighting-market,lighting,充电式照明充电灯露营led续航摆摊夜市摆摊夜市灯耐用磁吸灯超亮,Lighting Fixture,"Lighting Fixture. Confirm the selected model, size and included items before ordering.",CNY,7.62,1.11,https://detail.1688.com/offer/1079853416279.html,included,
1079424973421,lighting | lighting-market,lighting,ABS材质迷你手电筒户外随身带挂钩口袋照明灯聚泛光便携式小手电,Portable Torch,"Portable Torch. Listed features: portable. Confirm the selected model, size and included items before ordering.",CNY,7.8,1.14,https://detail.1688.com/offer/1079424973421.html,included,
1079412479030,lighting,lighting,新款海外110V伏高亮大风无叶风扇灯客厅灯现代简约客厅餐厅卧室灯,Electric Fan,"Electric Fan. Confirm the selected model, size and included items before ordering.",CNY,170,24.87,https://detail.1688.com/offer/1079412479030.html,included,
1079388849151,lighting | lighting-market,lighting,太阳能一体化路灯led6米高杆大功率庭院农村道路人体自感应照明灯,Solar Street Light,"Solar Street Light. Confirm the selected model, size and included items before ordering.",CNY,120,17.56,https://detail.1688.com/offer/1079388849151.html,included,
1079234988065,lighting | lighting-market,lighting,飞碟灯LED高亮节能灯泡圆盘金色E7螺口楼房大功率照明灯球泡灯,LED Light Bulb,"LED Light Bulb. Confirm the selected model, size and included items before ordering.",CNY,4.3,0.63,https://detail.1688.com/offer/1079234988065.html,included,
1079091624567,lighting | lighting-market,lighting,跨境新款户外露营强光照明灯可磁吸可太阳能充电带数字电显支持无,Portable Camping Light,"Portable Camping Light. Confirm the selected model, size and included items before ordering.",CNY,29.8,4.36,https://detail.1688.com/offer/1079091624567.html,included,
1079061501518,lighting | lighting-market,lighting,台灯学习专用大学生宿舍灯管磁吸酷毙led护眼书桌卧室床头壁灯条,LED Light Strip,"LED Light Strip. Confirm the selected model, size and included items before ordering.",CNY,3.67,0.54,https://detail.1688.com/offer/1079061501518.html,included,
1079051429762,lighting,lighting,胡桃木色卧室静音隐形风扇灯创意轻奢客厅餐厅大风力吊扇一体灯具,Lighting Fixture,"Lighting Fixture. Confirm the selected model, size and included items before ordering.",CNY,328,47.99,https://detail.1688.com/offer/1079051429762.html,included,
1079023873192,lighting | lighting-market,lighting,太阳能照明灯太阳能户外路灯太阳能一体庭院灯太阳能灯中山灯具,Solar Street Light,"Solar Street Light. Confirm the selected model, size and included items before ordering.",CNY,60,8.78,https://detail.1688.com/offer/1079023873192.html,included,
1078952688379,lighting | lighting-market,lighting,跨境新品太阳能户外灯投光灯铝壳曲面照明灯大功率别墅农村庭院灯,Outdoor Floodlight,"Outdoor Floodlight. Confirm the selected model, size and included items before ordering.",CNY,98,14.34,https://detail.1688.com/offer/1078952688379.html,included,
1078801882587,lighting | lighting-market,lighting,磁吸感应小夜灯宿舍夜用护眼按键小夜灯卧室酷炫台灯睡眠充电床头,Desk Lamp,"Desk Lamp. Confirm the selected model, size and included items before ordering.",CNY,3.2,0.47,https://detail.1688.com/offer/1078801882587.html,included,
1078791237330,lighting | lighting-market,lighting,LED工矿灯大功率吊灯工厂车间仓库体育馆照明IP67防水,Industrial High Bay Light,"Industrial High Bay Light. Confirm the selected model, size and included items before ordering.",CNY,193,28.24,https://detail.1688.com/offer/1078791237330.html,included,
1078408734140,lighting | lighting-market,lighting,新款户外露营用充电手电筒带侧灯泛光伸缩变焦多档调节便携照明工,Telescopic Portable Portable Camping Light,"Telescopic Portable Portable Camping Light. Listed features: telescopic, portable. Confirm the selected model, size and included items before ordering.",CNY,7.5,1.1,https://detail.1688.com/offer/1078408734140.html,included,
1078305681123,lighting | lighting-market,lighting,北欧轻奢水晶客厅吊灯现代简约酒店大厅吊顶法式高级感餐厅灯具,Pendant Light,"Pendant Light. Confirm the selected model, size and included items before ordering.",CNY,375,54.87,https://detail.1688.com/offer/1078305681123.html,included,
1078280929476,lighting | lighting-market,lighting,奶油风餐厅吊灯北欧复古吧台灯卧室民宿灯具包豪斯中古蛋挞床头灯,Head Torch,"Head Torch. Confirm the selected model, size and included items before ordering.",CNY,65,9.51,https://detail.1688.com/offer/1078280929476.html,included,
1078168973509,lighting,lighting,护眼台灯学习专用宿舍灯磁吸书桌卧室床头定时壁灯阅读超亮酷毙灯,Desk Lamp,"Desk Lamp. Confirm the selected model, size and included items before ordering.",CNY,57.6,8.43,https://detail.1688.com/offer/1078168973509.html,included,
1077976942432,lighting | lighting-market,lighting,小台灯学习用学生宿舍家用护眼灯书桌LED充电式台灯卧室床头灯,Head Torch,"Head Torch. Confirm the selected model, size and included items before ordering.",CNY,7.8,1.14,https://detail.1688.com/offer/1077976942432.html,included,
1077967871531,lighting | lighting-market,lighting,法式轻奢高级客厅灯复古中古风艺术餐厅灯个性创意极简温馨卧室灯,Indoor Light,"Indoor Light. Confirm the selected model, size and included items before ordering.",CNY,547,80.03,https://detail.1688.com/offer/1077967871531.html,included,
1077926412721,lighting | lighting-market,lighting,跨境新款户外照明强光手电筒可充电持久续航轻便小巧方便携带户外,Portable Torch,"Portable Torch. Listed features: portable. Confirm the selected model, size and included items before ordering.",CNY,3.2,0.47,https://detail.1688.com/offer/1077926412721.html,included,
1077840891791,lighting | lighting-market,lighting,跨境兔子熊猫硅胶拍拍小夜灯卧室婴儿喂奶护眼睡眠床头氛围灯台灯,Silicone Desk Lamp,"Silicone Desk Lamp. Listed features: silicone. Confirm the selected model, size and included items before ordering.",CNY,8.5,1.24,https://detail.1688.com/offer/1077840891791.html,included,
1077822566941,lighting | lighting-market,lighting,LED亚克力小夜灯 雨伞网格床头卧室台灯装饰品摆件氛围灯创意花苞,Desk Lamp,"Desk Lamp. Confirm the selected model, size and included items before ordering.",CNY,6,0.88,https://detail.1688.com/offer/1077822566941.html,included,
1077593483210,lighting | lighting-market,lighting,微笑鲨强光便携手电筒可充电带数显挂钩耐摔户外家用多功能照明手,Portable Torch,"Portable Torch. Listed features: portable. Confirm the selected model, size and included items before ordering.",CNY,13.9,2.03,https://detail.1688.com/offer/1077593483210.html,included,
1077549376116,lighting | lighting-market,lighting,全铜法式中古风客厅吊灯新款美式复古实木护眼主卧室房间餐厅灯具,Pendant Light,"Pendant Light. Confirm the selected model, size and included items before ordering.",CNY,275,40.24,https://detail.1688.com/offer/1077549376116.html,included,
1077540144862,lighting | lighting-market,lighting,宋氏美学餐厅吊灯新中式禅意复古民宿茶室灯中古风过道玄关灯具,Pendant Light,"Pendant Light. Confirm the selected model, size and included items before ordering.",CNY,188,27.51,https://detail.1688.com/offer/1077540144862.html,included,
1077512536041,lighting | lighting-market,lighting,法式轻奢客厅吊灯设计师浪漫玻璃花瓣现代简约客厅卧室护眼灯具,Pendant Light,"Pendant Light. Confirm the selected model, size and included items before ordering.",CNY,394,57.65,https://detail.1688.com/offer/1077512536041.html,included,
1077507982915,lighting | lighting-market,lighting,法式复古风客厅大厅主灯书房温馨氛围感餐厅饭厅吧台餐桌铃兰吊灯,Pendant Light,"Pendant Light. Confirm the selected model, size and included items before ordering.",CNY,462,67.6,https://detail.1688.com/offer/1077507982915.html,included,
1077505292996,lighting | lighting-market,lighting,法式复古轻奢水晶客厅吊灯2026新款感中古风餐厅大厅灯具吊灯,Pendant Light,"Pendant Light. Confirm the selected model, size and included items before ordering.",CNY,350,51.21,https://detail.1688.com/offer/1077505292996.html,included,
1077488550227,lighting | lighting-market,lighting,跨境爆款跑道台灯卧室床头台灯装饰台灯创意客厅触摸小夜灯,Desk Lamp,"Desk Lamp. Confirm the selected model, size and included items before ordering.",CNY,7.9,1.16,https://detail.1688.com/offer/1077488550227.html,included,
1077488428266,lighting | lighting-market,lighting,户外球场高杆灯广场照明灯工程防水广告招牌射灯投光灯泛光灯跨境,Outdoor Floodlight,"Outdoor Floodlight. Confirm the selected model, size and included items before ordering.",CNY,118,17.27,https://detail.1688.com/offer/1077488428266.html,included,
1077431377784,lighting | lighting-market,lighting,哇噢定制亚马逊分体夹子灯家用庭院太阳能灯户外防水照明感应壁灯,Wall Light,"Wall Light. Confirm the selected model, size and included items before ordering.",CNY,14,2.05,https://detail.1688.com/offer/1077431377784.html,included,
1077400971096,lighting,lighting,亚马逊爆款一体化太阳能路灯高亮户外庭院太阳能照明灯跨境批发,Solar Street Light,"Solar Street Light. Confirm the selected model, size and included items before ordering.",CNY,27,3.95,https://detail.1688.com/offer/1077400971096.html,included,
1077392696248,lighting | lighting-market,lighting,北欧简约印花钓鱼灯落地灯客厅沙发旁书房卧室落地灯床头落地台灯,Desk Lamp,"Desk Lamp. Confirm the selected model, size and included items before ordering.",CNY,110,16.09,https://detail.1688.com/offer/1077392696248.html,included,
1077185514700,lighting | lighting-market,lighting,法式水晶吊灯卧室灯现代简约轻奢豪华大气中古风客厅餐厅家用灯具,Pendant Light,"Pendant Light. Confirm the selected model, size and included items before ordering.",CNY,155,22.68,https://detail.1688.com/offer/1077185514700.html,included,
1077146141266,lighting | lighting-market,lighting,弧面广角照明太阳能路灯工程大功率一体化感应壁灯户外防水庭院灯,Solar Street Light,"Solar Street Light. Confirm the selected model, size and included items before ordering.",CNY,34.52,5.05,https://detail.1688.com/offer/1077146141266.html,included,
1077145668153,lighting | lighting-market,lighting,小苹果led投光灯超薄100W户外防水泛光灯200W庭院投射照明灯跨境,Outdoor Floodlight,"Outdoor Floodlight. Confirm the selected model, size and included items before ordering.",CNY,8,1.17,https://detail.1688.com/offer/1077145668153.html,included,
1077142541216,lighting | lighting-market,lighting,卧室睡眠床头灯小夜灯充电触摸照明灯拍拍婴儿喂奶灯氛围护眼,Head Torch,"Head Torch. Confirm the selected model, size and included items before ordering.",CNY,3.8,0.56,https://detail.1688.com/offer/1077142541216.html,included,
1077137058987,lighting | lighting-market,lighting,客厅法式复古现代简约大气卧室餐厅书房创意个性魔豆分子灯具吊灯,Pendant Light,"Pendant Light. Confirm the selected model, size and included items before ordering.",CNY,330,48.28,https://detail.1688.com/offer/1077137058987.html,included,
1076994239318,lighting | lighting-market,lighting,跨境新款太阳能户外照明灯天黑自动亮家用庭院灯农村超亮防水路灯,Solar Street Light,"Solar Street Light. Confirm the selected model, size and included items before ordering.",CNY,9.9,1.45,https://detail.1688.com/offer/1076994239318.html,included,
1076969259438,lighting | lighting-market,lighting,新款户外LED照明强光手电筒可充电带点烟器功能工地露营家用小巧,Torch,"Torch. Confirm the selected model, size and included items before ordering.",CNY,6,0.88,https://detail.1688.com/offer/1076969259438.html,included,
1076966699974,lighting | lighting-market,lighting,跨境复古日式木质鸟笼餐厅吊灯新中式灯笼民宿禅意茶室客厅卧室灯,Pendant Light,"Pendant Light. Confirm the selected model, size and included items before ordering.",CNY,83,12.14,https://detail.1688.com/offer/1076966699974.html,included,
1076939971823,lighting | lighting-market,lighting,户外多功能可折叠泛光手电筒变焦带挂钩设计露营随身柔光照明手电,Foldable Portable Camping Light,"Foldable Portable Camping Light. Listed features: foldable. Confirm the selected model, size and included items before ordering.",CNY,5.8,0.85,https://detail.1688.com/offer/1076939971823.html,included,
1076888350272,lighting | lighting-market,lighting,严选创意台灯跑道氛围灯礼物卧室床头灯小夜灯触摸可调光led灯桌,Head Torch,"Head Torch. Confirm the selected model, size and included items before ordering.",CNY,7.98,1.17,https://detail.1688.com/offer/1076888350272.html,included,
1076715272161,lighting | lighting-market,lighting,法式中古琥珀玻璃客厅主灯复古轻奢餐厅吊灯北欧极简穆拉诺卧室灯,Pendant Light,"Pendant Light. Confirm the selected model, size and included items before ordering.",CNY,637,93.2,https://detail.1688.com/offer/1076715272161.html,included,
1076588487425,lighting | lighting-market,lighting,停电应急LED球泡灯 IP65防水 12-50W多功率 家用夜市户外,LED Light Bulb,"LED Light Bulb. Confirm the selected model, size and included items before ordering.",CNY,8.6,1.26,https://detail.1688.com/offer/1076588487425.html,included,
1076521913960,lighting | lighting-market,lighting,跨境爆款哑铃造型金属装饰台灯触摸调光USB充电氛围灯,Desk Lamp,"Desk Lamp. Confirm the selected model, size and included items before ordering.",CNY,8.6,1.26,https://detail.1688.com/offer/1076521913960.html,included,
1076521913206,lighting | lighting-market,lighting,2026新款法式轻奢客厅吊灯水晶餐厅主灯欧式复古主卧灯具吊灯,Pendant Light,"Pendant Light. Confirm the selected model, size and included items before ordering.",CNY,350,51.21,https://detail.1688.com/offer/1076521913206.html,included,
1076516001766,lighting | lighting-market,lighting,法式轻奢水晶吊灯现代简约大气餐厅灯北欧感蜡烛卧室灯具,Pendant Light,"Pendant Light. Confirm the selected model, size and included items before ordering.",CNY,148,21.65,https://detail.1688.com/offer/1076516001766.html,included,
1076455680351,lighting | lighting-market,lighting,太阳能露营户外超长续航夜市照明灯摆摊地摊帐篷停电应急充电家用,Portable Camping Light,"Portable Camping Light. Confirm the selected model, size and included items before ordering.",CNY,14.75,2.16,https://detail.1688.com/offer/1076455680351.html,included,
1076418208537,lighting | lighting-market,lighting,中古风餐厅灯胡桃木色麻绳吧台灯法式复古侘寂风卧室床头吊线灯具,Desk Lamp,"Desk Lamp. Confirm the selected model, size and included items before ordering.",CNY,162,23.7,https://detail.1688.com/offer/1076418208537.html,included,
1076367503716,lighting | lighting-market,lighting,LED节能A泡灯超亮耐用多规格可选E27大螺口室内照明白光省电灯泡,LED Light Bulb,"LED Light Bulb. Confirm the selected model, size and included items before ordering.",CNY,0.84,0.12,https://detail.1688.com/offer/1076367503716.html,included,
1076224081591,lighting | lighting-market,lighting,哇噢批发节能led灯泡球泡灯家用客厅e27螺口超亮恒流护眼厂房照明,LED Light Bulb,"LED Light Bulb. Confirm the selected model, size and included items before ordering.",CNY,0.53,0.08,https://detail.1688.com/offer/1076224081591.html,included,
1076208689261,lighting | lighting-market,lighting,超亮大容量续航夜市摆摊专用球泡灯高富帅地摊户外露营应急照明灯,Portable Camping Light,"Portable Camping Light. Confirm the selected model, size and included items before ordering.",CNY,6,0.88,https://detail.1688.com/offer/1076208689261.html,included,
1076180794095,lighting | lighting-market,lighting,包豪斯客厅吸顶灯现代简约水晶餐厅灯护眼花朵高级感卧室书房灯具,Ceiling Light,"Ceiling Light. Confirm the selected model, size and included items before ordering.",CNY,247,36.14,https://detail.1688.com/offer/1076180794095.html,included,
1076037298573,lighting | lighting-market,lighting,LED塑包铝高富帅灯泡 E27螺口防尘防虫防潮厂房家用节能照明球泡,LED Light Bulb,"LED Light Bulb. Confirm the selected model, size and included items before ordering.",CNY,0.6,0.09,https://detail.1688.com/offer/1076037298573.html,included,
1076035195424,lighting | lighting-market,lighting,中古法式客厅主灯餐厅灯具卧室灯具美式复古胡桃木色轻奢客厅吊灯,Pendant Light,"Pendant Light. Confirm the selected model, size and included items before ordering.",CNY,368,53.84,https://detail.1688.com/offer/1076035195424.html,included,
1076032479726,lighting | lighting-market,lighting,2026新款法式复古饭厅卧室书房灯现代简约中山灯具中古风客厅吊灯,Pendant Light,"Pendant Light. Confirm the selected model, size and included items before ordering.",CNY,270,39.51,https://detail.1688.com/offer/1076032479726.html,included,
1076024271171,lighting | lighting-market,lighting,中古风花朵客厅灯具法式复古实木餐厅灯创意裂纹玻璃书房卧室吊灯,Pendant Light,"Pendant Light. Confirm the selected model, size and included items before ordering.",CNY,300,43.89,https://detail.1688.com/offer/1076024271171.html,included,
1075998907165,lighting | lighting-market,lighting,太阳能花园壁灯庭院布置露台灯阳台防雨钨丝灯感应花园氛围照明灯,Desk Lamp,"Desk Lamp. Confirm the selected model, size and included items before ordering.",CNY,17.5,2.56,https://detail.1688.com/offer/1075998907165.html,included,
1075970921590,lighting | lighting-market,lighting,户外露营灯帐篷灯野营led氛围灯复古马灯营地照明超长续航挂式灯,Portable Camping Light,"Portable Camping Light. Confirm the selected model, size and included items before ordering.",CNY,12.28,1.8,https://detail.1688.com/offer/1075970921590.html,included,
1075970921545,lighting | lighting-market,lighting,新月光灯塔投影灯RGB七彩渐变氛围灯人体感应小夜灯创意台灯摆件,Desk Lamp,"Desk Lamp. Confirm the selected model, size and included items before ordering.",CNY,31,4.54,https://detail.1688.com/offer/1075970921545.html,included,
1075949797695,lighting | lighting-market,lighting,法式中古风轻奢穆拉诺客厅吊灯复古玻璃卧室餐厅商铺别墅高级灯具,Pendant Light,"Pendant Light. Confirm the selected model, size and included items before ordering.",CNY,480,70.23,https://detail.1688.com/offer/1075949797695.html,included,
1075888035117,lighting | lighting-market,lighting,微笑鲨多功能户外照明高亮手电筒尾部大泛光可变焦红光警示轻便可,Torch,"Torch. Confirm the selected model, size and included items before ordering.",CNY,14.9,2.18,https://detail.1688.com/offer/1075888035117.html,included,
1075855796444,lighting | lighting-market,lighting,北欧创意卧室吸顶灯网红星球环形客厅大灯家用房间照明家装灯具,Ceiling Light,"Ceiling Light. Confirm the selected model, size and included items before ordering.",CNY,165,24.14,https://detail.1688.com/offer/1075855796444.html,included,
1075854200442,lighting | lighting-market,lighting,跨境太阳能可折叠投光灯花园车库入口旋转壁灯人体感应led照明灯,Foldable Outdoor Floodlight,"Foldable Outdoor Floodlight. Listed features: foldable. Confirm the selected model, size and included items before ordering.",CNY,19,2.78,https://detail.1688.com/offer/1075854200442.html,included,
1075854200424,lighting | lighting-market,lighting,跨境爆款私模太阳能路灯智能遥控一体化户外照明灯人体感应壁灯,Solar Street Light,"Solar Street Light. Confirm the selected model, size and included items before ordering.",CNY,58,8.49,https://detail.1688.com/offer/1075854200424.html,included,
1075832999772,lighting,lighting,跨境亚马逊直叶风扇灯客厅餐厅吸顶风扇一体灯具家用美式风扇灯具,Lighting Fixture,"Lighting Fixture. Confirm the selected model, size and included items before ordering.",CNY,91,13.31,https://detail.1688.com/offer/1075832999772.html,included,
1075808851629,lighting | lighting-market,lighting,装饰台灯氛围灯高级感触摸台灯全铝飞碟台灯工字灯usb小夜灯充电,Desk Lamp,"Desk Lamp. Confirm the selected model, size and included items before ordering.",CNY,38,5.56,https://detail.1688.com/offer/1075808851629.html,included,
1075708578575,lighting | lighting-market,lighting,轻奢水晶吸顶灯客厅灯餐厅简约大气全光谱护眼卧室灯感灯具氛,Ceiling Light,"Ceiling Light. Confirm the selected model, size and included items before ordering.",CNY,365,53.41,https://detail.1688.com/offer/1075708578575.html,included,
1075691662793,lighting | lighting-market,lighting,北欧简约USB充电高脚装饰台灯卧室床头餐厅酒吧氛围小夜灯,Desk Lamp,"Desk Lamp. Confirm the selected model, size and included items before ordering.",CNY,15.5,2.27,https://detail.1688.com/offer/1075691662793.html,included,
1075673754638,lighting | lighting-market,lighting,法式奶油新款陶瓷吊灯田园风客厅主灯别墅艺术飘带餐厅卧室灯具,Pendant Light,"Pendant Light. Confirm the selected model, size and included items before ordering.",CNY,1582,231.47,https://detail.1688.com/offer/1075673754638.html,included,
1075503298439,lighting | lighting-market,lighting,法式卧室灯中古风花瓣水晶灯主卧室房间餐厅吸顶灯2026新款吸顶灯,Ceiling Light,"Ceiling Light. Confirm the selected model, size and included items before ordering.",CNY,180,26.34,https://detail.1688.com/offer/1075503298439.html,included,
1075480579391,lighting | lighting-market,lighting,哇噢定制太阳能三头照明灯壁灯庭院感应花园灯户外遥控高亮防水灯,Wall Light,"Wall Light. Confirm the selected model, size and included items before ordering.",CNY,28,4.1,https://detail.1688.com/offer/1075480579391.html,included,
1075480266139,lighting | lighting-market,lighting,法式吊灯 客厅大厅水晶灯包豪斯蜡烛吊灯感餐厅卧室护眼灯具,Pendant Light,"Pendant Light. Confirm the selected model, size and included items before ordering.",CNY,387,56.62,https://detail.1688.com/offer/1075480266139.html,included,
1075464345209,lighting | lighting-market,lighting,北欧简约喜鹊台灯轻奢客厅沙发个性设计师创意卧室床头小鸟台灯,Desk Lamp,"Desk Lamp. Confirm the selected model, size and included items before ordering.",CNY,26.5,3.88,https://detail.1688.com/offer/1075464345209.html,included,
1075337413976,lighting | lighting-market,lighting,户外太阳能草坪灯防雨庭院景观装饰扎带灯花园别墅小房灯照明路灯,Solar Street Light,"Solar Street Light. Confirm the selected model, size and included items before ordering.",CNY,3.5,0.51,https://detail.1688.com/offer/1075337413976.html,included,
1075220210449,lighting | lighting-market,lighting,美式复古蛋壳壁灯卧室床头灯中古日式胡桃白蜡木实木背景墙灯具,Head Torch,"Head Torch. Confirm the selected model, size and included items before ordering.",CNY,34.63,5.07,https://detail.1688.com/offer/1075220210449.html,included,
1075186821959,lighting | lighting-market,lighting,应急灯家用超长续航充电停电太阳能户外备用照明手提马灯露营挂灯,Emergency Light,"Emergency Light. Confirm the selected model, size and included items before ordering.",CNY,33.75,4.94,https://detail.1688.com/offer/1075186821959.html,included,
1075169450513,lighting | lighting-market,lighting,电灯泡e27e14家用护眼超亮螺口灯泡节能LED球泡灯客厅卧室灯三色,LED Light Bulb,"LED Light Bulb. Confirm the selected model, size and included items before ordering.",CNY,2.2,0.32,https://detail.1688.com/offer/1075169450513.html,included,
1075135472123,lighting | lighting-market,lighting,太阳能露营马灯帐篷手提充电家用户外多功能野营强光照明挂灯,Portable Camping Light,"Portable Camping Light. Confirm the selected model, size and included items before ordering.",CNY,9.5,1.39,https://detail.1688.com/offer/1075135472123.html,included,
1075111434230,lighting | lighting-market,lighting,跨境爆款太阳能路灯太阳能庭院灯LED高亮照明灯户外一体太阳能灯,Solar Street Light,"Solar Street Light. Confirm the selected model, size and included items before ordering.",CNY,95,13.9,https://detail.1688.com/offer/1075111434230.html,included,
1075089780850,lighting | lighting-market,lighting,定制中古复古投影吊灯客厅卧室餐厅灯具源头工厂灯中山灯具led,Pendant Light,"Pendant Light. Confirm the selected model, size and included items before ordering.",CNY,664.22,97.19,https://detail.1688.com/offer/1075089780850.html,included,
1074946219889,lighting | lighting-market,lighting,跨境新款强光手电筒铝合金伸缩变焦电户外超亮小型便携照明远射,Telescopic Portable Torch,"Telescopic Portable Torch. Listed features: telescopic, portable. Confirm the selected model, size and included items before ordering.",CNY,159.8,23.38,https://detail.1688.com/offer/1074946219889.html,included,
1074864225849,lighting | lighting-market,lighting,高档酒店融蜡灯可调光定时香薰灯民宿支持小批量台灯卧室床头灯,Head Torch,"Head Torch. Confirm the selected model, size and included items before ordering.",CNY,47.6,6.96,https://detail.1688.com/offer/1074864225849.html,included,
1074842147443,lighting | lighting-market,lighting,跨境复古水晶台灯卧室床头餐厅氛围台灯灯轻奢高级感USB金属台灯,Desk Lamp,"Desk Lamp. Confirm the selected model, size and included items before ordering.",CNY,11.8,1.73,https://detail.1688.com/offer/1074842147443.html,included,
1074713536551,lighting,lighting,简约卧室风扇灯木叶餐厅客厅美式吊扇灯家用电风扇现代吊灯遥控,Pendant Light,"Pendant Light. Confirm the selected model, size and included items before ordering.",CNY,368,53.84,https://detail.1688.com/offer/1074713536551.html,included,
1074655447876,lighting | lighting-market,lighting,轻奢水晶吸顶灯法式客厅灯卧室书房餐厅简约创意奶油风扇隐形灯具,Ceiling Light,"Ceiling Light. Confirm the selected model, size and included items before ordering.",CNY,237,34.68,https://detail.1688.com/offer/1074655447876.html,included,
1074512172375,lighting | lighting-market,lighting,遥控宿舍床上灯挂钩磁吸台灯学习可移动悬挂长续航酷毙灯小夜灯,Desk Lamp,"Desk Lamp. Confirm the selected model, size and included items before ordering.",CNY,6.9,1.01,https://detail.1688.com/offer/1074512172375.html,included,
1074508095390,lighting | lighting-market,lighting,跨境爆款太阳能灯一体化太阳能路灯户外庭院灯高亮照明LED感应灯,Solar Street Light,"Solar Street Light. Confirm the selected model, size and included items before ordering.",CNY,115,16.83,https://detail.1688.com/offer/1074508095390.html,included,
1074349081628,lighting | lighting-market,lighting,卧室吊灯法式奶油中古风主卧房间复古书房护眼儿童房新款灯具,Pendant Light,"Pendant Light. Confirm the selected model, size and included items before ordering.",CNY,171.39,25.08,https://detail.1688.com/offer/1074349081628.html,included,
1074181782454,lighting | lighting-market,lighting,光控感应小夜灯床头灯睡觉卧室灯夜光灯led灯节能灯泡超亮省电,Head Torch,"Head Torch. Confirm the selected model, size and included items before ordering.",CNY,7.92,1.16,https://detail.1688.com/offer/1074181782454.html,included,
1074028577775,lighting | lighting-market,lighting,新款户外露营帐篷照明家用应急灯太阳能充电长续航夜市照明摆摊专,Portable Camping Light,"Portable Camping Light. Confirm the selected model, size and included items before ordering.",CNY,14.5,2.12,https://detail.1688.com/offer/1074028577775.html,included,
1073848759942,lighting | lighting-market,lighting,跨境ABS材质钥匙扣灯迷你手电筒户外随身口袋照明灯带挂钩便携手,Portable Clip-On Light,"Portable Clip-On Light. Listed features: portable. Confirm the selected model, size and included items before ordering.",CNY,3.6,0.53,https://detail.1688.com/offer/1073848759942.html,included,
1073819924033,lighting | lighting-market,lighting,跨境新款户外照明led磁吸工作灯明亮汽修灯夹子灯充电便携长效续,Portable Work Light,"Portable Work Light. Listed features: portable. Confirm the selected model, size and included items before ordering.",CNY,13.5,1.98,https://detail.1688.com/offer/1073819924033.html,included,
1073767927252,lighting | lighting-market,lighting,跨境新品太阳能户外灯一体化太阳能路灯雷达感应庭院太阳能照明灯,Solar Street Light,"Solar Street Light. Confirm the selected model, size and included items before ordering.",CNY,77,11.27,https://detail.1688.com/offer/1073767927252.html,included,
1073754966133,lighting,lighting,来图定制亚克力小夜灯定制企业logo礼品文创伴手礼实木发光氛围灯,Night Light,"Night Light. Confirm the selected model, size and included items before ordering.",CNY,29,4.24,https://detail.1688.com/offer/1073754966133.html,included,
1073719092464,lighting | lighting-market,lighting,跨境法式复古珍珠项链吸顶灯中古风卧室灯客厅餐厅书房艺术泡泡灯,Ceiling Light,"Ceiling Light. Confirm the selected model, size and included items before ordering.",CNY,290,42.43,https://detail.1688.com/offer/1073719092464.html,included,
1073693357186,lighting | lighting-market,lighting,法式客厅灯具复古实木竹节灯美式设计师主灯餐厅卧室书房创意吊灯,Pendant Light,"Pendant Light. Confirm the selected model, size and included items before ordering.",CNY,383,56.04,https://detail.1688.com/offer/1073693357186.html,included,
1073683652328,lighting | lighting-market,lighting,新款可充电灯泡超亮停电摆夜市户外夜钓露营家用充电移动照明灯,Portable Camping Light,"Portable Camping Light. Confirm the selected model, size and included items before ordering.",CNY,5.84,0.85,https://detail.1688.com/offer/1073683652328.html,included,
1073549762822,lighting | lighting-market,lighting,新款氛围灯露营灯户外帐篷野营灯马灯户外灯超长续航照明充电灯,Portable Camping Light,"Portable Camping Light. Confirm the selected model, size and included items before ordering.",CNY,36.97,5.41,https://detail.1688.com/offer/1073549762822.html,included,
1073142994401,lighting,lighting,一体化太阳能路灯人体感应遥控光控照明灯户外道路照明家用庭院灯,Solar Street Light,"Solar Street Light. Confirm the selected model, size and included items before ordering.",CNY,19.8,2.9,https://detail.1688.com/offer/1073142994401.html,included,
1073117420340,lighting | lighting-market,lighting,工矿灯 100W厂房灯高棚灯仓库灯防水球场馆照明 200WLED飞碟灯,Industrial High Bay Light,"Industrial High Bay Light. Confirm the selected model, size and included items before ordering.",CNY,888,129.93,https://detail.1688.com/offer/1073117420340.html,included,
1073031855560,lighting | lighting-market,lighting,跨境新品平板阅读灯床头阅读灯护眼读书灯宿舍学习神器便携夹书灯,Portable Desk Lamp,"Portable Desk Lamp. Listed features: portable. Confirm the selected model, size and included items before ordering.",CNY,32,4.68,https://detail.1688.com/offer/1073031855560.html,included,
1072967994259,lighting | lighting-market,lighting,台灯护眼学习专用儿童写作业小学生充电书桌智能阅读全光谱防近视,Desk Lamp,"Desk Lamp. Confirm the selected model, size and included items before ordering.",CNY,75.9,11.11,https://detail.1688.com/offer/1072967994259.html,included,
1072803828997,lighting | lighting-market,lighting,LED飞碟灯家用照明灯省电护眼白光节能灯E27螺口高亮防水防虫吊灯,Pendant Light,"Pendant Light. Confirm the selected model, size and included items before ordering.",CNY,2,0.29,https://detail.1688.com/offer/1072803828997.html,included,
1072748136365,lighting | lighting-market,lighting,led人体感应太阳能户外投光灯智能光控室外防水超亮路灯照明路灯,Solar Street Light,"Solar Street Light. Confirm the selected model, size and included items before ordering.",CNY,123,18.0,https://detail.1688.com/offer/1072748136365.html,included,
1072654658581,lighting | lighting-market,lighting,笔筒手机收纳LED桌面台灯学生阅读写作宿舍护眼灯小夜灯跨境专供,Desk Organiser,"Desk Organiser. Confirm the selected model, size and included items before ordering.",CNY,7.3,1.07,https://detail.1688.com/offer/1072654658581.html,included,
1072528866460,lighting | lighting-market,lighting,中古风禅意复古餐厅吊灯复古茶室吧台吊灯创意个性卧室吸顶灯具,Ceiling Light,"Ceiling Light. Confirm the selected model, size and included items before ordering.",CNY,395,57.79,https://detail.1688.com/offer/1072528866460.html,included,
1072500474823,lighting | lighting-market,lighting,跨境UFO工矿灯厂房车间照明灯仓库灯防水防尘欧规超薄led工矿灯,Industrial High Bay Light,"Industrial High Bay Light. Confirm the selected model, size and included items before ordering.",CNY,151,22.09,https://detail.1688.com/offer/1072500474823.html,included,
1072352263087,lighting,lighting,中古客厅风扇灯卧室吸顶灯双层圆形餐厅隐形静音电扇吊灯风扇一体,Ceiling Light,"Ceiling Light. Confirm the selected model, size and included items before ordering.",CNY,193.06,28.25,https://detail.1688.com/offer/1072352263087.html,included,
1072272514792,lighting,lighting,迷你夹书灯护眼阅读灯学生被窝看书灯宿舍寝室小夜灯充电床上书灯,Desk Lamp,"Desk Lamp. Confirm the selected model, size and included items before ordering.",CNY,9.8,1.43,https://detail.1688.com/offer/1072272514792.html,included,
1072150761262,lighting | lighting-market,lighting,工矿灯 100W厂房灯高棚灯仓库灯防水球场馆照明 200WLED飞碟灯,Industrial High Bay Light,"Industrial High Bay Light. Confirm the selected model, size and included items before ordering.",CNY,999,146.17,https://detail.1688.com/offer/1072150761262.html,included,
1072132418056,lighting | lighting-market,lighting,白激光变焦远射手电筒四档调节带电量显示户外便携家用照明手电筒,Portable Torch,"Portable Torch. Listed features: portable. Confirm the selected model, size and included items before ordering.",CNY,5.3,0.78,https://detail.1688.com/offer/1072132418056.html,included,
1072004470489,lighting,lighting,中山水晶风扇灯一体家用吊扇轻奢高级感餐厅客厅卧室法式电扇吊灯,Pendant Light,"Pendant Light. Confirm the selected model, size and included items before ordering.",CNY,550,80.47,https://detail.1688.com/offer/1072004470489.html,included,
1071984144088,lighting | lighting-market,lighting,新中式灯具客厅灯2026年新款复式楼别墅楼梯灯中国风卧室餐厅吊灯,Pendant Light,"Pendant Light. Confirm the selected model, size and included items before ordering.",CNY,375,54.87,https://detail.1688.com/offer/1071984144088.html,included,
1071944373822,lighting | lighting-market,lighting,维修台灯工作灯放大镜灯夹式护眼灯美睫毛灯折叠放大镜高清维修灯,Foldable Desk Lamp,"Foldable Desk Lamp. Listed features: foldable. Confirm the selected model, size and included items before ordering.",CNY,13,1.9,https://detail.1688.com/offer/1071944373822.html,included,
1071890252101,lighting | lighting-market,lighting,新3W小夜灯LED插电节能灯婴儿喂奶卧室床头灯房间迷你起夜灯宿舍,Head Torch,"Head Torch. Confirm the selected model, size and included items before ordering.",CNY,3.86,0.56,https://detail.1688.com/offer/1071890252101.html,included,
1071863241992,lighting | lighting-market,lighting,摆摊夜市太阳能灯超亮led停电应急灯usb充电户外露营太阳能照明灯,Portable Camping Light,"Portable Camping Light. Confirm the selected model, size and included items before ordering.",CNY,11.7,1.71,https://detail.1688.com/offer/1071863241992.html,included,
1071802063919,lighting | lighting-market,lighting,跨境三色RGB遥控电池供电调光氛围灯无线充电式灯泡壁灯台灯光源,LED Light Bulb,"LED Light Bulb. Confirm the selected model, size and included items before ordering.",CNY,5.99,0.88,https://detail.1688.com/offer/1071802063919.html,included,
1071305490086,lighting | lighting-market,lighting,法式中古风卧室吸顶灯高级感胡桃木色侘寂风主卧房间护眼灯具工厂,Ceiling Light,"Ceiling Light. Confirm the selected model, size and included items before ordering.",CNY,389,56.92,https://detail.1688.com/offer/1071305490086.html,included,
1071200029832,lighting | lighting-market,lighting,跨境美容工作led折叠台灯超亮护眼客厅卧室简约百搭装饰落地灯,Foldable Desk Lamp,"Foldable Desk Lamp. Listed features: foldable. Confirm the selected model, size and included items before ordering.",CNY,37,5.41,https://detail.1688.com/offer/1071200029832.html,included,
1071163443491,lighting,lighting,客厅风扇灯家用餐厅客厅现代简约卧室水晶风扇吊灯大风力吊扇灯,Pendant Light,"Pendant Light. Confirm the selected model, size and included items before ordering.",CNY,620,90.72,https://detail.1688.com/offer/1071163443491.html,included,
1071098983829,lighting,lighting,跨境咖啡杯硅胶小夜灯儿童创意玩具柔光护眼卧室床头灯七彩拍拍灯,Silicone Head Torch,"Silicone Head Torch. Listed features: silicone. Confirm the selected model, size and included items before ordering.",CNY,13.7,2.0,https://detail.1688.com/offer/1071098983829.html,included,
1071066937726,lighting | lighting-market,lighting,灯泡e27螺口小球泡b22卡口节能灯泡家用超亮照明飞碟电灯光源,LED Light Bulb,"LED Light Bulb. Confirm the selected model, size and included items before ordering.",CNY,4.06,0.59,https://detail.1688.com/offer/1071066937726.html,included,
1070864334330,lighting | lighting-market,lighting,跨境LED遥控台灯护眼学习灯大学生宿舍充电台灯卧室夹式床头灯,Head Torch,"Head Torch. Confirm the selected model, size and included items before ordering.",CNY,7.7,1.13,https://detail.1688.com/offer/1070864334330.html,included,
1070826759619,lighting | lighting-market,lighting,468LED庭院太阳能灯人体感应分体壁灯户外防水高亮一体照明灯路灯,Solar Street Light,"Solar Street Light. Confirm the selected model, size and included items before ordering.",CNY,29,4.24,https://detail.1688.com/offer/1070826759619.html,included,
1070807283204,lighting | lighting-market,lighting,高亮太阳能庭院灯户外防水花园别墅分体感应壁灯人体感应照明路灯,Solar Street Light,"Solar Street Light. Confirm the selected model, size and included items before ordering.",CNY,35,5.12,https://detail.1688.com/offer/1070807283204.html,included,
1070673904184,lighting | lighting-market,lighting,led黄洞石吸顶灯楼道楼梯过道家用入户走廊灯侘寂风复古吸顶灯具,Ceiling Light,"Ceiling Light. Confirm the selected model, size and included items before ordering.",CNY,110,16.09,https://detail.1688.com/offer/1070673904184.html,included,
1070458785140,lighting | lighting-market,lighting,新款客厅灯具法式中古风后现代轻奢餐厅卧室水晶贝壳珍珠大厅吊灯,Pendant Light,"Pendant Light. Confirm the selected model, size and included items before ordering.",CNY,224,32.77,https://detail.1688.com/offer/1070458785140.html,included,
1070294924745,lighting | lighting-market,lighting,源头厂家批发一体化太阳能路灯户外庭院灯光控雷达感应照明灯IP65,Solar Street Light,"Solar Street Light. Confirm the selected model, size and included items before ordering.",CNY,70,10.24,https://detail.1688.com/offer/1070294924745.html,included,
1070272313358,lighting | lighting-market,lighting,美甲工作照明灯LED台灯长臂可折叠护眼夹子床头学习三档可调节灯,Foldable Adjustable Salon Task Lamp,"Foldable Adjustable Salon Task Lamp. Listed features: foldable, adjustable. Confirm the selected model, size and included items before ordering.",CNY,21,3.07,https://detail.1688.com/offer/1070272313358.html,included,
1070153779151,lighting | lighting-market,lighting,新款全光谱护眼大路灯国AA级儿童学习落地灯语音阅读立式台灯批发,Desk Lamp,"Desk Lamp. Confirm the selected model, size and included items before ordering.",CNY,1499,219.33,https://detail.1688.com/offer/1070153779151.html,included,
1070134967542,lighting | lighting-market,lighting,美式简约乡村客厅卧室灯饰简美田园别墅大厅餐厅灯大理石全铜吊灯,Pendant Light,"Pendant Light. Confirm the selected model, size and included items before ordering.",CNY,221,32.34,https://detail.1688.com/offer/1070134967542.html,included,
1070112840232,lighting | lighting-market,lighting,美式中古艺术轻奢玻璃吊灯酒店大堂复古法式客厅卧室创意餐厅吊灯,Pendant Light,"Pendant Light. Confirm the selected model, size and included items before ordering.",CNY,570,83.4,https://detail.1688.com/offer/1070112840232.html,included,
1070105204719,lighting | lighting-market,lighting,现货供应农村公路照明灯6米工程大功率款不生锈太阳能光控路灯,Solar Street Light,"Solar Street Light. Confirm the selected model, size and included items before ordering.",CNY,8.59,1.26,https://detail.1688.com/offer/1070105204719.html,included,
1070048026659,lighting | lighting-market,lighting,户外充电露营灯摆摊家用应急照明灯便携强光可折叠太阳能壁灯挂钩,Foldable Portable Portable Camping Light,"Foldable Portable Portable Camping Light. Listed features: foldable, portable. Confirm the selected model, size and included items before ordering.",CNY,18.5,2.71,https://detail.1688.com/offer/1070048026659.html,included,
1069959075732,lighting | lighting-market,lighting,独角兽拍拍灯小夜灯可爱卡通充电式卧室床头灯起夜灯硅胶护眼伴睡,Silicone Head Torch,"Silicone Head Torch. Listed features: silicone. Confirm the selected model, size and included items before ordering.",CNY,11.8,1.73,https://detail.1688.com/offer/1069959075732.html,included,
1069930105211,lighting | lighting-market,lighting,跨境蝾螈硅胶灯六角恐龙拍拍灯创意桌面小摆可定时台灯七彩小夜灯,Silicone Desk Lamp,"Silicone Desk Lamp. Listed features: silicone. Confirm the selected model, size and included items before ordering.",CNY,13.5,1.98,https://detail.1688.com/offer/1069930105211.html,included,
1069814864210,lighting | lighting-market,lighting,跨境新款万圣节led户外发光太阳能鬼节火焰灯装饰灯恐怖氛围灯,Decorative Light,"Decorative Light. Confirm the selected model, size and included items before ordering.",CNY,4.7,0.69,https://detail.1688.com/offer/1069814864210.html,included,
1069806004080,lighting,lighting,太阳能庭院灯阳台装饰户外防水壁灯双头洗墙灯上下发光太阳能灯,Wall Light,"Wall Light. Confirm the selected model, size and included items before ordering.",CNY,5.25,0.77,https://detail.1688.com/offer/1069806004080.html,included,
1069705023786,lighting | lighting-market,lighting,北欧卧室床头灯台灯ins少女高级感轻奢新款简约现代床头柜小夜灯,Head Torch,"Head Torch. Confirm the selected model, size and included items before ordering.",CNY,100,14.63,https://detail.1688.com/offer/1069705023786.html,included,
1069610299606,lighting | lighting-market,lighting,现代轻奢大气高档创意客厅餐厅饭厅吧台吊灯意式极简客厅水晶吊灯,Pendant Light,"Pendant Light. Confirm the selected model, size and included items before ordering.",CNY,1644.75,240.65,https://detail.1688.com/offer/1069610299606.html,included,
1069452272459,lighting | lighting-market,lighting,太阳能高亮折叠LED壁灯人体感应庭院太阳能灯户外一体化照明路灯,Foldable Solar Street Light,"Foldable Solar Street Light. Listed features: foldable. Confirm the selected model, size and included items before ordering.",CNY,25,3.66,https://detail.1688.com/offer/1069452272459.html,included,
1069341204944,lighting,lighting,LED强光手电筒超亮远射可充电多功能便携迷你学生家用应急照明灯,Portable Emergency Light,"Portable Emergency Light. Listed features: portable. Confirm the selected model, size and included items before ordering.",CNY,15.72,2.3,https://detail.1688.com/offer/1069341204944.html,included,
1069330555405,lighting | lighting-market,lighting,浴霸中间照明小灯泡LED节能灯泡浴室E27螺丝防水防爆耐高温灯泡,LED Light Bulb,"LED Light Bulb. Confirm the selected model, size and included items before ordering.",CNY,6.15,0.9,https://detail.1688.com/offer/1069330555405.html,included,
1069242382685,lighting | lighting-market,lighting,3D打印章鱼台灯定制创意礼品桌面氛围灯仿真摆件卧室DIY装饰夜灯,Desk Lamp,"Desk Lamp. Confirm the selected model, size and included items before ordering.",CNY,2.95,0.43,https://detail.1688.com/offer/1069242382685.html,included,
1069147920045,lighting | lighting-market,lighting,Dragon-shaped Bookshelf Lamp龙形书架灯悬浮龙造型书架灯,Shelving Unit,"Shelving Unit. Confirm the selected model, size and included items before ordering.",CNY,18,2.63,https://detail.1688.com/offer/1069147920045.html,included,
1069133408813,lighting | lighting-market,lighting,LED台灯USB充电 充插俩用无极调光度 三档任意切换白光暖光小夜灯,Desk Lamp,"Desk Lamp. Confirm the selected model, size and included items before ordering.",CNY,12.8,1.87,https://detail.1688.com/offer/1069133408813.html,included,
1068900723112,lighting | lighting-market,lighting,欧式客厅灯家用水晶灯具大厅别墅奢华玉石2026年新款卧室高档吊灯,Pendant Light,"Pendant Light. Confirm the selected model, size and included items before ordering.",CNY,140,20.48,https://detail.1688.com/offer/1068900723112.html,included,
1068841463118,lighting | lighting-market,lighting,国虎led投光灯超亮工地车间厂房仓库照明灯户外防水射灯足瓦铝材,Outdoor Floodlight,"Outdoor Floodlight. Confirm the selected model, size and included items before ordering.",CNY,26,3.8,https://detail.1688.com/offer/1068841463118.html,included,
1068815345922,lighting | lighting-market,lighting,跨境新手电筒伸缩变焦强光手电多光源户外便携应急照明灯,Telescopic Portable Emergency Light,"Telescopic Portable Emergency Light. Listed features: telescopic, portable. Confirm the selected model, size and included items before ordering.",CNY,4.9,0.72,https://detail.1688.com/offer/1068815345922.html,included,
1068731178886,lighting | lighting-market,lighting,跨境新款太阳能一体化路灯户外防水人体感应双雷达太阳能照明路灯,Solar Street Light,"Solar Street Light. Confirm the selected model, size and included items before ordering.",CNY,68,9.95,https://detail.1688.com/offer/1068731178886.html,included,
1068619239632,lighting,lighting,led铝材线条灯铝型材超亮办公室长条灯铝槽铝折弯灯具,Lighting Fixture,"Lighting Fixture. Confirm the selected model, size and included items before ordering.",CNY,45,6.58,https://detail.1688.com/offer/1068619239632.html,included,
1068568875654,lighting | lighting-market,lighting,学习专用护眼灯书桌LED充电式卧室台灯家用学生宿舍床头夹式灯,Desk Lamp,"Desk Lamp. Confirm the selected model, size and included items before ordering.",CNY,6,0.88,https://detail.1688.com/offer/1068568875654.html,included,
1068518576333,lighting | lighting-market,lighting,新款小夜灯可调光LED触摸台灯遥控床头灯RGB氛围灯6种图案DIY贴纸,Head Torch,"Head Torch. Confirm the selected model, size and included items before ordering.",CNY,27,3.95,https://detail.1688.com/offer/1068518576333.html,included,
1068463822174,lighting | lighting-market,lighting,充电式应急照明灯户外露营磁吸led灯摆摊地摊太阳能便携超亮野营,Portable Emergency Light,"Portable Emergency Light. Listed features: portable. Confirm the selected model, size and included items before ordering.",CNY,14.8,2.17,https://detail.1688.com/offer/1068463822174.html,included,
1068423454659,lighting,lighting,LED手电筒可充电家用儿童中老年光手电消防户外照明,Torch,"Torch. Confirm the selected model, size and included items before ordering.",CNY,8.02,1.17,https://detail.1688.com/offer/1068423454659.html,included,
1068109546239,lighting | lighting-market,lighting,复古法式中古风主灯书房南洋风卧室餐厅布艺灯罩中古实木客厅吊灯,Pendant Light,"Pendant Light. Confirm the selected model, size and included items before ordering.",CNY,563,82.38,https://detail.1688.com/offer/1068109546239.html,included,
1068101014026,lighting | lighting-market,lighting,VC玻璃吊灯现代美式餐厅客厅灯设计师法式样板房卧室全铜魔豆灯具,Pendant Light,"Pendant Light. Confirm the selected model, size and included items before ordering.",CNY,698,102.13,https://detail.1688.com/offer/1068101014026.html,included,
1068097088706,lighting | lighting-market,lighting,加工定制新农村感应路灯户外照明防水庭院灯一体化太阳能路灯厂家,Solar Street Light,"Solar Street Light. Confirm the selected model, size and included items before ordering.",CNY,29,4.24,https://detail.1688.com/offer/1068097088706.html,included,
1068019232654,lighting | lighting-market,lighting,微笑鲨多功能户外照明高亮手电筒尾部泛光可变焦红光警示轻便可充,Torch,"Torch. Confirm the selected model, size and included items before ordering.",CNY,14.9,2.18,https://detail.1688.com/offer/1068019232654.html,included,
1067964629882,lighting,lighting,led圆形明装吸顶射灯上下发光筒射现代极简客厅卧室过道防眩光灯,Recessed or Spot Light,"Recessed or Spot Light. Confirm the selected model, size and included items before ordering.",CNY,75,10.97,https://detail.1688.com/offer/1067964629882.html,included,
1067933440296,lighting | lighting-market,lighting,跨境LED台灯床头灯护眼学习USB可充电学生卧室夹子灯护眼灯学习,Head Torch,"Head Torch. Confirm the selected model, size and included items before ordering.",CNY,7,1.02,https://detail.1688.com/offer/1067933440296.html,included,
1067913123114,lighting | lighting-market,lighting,庭院户外灯农村防水大功率LED照明灯乡村道路灯分体式太阳能路灯,Solar Street Light,"Solar Street Light. Confirm the selected model, size and included items before ordering.",CNY,98,14.34,https://detail.1688.com/offer/1067913123114.html,included,
1067857906633,lighting | lighting-market,lighting,户外露营灯超长续航帐篷应急灯家用充电钓鱼照明灯摆摊夜市灯批发,Portable Camping Light,"Portable Camping Light. Confirm the selected model, size and included items before ordering.",CNY,8.8,1.29,https://detail.1688.com/offer/1067857906633.html,included,
1067811695797,lighting | lighting-market,lighting,法式中古风轻奢穆拉诺客厅吊灯复古玻璃客厅卧室餐厅商铺别墅吊灯,Pendant Light,"Pendant Light. Confirm the selected model, size and included items before ordering.",CNY,600,87.79,https://detail.1688.com/offer/1067811695797.html,included,
1067696698361,lighting | lighting-market,lighting,家用天黑院灯户外自动户外灯亮路灯农村照明庭院灯超亮室内太阳能,Outdoor Garden Light,"Outdoor Garden Light. Confirm the selected model, size and included items before ordering.",CNY,13.54,1.98,https://detail.1688.com/offer/1067696698361.html,included,
1067669715121,lighting | lighting-market,lighting,LED匹克球场灯300W偏光防眩目模组高杆户外网球场专用投射照明灯,Portable Light,"Portable Light. Confirm the selected model, size and included items before ordering.",CNY,426,62.33,https://detail.1688.com/offer/1067669715121.html,included,
1067659796622,lighting | lighting-market,lighting,学生宿舍台灯学习专用防近视护眼led灯书桌阅读灯插电充电电池,Desk Lamp,"Desk Lamp. Confirm the selected model, size and included items before ordering.",CNY,13.8,2.02,https://detail.1688.com/offer/1067659796622.html,included,
1067393106904,lighting | lighting-market,lighting,飞利浦LED 投光灯 IP65 户外防水高杆灯 体育馆足球场专用照明,Outdoor Floodlight,"Outdoor Floodlight. Confirm the selected model, size and included items before ordering.",CNY,225,32.92,https://detail.1688.com/offer/1067393106904.html,included,
1067287299637,lighting | lighting-market,lighting,超亮护眼LED球泡玉米灯节能灯家用客厅灯卧室灯白光暖光三色变光,LED Light Bulb,"LED Light Bulb. Confirm the selected model, size and included items before ordering.",CNY,2.2,0.32,https://detail.1688.com/offer/1067287299637.html,included,
1066954113919,lighting | lighting-market,lighting,浴霸中间照明灯泡led节能家用卫生间小灯泡E27通用取暖灯防水防爆,LED Light Bulb,"LED Light Bulb. Confirm the selected model, size and included items before ordering.",CNY,5.3,0.78,https://detail.1688.com/offer/1066954113919.html,included,
1066663707775,lighting | lighting-market,lighting,太阳能户外照明灯人体感应可遥控庭院太阳能灯花园防水一体化路灯,Solar Street Light,"Solar Street Light. Confirm the selected model, size and included items before ordering.",CNY,25.5,3.73,https://detail.1688.com/offer/1066663707775.html,included,
1066446571232,lighting | lighting-market,lighting,微笑鲨铝合金高亮LED手电筒车载应急照明强光破窗锤多功能便携,Portable Torch,"Portable Torch. Listed features: portable. Confirm the selected model, size and included items before ordering.",CNY,42,6.15,https://detail.1688.com/offer/1066446571232.html,included,
1066445748440,lighting | lighting-market,lighting,法式中古客厅吊灯复古vintage美式魔豆大厅主灯卧室餐厅灯具casa,Pendant Light,"Pendant Light. Confirm the selected model, size and included items before ordering.",CNY,1142.4,167.15,https://detail.1688.com/offer/1066445748440.html,included,
1066372236843,lighting | lighting-market,lighting,轻奢水晶蒲公英吊灯火花球现代卧室灯餐厅吧台售楼部前台吊线灯具,Pendant Light,"Pendant Light. Confirm the selected model, size and included items before ordering.",CNY,188,27.51,https://detail.1688.com/offer/1066372236843.html,included,
1065769896721,lighting,lighting,现代简约卧室床头小吊灯餐厅吧台创意led长条吊灯客厅背景墙装饰,Pendant Light,"Pendant Light. Confirm the selected model, size and included items before ordering.",CNY,48,7.02,https://detail.1688.com/offer/1065769896721.html,included,
1065737084740,lighting | lighting-market,lighting,LED强光头灯防水可充电远射野钓户外照明露营灯矿灯可调节头灯,Adjustable Head Torch,"Adjustable Head Torch. Listed features: adjustable. Confirm the selected model, size and included items before ordering.",CNY,24.9,3.64,https://detail.1688.com/offer/1065737084740.html,included,
1065708448926,lighting | lighting-market,lighting,led吸顶灯现代简约客厅主灯北欧创意超亮护眼卧室灯智能中山灯具,Ceiling Light,"Ceiling Light. Confirm the selected model, size and included items before ordering.",CNY,68,9.95,https://detail.1688.com/offer/1065708448926.html,included,
1065682455961,lighting | lighting-market,lighting,法式轻奢四叶草水晶客厅灯具网红创意贝壳玻璃大气主卧室餐厅吊灯,Pendant Light,"Pendant Light. Confirm the selected model, size and included items before ordering.",CNY,318,46.53,https://detail.1688.com/offer/1065682455961.html,included,
1065674883162,lighting | lighting-market,lighting,定制三头分体户外人体感应灯庭院灯防水围墙道路照明灯太阳能壁灯,Wall Light,"Wall Light. Confirm the selected model, size and included items before ordering.",CNY,39,5.71,https://detail.1688.com/offer/1065674883162.html,included,
1065597547419,lighting | lighting-market,lighting,新款COB磁吸工作灯户外手电筒长续航检修灯红光警示灯应急照明灯,Emergency Light,"Emergency Light. Confirm the selected model, size and included items before ordering.",CNY,10,1.46,https://detail.1688.com/offer/1065597547419.html,included,
1065500504213,lighting | lighting-market,lighting,新款卧室护眼小夜灯插电节能感应灯led-灯具床头婴儿儿童睡觉壁灯,Wall Light,"Wall Light. Confirm the selected model, size and included items before ordering.",CNY,1.2,0.18,https://detail.1688.com/offer/1065500504213.html,included,
1065480464481,lighting | lighting-market,lighting,LED台灯护眼学习USB可充电插电学生宿舍专用阅读灯卧室触摸床头灯,Head Torch,"Head Torch. Confirm the selected model, size and included items before ordering.",CNY,15.8,2.31,https://detail.1688.com/offer/1065480464481.html,included,
1065445929940,lighting | lighting-market,lighting,10倍高清台式放大镜带LED灯 电子维修手机焊接雕刻珠宝鉴定阅读灯,Desk Lamp,"Desk Lamp. Confirm the selected model, size and included items before ordering.",CNY,42,6.15,https://detail.1688.com/offer/1065445929940.html,included,
1065431635879,lighting,lighting,亚马逊布罩台灯现代简约客厅卧室床头灯四方麻布USB美规触控灯,Head Torch,"Head Torch. Confirm the selected model, size and included items before ordering.",CNY,48,7.02,https://detail.1688.com/offer/1065431635879.html,included,
1065428181853,lighting | lighting-market,lighting,蒲公英水晶吊灯餐厅灯简约现代卧室客厅吧台服装门店创意网红灯具,Pendant Light,"Pendant Light. Confirm the selected model, size and included items before ordering.",CNY,69,10.1,https://detail.1688.com/offer/1065428181853.html,included,
1065215798012,lighting | lighting-market,lighting,户外暖白双光高亮露营灯磁吸工作灯太阳能带电显挂钩野营照明灯,Portable Camping Light,"Portable Camping Light. Confirm the selected model, size and included items before ordering.",CNY,25,3.66,https://detail.1688.com/offer/1065215798012.html,included,
1065194858509,lighting | lighting-market,lighting,户外便携双光手电筒多功能高亮红光警示灯泛光工作维修照明,Portable Torch,"Portable Torch. Listed features: portable. Confirm the selected model, size and included items before ordering.",CNY,17,2.49,https://detail.1688.com/offer/1065194858509.html,included,
1065178853411,lighting | lighting-market,lighting,LED钻石球泡灯E27螺口防虫防潮厂房仓库户外照明高亮节能灯泡工厂,LED Light Bulb,"LED Light Bulb. Confirm the selected model, size and included items before ordering.",CNY,5,0.73,https://detail.1688.com/offer/1065178853411.html,included,
1065165684137,lighting | lighting-market,lighting,新款铝合金强光远射手电筒USB充电多档调节户外照明持久续航,Torch,"Torch. Confirm the selected model, size and included items before ordering.",CNY,10,1.46,https://detail.1688.com/offer/1065165684137.html,included,
1065152070186,lighting | lighting-market,lighting,跨境新品强光手电筒小型便携充电式户外远射家用多功能照明,Portable Torch,"Portable Torch. Listed features: portable. Confirm the selected model, size and included items before ordering.",CNY,5.5,0.8,https://detail.1688.com/offer/1065152070186.html,included,
1065140437440,lighting | lighting-market,lighting,严选跨境八爪鱼太阳能仿真监控摄像头路灯户外庭院灯人体感应照明,Solar Street Light,"Solar Street Light. Confirm the selected model, size and included items before ordering.",CNY,22,3.22,https://detail.1688.com/offer/1065140437440.html,included,
1065092600176,lighting | lighting-market,lighting,新款铝合金户外照明强光远射手电筒多档调节USB充电持久续航,Torch,"Torch. Confirm the selected model, size and included items before ordering.",CNY,10,1.46,https://detail.1688.com/offer/1065092600176.html,included,
1065090627708,lighting,lighting,吸顶摇头风扇灯静音一体电风扇灯卧室现代简约智能隐形风扇灯跨境,Electric Fan,"Electric Fan. Confirm the selected model, size and included items before ordering.",CNY,189,27.65,https://detail.1688.com/offer/1065090627708.html,included,
1065059865254,lighting | lighting-market,lighting,黄洞石布罩吊灯侘寂风餐厅吊灯高级感吧台中古床头卧室吊灯具批发,Pendant Light,"Pendant Light. Confirm the selected model, size and included items before ordering.",CNY,130,19.02,https://detail.1688.com/offer/1065059865254.html,included,
1065030240535,lighting,lighting,法式复古客厅主灯美式乡村民宿餐厅卧室珍珠链蜡烛实木中古吊灯,Pendant Light,"Pendant Light. Confirm the selected model, size and included items before ordering.",CNY,150,21.95,https://detail.1688.com/offer/1065030240535.html,included,
1065006795284,lighting | lighting-market,lighting,led户外照明灯超亮强光防水工地应急移动便携野外露营充电投光灯,Portable Outdoor Floodlight,"Portable Outdoor Floodlight. Listed features: portable. Confirm the selected model, size and included items before ordering.",CNY,54.03,7.91,https://detail.1688.com/offer/1065006795284.html,included,
1064797970623,lighting | lighting-market,lighting,主卧室灯2026新款LED吸顶灯现代简约全光谱护眼儿童房间中山311,Ceiling Light,"Ceiling Light. Confirm the selected model, size and included items before ordering.",CNY,68,9.95,https://detail.1688.com/offer/1064797970623.html,included,
1064797362069,lighting | lighting-market,lighting,微笑鲨COB侧灯三灯高亮手电筒户外露营便携照明三档调节挂钩式小,Portable Portable Camping Light,"Portable Portable Camping Light. Listed features: portable. Confirm the selected model, size and included items before ordering.",CNY,8.5,1.24,https://detail.1688.com/offer/1064797362069.html,included,
1064783011459,lighting | lighting-market,lighting,法式中古奶油美式客厅实木吊灯花苞亚克力灯罩房间卧室餐厅灯具,Pendant Light,"Pendant Light. Confirm the selected model, size and included items before ordering.",CNY,806.4,117.99,https://detail.1688.com/offer/1064783011459.html,included,
1064724694587,lighting | lighting-market,lighting,客厅灯新款led简约现代全光谱餐厅卧室无叶风扇吸顶灯中山灯具,Ceiling Light,"Ceiling Light. Confirm the selected model, size and included items before ordering.",CNY,234,34.24,https://detail.1688.com/offer/1064724694587.html,included,
1064660222189,lighting | lighting-market,lighting,蒲公英吊灯火花球现代卧室灯餐厅吧台售楼部前台吊线灯具,Pendant Light,"Pendant Light. Confirm the selected model, size and included items before ordering.",CNY,168,24.58,https://detail.1688.com/offer/1064660222189.html,included,
1064551651062,lighting | lighting-market,lighting,太阳能充电感应100灯庭院墙壁四面发光人体壁灯户外LED灯IP65防水,Wall Light,"Wall Light. Confirm the selected model, size and included items before ordering.",CNY,6.5,0.95,https://detail.1688.com/offer/1064551651062.html,included,
1064521670151,lighting | lighting-market,lighting,太阳能露营灯帐篷手提充电户外野营照明多功能强光家用挂灯,Portable Camping Light,"Portable Camping Light. Confirm the selected model, size and included items before ordering.",CNY,9.5,1.39,https://detail.1688.com/offer/1064521670151.html,included,
1064203756389,lighting | lighting-market,lighting,飞利浦中低天棚LED灯泡E27超亮节能灯大功率工厂厂房车间照明球泡,LED Light Bulb,"LED Light Bulb. Confirm the selected model, size and included items before ordering.",CNY,8,1.17,https://detail.1688.com/offer/1064203756389.html,included,
1064139462715,lighting | lighting-market,lighting,充电触摸开关氛围灯宿舍卧室床头台灯中古风蘑菇台灯厂家定制现货,Desk Lamp,"Desk Lamp. Confirm the selected model, size and included items before ordering.",CNY,28,4.1,https://detail.1688.com/offer/1064139462715.html,included,
1064130455302,lighting,lighting,意式轻奢水晶吊灯客厅灯2026新款现代简约大气卧室灯法式餐厅灯具,Pendant Light,"Pendant Light. Confirm the selected model, size and included items before ordering.",CNY,559,81.79,https://detail.1688.com/offer/1064130455302.html,included,
1064023055506,lighting | lighting-market,lighting,台灯学习护眼插电款led双头护眼灯学习专用台灯高亮床头阅读灯,Desk Lamp,"Desk Lamp. Confirm the selected model, size and included items before ordering.",CNY,46,6.73,https://detail.1688.com/offer/1064023055506.html,included,
1064009865287,lighting | lighting-market,lighting,跨境太阳能路灯户外公园人体感应遥控庭院照明灯户外壁灯防水路灯,Solar Street Light,"Solar Street Light. Confirm the selected model, size and included items before ordering.",CNY,28,4.1,https://detail.1688.com/offer/1064009865287.html,included,
1063938354515,lighting | lighting-market,lighting,新款铝合金强光远射手电筒USB充电多档调节户外照明持久续航,Torch,"Torch. Confirm the selected model, size and included items before ordering.",CNY,10,1.46,https://detail.1688.com/offer/1063938354515.html,included,
1063912466998,lighting | lighting-market,lighting,亚麻布罩客厅落地灯 三色调光带遥控器 现代客厅卧室角落立式台灯,Desk Lamp,"Desk Lamp. Confirm the selected model, size and included items before ordering.",CNY,59,8.63,https://detail.1688.com/offer/1063912466998.html,included,
1063731961716,lighting,lighting,孟菲斯彩色儿童房风扇灯奶油风智能全光谱吊扇灯护眼卧室灯具casa,Lighting Fixture,"Lighting Fixture. Confirm the selected model, size and included items before ordering.",CNY,578,84.57,https://detail.1688.com/offer/1063731961716.html,included,
1063676864626,lighting | lighting-market,lighting,太阳能人体感应灯户外庭院路灯照明家用花园防水室外节能led壁灯,Solar Street Light,"Solar Street Light. Confirm the selected model, size and included items before ordering.",CNY,6,0.88,https://detail.1688.com/offer/1063676864626.html,included,
1063616024185,lighting,lighting,北欧新款风扇灯家用变频静音隐形风扇灯卧室吸顶风扇灯中山灯具,Lighting Fixture,"Lighting Fixture. Confirm the selected model, size and included items before ordering.",CNY,20.96,3.07,https://detail.1688.com/offer/1063616024185.html,included,
1063530384827,lighting | lighting-market,lighting,法式简约创意饭厅布艺吊灯奶油风餐桌书房灯浪漫主卧网纱花瓣灯具,Pendant Light,"Pendant Light. Confirm the selected model, size and included items before ordering.",CNY,168,24.58,https://detail.1688.com/offer/1063530384827.html,included,
1063358799236,lighting,lighting,插电护眼led护眼灯台灯学习书桌宿舍学生儿童台式无频办公阅读,Desk Lamp,"Desk Lamp. Confirm the selected model, size and included items before ordering.",CNY,14.54,2.13,https://detail.1688.com/offer/1063358799236.html,included,
1063314029540,lighting,lighting,智能语音护眼台灯学习专用全光谱学生宿舍书桌面写作业阅读防近视,Desk Lamp,"Desk Lamp. Confirm the selected model, size and included items before ordering.",CNY,69,10.1,https://detail.1688.com/offer/1063314029540.html,included,
1063269739688,lighting,lighting,奶油风生日礼物高级感台灯柜氛围灯结婚喜创意温馨小夜灯陪嫁台灯,Desk Lamp,"Desk Lamp. Confirm the selected model, size and included items before ordering.",CNY,48.74,7.13,https://detail.1688.com/offer/1063269739688.html,included,
1063025037774,lighting,lighting,户外照明多功能手电筒点烟器磁吸笔夹便携COB灯充电持久续航,Portable Torch,"Portable Torch. Listed features: portable. Confirm the selected model, size and included items before ordering.",CNY,6,0.88,https://detail.1688.com/offer/1063025037774.html,included,
1062908249403,lighting,lighting,户外led投光灯防水广告射树灯庭院照明灯工程景观灯七彩照树灯厂,Outdoor Floodlight,"Outdoor Floodlight. Confirm the selected model, size and included items before ordering.",CNY,58,8.49,https://detail.1688.com/offer/1062908249403.html,included,
1062842089014,lighting,lighting,跨境家用客厅吸顶风扇灯具餐厅卧室简约吊扇灯LED变频一体风扇灯,Lighting Fixture,"Lighting Fixture. Confirm the selected model, size and included items before ordering.",CNY,139,20.34,https://detail.1688.com/offer/1062842089014.html,included,
1062795045686,lighting,lighting,手绘海洋布艺小台灯 USB充电儿童房氛围台创意书桌阅读床头小夜灯,Desk Lamp,"Desk Lamp. Confirm the selected model, size and included items before ordering.",CNY,21.9,3.2,https://detail.1688.com/offer/1062795045686.html,included,
1062728211818,lighting,lighting,球泡照明LED灯泡家用E271螺口超亮护眼家用商用大功率节能灯批发,LED Light Bulb,"LED Light Bulb. Confirm the selected model, size and included items before ordering.",CNY,2.48,0.36,https://detail.1688.com/offer/1062728211818.html,included,
1062660417440,lighting,lighting,现货磁吸感应小夜灯宿舍夜用卧室台灯睡眠充电床头护眼按键小夜灯,Desk Lamp,"Desk Lamp. Confirm the selected model, size and included items before ordering.",CNY,2.45,0.36,https://detail.1688.com/offer/1062660417440.html,included,
1062457740206,lighting,lighting,意式极简全铜客厅灯具现代简约北欧设计师高端餐厅吧台办公室吊灯,Pendant Light,"Pendant Light. Confirm the selected model, size and included items before ordering.",CNY,825,120.71,https://detail.1688.com/offer/1062457740206.html,included,
1062433895669,lighting,lighting,客厅灯2026新款灯具现代简约大气LED全屋组合套餐几何大厅吸顶灯,Ceiling Light,"Ceiling Light. Confirm the selected model, size and included items before ordering.",CNY,127.6,18.67,https://detail.1688.com/offer/1062433895669.html,included,
1062408904516,lighting,lighting,小艾语音台灯护眼学习专用防近视学生书桌宿舍床头带USB插座,Desk Lamp,"Desk Lamp. Confirm the selected model, size and included items before ordering.",CNY,39.05,5.71,https://detail.1688.com/offer/1062408904516.html,included,
1062401645298,lighting,lighting,跨境新品咖啡杯硅胶小夜灯拍拍灯卧室儿童护眼床头灯七彩氛围灯灯,Silicone Head Torch,"Silicone Head Torch. Listed features: silicone. Confirm the selected model, size and included items before ordering.",CNY,13.7,2.0,https://detail.1688.com/offer/1062401645298.html,included,
1062250112090,lighting,lighting,led护眼台灯学生学习专用酷毙灯宿舍床头灯充电阅读灯卧室小夜灯,Head Torch,"Head Torch. Confirm the selected model, size and included items before ordering.",CNY,5.8,0.85,https://detail.1688.com/offer/1062250112090.html,included,
1062225488397,lighting,lighting,圆形学生学习宿舍台灯小夜灯充电可挂钩磁吸宿舍灯床头灯露营灯,Head Torch,"Head Torch. Confirm the selected model, size and included items before ordering.",CNY,6.3,0.92,https://detail.1688.com/offer/1062225488397.html,included,
1062174610943,lighting,lighting,意大利卧室床头天然轻奢石吊灯客厅民宿酒店餐厅吧台吊灯具中古风,Pendant Light,"Pendant Light. Confirm the selected model, size and included items before ordering.",CNY,288,42.14,https://detail.1688.com/offer/1062174610943.html,included,
1062114485554,lighting,lighting,太阳能露营灯多功能手提充电马灯户外帐篷家用野营强光照明挂灯,Portable Camping Light,"Portable Camping Light. Confirm the selected model, size and included items before ordering.",CNY,9.5,1.39,https://detail.1688.com/offer/1062114485554.html,included,
1061978591455,lighting,lighting,太阳能马灯多功能野营灯帐篷灯工作灯户外应急照明灯便携式露营灯,Portable Portable Camping Light,"Portable Portable Camping Light. Listed features: portable. Confirm the selected model, size and included items before ordering.",CNY,7.5,1.1,https://detail.1688.com/offer/1061978591455.html,included,
1061962999423,lighting,lighting,大功率led灯泡车间厂房仓库照明e27螺口工程高瓦数超亮大球泡高亮,LED Light Bulb,"LED Light Bulb. Confirm the selected model, size and included items before ordering.",CNY,5.2,0.76,https://detail.1688.com/offer/1061962999423.html,included,
1061844422510,lighting,lighting,跨境升降飞碟单头餐厅吊灯复古源头工厂吧台灯具个性卧室小吊灯,Desk Lamp,"Desk Lamp. Confirm the selected model, size and included items before ordering.",CNY,65,9.51,https://detail.1688.com/offer/1061844422510.html,included,
1061413270578,lighting,lighting,跨境足球硅胶小夜灯拍拍灯柔光护眼卧室床头灯创意玩具七彩氛围灯,Silicone Head Torch,"Silicone Head Torch. Listed features: silicone. Confirm the selected model, size and included items before ordering.",CNY,11.5,1.68,https://detail.1688.com/offer/1061413270578.html,included,
1061346077780,lighting,lighting,充电地摊灯带支架超亮照明灯夜市灯摆摊神器户外露营超长续航防水,LED Light Strip,"LED Light Strip. Confirm the selected model, size and included items before ordering.",CNY,21,3.07,https://detail.1688.com/offer/1061346077780.html,included,
1061235749992,lighting,lighting,led超薄面板灯暗装圆形方形筒灯嵌入式led天花筒灯面板灯大平板灯,LED Panel Light,"LED Panel Light. Confirm the selected model, size and included items before ordering.",CNY,3.2,0.47,https://detail.1688.com/offer/1061235749992.html,included,
1061229695485,lighting,lighting,微笑鲨户外高亮露营灯摆摊灯轻便挂绳充电持久续航防水照明灯,Portable Camping Light,"Portable Camping Light. Confirm the selected model, size and included items before ordering.",CNY,8.5,1.24,https://detail.1688.com/offer/1061229695485.html,included,
1061079100123,lighting,lighting,灯泡家用简易插座插头开关线护眼灯床头灯小夜灯宿舍卧室照明灯,Head Torch,"Head Torch. Confirm the selected model, size and included items before ordering.",CNY,7.92,1.16,https://detail.1688.com/offer/1061079100123.html,included,
1061044432347,lighting,lighting,台灯手电筒两用学生手电筒折叠翻盖强光远射携带家用应急灯可充电,Foldable Desk Lamp,"Foldable Desk Lamp. Listed features: foldable. Confirm the selected model, size and included items before ordering.",CNY,16.9,2.47,https://detail.1688.com/offer/1061044432347.html,included,
1061035702906,lighting,lighting,跨境鸭小夜灯卧室柔光睡眠床头灯灯婴儿护眼伴睡礼物充电款拍拍灯,Head Torch,"Head Torch. Confirm the selected model, size and included items before ordering.",CNY,12.3,1.8,https://detail.1688.com/offer/1061035702906.html,included,
1060882609704,lighting,lighting,大功率LED塑包铝球泡灯E27螺口无频闪家用工厂照明节能灯泡批发,LED Light Bulb,"LED Light Bulb. Confirm the selected model, size and included items before ordering.",CNY,1.04,0.15,https://detail.1688.com/offer/1060882609704.html,included,
1060865347578,lighting,lighting,跨境卡通小汽车布艺台灯 卧室氛围灯 装饰床头台灯送儿童创意台灯,Desk Lamp,"Desk Lamp. Confirm the selected model, size and included items before ordering.",CNY,21.9,3.2,https://detail.1688.com/offer/1060865347578.html,included,
1060788358472,lighting,lighting,后备尾箱照明汽车自动感应灯强磁车顶灯车内车载led阅读灯免接线,Desk Lamp,"Desk Lamp. Confirm the selected model, size and included items before ordering.",CNY,11.8,1.73,https://detail.1688.com/offer/1060788358472.html,included,
1060712410166,lighting,lighting,工厂批发球泡螺口节能灯led灯泡 超亮无频闪中山灯具商用照明灯泡,LED Light Bulb,"LED Light Bulb. Confirm the selected model, size and included items before ordering.",CNY,3.5,0.51,https://detail.1688.com/offer/1060712410166.html,included,
1060705149088,lighting,lighting,厂家LED柱形灯泡筒灯吊灯光源E27螺口防水防尘防蚊虫照明球泡灯,LED Light Bulb,"LED Light Bulb. Confirm the selected model, size and included items before ordering.",CNY,2.49,0.36,https://detail.1688.com/offer/1060705149088.html,included,
1060568560320,lighting,lighting,led飞碟灯跨境大功率家用照明e27螺口三防飞碟灯泡护眼节能灯批发,LED Light Bulb,"LED Light Bulb. Confirm the selected model, size and included items before ordering.",CNY,1.23,0.18,https://detail.1688.com/offer/1060568560320.html,included,
1060348546300,lighting,lighting,多功能迷你工作灯随身挂灯便携LED照明灯钥匙扣可爱公仔礼品灯户,Portable Work Light,"Portable Work Light. Listed features: portable. Confirm the selected model, size and included items before ordering.",CNY,5.9,0.86,https://detail.1688.com/offer/1060348546300.html,included,
1060281177965,lighting,lighting,5号干电池手电筒台灯护眼宿舍通用创意照明新款灯便携式迷你超亮,Portable Desk Lamp,"Portable Desk Lamp. Listed features: portable. Confirm the selected model, size and included items before ordering.",CNY,1.8,0.26,https://detail.1688.com/offer/1060281177965.html,included,
1060131951613,lighting,lighting,跨境小蘑菇硅胶小夜灯拍拍灯柔光护眼卧室床头灯七彩氛围灯台灯灯,Silicone Head Torch,"Silicone Head Torch. Listed features: silicone. Confirm the selected model, size and included items before ordering.",CNY,11.5,1.68,https://detail.1688.com/offer/1060131951613.html,included,
1060125012748,lighting,lighting,滑块开关充电智能感应灯人体感应即亮延时楼梯橱柜柔光起夜照明灯,Motion Sensor Light,"Motion Sensor Light. Confirm the selected model, size and included items before ordering.",CNY,3.7,0.54,https://detail.1688.com/offer/1060125012748.html,included,
1060056729400,lighting,lighting,夜市摆摊灯地摊装饰灯超亮桌面夹子支撑架户外led应急充电照明灯,Portable Market Light,"Portable Market Light. Confirm the selected model, size and included items before ordering.",CNY,3.67,0.54,https://detail.1688.com/offer/1060056729400.html,included,
1059950067993,lighting,lighting,跨境花鸭硅胶小夜灯拍拍灯柔光护眼卧室灯床头灯七彩氛围灯台灯灯,Silicone Head Torch,"Silicone Head Torch. Listed features: silicone. Confirm the selected model, size and included items before ordering.",CNY,11.7,1.71,https://detail.1688.com/offer/1059950067993.html,included,
1059838341642,lighting,lighting,亚马逊无火可升降香薰融蜡灯实木香薰蜡烛灯融烛卧室氛围定时台灯,Desk Lamp,"Desk Lamp. Confirm the selected model, size and included items before ordering.",CNY,42,6.15,https://detail.1688.com/offer/1059838341642.html,included,
1059771731758,lighting,lighting,太阳能庭院壁灯家用户外人体感应壁灯家用照明LED三面太阳能壁灯,Wall Light,"Wall Light. Confirm the selected model, size and included items before ordering.",CNY,9.5,1.39,https://detail.1688.com/offer/1059771731758.html,included,
1059715606523,lighting,lighting,跨境新款太阳能一体化户外路灯人体感应广角照明防水太阳能照明灯,Solar Street Light,"Solar Street Light. Confirm the selected model, size and included items before ordering.",CNY,42.8,6.26,https://detail.1688.com/offer/1059715606523.html,included,
1059530693878,lighting,lighting,户外照明灯COB超亮磁吸吸附带挂钩汽修灯多种光源应急维修工作灯,Work Light,"Work Light. Confirm the selected model, size and included items before ordering.",CNY,20,2.93,https://detail.1688.com/offer/1059530693878.html,included,
1059420200385,lighting,lighting,LED充电磁吸酷毙灯台灯学习护眼专用灯宿舍大学生书桌壁挂阅读灯,Desk Lamp,"Desk Lamp. Confirm the selected model, size and included items before ordering.",CNY,19.5,2.85,https://detail.1688.com/offer/1059420200385.html,included,
1059400404137,lighting,lighting,雷士照明t5灯管LED灯管一体化灯支架灯T8全套1.2米日光灯管灯带,LED Tube Light,"LED Tube Light. Confirm the selected model, size and included items before ordering.",CNY,1.2,0.18,https://detail.1688.com/offer/1059400404137.html,included,
1059252907115,lighting,lighting,意式轻奢客厅灯大厅主灯简约高级感餐厅灯复古风卧室柿子氛围灯具,Decorative Light,"Decorative Light. Confirm the selected model, size and included items before ordering.",CNY,495,72.43,https://detail.1688.com/offer/1059252907115.html,included,
1059248553107,lighting,lighting,【批发】led工矿灯工厂房车间仓库高顶灯 200W大功率超亮天棚吊灯,Industrial High Bay Light,"Industrial High Bay Light. Confirm the selected model, size and included items before ordering.",CNY,35,5.12,https://detail.1688.com/offer/1059248553107.html,included,
1059135501287,lighting,lighting,家用户外带开关线节能灯泡e27螺口悬挂式超亮led照明灯带插头插座,LED Light Bulb,"LED Light Bulb. Confirm the selected model, size and included items before ordering.",CNY,6.9,1.01,https://detail.1688.com/offer/1059135501287.html,included,
1058887852212,lighting,lighting,简约吸顶灯客厅大厅主灯全光谱护眼中古风卧室灯全屋中山家装灯饰,Ceiling Light,"Ceiling Light. Confirm the selected model, size and included items before ordering.",CNY,160,23.41,https://detail.1688.com/offer/1058887852212.html,included,
1058811828715,lighting,lighting,跨境新款太阳能路灯人体感应家用户外太阳能壁灯家用庭院太阳能灯,Solar Street Light,"Solar Street Light. Confirm the selected model, size and included items before ordering.",CNY,35,5.12,https://detail.1688.com/offer/1058811828715.html,included,
1058807848912,lighting,lighting,亚马逊原木客厅卧室无烟香薰灯融蜡灯蜡烛台灯可定时调光融烛灯,Desk Lamp,"Desk Lamp. Confirm the selected model, size and included items before ordering.",CNY,36,5.27,https://detail.1688.com/offer/1058807848912.html,included,
1058807650095,lighting,lighting,全铜法式中古风客厅吊灯新款美式复古轻奢高级感别墅餐厅卧室灯具,Pendant Light,"Pendant Light. Confirm the selected model, size and included items before ordering.",CNY,388,56.77,https://detail.1688.com/offer/1058807650095.html,included,
1058740941170,lighting,lighting,迷你led12V小射灯1w瓦开孔2.8公分2.8cm28mm嵌入式酒柜灯牛眼筒灯,Recessed or Spot Light,"Recessed or Spot Light. Confirm the selected model, size and included items before ordering.",CNY,4.99,0.73,https://detail.1688.com/offer/1058740941170.html,included,
1058549616748,lighting,lighting,磁吸充电LED露营灯 超长续航防水应急灯 户外摆摊夜市照明灯批发,Portable Camping Light,"Portable Camping Light. Confirm the selected model, size and included items before ordering.",CNY,16.5,2.41,https://detail.1688.com/offer/1058549616748.html,included,
1058266404061,lighting,lighting,跨境小型超薄静音吸顶风扇灯卧室书房电扇灯具变频遥控隐形风扇灯,Lighting Fixture,"Lighting Fixture. Confirm the selected model, size and included items before ordering.",CNY,120,17.56,https://detail.1688.com/offer/1058266404061.html,included,
1058217985782,lighting,lighting,匠百年led灯泡e27螺口A泡节能灯泡9瓦12瓦15瓦超亮家用照明球泡灯,LED Light Bulb,"LED Light Bulb. Confirm the selected model, size and included items before ordering.",CNY,2.99,0.44,https://detail.1688.com/offer/1058217985782.html,included,
1058067928997,lighting,lighting,充电触摸小夜灯卧室拍拍床头灯照明灯婴儿夜光喂奶护眼氛围台灯,Head Torch,"Head Torch. Confirm the selected model, size and included items before ordering.",CNY,4.5,0.66,https://detail.1688.com/offer/1058067928997.html,included,
1057943046126,lighting,lighting,现代简约风扇灯护眼静音家用客厅设计卧室吸顶灯具极简隐形风扇灯,Ceiling Light,"Ceiling Light. Confirm the selected model, size and included items before ordering.",CNY,195,28.53,https://detail.1688.com/offer/1057943046126.html,included,
1057888789250,lighting,lighting,新款太阳能户外防水投光灯LED照明庭院灯大功率室外投光灯路灯,Solar Street Light,"Solar Street Light. Confirm the selected model, size and included items before ordering.",CNY,71,10.39,https://detail.1688.com/offer/1057888789250.html,included,
1057786193764,lighting,lighting,跨境智能感应灯免打孔充电式RGB猫眼氛围射灯中山灯具壁灯批发,Recessed or Spot Light,"Recessed or Spot Light. Confirm the selected model, size and included items before ordering.",CNY,7,1.02,https://detail.1688.com/offer/1057786193764.html,included,
1057720689842,lighting,lighting,露营灯户外马灯营地野营灯摆摊灯充电照明帐篷灯夜市摆摊氛围灯,Portable Camping Light,"Portable Camping Light. Confirm the selected model, size and included items before ordering.",CNY,14,2.05,https://detail.1688.com/offer/1057720689842.html,included,
1057696557424,lighting,lighting,跨境猫咪小夜灯硅胶拍拍灯护眼台灯卧室灯氛围感夜灯充电款氛围灯,Silicone Desk Lamp,"Silicone Desk Lamp. Listed features: silicone. Confirm the selected model, size and included items before ordering.",CNY,35,5.12,https://detail.1688.com/offer/1057696557424.html,included,
1057521212239,lighting,lighting,简约风餐厅吊灯锤纹玻璃单头美规E26厨房岛台UL认证悬挂装饰灯具,Pendant Light,"Pendant Light. Confirm the selected model, size and included items before ordering.",CNY,136.5,19.97,https://detail.1688.com/offer/1057521212239.html,included,
1057444720108,lighting,lighting,孟菲斯中古彩过道灯奶油风2025新款卧室灯创意阳台玄关吸顶灯casa,Ceiling Light,"Ceiling Light. Confirm the selected model, size and included items before ordering.",CNY,198.36,29.02,https://detail.1688.com/offer/1057444720108.html,included,
1057355556594,lighting,lighting,大学生宿舍好用LED护眼台灯学习寝室书桌USB磁吸长条阅读酷毙灯管,Desk Lamp,"Desk Lamp. Confirm the selected model, size and included items before ordering.",CNY,5.96,0.87,https://detail.1688.com/offer/1057355556594.html,included,
1057295853225,lighting,lighting,跨境批发亚克力小夜灯定制桌面氛围灯实木发光摆件插电小夜灯充电,Night Light,"Night Light. Confirm the selected model, size and included items before ordering.",CNY,13.8,2.02,https://detail.1688.com/offer/1057295853225.html,included,
1057277350514,lighting,lighting,太阳能户外露营灯长续航野营帐篷天幕氛围挂式led充电应急照明灯,Portable Camping Light,"Portable Camping Light. Confirm the selected model, size and included items before ordering.",CNY,28,4.1,https://detail.1688.com/offer/1057277350514.html,included,
1057264369432,lighting,lighting,爆款网红迷你学生宿舍护眼学习灯可爱小夜灯台灯氛围灯儿童礼物,Desk Lamp,"Desk Lamp. Confirm the selected model, size and included items before ordering.",CNY,2.3,0.34,https://detail.1688.com/offer/1057264369432.html,included,
1057246600546,lighting,lighting,太阳能投光灯人体感应庭院照明灯室内户外防雨防雷爆亮大功率灯,Outdoor Floodlight,"Outdoor Floodlight. Confirm the selected model, size and included items before ordering.",CNY,81.5,11.92,https://detail.1688.com/offer/1057246600546.html,included,
1057078061912,lighting,lighting,LED护眼E27大螺口节能超亮无频闪恒流塑包铝大功率球泡灯厂家批发,LED Light Bulb,"LED Light Bulb. Confirm the selected model, size and included items before ordering.",CNY,0.49,0.07,https://detail.1688.com/offer/1057078061912.html,included,
1056873577202,lighting,lighting,跨境led护眼台灯四折叠夹子灯桌面电脑屏幕办公阅读灯,Foldable Desk Lamp,"Foldable Desk Lamp. Listed features: foldable. Confirm the selected model, size and included items before ordering.",CNY,39,5.71,https://detail.1688.com/offer/1056873577202.html,included,
1056828251977,lighting,lighting,带线开关灯头高富帅球泡灯超亮节能led灯泡e27螺口白光照明灯批发,LED Light Bulb,"LED Light Bulb. Confirm the selected model, size and included items before ordering.",CNY,4.5,0.66,https://detail.1688.com/offer/1056828251977.html,included,
1056452371773,lighting,lighting,简约跨境吸顶风扇灯客厅餐厅卧室家用风扇灯英语离线语音中山灯具,Lighting Fixture,"Lighting Fixture. Confirm the selected model, size and included items before ordering.",CNY,108,15.8,https://detail.1688.com/offer/1056452371773.html,included,
1056387724015,lighting,lighting,新款户外工作灯磁吸多功能强光手电筒红光警示聚泛双光夹帽灯可充,Clip-On Light,"Clip-On Light. Confirm the selected model, size and included items before ordering.",CNY,5.5,0.8,https://detail.1688.com/offer/1056387724015.html,included,
1056201311746,lighting,lighting,香氛融蜡灯北欧无火香薰灯蜡烛灯具床头台灯卧室氛围灯融烛灯台灯,Desk Lamp,"Desk Lamp. Confirm the selected model, size and included items before ordering.",CNY,33,4.83,https://detail.1688.com/offer/1056201311746.html,included,
1056156975714,lighting,lighting,led磁吸酷毙灯学生学习护眼台灯遥控充电插电两用宿舍灯厂家批发,Desk Lamp,"Desk Lamp. Confirm the selected model, size and included items before ordering.",CNY,9.9,1.45,https://detail.1688.com/offer/1056156975714.html,included,
1056124273221,lighting,lighting,北欧玻璃球吊灯客厅餐厅卧室极简设计师黑金十字魔豆分子民宿灯具,Pendant Light,"Pendant Light. Confirm the selected model, size and included items before ordering.",CNY,75,10.97,https://detail.1688.com/offer/1056124273221.html,included,
1056060056559,lighting,lighting,小夜灯卧室按键睡眠充电学生宿舍护眼床头灯床上宿舍长条酷毙夜灯,Head Torch,"Head Torch. Confirm the selected model, size and included items before ordering.",CNY,2.25,0.33,https://detail.1688.com/offer/1056060056559.html,included,
1055774963988,lighting,lighting,阅读台灯学习专用护眼书桌学生写作业宿舍插电床头灯带插座小台风,Head Torch,"Head Torch. Confirm the selected model, size and included items before ordering.",CNY,23.8,3.48,https://detail.1688.com/offer/1055774963988.html,included,
1055706088045,lighting,lighting,人体感应筒灯led灯高亮无频闪低耗能家用客厅嵌入式照明灯灯具,Recessed or Spot Light,"Recessed or Spot Light. Confirm the selected model, size and included items before ordering.",CNY,11,1.61,https://detail.1688.com/offer/1055706088045.html,included,
1055568623455,lighting,lighting,跨境魔方卡露营灯超长续航led照明灯户外野营便携充电磁吸工作灯,Portable Portable Camping Light,"Portable Portable Camping Light. Listed features: portable. Confirm the selected model, size and included items before ordering.",CNY,38,5.56,https://detail.1688.com/offer/1055568623455.html,included,
1055452798943,lighting,lighting,led灯泡卧室超亮照明直插小夜灯床头灯壁灯插座式插电带开关灯泡,Head Torch,"Head Torch. Confirm the selected model, size and included items before ordering.",CNY,2.7,0.4,https://detail.1688.com/offer/1055452798943.html,included,
1055416796884,lighting,lighting,LED灯泡家用E27螺口节能6500K超亮室内仓库球泡护眼大功率照明灯,LED Light Bulb,"LED Light Bulb. Confirm the selected model, size and included items before ordering.",CNY,1.58,0.23,https://detail.1688.com/offer/1055416796884.html,included,
1055221195674,lighting,lighting,fsl佛山照明LED灯泡E14小螺口尖泡蜡烛拉尾灯泡6.5W水晶灯批发,LED Light Bulb,"LED Light Bulb. Confirm the selected model, size and included items before ordering.",CNY,3.6,0.53,https://detail.1688.com/offer/1055221195674.html,included,
1055155727638,lighting,lighting,侘寂风布艺吊灯复古卧室餐厅法式中古客厅主灯设计师创意书房灯具,Pendant Light,"Pendant Light. Confirm the selected model, size and included items before ordering.",CNY,268,39.21,https://detail.1688.com/offer/1055155727638.html,included,
1055089523251,lighting,lighting,雷士照明无线人体感应小夜灯人来即亮家用过道走廊卧室睡眠充电灯,Night Light,"Night Light. Confirm the selected model, size and included items before ordering.",CNY,9.9,1.45,https://detail.1688.com/offer/1055089523251.html,included,
1055031947321,lighting,lighting,四核手电筒强光LED充电十万流明爆亮大功率户外多功能照明远射灯,Recessed or Spot Light,"Recessed or Spot Light. Confirm the selected model, size and included items before ordering.",CNY,6.5,0.95,https://detail.1688.com/offer/1055031947321.html,included,
1055010825342,lighting,lighting,法式中古vintage包豪斯客厅吊灯复古实木北欧主卧室餐厅书房灯具,Pendant Light,"Pendant Light. Confirm the selected model, size and included items before ordering.",CNY,185,27.07,https://detail.1688.com/offer/1055010825342.html,included,
1054831408691,lighting,lighting,新款铝合金紫光手电筒395nm玉石鉴定验钞防伪烟酒检测照明专用工,Torch,"Torch. Confirm the selected model, size and included items before ordering.",CNY,3.5,0.51,https://detail.1688.com/offer/1054831408691.html,included,
1054825088166,lighting,lighting,户外伸缩变焦远射高亮USB充电便携式迷你手电筒强光远射照明工具,Telescopic Portable Torch,"Telescopic Portable Torch. Listed features: telescopic, portable. Confirm the selected model, size and included items before ordering.",CNY,3.7,0.54,https://detail.1688.com/offer/1054825088166.html,included,
1054776917796,lighting,lighting,家居玄关水晶吸顶灯简约卧室过道走廊小阳台房间灯具水晶餐厅灯具,Ceiling Light,"Ceiling Light. Confirm the selected model, size and included items before ordering.",CNY,68,9.95,https://detail.1688.com/offer/1054776917796.html,included,
1054679046609,lighting,lighting,跨境强光手电筒白激光户外远射多功能伸缩变焦塑料手电尾部照明,Plastic Telescopic Torch,"Plastic Telescopic Torch. Listed features: plastic, telescopic. Confirm the selected model, size and included items before ordering.",CNY,9.3,1.36,https://detail.1688.com/offer/1054679046609.html,included,
1054675883345,lighting,lighting,跨境隐形风扇灯卧室吸顶一体风扇灯 静音轻奢高级感电风扇灯外贸,Electric Fan,"Electric Fan. Confirm the selected model, size and included items before ordering.",CNY,140,20.48,https://detail.1688.com/offer/1054675883345.html,included,
1054648871628,lighting,lighting,太阳能人体感应灯户外庭院路灯照明家用花园防水室外节能led壁灯,Solar Street Light,"Solar Street Light. Confirm the selected model, size and included items before ordering.",CNY,6.5,0.95,https://detail.1688.com/offer/1054648871628.html,included,
1054534610197,lighting,lighting,跨境新款太阳能路灯大功率工程款道路庭院一体化太阳能人体感应灯,Solar Street Light,"Solar Street Light. Confirm the selected model, size and included items before ordering.",CNY,112,16.39,https://detail.1688.com/offer/1054534610197.html,included,
1054453876967,lighting,lighting,LED灯泡超亮飞碟灯家用E27螺口节能灯厂房车间照明光源白光球泡,LED Light Bulb,"LED Light Bulb. Confirm the selected model, size and included items before ordering.",CNY,1.4,0.2,https://detail.1688.com/offer/1054453876967.html,included,
1054364932731,lighting,lighting,意式复古罗马柱落地灯客厅沙发旁边轻奢卧室中古高级感床头台灯,Desk Lamp,"Desk Lamp. Confirm the selected model, size and included items before ordering.",CNY,73.93,10.82,https://detail.1688.com/offer/1054364932731.html,included,
1054175724067,lighting,lighting,人体感应灯人来即亮磁吸小夜灯走廊过道充电氛围灯卧室夜灯床头灯,Head Torch,"Head Torch. Confirm the selected model, size and included items before ordering.",CNY,6.7,0.98,https://detail.1688.com/offer/1054175724067.html,included,
1053934337541,lighting,lighting,新款铝合金395nm紫光手电筒玉石鉴定验钞防伪烟酒检测照明专用,Torch,"Torch. Confirm the selected model, size and included items before ordering.",CNY,3.5,0.51,https://detail.1688.com/offer/1053934337541.html,included,
1053927805426,lighting,lighting,紫光美甲手持一字灯便携迷你紫光手电筒两档定时聚光数显美甲灯,Portable Torch,"Portable Torch. Listed features: portable. Confirm the selected model, size and included items before ordering.",CNY,3.5,0.51,https://detail.1688.com/offer/1053927805426.html,included,
1053858577924,lighting,lighting,中古风氛围感木纹冰凝吸顶灯复古简约创意卧室灯法式轻奢客厅灯具,Ceiling Light,"Ceiling Light. Confirm the selected model, size and included items before ordering.",CNY,218,31.9,https://detail.1688.com/offer/1053858577924.html,included,
1053850494467,lighting,lighting,跨境台灯简约现代电商款装饰台灯充电台灯金属质感氛围灯创意台灯,Desk Lamp,"Desk Lamp. Confirm the selected model, size and included items before ordering.",CNY,28,4.1,https://detail.1688.com/offer/1053850494467.html,included,
1053838951957,lighting,lighting,太阳能防水感应灯家用智能庭院灯氛围阳台灯院子花园露营照明马灯,Portable Camping Light,"Portable Camping Light. Confirm the selected model, size and included items before ordering.",CNY,17.5,2.56,https://detail.1688.com/offer/1053838951957.html,included,
1053828655724,lighting,lighting,户外露营灯超长续航太阳能超亮帐篷磁吸氛围灯摆摊夜市充电照明灯,Portable Camping Light,"Portable Camping Light. Confirm the selected model, size and included items before ordering.",CNY,11,1.61,https://detail.1688.com/offer/1053828655724.html,included,
1053812197848,lighting,lighting,跨境拍拍灯台灯装饰发光氛围灯床头伴睡灯星星月亮云朵硅胶小夜灯,Silicone Desk Lamp,"Silicone Desk Lamp. Listed features: silicone. Confirm the selected model, size and included items before ordering.",CNY,8.5,1.24,https://detail.1688.com/offer/1053812197848.html,included,
1053699749099,lighting,lighting,风扇灯隐形吊扇客厅卧室餐厅吊灯家用静音变频一体电扇灯具,Pendant Light,"Pendant Light. Confirm the selected model, size and included items before ordering.",CNY,101.88,14.91,https://detail.1688.com/offer/1053699749099.html,included,
1053682849159,lighting,lighting,轻奢水晶过道灯进门灯走廊玄关简约阳台灯现代创意入户小吸顶灯具,Desk Lamp,"Desk Lamp. Confirm the selected model, size and included items before ordering.",CNY,31.28,4.58,https://detail.1688.com/offer/1053682849159.html,included,
1053667284630,lighting,lighting,法式轻奢黄铜水晶台灯美式复古卧室床头灯温馨浪漫书房装饰氛围灯,Head Torch,"Head Torch. Confirm the selected model, size and included items before ordering.",CNY,59.6,8.72,https://detail.1688.com/offer/1053667284630.html,included,
1053429612817,lighting,lighting,全光谱led灯泡家用超亮节能灯大功率护眼E27螺口高亮照明飞碟灯,LED Light Bulb,"LED Light Bulb. Confirm the selected model, size and included items before ordering.",CNY,7.2,1.05,https://detail.1688.com/offer/1053429612817.html,included,
1053421912508,lighting,lighting,源头厂家直销太阳能分体壁灯LED三头高亮人体感应人来即亮庭院灯,Wall Light,"Wall Light. Confirm the selected model, size and included items before ordering.",CNY,38,5.56,https://detail.1688.com/offer/1053421912508.html,included,
1053314724751,lighting,lighting,客厅无主灯射灯胡桃木明装背景墙轨道灯卧室衣帽间走廊新中式灯具,Recessed or Spot Light,"Recessed or Spot Light. Confirm the selected model, size and included items before ordering.",CNY,43,6.29,https://detail.1688.com/offer/1053314724751.html,included,
1053277102510,lighting,lighting,夜市摆摊灯地摊装饰灯超亮桌面夹子支撑架户外led应急充电照明灯,Portable Market Light,"Portable Market Light. Confirm the selected model, size and included items before ordering.",CNY,3.74,0.55,https://detail.1688.com/offer/1053277102510.html,included,
1053157247415,lighting,lighting,跨境户外新款太阳能充电野营灯led照明灯家用应急摆摊夜市地摊灯,Portable Camping Light,"Portable Camping Light. Confirm the selected model, size and included items before ordering.",CNY,12,1.76,https://detail.1688.com/offer/1053157247415.html,included,
1053071676988,lighting,lighting,新款户外露营马灯复古氛围照明柔光便携手提帐篷野营挂钩灯饰,Portable Portable Camping Light,"Portable Portable Camping Light. Listed features: portable. Confirm the selected model, size and included items before ordering.",CNY,11,1.61,https://detail.1688.com/offer/1053071676988.html,included,
1052891746070,lighting,lighting,大功率工厂照明工矿灯暖光室内三防飞碟led工矿专业级餐饮照明灯,Industrial High Bay Light,"Industrial High Bay Light. Confirm the selected model, size and included items before ordering.",CNY,12.56,1.84,https://detail.1688.com/offer/1052891746070.html,included,
1052877668859,lighting,lighting,法式奶油风云朵吸顶灯全光谱护眼奶豆儿童灯胡桃木色复古主卧灯具,Ceiling Light,"Ceiling Light. Confirm the selected model, size and included items before ordering.",CNY,192,28.09,https://detail.1688.com/offer/1052877668859.html,included,
1052772075995,lighting,lighting,led充电灯户外长条露营灯帐篷灯磁吸便携式照明灯摆摊地摊夜市灯,Portable Portable Camping Light,"Portable Portable Camping Light. Listed features: portable. Confirm the selected model, size and included items before ordering.",CNY,7.7,1.13,https://detail.1688.com/offer/1052772075995.html,included,
1052755928087,lighting,lighting,跨境积木床头柜马赛克创意实用小礼物摆件充电小夜灯学生护眼台灯,Desk Lamp,"Desk Lamp. Confirm the selected model, size and included items before ordering.",CNY,9.2,1.35,https://detail.1688.com/offer/1052755928087.html,included,
1052561691673,lighting,lighting,艺术北欧简约创意个性花瓣叶子吊灯现代个性客厅餐厅书房卧室灯具,Pendant Light,"Pendant Light. Confirm the selected model, size and included items before ordering.",CNY,1537,224.89,https://detail.1688.com/offer/1052561691673.html,included,
1052535837188,lighting,lighting,led灯泡工厂车间大功率e27螺口超亮家用照明飞碟灯白光光源,LED Light Bulb,"LED Light Bulb. Confirm the selected model, size and included items before ordering.",CNY,1.69,0.25,https://detail.1688.com/offer/1052535837188.html,included,
1052523667765,lighting,lighting,露营灯摆摊灯夜市摆地摊灯充电led户外应急照明灯便携野营,Portable Portable Camping Light,"Portable Portable Camping Light. Listed features: portable. Confirm the selected model, size and included items before ordering.",CNY,6.8,0.99,https://detail.1688.com/offer/1052523667765.html,included,
1052486672650,lighting,lighting,跨境现代简约工字侧发光台灯金属轻奢小夜灯酒吧卧室吧台氛围灯,Desk Lamp,"Desk Lamp. Confirm the selected model, size and included items before ordering.",CNY,14.99,2.19,https://detail.1688.com/offer/1052486672650.html,included,
1052478534541,lighting,lighting,小红帽落地灯客厅沙发旁边高级感轻奢落地氛围灯卧室网红落地台灯,Desk Lamp,"Desk Lamp. Confirm the selected model, size and included items before ordering.",CNY,42.83,6.27,https://detail.1688.com/offer/1052478534541.html,included,
1052476201304,lighting,lighting,新批发节能led灯泡球泡灯家用客厅e27螺口超亮恒流护眼厂房照明灯,LED Light Bulb,"LED Light Bulb. Confirm the selected model, size and included items before ordering.",CNY,0.5,0.07,https://detail.1688.com/offer/1052476201304.html,included,
1052466213433,lighting,lighting,法式中古风客厅吊灯美式复古卧室餐厅别墅大气蜡烛水晶灯具casagd,Pendant Light,"Pendant Light. Confirm the selected model, size and included items before ordering.",CNY,598,87.5,https://detail.1688.com/offer/1052466213433.html,included,
1052377770165,lighting,lighting,轻奢大气客厅主灯大厅led吸顶灯简约现代感豪华成套全屋灯具,Ceiling Light,"Ceiling Light. Confirm the selected model, size and included items before ordering.",CNY,195.7,28.63,https://detail.1688.com/offer/1052377770165.html,included,
1052345698679,lighting,lighting,遥控插电小夜灯插座式床头卧室睡眠婴儿喂奶宝宝月子柔光护眼台灯,Desk Lamp,"Desk Lamp. Confirm the selected model, size and included items before ordering.",CNY,22.67,3.32,https://detail.1688.com/offer/1052345698679.html,included,
1052335893743,lighting,lighting,餐厅吊灯长形饭厅圆形树枝简约大气法式轻奢别墅豪华客厅水晶灯具,Pendant Light,"Pendant Light. Confirm the selected model, size and included items before ordering.",CNY,225,32.92,https://detail.1688.com/offer/1052335893743.html,included,
1052320065310,lighting,lighting,跨境爆款蜜蜂硅胶灯可充电卧室伴睡定时熄灯床头灯柔光护眼小夜灯,Silicone Head Torch,"Silicone Head Torch. Listed features: silicone. Confirm the selected model, size and included items before ordering.",CNY,13.5,1.98,https://detail.1688.com/offer/1052320065310.html,included,
1052281246149,lighting,lighting,充电小台灯护眼学习学生宿舍书桌面卧室床头灯阅读led灯厂家批发,Head Torch,"Head Torch. Confirm the selected model, size and included items before ordering.",CNY,10.8,1.58,https://detail.1688.com/offer/1052281246149.html,included,
1052273164509,lighting,lighting,日式侘寂风吊灯拉菲草手工编织民宿客厅灯复古藤艺设计师灯具casa,Pendant Light,"Pendant Light. Confirm the selected model, size and included items before ordering.",CNY,424,62.04,https://detail.1688.com/offer/1052273164509.html,included,
1052267397047,lighting,lighting,厂家批发led太阳能灯6米新农村超亮庭院灯市政道路太阳能照明路灯,Solar Street Light,"Solar Street Light. Confirm the selected model, size and included items before ordering.",CNY,119,17.41,https://detail.1688.com/offer/1052267397047.html,included,
1052254616777,lighting,lighting,法式花朵玻璃客厅灯温馨珍珠轻奢浪漫主卧室灯高级感新款餐厅吊灯,Pendant Light,"Pendant Light. Confirm the selected model, size and included items before ordering.",CNY,488,71.4,https://detail.1688.com/offer/1052254616777.html,included,
1052220244423,lighting,lighting,客厅钓鱼灯落地灯沙发边几摆件北欧设计感轻奢卧室床头柜一体台灯,Desk Lamp,"Desk Lamp. Confirm the selected model, size and included items before ordering.",CNY,272,39.8,https://detail.1688.com/offer/1052220244423.html,included,
1052178041290,lighting,lighting,氙气强光手电筒户外照明远射聚光大功率USB充电长续航便携,Portable Torch,"Portable Torch. Listed features: portable. Confirm the selected model, size and included items before ordering.",CNY,39,5.71,https://detail.1688.com/offer/1052178041290.html,included,
1052141957016,lighting,lighting,中古风全光谱卧室灯静音摇头风扇灯金箔花朵男孩女孩儿童房风扇灯,Electric Fan,"Electric Fan. Confirm the selected model, size and included items before ordering.",CNY,329,48.14,https://detail.1688.com/offer/1052141957016.html,included,
1052111822776,lighting,lighting,手电筒强光充电超亮家用户外小型便携式迷你变焦远射登山照明灯,Portable Torch,"Portable Torch. Listed features: portable. Confirm the selected model, size and included items before ordering.",CNY,24.9,3.64,https://detail.1688.com/offer/1052111822776.html,included,
1052089773831,lighting,lighting,雷士照明护眼台灯宿舍书桌酷毙灯阅读写字作业儿童充电护眼灯,Desk Lamp,"Desk Lamp. Confirm the selected model, size and included items before ordering.",CNY,48,7.02,https://detail.1688.com/offer/1052089773831.html,included,
1052057812723,lighting,lighting,全光谱卧室智能静音风扇灯吊灯一体原木风现代简约餐厅吊扇灯casa,Pendant Light,"Pendant Light. Confirm the selected model, size and included items before ordering.",CNY,475.2,69.53,https://detail.1688.com/offer/1052057812723.html,included,
1051984588152,lighting,lighting,集成吊顶600x600厨房卫浴面板灯办公室led批发工程灯30x30平板灯,LED Panel Light,"LED Panel Light. Confirm the selected model, size and included items before ordering.",CNY,9.98,1.46,https://detail.1688.com/offer/1051984588152.html,included,
1051973510701,lighting,lighting,跨境新款人体感应充电壁灯磁吸小夜灯射灯卧室氛围灯夜灯床头灯,Head Torch,"Head Torch. Confirm the selected model, size and included items before ordering.",CNY,9.9,1.45,https://detail.1688.com/offer/1051973510701.html,included,
1051793699847,lighting,lighting,led吸顶灯家用全光谱节能护眼卧室灯餐厅灯超薄防蚊虫灯具,Ceiling Light,"Ceiling Light. Confirm the selected model, size and included items before ordering.",CNY,29.68,4.34,https://detail.1688.com/offer/1051793699847.html,included,
1051748891934,lighting,lighting,新款户外照明迷你强光工作钥匙扣灯笔夹设计高亮度夹帽灯USB快速,Clip-On Light,"Clip-On Light. Confirm the selected model, size and included items before ordering.",CNY,5.5,0.8,https://detail.1688.com/offer/1051748891934.html,included,
1051745997804,lighting,lighting,紫光美甲手持灯便携迷你紫光手电筒两档定时聚光数显美甲光疗灯,Portable Torch,"Portable Torch. Listed features: portable. Confirm the selected model, size and included items before ordering.",CNY,3.5,0.51,https://detail.1688.com/offer/1051745997804.html,included,
1051742833784,lighting,lighting,紫光美甲手持一字灯便携迷你紫光手电筒两档定时聚光数显美甲灯,Portable Torch,"Portable Torch. Listed features: portable. Confirm the selected model, size and included items before ordering.",CNY,3.5,0.51,https://detail.1688.com/offer/1051742833784.html,included,
1051705583661,lighting,lighting,草裙落地灯客厅灯北欧风卧室沙发旁边氛围灯奶油网红ins立式台灯,Desk Lamp,"Desk Lamp. Confirm the selected model, size and included items before ordering.",CNY,41.43,6.06,https://detail.1688.com/offer/1051705583661.html,included,
1051650740310,lighting,lighting,led筒灯嵌入式75mm孔灯75公分孔加厚客厅卧室灯2.5寸3.5寸4寸6寸,Recessed or Spot Light,"Recessed or Spot Light. Confirm the selected model, size and included items before ordering.",CNY,3.5,0.51,https://detail.1688.com/offer/1051650740310.html,included,
1051635186773,lighting,lighting,铝合金395nm紫光手电筒玉石鉴定防伪验钞烟酒检测照明工具新款专,Torch,"Torch. Confirm the selected model, size and included items before ordering.",CNY,3.5,0.51,https://detail.1688.com/offer/1051635186773.html,included,
1051560965878,lighting,lighting,太阳能照树灯户外两用射灯景观庭院草坪灯超亮防水花园别墅照明灯,Recessed or Spot Light,"Recessed or Spot Light. Confirm the selected model, size and included items before ordering.",CNY,8.5,1.24,https://detail.1688.com/offer/1051560965878.html,included,
1051491905158,lighting,lighting,led户外照明灯投光灯室外防水照树探照射灯彩光庭院工厂广告灯,Outdoor Floodlight,"Outdoor Floodlight. Confirm the selected model, size and included items before ordering.",CNY,19,2.78,https://detail.1688.com/offer/1051491905158.html,included,
1089491992283,lighting,lighting,法式轻奢水晶吊灯宫廷风客厅灯复古奶油风卧室餐厅灯创意蜡烛吊灯,Pendant Light,"Pendant Light. Confirm the selected model, size and included items before ordering.",CNY,349.6,51.15,https://detail.1688.com/offer/1089491992283.html,included,
1089429952566,lighting | lighting-market,lighting,法式奶油风灯轻奢客厅吊灯创意餐厅灯卧室灯吊灯新款灯具,Pendant Light,"Pendant Light. Confirm the selected model, size and included items before ordering.",CNY,135.24,19.79,https://detail.1688.com/offer/1089429952566.html,included,
1088439016080,lighting | lighting-market | furniture-lighting,lighting,法式水晶吊灯轻奢客厅灯2026新款奶油风珍珠餐厅卧室灯公主房间灯,Pendant Light,"Pendant Light. Confirm the selected model, size and included items before ordering.",CNY,366,53.55,https://detail.1688.com/offer/1088439016080.html,included,
1088420949480,lighting | lighting-market | furniture-lighting,lighting,法式花瓣吊灯卧室灯温馨浪漫大气高级感珍珠链条灯具奶油风餐厅灯,Pendant Light,"Pendant Light. Confirm the selected model, size and included items before ordering.",CNY,592.8,86.74,https://detail.1688.com/offer/1088420949480.html,included,
1088348401028,lighting | lighting-market | furniture-lighting,lighting,意大利设计创意卧室吊灯后现代魔豆分子餐厅灯服装店儿童房泡泡灯,Pendant Light,"Pendant Light. Confirm the selected model, size and included items before ordering.",CNY,490,71.69,https://detail.1688.com/offer/1088348401028.html,included,
1087793937289,lighting | lighting-market | furniture-lighting,lighting,侘寂风云朵吊灯创意服装店客厅餐厅灯奶油风民宿别墅现代吧台灯具,Desk Lamp,"Desk Lamp. Confirm the selected model, size and included items before ordering.",CNY,29.9,4.37,https://detail.1688.com/offer/1087793937289.html,included,
1087757573330,lighting | lighting-market | furniture-lighting,lighting,卧室床头小吊灯法式玄关吊灯高级装饰流苏水晶灯中山源头工厂,Pendant Light,"Pendant Light. Confirm the selected model, size and included items before ordering.",CNY,233.2,34.12,https://detail.1688.com/offer/1087757573330.html,included,
1087723337738,lighting | lighting-market | furniture-lighting,lighting,美式蜡烛水晶吊灯 全光谱护眼法式宫廷卧室餐厅客厅全铜轻奢灯具,Pendant Light,"Pendant Light. Confirm the selected model, size and included items before ordering.",CNY,505,73.89,https://detail.1688.com/offer/1087723337738.html,included,
1087496140276,lighting | lighting-market | furniture-lighting,lighting,法式复古吊灯黑色水晶客厅主灯轻奢大气高级美式餐厅卧室房间灯具,Pendant Light,"Pendant Light. Confirm the selected model, size and included items before ordering.",CNY,325,47.55,https://detail.1688.com/offer/1087496140276.html,included,
1087475296839,lighting | lighting-market | furniture-lighting,lighting,Murano穆拉诺玻璃客厅主灯复古设计师餐厅卧室吊灯中古风飞碟吊灯,Pendant Light,"Pendant Light. Confirm the selected model, size and included items before ordering.",CNY,814,119.1,https://detail.1688.com/offer/1087475296839.html,included,
1087468149508,lighting | lighting-market | furniture-lighting,lighting,法式复古轻奢水晶玻璃小吊灯过道玄关床头阳台走廊衣帽间美式灯具,Pendant Light,"Pendant Light. Confirm the selected model, size and included items before ordering.",CNY,119,17.41,https://detail.1688.com/offer/1087468149508.html,included,
1087465613458,lighting | lighting-market | furniture-lighting,lighting,法式中古风客厅餐厅卧室吊灯新中式主灯宋代美学新款复古实木灯具,Pendant Light,"Pendant Light. Confirm the selected model, size and included items before ordering.",CNY,255,37.31,https://detail.1688.com/offer/1087465613458.html,included,
1087461929173,lighting | lighting-market | furniture-lighting,lighting,法式复古轻奢水晶玻璃小吊灯过道玄关床头阳台走廊衣帽间美式灯具,Pendant Light,"Pendant Light. Confirm the selected model, size and included items before ordering.",CNY,117,17.12,https://detail.1688.com/offer/1087461929173.html,included,
1087190956374,lighting | lighting-market | furniture-lighting,lighting,法式吊灯中古奶油风客厅主灯现代轻奢餐厅吊灯温馨卧室房间灯具,Pendant Light,"Pendant Light. Confirm the selected model, size and included items before ordering.",CNY,598,87.5,https://detail.1688.com/offer/1087190956374.html,included,
1087060945825,lighting | lighting-market | furniture-lighting,lighting,跨境北欧简约卧室床头洞石吊灯轻奢设计师小吊灯创意吧台餐厅灯具,Pendant Light,"Pendant Light. Confirm the selected model, size and included items before ordering.",CNY,158,23.12,https://detail.1688.com/offer/1087060945825.html,included,
1086808112848,lighting | lighting-market | furniture-lighting,lighting,Murano穆拉诺中古客厅吊灯餐厅灯具法式轻奢高级感公主房卧室主灯,Pendant Light,"Pendant Light. Confirm the selected model, size and included items before ordering.",CNY,618,90.42,https://detail.1688.com/offer/1086808112848.html,included,
1086773441872,lighting | lighting-market | furniture-lighting,lighting,现代轻奢天然蚕丝吊灯别墅复式大堂创意吊灯组合非标工程定制灯具,Pendant Light,"Pendant Light. Confirm the selected model, size and included items before ordering.",CNY,166,24.29,https://detail.1688.com/offer/1086773441872.html,included,
1086701297606,lighting | lighting-market | furniture-lighting,lighting,法式轻奢水晶吊灯客厅树枝灯2026新款高级感卧室餐厅设计师款灯具,Pendant Light,"Pendant Light. Confirm the selected model, size and included items before ordering.",CNY,857,125.39,https://detail.1688.com/offer/1086701297606.html,included,
1086660934463,lighting | lighting-market | furniture-lighting,lighting,美式田园法式复古餐厅水晶吊灯中古床头衣帽间过道玄关黄铜灯具,Pendant Light,"Pendant Light. Confirm the selected model, size and included items before ordering.",CNY,308,45.07,https://detail.1688.com/offer/1086660934463.html,included,
1086635496859,lighting | lighting-market | furniture-lighting,lighting,法式中古奶油风餐厅吊灯2025新款复古艺术吧台花苞单头卧室床头灯,Head Torch,"Head Torch. Confirm the selected model, size and included items before ordering.",CNY,137,20.05,https://detail.1688.com/offer/1086635496859.html,included,
1086579084034,lighting | lighting-market | furniture-lighting,lighting,法式粉色浪漫玻璃圆片吊灯卧室书房艺术灯具中古MURANO复古餐厅灯,Pendant Light,"Pendant Light. Confirm the selected model, size and included items before ordering.",CNY,1029,150.56,https://detail.1688.com/offer/1086579084034.html,included,
1084176295203,lighting | lighting-market,lighting,跨境宋式美学长方形客厅吸顶灯艺术卧室灯全光谱护眼中山新中式灯,Ceiling Light,"Ceiling Light. Confirm the selected model, size and included items before ordering.",CNY,175,25.61,https://detail.1688.com/offer/1084176295203.html,included,
1074887878696,lighting | lighting-market,lighting,跨境超薄户外防水超亮led投光灯 室外照明射灯 宽压小苹果泛光灯,Outdoor Floodlight,"Outdoor Floodlight. Confirm the selected model, size and included items before ordering.",CNY,7.8,1.14,https://detail.1688.com/offer/1074887878696.html,included,
1072453634429,lighting | lighting-market,lighting,包豪斯太空星球吊灯客厅卧室中古space灯具主卧高级感奶油魔豆灯,Pendant Light,"Pendant Light. Confirm the selected model, size and included items before ordering.",CNY,199,29.12,https://detail.1688.com/offer/1072453634429.html,included,
1072290637066,lighting,lighting,放大镜带灯夹子台灯环形纹绣灯维修工作灯软管放大镜台灯夹子灯,Desk Lamp,"Desk Lamp. Confirm the selected model, size and included items before ordering.",CNY,13,1.9,https://detail.1688.com/offer/1072290637066.html,included,
1071118118667,lighting,lighting,法式中古客厅吊扇灯美式复古玻璃电扇灯护眼卧室静音一体吊扇灯具,Lighting Fixture,"Lighting Fixture. Confirm the selected model, size and included items before ordering.",CNY,780,114.13,https://detail.1688.com/offer/1071118118667.html,included,
1056775555321,lighting,lighting,全光谱隐形风扇灯变频静音餐厅吊扇灯现代简约led吸顶卧室电扇灯,Electric Fan,"Electric Fan. Confirm the selected model, size and included items before ordering.",CNY,139,20.34,https://detail.1688.com/offer/1056775555321.html,included,
1055417234219,lighting,lighting,大学生宿舍好用LED护眼台灯学习寝室书桌USB磁吸长条阅读酷毙灯管,Desk Lamp,"Desk Lamp. Confirm the selected model, size and included items before ordering.",CNY,5.45,0.8,https://detail.1688.com/offer/1055417234219.html,included,
1054549844854,lighting,lighting,合众赢吸顶灯led现代北欧新款大气长方形客厅灯卧室灯具超薄灯饰,Ceiling Light,"Ceiling Light. Confirm the selected model, size and included items before ordering.",CNY,18,2.63,https://detail.1688.com/offer/1054549844854.html,included,
1051387034296,lighting,lighting,轻奢水晶卧室灯LED圆形吸顶灯餐厅房间现代简约跨境主卧灯具,Ceiling Light,"Ceiling Light. Confirm the selected model, size and included items before ordering.",CNY,370,54.14,https://detail.1688.com/offer/1051387034296.html,included,
1051281202142,lighting,lighting,300x600卫生间集成吊顶灯厨房照明30x30铝扣板led平板灯厕所吸顶,LED Panel Light,"LED Panel Light. Confirm the selected model, size and included items before ordering.",CNY,9.48,1.39,https://detail.1688.com/offer/1051281202142.html,included,
1051257887432,lighting,lighting,跨境人体感应壁灯磁吸氛围灯卧室USB充电小夜灯led感应夜灯床头灯,Head Torch,"Head Torch. Confirm the selected model, size and included items before ordering.",CNY,9.6,1.4,https://detail.1688.com/offer/1051257887432.html,included,
1051229993043,lighting,lighting,新款户外LED强光手电筒可充电便携多功能点烟器工地露营家用照明,Portable Portable Camping Light,"Portable Portable Camping Light. Listed features: portable. Confirm the selected model, size and included items before ordering.",CNY,6,0.88,https://detail.1688.com/offer/1051229993043.html,included,
1051135633963,lighting,lighting,vintage法式中古风餐厅吊灯美式复古高级感餐桌吧台蛋壳灯casagd,Pendant Light,"Pendant Light. Confirm the selected model, size and included items before ordering.",CNY,644.4,94.29,https://detail.1688.com/offer/1051135633963.html,included,
1051007266937,lighting,lighting,变焦远射手电筒四档调节带电显示便携强光手电筒户外照明,Portable Torch,"Portable Torch. Listed features: portable. Confirm the selected model, size and included items before ordering.",CNY,5.3,0.78,https://detail.1688.com/offer/1051007266937.html,included,
1050988996603,lighting,lighting,太阳能露营灯壳充电户外超长续航帐篷家用应急灯野营充电式照明灯,Portable Camping Light,"Portable Camping Light. Confirm the selected model, size and included items before ordering.",CNY,5.2,0.76,https://detail.1688.com/offer/1050988996603.html,included,
1050803431020,lighting,lighting,全光谱护眼4000k中性光灯泡led超高亮节能照明e27螺口飞碟灯吊灯,LED Light Bulb,"LED Light Bulb. Confirm the selected model, size and included items before ordering.",CNY,7.2,1.05,https://detail.1688.com/offer/1050803431020.html,included,
1050803121460,lighting,lighting,浴霸中间的照明led灯老式灯暖E27螺口小灯泡卫生间浴室取暖灯光源,LED Light Bulb,"LED Light Bulb. Confirm the selected model, size and included items before ordering.",CNY,5.4,0.79,https://detail.1688.com/offer/1050803121460.html,included,
1050744573478,lighting,lighting,M33夜钓2026新手电筒强光可充电超亮户外应急照明灯激光灯续航超,Emergency Light,"Emergency Light. Confirm the selected model, size and included items before ordering.",CNY,7.8,1.14,https://detail.1688.com/offer/1050744573478.html,included,
674077328182,lighting-market,lighting,户外灯塔露营灯 户外照明LED灯营地氛围灯应急手电筒,Portable Camping Light,"Portable Camping Light. Confirm the selected model, size and included items before ordering.",CNY,8.5,1.24,https://detail.1688.com/offer/674077328182.html,included,
903019923004,lighting-market,lighting,太阳能灯户外庭院灯高杆路灯家用照明led农村院子壁灯超亮投光灯,Solar Street Light,"Solar Street Light. Confirm the selected model, size and included items before ordering.",CNY,105,15.36,https://detail.1688.com/offer/903019923004.html,included,
854851562414,lighting-market,lighting,亚明照明led球泡灯e27大螺口20W30W50W水晶灯吊灯吸顶灯照明灯,Ceiling Light,"Ceiling Light. Confirm the selected model, size and included items before ordering.",CNY,1.65,0.24,https://detail.1688.com/offer/854851562414.html,included,
1075158226543,lighting-market,lighting,高亮度LED应急充电灯泡E27螺口夜市摆摊悬挂家用停电照明球泡灯,LED Light Bulb,"LED Light Bulb. Confirm the selected model, size and included items before ordering.",CNY,5.59,0.82,https://detail.1688.com/offer/1075158226543.html,included,
671526926588,lighting-market,lighting,工程专用 风光互补太阳能路灯6米市政照明户外风力发电太阳能灯,Solar Street Light,"Solar Street Light. Confirm the selected model, size and included items before ordering.",CNY,830,121.44,https://detail.1688.com/offer/671526926588.html,included,
964386610333,lighting-market,lighting,东南亚跨境外贸新款户外太阳能路灯 工程照明高杆灯路灯批发,Solar Street Light,"Solar Street Light. Confirm the selected model, size and included items before ordering.",CNY,148,21.65,https://detail.1688.com/offer/964386610333.html,included,
981228832495,lighting-market,lighting,应急灯家用超长续航充电停电太阳能户外备用照明手提马灯露营挂灯,Emergency Light,"Emergency Light. Confirm the selected model, size and included items before ordering.",CNY,16.58,2.43,https://detail.1688.com/offer/981228832495.html,included,
953365002079,lighting-market,lighting,户外充电太阳能投光灯工程夜市照明灯跨境灯野营灯露营灯双强光,Portable Market Light,"Portable Market Light. Confirm the selected model, size and included items before ordering.",CNY,13,1.9,https://detail.1688.com/offer/953365002079.html,included,
924368449957,lighting-market,lighting,太阳能灯户外庭院灯高杆路灯照明led农村院子壁灯投光灯太阳能板,Solar Street Light,"Solar Street Light. Confirm the selected model, size and included items before ordering.",CNY,55,8.05,https://detail.1688.com/offer/924368449957.html,included,
932500066756,lighting-market,lighting,摆摊灯led夜市照明灯摆摊夜市灯不插电户外充电灯长续航跨境灯,Portable Market Light,"Portable Market Light. Confirm the selected model, size and included items before ordering.",CNY,3,0.44,https://detail.1688.com/offer/932500066756.html,included,
984579827668,lighting-market,lighting,亚明LED投光灯户外防水防雷工地车间广告道路高亮照明射灯50W150W,Outdoor Floodlight,"Outdoor Floodlight. Confirm the selected model, size and included items before ordering.",CNY,12.8,1.87,https://detail.1688.com/offer/984579827668.html,included,
754826971599,lighting-market,lighting,led投光灯户外防水广告招牌投射灯加厚铝材照树灯足瓦高亮照明灯,Outdoor Floodlight,"Outdoor Floodlight. Confirm the selected model, size and included items before ordering.",CNY,28.5,4.17,https://detail.1688.com/offer/754826971599.html,included,
970882157176,lighting-market,lighting,太阳能足球灯长续航夜市摆摊灯户外可折叠帐篷露营灯应急照明灯,Foldable Portable Camping Light,"Foldable Portable Camping Light. Listed features: foldable. Confirm the selected model, size and included items before ordering.",CNY,13,1.9,https://detail.1688.com/offer/970882157176.html,included,
1047098643659,lighting-market,lighting,充电照明灯户外强光超长续航露营灯家用停电应急灯摆摊灯夜市灯,Portable Market Light,"Portable Market Light. Confirm the selected model, size and included items before ordering.",CNY,15.3,2.24,https://detail.1688.com/offer/1047098643659.html,included,
955669223635,lighting-market,lighting,夜市摆地摊LED灯充电式直播补光灯移动户外照明停电应急露营灯,Video Fill Light,"Video Fill Light. Confirm the selected model, size and included items before ordering.",CNY,29,4.24,https://detail.1688.com/offer/955669223635.html,included,
1048893612426,lighting-market,lighting,led充电帐篷灯户外露营灯便携超长续航应急照明夜市摆摊灯地摊灯,Portable Portable Camping Light,"Portable Portable Camping Light. Listed features: portable. Confirm the selected model, size and included items before ordering.",CNY,13,1.9,https://detail.1688.com/offer/1048893612426.html,included,
902059779602,lighting-market,lighting,太阳能灯家用LED爆亮充电灯户外灯便携露营地摊照明免安装可移动,Portable Portable Camping Light,"Portable Portable Camping Light. Listed features: portable. Confirm the selected model, size and included items before ordering.",CNY,29,4.24,https://detail.1688.com/offer/902059779602.html,included,
954761243456,lighting-market,lighting,usb充电灯泡应急照明灯 家用挂钩款夜市摆摊灯户外高亮LED露营灯,Portable Market Light,"Portable Market Light. Confirm the selected model, size and included items before ordering.",CNY,4.6,0.67,https://detail.1688.com/offer/954761243456.html,included,
760965695194,lighting-market,lighting,跨境工厂高品质太阳能路灯 高亮户外照明庭院灯新农村大功率路灯,Solar Street Light,"Solar Street Light. Confirm the selected model, size and included items before ordering.",CNY,198,28.97,https://detail.1688.com/offer/760965695194.html,included,
964146792597,lighting-market,lighting,太阳能户外灯庭院路灯超亮大功率照明灯农村院子智能光控太阳能灯,Solar Street Light,"Solar Street Light. Confirm the selected model, size and included items before ordering.",CNY,106,15.51,https://detail.1688.com/offer/964146792597.html,included,
1013725089952,lighting-market,lighting,球场车间仓库工业工厂线条工矿灯厂房照明灯条形长条线性工矿灯,Industrial High Bay Light,"Industrial High Bay Light. Confirm the selected model, size and included items before ordering.",CNY,65,9.51,https://detail.1688.com/offer/1013725089952.html,included,
933925273165,lighting-market,lighting,太阳能一体化超亮路灯LED庭院灯户外防水人体感应照明灯含支架,Solar Street Light,"Solar Street Light. Confirm the selected model, size and included items before ordering.",CNY,86,12.58,https://detail.1688.com/offer/933925273165.html,included,
935454101953,lighting-market,lighting,太阳能风扇灯露营灯多功能户外超强续航可充电帐篷灯应急灯野营灯,Camping Light,"Camping Light. Confirm the selected model, size and included items before ordering.",CNY,36,5.27,https://detail.1688.com/offer/935454101953.html,included,
773711442820,lighting-market,lighting,户外体育球场投光灯防水高杆灯鳍片模组led大功率隧道广场投射灯,Outdoor Floodlight,"Outdoor Floodlight. Confirm the selected model, size and included items before ordering.",CNY,950,139.0,https://detail.1688.com/offer/773711442820.html,included,
647128987413,lighting-market,lighting,led工厂灯 大功率鳍片厂房灯 led工矿灯批发价格防水仓库高棚灯具,Industrial High Bay Light,"Industrial High Bay Light. Confirm the selected model, size and included items before ordering.",CNY,30,4.39,https://detail.1688.com/offer/647128987413.html,included,
978573230838,lighting-market,lighting,充电式磁吸应急照明灯户外露营led灯超长续航专用摆摊地摊夜市灯,Emergency Light,"Emergency Light. Confirm the selected model, size and included items before ordering.",CNY,19.9,2.91,https://detail.1688.com/offer/978573230838.html,included,
843001755981,lighting-market,lighting,跨境led工矿灯 羽毛球馆车间仓库照明飞碟灯 拨码调光厂房高棚灯,Industrial High Bay Light,"Industrial High Bay Light. Confirm the selected model, size and included items before ordering.",CNY,78.6,11.5,https://detail.1688.com/offer/843001755981.html,included,
1074483912253,lighting-market,lighting,厂家批发6米太阳能道路灯 户外市政新农村照明灯一体化路灯太阳能,Solar Street Light,"Solar Street Light. Confirm the selected model, size and included items before ordering.",CNY,175,25.61,https://detail.1688.com/offer/1074483912253.html,included,
808853099550,lighting-market,lighting,A8led投光灯户外防水码头港口工地照明灯1000w大功率球场高杆灯,Outdoor Floodlight,"Outdoor Floodlight. Confirm the selected model, size and included items before ordering.",CNY,530,77.55,https://detail.1688.com/offer/808853099550.html,included,
598420896076,lighting-market,lighting,步步高防雨太阳能投光灯户外庭院别墅灯家用贴片外路灯照明工业灯,Solar Street Light,"Solar Street Light. Confirm the selected model, size and included items before ordering.",CNY,219,32.04,https://detail.1688.com/offer/598420896076.html,included,
1061943872709,lighting-market,lighting,船用防水LED投光灯TG19-L 露天场所夜间照明作业不锈钢 200W 足瓦,Stainless Steel Outdoor Floodlight,"Stainless Steel Outdoor Floodlight. Listed features: stainless steel. Confirm the selected model, size and included items before ordering.",CNY,930,136.07,https://detail.1688.com/offer/1061943872709.html,included,
771882979647,lighting-market,lighting,太阳能路灯厂家 新农村建设项目路灯杆 严选户外照明太阳能路灯,Solar Street Light,"Solar Street Light. Confirm the selected model, size and included items before ordering.",CNY,400,58.53,https://detail.1688.com/offer/771882979647.html,included,
1075027892615,lighting-market,lighting,LED模组投光灯 条形模组工矿灯球场隧道车间仓库高棚灯户外照明灯,Industrial High Bay Light,"Industrial High Bay Light. Confirm the selected model, size and included items before ordering.",CNY,159,23.26,https://detail.1688.com/offer/1075027892615.html,included,
1068366707456,lighting-market,lighting,LED偏光防眩投光灯 户外防水大功率球场灯篮球网球场照明工程灯具,Outdoor Floodlight,"Outdoor Floodlight. Confirm the selected model, size and included items before ordering.",CNY,289,42.29,https://detail.1688.com/offer/1068366707456.html,included,
978049691110,lighting-market,lighting,充电式磁吸照明灯户外露营应急灯led超长续航专用摆地摊灯夜市灯,Emergency Light,"Emergency Light. Confirm the selected model, size and included items before ordering.",CNY,19.98,2.92,https://detail.1688.com/offer/978049691110.html,included,
1018715212372,lighting-market,lighting,USB充电灯泡应急照明灯 家用挂钩式夜市摆摊灯户外高亮LED露营灯,Portable Market Light,"Portable Market Light. Confirm the selected model, size and included items before ordering.",CNY,4.6,0.67,https://detail.1688.com/offer/1018715212372.html,included,
1076027586783,lighting-market,lighting,充电露营灯户外摆摊夜市灯照明停电应急可移动维修便携LED长条灯,Portable Portable Camping Light,"Portable Portable Camping Light. Listed features: portable. Confirm the selected model, size and included items before ordering.",CNY,36.8,5.38,https://detail.1688.com/offer/1076027586783.html,included,
984178697508,lighting-market,lighting,工业防爆照明灯仓库专用LED防爆灯化工厂加油站车间防爆型投光灯,Outdoor Floodlight,"Outdoor Floodlight. Confirm the selected model, size and included items before ordering.",CNY,13.3,1.95,https://detail.1688.com/offer/984178697508.html,included,
672930598368,lighting-market,lighting,免充电LED露营防灾自救盐水灯户外应急照明便携应急水动力盐水灯,Portable Portable Camping Light,"Portable Portable Camping Light. Listed features: portable. Confirm the selected model, size and included items before ordering.",CNY,25.5,3.73,https://detail.1688.com/offer/672930598368.html,included,
672603481529,lighting-market,lighting,盐水灯加水即亮水动力发电LED免充电户外野营露营防灾应急照明灯,Portable Camping Light,"Portable Camping Light. Confirm the selected model, size and included items before ordering.",CNY,25.5,3.73,https://detail.1688.com/offer/672603481529.html,included,
1056078154088,lighting-market,lighting,USB充电灯泡应急照明灯 家用挂钩式夜市摆摊灯户外高亮LED露营灯,Portable Market Light,"Portable Market Light. Confirm the selected model, size and included items before ordering.",CNY,4.6,0.67,https://detail.1688.com/offer/1056078154088.html,included,
862934836580,lighting-market,lighting,跨境太阳能强光手电筒照明灯可充电户外超亮远射长续航手提探照灯,Portable Work Light,"Portable Work Light. Confirm the selected model, size and included items before ordering.",CNY,9.5,1.39,https://detail.1688.com/offer/862934836580.html,included,
945345151339,lighting-market,lighting,跨境太阳能野营灯户外超亮充电手电筒露营灯帐篷照明灯夜市摆摊灯,Portable Camping Light,"Portable Camping Light. Confirm the selected model, size and included items before ordering.",CNY,6.7,0.98,https://detail.1688.com/offer/945345151339.html,included,
700441460752,lighting-market,lighting,跨境新款折叠户外露营灯 大容量照明便携usb可充电挂立帐篷露营灯,Foldable Portable Portable Camping Light,"Foldable Portable Portable Camping Light. Listed features: foldable, portable. Confirm the selected model, size and included items before ordering.",CNY,88,12.88,https://detail.1688.com/offer/700441460752.html,included,
920979606178,lighting-market,lighting,强光手电筒LED超亮远射大功率超长续航充电户外徒步应急照明手电,Torch,"Torch. Confirm the selected model, size and included items before ordering.",CNY,45,6.58,https://detail.1688.com/offer/920979606178.html,included,
1084653761768,lighting-market,lighting,跨境专供DLC认证飞碟工矿灯防水大功率车间球场照明 LED 高棚吊灯,Industrial High Bay Light,"Industrial High Bay Light. Confirm the selected model, size and included items before ordering.",CNY,35,5.12,https://detail.1688.com/offer/1084653761768.html,included,
624016448332,lighting-market,lighting,户外高亮经济款led球泡灯 5W家用照明灯泡e27螺口大功率球泡灯,LED Light Bulb,"LED Light Bulb. Confirm the selected model, size and included items before ordering.",CNY,1.78,0.26,https://detail.1688.com/offer/624016448332.html,included,
645445181718,lighting-market,lighting,FSL佛山照明 LED灯泡节能家用超亮E27螺口大功率工厂房白光照明灯,LED Light Bulb,"LED Light Bulb. Confirm the selected model, size and included items before ordering.",CNY,1.8,0.26,https://detail.1688.com/offer/645445181718.html,included,
794010612883,lighting-market,lighting,FSL佛山照明LED户外照明灯室外仓库工地强光超亮探照防水泛投光灯,Outdoor Floodlight,"Outdoor Floodlight. Confirm the selected model, size and included items before ordering.",CNY,17,2.49,https://detail.1688.com/offer/794010612883.html,included,
899350410928,lighting-market,lighting,太阳能灯户外吊灯庭院工矿灯家用室内超亮室外防水花园阳台照明灯,Industrial High Bay Light,"Industrial High Bay Light. Confirm the selected model, size and included items before ordering.",CNY,20,2.93,https://detail.1688.com/offer/899350410928.html,included,
1083014607503,lighting-market,lighting,太阳能露营灯Type-C充电户外野营灯便携手提应急照明摆地摊夜市灯,Portable Portable Camping Light,"Portable Portable Camping Light. Listed features: portable. Confirm the selected model, size and included items before ordering.",CNY,16,2.34,https://detail.1688.com/offer/1083014607503.html,included,
798523331973,lighting-market,lighting,源头工厂可折叠车库灯12+1LED照明灯厂房仓库停车场工矿灯批发,Foldable Garage Ceiling Light,"Foldable Garage Ceiling Light. Listed features: foldable. Confirm the selected model, size and included items before ordering.",CNY,48.5,7.1,https://detail.1688.com/offer/798523331973.html,included,
1075629293641,lighting-market,lighting,城市双向车道太阳能路灯 物流园区高杆照明灯 快速路辅道市电路灯,Solar Street Light,"Solar Street Light. Confirm the selected model, size and included items before ordering.",CNY,200,29.26,https://detail.1688.com/offer/1075629293641.html,included,
1074160884759,lighting-market,lighting,定制步行街外围太阳能路灯 古镇景区高杆照明灯 物流园区市电路灯,Solar Street Light,"Solar Street Light. Confirm the selected model, size and included items before ordering.",CNY,200,29.26,https://detail.1688.com/offer/1074160884759.html,included,
867460943519,lighting-market,lighting,飞利浦BVP565 户外大功率高杆灯LED510W机场港口泛光灯IP66投光灯,Outdoor Floodlight,"Outdoor Floodlight. Confirm the selected model, size and included items before ordering.",CNY,2900,424.32,https://detail.1688.com/offer/867460943519.html,included,
1046021808828,lighting-market,lighting,摆摊夜市灯充电应急灯LED补光灯移动户外照明强光支架野外露营灯,Camping Light,"Camping Light. Confirm the selected model, size and included items before ordering.",CNY,29.9,4.37,https://detail.1688.com/offer/1046021808828.html,included,
985865646890,lighting-market,lighting,照明led灯泡柱形灯家用吊灯替换光源e7螺口节能灯吊灯用E27,LED Light Bulb,"LED Light Bulb. Confirm the selected model, size and included items before ordering.",CNY,0.9,0.13,https://detail.1688.com/offer/985865646890.html,included,
548738652233,lighting-market,lighting,LED灯泡 低压球泡灯 交直流12V 24V 36V 127V 12-85V渔船机床矿用,LED Light Bulb,"LED Light Bulb. Confirm the selected model, size and included items before ordering.",CNY,4.2,0.61,https://detail.1688.com/offer/548738652233.html,included,
573758214408,lighting-market,lighting,led灯泡 e27螺口家用照明超亮节能球泡灯暖白光恒流110v宽压灯泡,LED Light Bulb,"LED Light Bulb. Confirm the selected model, size and included items before ordering.",CNY,2.6,0.38,https://detail.1688.com/offer/573758214408.html,included,
943931845531,lighting-market,lighting,现货LEDA60球泡灯灯头可选E27B2/E26塑包铝3W-24W高亮度家用批发,LED Light Bulb,"LED Light Bulb. Confirm the selected model, size and included items before ordering.",CNY,2.15,0.31,https://detail.1688.com/offer/943931845531.html,included,
633351202523,lighting-market,lighting,智能led人体感应灯泡LED球泡灯楼梯过道开关塑包铝E27红外感应灯,LED Light Bulb,"LED Light Bulb. Confirm the selected model, size and included items before ordering.",CNY,8.5,1.24,https://detail.1688.com/offer/633351202523.html,included,
911775678737,lighting-market,lighting,高光效灯泡高节能LED球泡灯低功率e27螺口物业走廊仓库商场改造,LED Light Bulb,"LED Light Bulb. Confirm the selected model, size and included items before ordering.",CNY,8,1.17,https://detail.1688.com/offer/911775678737.html,included,
895540172182,lighting-market,lighting,应急球泡灯停电应急家用夜市地摊户外露营usb充电led灯泡带挂钩,LED Light Bulb,"LED Light Bulb. Confirm the selected model, size and included items before ordering.",CNY,4,0.59,https://detail.1688.com/offer/895540172182.html,included,
677943930013,lighting-market,lighting,智能led声控灯泡声光控开关灯球泡 pir红外人体感应灯雷达感应灯,LED Light Bulb,"LED Light Bulb. Confirm the selected model, size and included items before ordering.",CNY,11.5,1.68,https://detail.1688.com/offer/677943930013.html,held,image-not-saved
811848455927,lighting-market,lighting,室内LED金刚车库灯6叶7叶8叶可折叠车库灯车间仓库e27照明灯定制,Foldable Garage Ceiling Light,"Foldable Garage Ceiling Light. Listed features: foldable. Confirm the selected model, size and included items before ordering.",CNY,27.5,4.02,https://detail.1688.com/offer/811848455927.html,included,
837735292495,lighting-market,lighting,太阳能照明灯投光灯持久续航超大电量户外应急照明多功能灯跨境,Outdoor Floodlight,"Outdoor Floodlight. Confirm the selected model, size and included items before ordering.",CNY,13.8,2.02,https://detail.1688.com/offer/837735292495.html,included,
971193356296,lighting-market,lighting,免打孔夹子灯太阳能照明灯庭院防水感应灯户外长续航路灯led灯,Solar Street Light,"Solar Street Light. Confirm the selected model, size and included items before ordering.",CNY,13.2,1.93,https://detail.1688.com/offer/971193356296.html,included,
1050720343317,lighting-market,lighting,跨境太阳能满天星照明灯夜市摆摊家用停电应急灯便携式手提充电户,Portable Emergency Light,"Portable Emergency Light. Listed features: portable. Confirm the selected model, size and included items before ordering.",CNY,14.8,2.17,https://detail.1688.com/offer/1050720343317.html,included,
743743378468,lighting-market,lighting,led户外防水工程模组球场灯大功率隧道防爆灯广告牌照明投光灯,Outdoor Floodlight,"Outdoor Floodlight. Confirm the selected model, size and included items before ordering.",CNY,138,20.19,https://detail.1688.com/offer/743743378468.html,included,
743849195865,lighting-market,lighting,厂家户外高杆灯 货场广场球场大功率超亮照明灯工塔吊灯led投光灯,Outdoor Floodlight,"Outdoor Floodlight. Confirm the selected model, size and included items before ordering.",CNY,238,34.82,https://detail.1688.com/offer/743849195865.html,included,
923915103189,lighting-market,lighting,充电灯泡夜市摆摊节能家用led防水大容量跨境灯灯具爆亮户外照明,LED Light Bulb,"LED Light Bulb. Confirm the selected model, size and included items before ordering.",CNY,4,0.59,https://detail.1688.com/offer/923915103189.html,included,
943068657133,lighting-market,lighting,户外篮球场照明灯足球场高杆灯车站LED投射灯体育球场灯定制,Recessed or Spot Light,"Recessed or Spot Light. Confirm the selected model, size and included items before ordering.",CNY,550,80.47,https://detail.1688.com/offer/943068657133.html,included,
1072403536888,lighting-market,lighting,外贸出口足球球场隧道高杆灯防水泛光照明灯户外模组大功率投光灯,Outdoor Floodlight,"Outdoor Floodlight. Confirm the selected model, size and included items before ordering.",CNY,125,18.29,https://detail.1688.com/offer/1072403536888.html,included,
769070654976,lighting-market,lighting,亚明照明led投光灯户外防水泛光灯5054足功率cob投射灯照树灯批发,Outdoor Floodlight,"Outdoor Floodlight. Confirm the selected model, size and included items before ordering.",CNY,18.05,2.64,https://detail.1688.com/offer/769070654976.html,included,
747658790019,lighting-market,lighting,防眩目工矿灯150W200W羽毛球场地照明灯工厂仓库展馆吊灯高效节能,Industrial High Bay Light,"Industrial High Bay Light. Confirm the selected model, size and included items before ordering.",CNY,52,7.61,https://detail.1688.com/offer/747658790019.html,included,
1035654609874,lighting-market,lighting,防眩球场灯格栅防眩篮球场车间照明灯led工矿灯工厂房专用吊灯,Industrial High Bay Light,"Industrial High Bay Light. Confirm the selected model, size and included items before ordering.",CNY,138,20.19,https://detail.1688.com/offer/1035654609874.html,included,
774149220301,lighting-market,lighting,户外大功率led投光灯超亮防水篮球场广场工地模组高杆照明泛光灯,Outdoor Floodlight,"Outdoor Floodlight. Confirm the selected model, size and included items before ordering.",CNY,450,65.84,https://detail.1688.com/offer/774149220301.html,included,
644266036252,lighting-market,lighting,加工定制市电路灯LED工程照明道路路灯头AC路灯城市小区公园路灯,Outdoor Garden Light,"Outdoor Garden Light. Confirm the selected model, size and included items before ordering.",CNY,208,30.43,https://detail.1688.com/offer/644266036252.html,included,
599737907308,lighting-market,lighting,太阳能路灯新农村LED照明路灯户外防雨帆船5米50100W150W太阳能灯,Solar Street Light,"Solar Street Light. Confirm the selected model, size and included items before ordering.",CNY,828,121.15,https://detail.1688.com/offer/599737907308.html,included,
945192756874,lighting-market,lighting,源头工厂6米太阳能路灯金豆款户外新农村照明灯市政道路太阳能灯,Solar Street Light,"Solar Street Light. Confirm the selected model, size and included items before ordering.",CNY,329,48.14,https://detail.1688.com/offer/945192756874.html,included,
1086719154186,lighting-market,lighting,一体化太阳能路灯 道路照明灯 新农村市政园区工程款太阳能路灯,Solar Street Light,"Solar Street Light. Confirm the selected model, size and included items before ordering.",CNY,159,23.26,https://detail.1688.com/offer/1086719154186.html,included,
769494770868,lighting-market,lighting,亚明照明led鳍片塔吊灯户外大功率探照投光灯工地建筑之星照明灯,Outdoor Floodlight,"Outdoor Floodlight. Confirm the selected model, size and included items before ordering.",CNY,148,21.65,https://detail.1688.com/offer/769494770868.html,included,
708199710143,lighting-market,lighting,LED Street Solar Light 人体感应小区照明模组一体化太阳能路灯,Solar Street Light,"Solar Street Light. Confirm the selected model, size and included items before ordering.",CNY,299,43.75,https://detail.1688.com/offer/708199710143.html,included,
671781503401,lighting-market,lighting,BOZZYS防爆手电筒LED强光防水便携多功能工矿户外照明灯现货,Portable Torch,"Portable Torch. Listed features: portable. Confirm the selected model, size and included items before ordering.",CNY,40,5.85,https://detail.1688.com/offer/671781503401.html,included,
909425464175,lighting-market,lighting,新款户外野营灯复古露营灯Type-C充电应急手电照明营地氛围灯挂灯,Portable Camping Light,"Portable Camping Light. Confirm the selected model, size and included items before ordering.",CNY,13.78,2.02,https://detail.1688.com/offer/909425464175.html,included,
832644820699,lighting-market,lighting,飞利浦LED室外射灯户外照明50W防水IP65探照泛光灯三色调光投光灯,Outdoor Floodlight,"Outdoor Floodlight. Confirm the selected model, size and included items before ordering.",CNY,63,9.22,https://detail.1688.com/offer/832644820699.html,included,
1024545265044,lighting-market,lighting,FSL佛山照明灯具球场馆工厂仓库车间大功率工业天棚工矿灯厂家,Industrial High Bay Light,"Industrial High Bay Light. Confirm the selected model, size and included items before ordering.",CNY,69,10.1,https://detail.1688.com/offer/1024545265044.html,included,
994684187927,lighting-market,lighting,FSL佛山照明工矿灯三防天棚车间仓库厂房球馆工程照明灯led高棚灯,Industrial High Bay Light,"Industrial High Bay Light. Confirm the selected model, size and included items before ordering.",CNY,85,12.44,https://detail.1688.com/offer/994684187927.html,included,
1074046651621,lighting-market,lighting,大容量超长续航夜市摆摊专用照明灯带电池多功能充电应急悬挂灯泡,Portable Market Light,"Portable Market Light. Confirm the selected model, size and included items before ordering.",CNY,5.9,0.86,https://detail.1688.com/offer/1074046651621.html,included,
1074026489919,lighting-market,lighting,充电球泡灯摆摊夜市专用照明灯工地家用随身悬挂灯泡应急照明灯,LED Light Bulb,"LED Light Bulb. Confirm the selected model, size and included items before ordering.",CNY,0.5,0.07,https://detail.1688.com/offer/1074026489919.html,included,
968927600332,lighting-market,lighting,跨境亚马逊电池供电USB充电灯泡光源e27螺口三色+RGB定时调光球泡,LED Light Bulb,"LED Light Bulb. Confirm the selected model, size and included items before ordering.",CNY,6.5,0.95,https://detail.1688.com/offer/968927600332.html,included,
843428993518,lighting-market,lighting,led太阳能户外充电灯泡室内照明灯移动充电露营灯家用停电应急灯,LED Light Bulb,"LED Light Bulb. Confirm the selected model, size and included items before ordering.",CNY,5.88,0.86,https://detail.1688.com/offer/843428993518.html,included,
769173727321,lighting-market,lighting,太阳能usb充电灯泡户外夜市摆地摊灯高富帅家用停电led应急球泡灯,LED Light Bulb,"LED Light Bulb. Confirm the selected model, size and included items before ordering.",CNY,3.6,0.53,https://detail.1688.com/offer/769173727321.html,included,
772669295018,lighting-market,lighting,上海亚明led工矿灯鳍片工厂房仓库车间照明灯200W超亮工业吊灯罩,Industrial High Bay Light,"Industrial High Bay Light. Confirm the selected model, size and included items before ordering.",CNY,18.5,2.71,https://detail.1688.com/offer/772669295018.html,included,
1087397781311,lighting-market,lighting,一体化太阳能路灯防水高亮方便安装庭院灯悬挂路灯可定制道路照明,Solar Street Light,"Solar Street Light. Confirm the selected model, size and included items before ordering.",CNY,84,12.29,https://detail.1688.com/offer/1087397781311.html,included,
1087159193445,lighting-market | furniture-lighting,lighting,中古卧室床头小吊灯可升降侘寂风复古吧台餐厅宋代美学氛围感灯具,Pendant Light,"Pendant Light. Confirm the selected model, size and included items before ordering.",CNY,239,34.97,https://detail.1688.com/offer/1087159193445.html,included,
1086978664179,lighting-market,lighting,新款多功能户外高亮照明工作灯数字电显磁吸带挂钩便携充电长续航,Portable Work Light,"Portable Work Light. Listed features: portable. Confirm the selected model, size and included items before ordering.",CNY,20,2.93,https://detail.1688.com/offer/1086978664179.html,included,
1086952394285,lighting-market | furniture-lighting,lighting,客厅主灯云朵极简吸顶灯全光谱广东中山灯具现代简约大气卧室套餐,Ceiling Light,"Ceiling Light. Confirm the selected model, size and included items before ordering.",CNY,205,29.99,https://detail.1688.com/offer/1086952394285.html,included,
1086764459071,lighting-market,lighting,跨境 LED 手电筒 金属防滑筒身 随身露营夜跑照明手电一件代发0,Portable Camping Light,"Portable Camping Light. Confirm the selected model, size and included items before ordering.",CNY,1.68,0.25,https://detail.1688.com/offer/1086764459071.html,included,
1086717864878,lighting-market,lighting,新款铝合金强光远射手电筒户外照明多档调节USB充电持久续航便携,Portable Torch,"Portable Torch. Listed features: portable. Confirm the selected model, size and included items before ordering.",CNY,10,1.46,https://detail.1688.com/offer/1086717864878.html,included,
1086711296448,lighting-market,lighting,微笑鲨2025新款激光手电筒大功率远射户外照明可调焦充电长续航,Torch,"Torch. Confirm the selected model, size and included items before ordering.",CNY,65,9.51,https://detail.1688.com/offer/1086711296448.html,included,
1086671602385,lighting-market | furniture-lighting,lighting,北欧创意餐厅吊灯简约个性艺术卧室床头别墅样板房轻奢玻璃小吊灯,Pendant Light,"Pendant Light. Confirm the selected model, size and included items before ordering.",CNY,185,27.07,https://detail.1688.com/offer/1086671602385.html,included,
1086617946282,lighting-market,lighting,太阳能旋转分体式壁灯户外防水庭院灯人体感应道路照明车库路灯,Solar Street Light,"Solar Street Light. Confirm the selected model, size and included items before ordering.",CNY,24.5,3.58,https://detail.1688.com/offer/1086617946282.html,included,
1086605288603,lighting-market,lighting,木纹客厅灯家用超亮新款中古风房间书房圆形卧室LED吸顶灯具,Ceiling Light,"Ceiling Light. Confirm the selected model, size and included items before ordering.",CNY,79,11.56,https://detail.1688.com/offer/1086605288603.html,included,
1086529438572,lighting-market,lighting,工作灯汽修强光充电超长续航照明强磁检修防摔修车超亮手电筒户外,Torch,"Torch. Confirm the selected model, size and included items before ordering.",CNY,25,3.66,https://detail.1688.com/offer/1086529438572.html,included,
1086470830490,lighting-market,lighting,简约餐厅吊灯灯罩loft工业风吧台复古灯具理发烧烤店餐饮单头吊灯,Pendant Light,"Pendant Light. Confirm the selected model, size and included items before ordering.",CNY,13.58,1.99,https://detail.1688.com/offer/1086470830490.html,included,
1086466007438,lighting-market,lighting,现代轻奢水晶圆形过道灯LED客厅卧室过道阳台玄关高端时尚灯具无,Lighting Fixture,"Lighting Fixture. Confirm the selected model, size and included items before ordering.",CNY,160.55,23.49,https://detail.1688.com/offer/1086466007438.html,included,
1086408650749,lighting-market,lighting,北欧网红氛围灯沙发边墙角设计师艺术卧室台灯客厅轻奢草裙落地灯,Desk Lamp,"Desk Lamp. Confirm the selected model, size and included items before ordering.",CNY,36,5.27,https://detail.1688.com/offer/1086408650749.html,included,
1086385567322,lighting-market | furniture-lighting,lighting,超薄客厅吸顶灯新款隔离驱动护眼现代简约创意悬浮背发光客厅主灯,Ceiling Light,"Ceiling Light. Confirm the selected model, size and included items before ordering.",CNY,376,55.01,https://detail.1688.com/offer/1086385567322.html,included,
1086356057203,lighting-market | furniture-lighting,lighting,2026新款餐饮石头水晶吊灯酒店饭店餐馆包间厢餐桌吊灯轻奢客厅灯,Pendant Light,"Pendant Light. Confirm the selected model, size and included items before ordering.",CNY,200,29.26,https://detail.1688.com/offer/1086356057203.html,included,
1086214516474,lighting-market,lighting,多功能迷你工作灯COB泛光四档调节便携手电筒户外出行随身照明小,Portable Torch,"Portable Torch. Listed features: portable. Confirm the selected model, size and included items before ordering.",CNY,5.5,0.8,https://detail.1688.com/offer/1086214516474.html,included,
1086128397074,lighting-market,lighting,太阳能照明灯充电投光灯超亮夜市地摊灯户外多功能露营新款强光,Outdoor Floodlight,"Outdoor Floodlight. Confirm the selected model, size and included items before ordering.",CNY,32.35,4.73,https://detail.1688.com/offer/1086128397074.html,included,
1086022112614,lighting-market,lighting,太阳能壁灯户外路灯室外庭院灯阳台灯花园防水照明路灯太阳能灯,Solar Street Light,"Solar Street Light. Confirm the selected model, size and included items before ordering.",CNY,5.4,0.79,https://detail.1688.com/offer/1086022112614.html,included,
1085995714908,lighting-market,lighting,新款多光源拍摄造型打光神器拍照背景氛围灯补光灯RGB照明可充电,Decorative Light,"Decorative Light. Confirm the selected model, size and included items before ordering.",CNY,2.5,0.37,https://detail.1688.com/offer/1085995714908.html,included,
1085925576131,lighting-market,lighting,跨境新款户外照明露营灯充电暖光氛围灯野营应急马灯适合夜市摆摊,Camping Light,"Camping Light. Confirm the selected model, size and included items before ordering.",CNY,12.5,1.83,https://detail.1688.com/offer/1085925576131.html,included,
1085869877434,lighting-market,lighting,一体化太阳能路灯跨境爆款防水遥控庭院灯自动感应户外照明灯路灯,Solar Street Light,"Solar Street Light. Confirm the selected model, size and included items before ordering.",CNY,35,5.12,https://detail.1688.com/offer/1085869877434.html,included,
1085825163823,lighting-market,lighting,跨境LED手电筒伸缩调焦聚光大功率探照灯照明灯便携式充电式强光,Telescopic Portable Portable Work Light,"Telescopic Portable Portable Work Light. Listed features: telescopic, portable. Confirm the selected model, size and included items before ordering.",CNY,139.8,20.45,https://detail.1688.com/offer/1085825163823.html,included,
1085582216200,lighting-market,lighting,微笑鲨新款多功能户外露营LED手电筒照明多档调节可充电便携户外,Portable Portable Camping Light,"Portable Portable Camping Light. Listed features: portable. Confirm the selected model, size and included items before ordering.",CNY,24,3.51,https://detail.1688.com/offer/1085582216200.html,included,
1085519189322,lighting-market | furniture-lighting,lighting,led全屋组合智能全光谱护眼吸顶灯客厅餐厅现代简约中山灯具,Ceiling Light,"Ceiling Light. Confirm the selected model, size and included items before ordering.",CNY,138,20.19,https://detail.1688.com/offer/1085519189322.html,included,
1085512023824,lighting-market,lighting,新款充电小夜灯超长续航拍拍灯夜间婴儿喂奶护眼台灯卧室床头灯,Head Torch,"Head Torch. Confirm the selected model, size and included items before ordering.",CNY,5.6,0.82,https://detail.1688.com/offer/1085512023824.html,included,
1085431575935,lighting-market,lighting,跨境感应小夜灯蜡烛灯烛光浪漫餐厅酒吧桌灯户外餐桌台灯氛围灯,Desk Lamp,"Desk Lamp. Confirm the selected model, size and included items before ordering.",CNY,30,4.39,https://detail.1688.com/offer/1085431575935.html,included,
1085422627227,lighting-market,lighting,跨境一体化太阳能灯户外照明庭院灯家用室外防水农村路灯LED高亮,Solar Street Light,"Solar Street Light. Confirm the selected model, size and included items before ordering.",CNY,59,8.63,https://detail.1688.com/offer/1085422627227.html,included,
1085248651749,lighting-market,lighting,中古卧室灯吸顶灯侘寂复古极简胡桃木纹色仿云石护眼房间灯主卧灯,Ceiling Light,"Ceiling Light. Confirm the selected model, size and included items before ordering.",CNY,196,28.68,https://detail.1688.com/offer/1085248651749.html,included,
1085156252483,lighting-market,lighting,人体感应路灯一体化太阳能路灯爆亮新农村工程家庭庭院灯别墅照明,Solar Street Light,"Solar Street Light. Confirm the selected model, size and included items before ordering.",CNY,52,7.61,https://detail.1688.com/offer/1085156252483.html,included,
1085116667886,lighting-market,lighting,微笑鲨新款迷你钥匙扣灯户外多功能开瓶盖RGB氛围灯露营照明帐篷,Portable Camping Light,"Portable Camping Light. Confirm the selected model, size and included items before ordering.",CNY,7.5,1.1,https://detail.1688.com/offer/1085116667886.html,included,
1085104643231,lighting-market,lighting,新款户外照明钥匙扣灯多功能工作灯带笔夹便携钨丝加热点烟器可充,Portable Clip-On Light,"Portable Clip-On Light. Listed features: portable. Confirm the selected model, size and included items before ordering.",CNY,18,2.63,https://detail.1688.com/offer/1085104643231.html,included,
1085078416640,lighting-market,lighting,跨境专供新款ufo工矿灯 跨境DOB车间照明灯工厂足球场LED工矿灯,Industrial High Bay Light,"Industrial High Bay Light. Confirm the selected model, size and included items before ordering.",CNY,49,7.17,https://detail.1688.com/offer/1085078416640.html,included,
1085059882343,lighting-market,lighting,太阳能手提灯充电投光灯庭院户外露营灯便携大功率超亮应急照明灯,Portable Portable Camping Light,"Portable Portable Camping Light. Listed features: portable. Confirm the selected model, size and included items before ordering.",CNY,9.5,1.39,https://detail.1688.com/offer/1085059882343.html,included,
1084838424420,lighting-market,lighting,现代轻奢几何水晶LED吸顶灯黑金客厅卧室遥控调光灯具,Ceiling Light,"Ceiling Light. Confirm the selected model, size and included items before ordering.",CNY,50,7.32,https://detail.1688.com/offer/1084838424420.html,included,
1084801418038,lighting-market,lighting,LED光伏照明太阳能灯一体化太阳能路灯防水耐用家庭院灯免布线,Solar Street Light,"Solar Street Light. Confirm the selected model, size and included items before ordering.",CNY,60,8.78,https://detail.1688.com/offer/1084801418038.html,included,
1084723330123,lighting-market,lighting,法式别墅复式楼梯轻奢水晶玻璃吊灯美式复古浪漫客厅餐厅卧室灯具,Pendant Light,"Pendant Light. Confirm the selected model, size and included items before ordering.",CNY,569,83.25,https://detail.1688.com/offer/1084723330123.html,included,
1084620698428,lighting-market,lighting,伸缩变焦迷你户外露营手电COB泛光侧灯锁扣设计便携式随身照明小,Telescopic Portable Portable Camping Light,"Telescopic Portable Portable Camping Light. Listed features: telescopic, portable. Confirm the selected model, size and included items before ordering.",CNY,7.9,1.16,https://detail.1688.com/offer/1084620698428.html,included,
1084520749121,lighting-market,lighting,法式轻奢满天星水晶吊灯别墅复式挑空客厅旋转楼梯间艺术装饰灯具,Pendant Light,"Pendant Light. Confirm the selected model, size and included items before ordering.",CNY,98,14.34,https://detail.1688.com/offer/1084520749121.html,included,
1084520597456,lighting-market,lighting,多功能户外充电照明灯汽修维修工作灯强光强光强磁吸手电筒,Torch,"Torch. Confirm the selected model, size and included items before ordering.",CNY,12.9,1.89,https://detail.1688.com/offer/1084520597456.html,included,
1084515111345,lighting-market,lighting,防水款跨境太阳能照明灯一体太阳能户外路灯超亮led庭院太阳能灯,Solar Street Light,"Solar Street Light. Confirm the selected model, size and included items before ordering.",CNY,33,4.83,https://detail.1688.com/offer/1084515111345.html,included,
1084497177223,lighting-market,lighting,亚明户外投光灯室外防水大功率车间厂房工地照明探照超亮led射灯,Outdoor Floodlight,"Outdoor Floodlight. Confirm the selected model, size and included items before ordering.",CNY,108,15.8,https://detail.1688.com/offer/1084497177223.html,included,
1084360252869,lighting-market,lighting,法式奶油风客厅吊灯北欧大厅主灯侘寂风魔豆led卧室灯包豪斯餐厅,Pendant Light,"Pendant Light. Confirm the selected model, size and included items before ordering.",CNY,398,58.23,https://detail.1688.com/offer/1084360252869.html,included,
1084360084632,lighting-market,lighting,法式复古奶油风客厅吊灯铃兰花网红氛围投影大气美式创意卧室灯具,Pendant Light,"Pendant Light. Confirm the selected model, size and included items before ordering.",CNY,398,58.23,https://detail.1688.com/offer/1084360084632.html,included,
1084356592846,lighting-market,lighting,复古客厅吊灯古风中古法式餐厅大厅创意个性中式灯具高级,Pendant Light,"Pendant Light. Confirm the selected model, size and included items before ordering.",CNY,258,37.75,https://detail.1688.com/offer/1084356592846.html,included,
1084161659927,lighting-market,lighting,跨境现代简约LED吸顶灯大气客厅卧室书房家用室内中山家装照明主,Ceiling Light,"Ceiling Light. Confirm the selected model, size and included items before ordering.",CNY,169,24.73,https://detail.1688.com/offer/1084161659927.html,included,
1084129970478,lighting-market,lighting,小巧强光手电筒铝合金材质可充电户外防水家用长续航深夜照明工矿,Torch,"Torch. Confirm the selected model, size and included items before ordering.",CNY,4.9,0.72,https://detail.1688.com/offer/1084129970478.html,included,
1084049902253,lighting-market,lighting,跨境新款强光变焦手电筒户外迷你便携防水手电筒侧灯照明手电筒,Portable Torch,"Portable Torch. Listed features: portable. Confirm the selected model, size and included items before ordering.",CNY,5.4,0.79,https://detail.1688.com/offer/1084049902253.html,included,
1083879875479,lighting-market,lighting,Type-C充电强光手电筒变焦远射COB侧灯数显电量户外露营应急照明,Portable Camping Light,"Portable Camping Light. Confirm the selected model, size and included items before ordering.",CNY,8.2,1.2,https://detail.1688.com/offer/1083879875479.html,included,
1083864904537,lighting-market,lighting,新款户外强光手电筒大光圈COB侧灯可充电大容量持久续航停电应急,Torch,"Torch. Confirm the selected model, size and included items before ordering.",CNY,11.5,1.68,https://detail.1688.com/offer/1083864904537.html,included,
1083834058051,lighting-market,lighting,新款户外高亮强光手电筒可伸缩变焦远近调节照明带电量显示充电式,Telescopic Torch,"Telescopic Torch. Listed features: telescopic. Confirm the selected model, size and included items before ordering.",CNY,8,1.17,https://detail.1688.com/offer/1083834058051.html,included,
1083829554965,lighting-market,lighting,微笑鲨户外照明新款变焦远射铝合金手电筒大容量续航快速充电便携,Portable Torch,"Portable Torch. Listed features: portable. Confirm the selected model, size and included items before ordering.",CNY,36,5.27,https://detail.1688.com/offer/1083829554965.html,included,
1083793461586,lighting-market,lighting,智能无线遥控灯泡卧室照明可调光调色螺口led小夜灯家用节能超亮,LED Light Bulb,"LED Light Bulb. Confirm the selected model, size and included items before ordering.",CNY,7.92,1.16,https://detail.1688.com/offer/1083793461586.html,included,
1083767930506,lighting-market,lighting,意式极简圆环客厅吊灯 创意个性烟灰玻璃家用全光谱卧室餐厅吊灯,Pendant Light,"Pendant Light. Confirm the selected model, size and included items before ordering.",CNY,330,48.28,https://detail.1688.com/offer/1083767930506.html,included,
1083715220398,lighting-market,lighting,太阳能户外照明灯便携式LED磁吸工作灯汽车检修灯太阳能露营灯,Portable Portable Camping Light,"Portable Portable Camping Light. Listed features: portable. Confirm the selected model, size and included items before ordering.",CNY,17.5,2.56,https://detail.1688.com/offer/1083715220398.html,included,
1083597621280,lighting-market,lighting,微笑鲨M77白激光可变焦手电COB大泛光露营灯户外便携照明手电筒日,Portable Portable Camping Light,"Portable Portable Camping Light. Listed features: portable. Confirm the selected model, size and included items before ordering.",CNY,18,2.63,https://detail.1688.com/offer/1083597621280.html,included,
1083525550115,lighting-market,lighting,新款强力磁吸拐角工作灯手电筒强光充电高亮维修户外远射便携照明,Portable Torch,"Portable Torch. Listed features: portable. Confirm the selected model, size and included items before ordering.",CNY,56,8.19,https://detail.1688.com/offer/1083525550115.html,included,
1083459358411,lighting-market,lighting,简约卧室吸顶灯中古风胡桃木光谱护眼复古书房灯具古风房间led,Ceiling Light,"Ceiling Light. Confirm the selected model, size and included items before ordering.",CNY,55.46,8.11,https://detail.1688.com/offer/1083459358411.html,included,
1083420028125,lighting-market,lighting,全光谱led阅读护眼落地灯保护视力学习专用钢琴灯书桌床头台灯,Desk Lamp,"Desk Lamp. Confirm the selected model, size and included items before ordering.",CNY,59.5,8.71,https://detail.1688.com/offer/1083420028125.html,included,
1083350881627,lighting-market,lighting,法式客厅吊灯浪漫中古风大厅主灯设计师款餐厅卧室复古灯具,Pendant Light,"Pendant Light. Confirm the selected model, size and included items before ordering.",CNY,249.24,36.47,https://detail.1688.com/offer/1083350881627.html,included,
1083335061989,lighting-market,lighting,中古玻璃客厅吊灯vintage复古卧室书房美式胡桃色花朵餐厅灯具,Pendant Light,"Pendant Light. Confirm the selected model, size and included items before ordering.",CNY,298,43.6,https://detail.1688.com/offer/1083335061989.html,included,
1083236041254,lighting-market,lighting,波西米亚吊灯波西米亚纯手工餐厅客厅卧室民宿琉璃吊灯,Pendant Light,"Pendant Light. Confirm the selected model, size and included items before ordering.",CNY,450,65.84,https://detail.1688.com/offer/1083236041254.html,included,
1083215584023,lighting-market,lighting,非标定制灯具大型酒店工程灯娱乐会所婚宴大堂装饰灯饰中山灯具定,Decorative Light,"Decorative Light. Confirm the selected model, size and included items before ordering.",CNY,98,14.34,https://detail.1688.com/offer/1083215584023.html,included,
1083038193491,lighting-market,lighting,中古风客厅吸顶灯复古高级感大厅主灯2026新款灯具全屋套餐组合,Ceiling Light,"Ceiling Light. Confirm the selected model, size and included items before ordering.",CNY,120,17.56,https://detail.1688.com/offer/1083038193491.html,included,
1083004236046,lighting-market,lighting,客厅主灯吸顶灯现代简约全屋大气广东中山灯具全光谱主卧书房灯具,Ceiling Light,"Ceiling Light. Confirm the selected model, size and included items before ordering.",CNY,218.75,32.01,https://detail.1688.com/offer/1083004236046.html,included,
1082943004671,lighting-market,lighting,跨境厂家批发变焦手电筒户外照明铝合金T6手电筒多档变光手电批发,Torch,"Torch. Confirm the selected model, size and included items before ordering.",CNY,7.1,1.04,https://detail.1688.com/offer/1082943004671.html,included,
1082874183822,lighting-market,lighting,意式极简客厅主灯2026新款分子吊灯轻奢高级感餐厅全屋灯具,Pendant Light,"Pendant Light. Confirm the selected model, size and included items before ordering.",CNY,288,42.14,https://detail.1688.com/offer/1082874183822.html,included,
1082840973931,lighting-market,lighting,新款户外铝合金手电筒多功能巡逻战术照明手电高散热远近变焦可充,Torch,"Torch. Confirm the selected model, size and included items before ordering.",CNY,28.5,4.17,https://detail.1688.com/offer/1082840973931.html,included,
1082808783820,lighting-market,lighting,LED可充电手电筒家用停电应急小手电户外超亮便携式照明手电筒,Portable Torch,"Portable Torch. Listed features: portable. Confirm the selected model, size and included items before ordering.",CNY,5.3,0.78,https://detail.1688.com/offer/1082808783820.html,included,
1082794586646,lighting-market,lighting,爆亮新款白激光强光手电筒充电超亮长续航远射户外多功能调焦手电,Torch,"Torch. Confirm the selected model, size and included items before ordering.",CNY,30,4.39,https://detail.1688.com/offer/1082794586646.html,included,
1082781763704,lighting-market,lighting,2026新款蜂鸣警报手电筒 多功能车载手电 户外超亮远射照明手电筒,Torch,"Torch. Confirm the selected model, size and included items before ordering.",CNY,14.9,2.18,https://detail.1688.com/offer/1082781763704.html,included,
1082737908796,lighting-market,lighting,新款护士夜班手电筒查房夹扣便携小夜灯可调护眼照明用品日常值班,Portable Night Light,"Portable Night Light. Listed features: portable. Confirm the selected model, size and included items before ordering.",CNY,16.5,2.41,https://detail.1688.com/offer/1082737908796.html,included,
1082682294246,lighting-market,lighting,跨境美式吊灯复古多头蜡烛灯餐吊灯咖啡店客厅餐厅卧室铁艺吸吊灯,Pendant Light,"Pendant Light. Confirm the selected model, size and included items before ordering.",CNY,165,24.14,https://detail.1688.com/offer/1082682294246.html,included,
1082571976539,lighting-market,lighting,微笑鲨新款户外照明迷你手电筒强光可充电耐用便携小型LED手电筒,Portable Torch,"Portable Torch. Listed features: portable. Confirm the selected model, size and included items before ordering.",CNY,4,0.59,https://detail.1688.com/offer/1082571976539.html,included,
1082485886565,lighting-market,lighting,法式水晶吊灯设计师款别墅轻奢客厅卧室萤火虫埃及水晶餐厅吊灯,Pendant Light,"Pendant Light. Confirm the selected model, size and included items before ordering.",CNY,88,12.88,https://detail.1688.com/offer/1082485886565.html,included,
1082431142912,lighting-market,lighting,COB工作灯汽修强光充电超长续航照明强磁检修防摔修车超亮手电筒,Torch,"Torch. Confirm the selected model, size and included items before ordering.",CNY,28,4.1,https://detail.1688.com/offer/1082431142912.html,included,
1082301750312,lighting-market,lighting,法式田园风客厅吊灯美式复古浪漫陶瓷玫瑰花高级感中古主卧室灯具,Pendant Light,"Pendant Light. Confirm the selected model, size and included items before ordering.",CNY,258,37.75,https://detail.1688.com/offer/1082301750312.html,included,
1082291266074,lighting-market,lighting,美式客厅吊灯复古设计师大厅主灯中古风大气现代简约魔豆主卧灯具,Pendant Light,"Pendant Light. Confirm the selected model, size and included items before ordering.",CNY,498,72.87,https://detail.1688.com/offer/1082291266074.html,included,
1082283194702,lighting-market,lighting,赫本吊灯客厅法式吊灯魔豆中古包豪斯简约主灯现代北欧新款灯具,Pendant Light,"Pendant Light. Confirm the selected model, size and included items before ordering.",CNY,298,43.6,https://detail.1688.com/offer/1082283194702.html,included,
1082098307330,lighting-market,lighting,跨境太阳能灯大透镜一体化太阳能路灯新款爆亮新农村工程道路照明,Solar Street Light,"Solar Street Light. Confirm the selected model, size and included items before ordering.",CNY,95,13.9,https://detail.1688.com/offer/1082098307330.html,included,
1081935594940,lighting-market,lighting,土耳其特色复古异域浪漫卧室客厅酒店餐厅民宿摩洛哥月亮落地灯,Floor Lamp,"Floor Lamp. Confirm the selected model, size and included items before ordering.",CNY,420,61.45,https://detail.1688.com/offer/1081935594940.html,included,
1081923698606,lighting-market,lighting,钻石纹创意台灯氛围灯装饰温馨小夜灯卧室床头USB触摸玻璃台灯,Desk Lamp,"Desk Lamp. Confirm the selected model, size and included items before ordering.",CNY,20,2.93,https://detail.1688.com/offer/1081923698606.html,included,
1081669467997,lighting-market,lighting,微笑鲨新款户外应急照明多光源强光手电筒变焦远射侧灯泛光家用可,Torch,"Torch. Confirm the selected model, size and included items before ordering.",CNY,13.5,1.98,https://detail.1688.com/offer/1081669467997.html,included,
1081435591420,lighting-market,lighting,多功能可折叠维修工作灯户外带磁吸数显手电筒挂钩设计便携照明手,Foldable Portable Torch,"Foldable Portable Torch. Listed features: foldable, portable. Confirm the selected model, size and included items before ordering.",CNY,12.9,1.89,https://detail.1688.com/offer/1081435591420.html,included,
1081373042057,lighting-market,lighting,led轻奢高级餐厅吊灯现代简约饭厅网红极简吧台楼梯吊灯中山灯具,Pendant Light,"Pendant Light. Confirm the selected model, size and included items before ordering.",CNY,73.5,10.75,https://detail.1688.com/offer/1081373042057.html,included,
1081369158095,lighting-market,lighting,包豪斯极简现代房间卧室灯吸顶灯简约高级感创意飞碟玻璃书房灯,Ceiling Light,"Ceiling Light. Confirm the selected model, size and included items before ordering.",CNY,576,84.28,https://detail.1688.com/offer/1081369158095.html,included,
1081348143276,lighting-market,lighting,迷你强光手电筒手电筒小型便携户外强光手电侧灯应急露营照明家用,Portable Portable Camping Light,"Portable Portable Camping Light. Listed features: portable. Confirm the selected model, size and included items before ordering.",CNY,13.5,1.98,https://detail.1688.com/offer/1081348143276.html,included,
1081334246178,lighting-market,lighting,LED投光灯探照灯防水工地照明室外球场广场泛光灯亮霸铝铸款,Portable Work Light,"Portable Work Light. Confirm the selected model, size and included items before ordering.",CNY,32,4.68,https://detail.1688.com/offer/1081334246178.html,included,
1081301619645,lighting-market,lighting,充电式迷你强光户外手电筒家用宿舍学生老人通用超亮便携儿童,Portable Torch,"Portable Torch. Listed features: portable. Confirm the selected model, size and included items before ordering.",CNY,5.9,0.86,https://detail.1688.com/offer/1081301619645.html,included,
1081294446451,lighting-market,lighting,跨境新款人体感应灯磁吸智能小夜灯家用LED光控USB充电应急照明灯,Emergency Light,"Emergency Light. Confirm the selected model, size and included items before ordering.",CNY,2.15,0.31,https://detail.1688.com/offer/1081294446451.html,included,
1081267036777,lighting-market,lighting,简约6新楼梯吊灯复式楼别墅挑空中空长吊灯楼梯间灯具中古奶油风,Pendant Light,"Pendant Light. Confirm the selected model, size and included items before ordering.",CNY,201.59,29.5,https://detail.1688.com/offer/1081267036777.html,included,
1081218847385,lighting-market,lighting,法式中古风置物钓鱼灯落地灯客厅铃兰花床头台灯一体6新铁其它,Desk Lamp,"Desk Lamp. Confirm the selected model, size and included items before ordering.",CNY,205.6,30.08,https://detail.1688.com/offer/1081218847385.html,included,
1081198966664,lighting-market,lighting,跨境新款户外照明led磁吸工作灯汽修灯夹子灯充电便携持久续航适,Portable Work Light,"Portable Work Light. Listed features: portable. Confirm the selected model, size and included items before ordering.",CNY,13.5,1.98,https://detail.1688.com/offer/1081198966664.html,included,
1081017855947,lighting-market,lighting,北欧单头吊灯店铺商用圆形餐饮咖啡厅工业风创意个性吧台灯具超亮,Desk Lamp,"Desk Lamp. Confirm the selected model, size and included items before ordering.",CNY,28,4.1,https://detail.1688.com/offer/1081017855947.html,included,
1080940717735,lighting-market,lighting,创意贝壳餐吊灯法式中古风高级砂镍色吊灯设计师款奶油风餐厅灯具,Pendant Light,"Pendant Light. Confirm the selected model, size and included items before ordering.",CNY,808,118.22,https://detail.1688.com/offer/1080940717735.html,included,
1080913062367,lighting-market,lighting,跨境新款LED头灯便携强光户外野营感应头灯Type-c充电长续航防水,Portable Head Torch,"Portable Head Torch. Listed features: portable. Confirm the selected model, size and included items before ordering.",CNY,15,2.19,https://detail.1688.com/offer/1080913062367.html,included,
1080910214943,lighting-market,lighting,木纹客厅灯家用超亮2026新款中古风房间书房圆形卧室LED吸顶灯具,Ceiling Light,"Ceiling Light. Confirm the selected model, size and included items before ordering.",CNY,45.19,6.61,https://detail.1688.com/offer/1080910214943.html,included,
1080830240464,lighting-market,lighting,星星小猫拍拍小夜灯女孩卧室睡眠床头灯台灯儿童房柔光护眼伴睡灯,Head Torch,"Head Torch. Confirm the selected model, size and included items before ordering.",CNY,6,0.88,https://detail.1688.com/offer/1080830240464.html,included,
1080508207194,lighting-market,lighting,超亮强光远射大功率手电筒双光源充电多档照明灯夜骑钓鱼灯批发,Torch,"Torch. Confirm the selected model, size and included items before ordering.",CNY,20,2.93,https://detail.1688.com/offer/1080508207194.html,included,
1080347516607,lighting-market,lighting,太阳能路灯 太阳能户外庭院灯室外人体感应工程照明led一体路灯,Solar Street Light,"Solar Street Light. Confirm the selected model, size and included items before ordering.",CNY,94.68,13.85,https://detail.1688.com/offer/1080347516607.html,included,
1080323431789,lighting-market,lighting,新款户外露营照明手电筒挂式聚泛双光变焦远射充电便携,Portable Portable Camping Light,"Portable Portable Camping Light. Listed features: portable. Confirm the selected model, size and included items before ordering.",CNY,9,1.32,https://detail.1688.com/offer/1080323431789.html,included,
1080233243166,lighting-market,lighting,LED卡装盒装手电筒马卡龙色便携式超亮充电式儿童学生宿舍USB充电,Portable Torch,"Portable Torch. Listed features: portable. Confirm the selected model, size and included items before ordering.",CNY,4.8,0.7,https://detail.1688.com/offer/1080233243166.html,included,
1080121649877,lighting-market,lighting,客厅吊灯2026新款现代简约感客厅大主灯餐厅圆形灯全屋套餐灯具,Pendant Light,"Pendant Light. Confirm the selected model, size and included items before ordering.",CNY,269,39.36,https://detail.1688.com/offer/1080121649877.html,included,
1080065715134,lighting-market,lighting,迷你手电筒工作灯小型便携强光充电亮汽修维修灯磁吸式led笔灯户,Portable Torch,"Portable Torch. Listed features: portable. Confirm the selected model, size and included items before ordering.",CNY,7.9,1.16,https://detail.1688.com/offer/1080065715134.html,included,
1080065655590,lighting-market,lighting,迷你手电筒工作灯小型便携强光充电磁吸汽修维修灯LED笔灯户外露,Portable Torch,"Portable Torch. Listed features: portable. Confirm the selected model, size and included items before ordering.",CNY,7.9,1.16,https://detail.1688.com/offer/1080065655590.html,included,
1079996703285,lighting-market,lighting,HelloKitty水晶吊灯轻奢客厅餐厅卧室少女心网红ins风轻法式灯具,Pendant Light,"Pendant Light. Confirm the selected model, size and included items before ordering.",CNY,88,12.88,https://detail.1688.com/offer/1079996703285.html,included,
1079767721066,lighting-market,lighting,跨境胖达熊猫硅胶小夜灯拍拍灯卧室灯儿童护眼床头灯七彩氛围灯灯,Silicone Head Torch,"Silicone Head Torch. Listed features: silicone. Confirm the selected model, size and included items before ordering.",CNY,11.5,1.68,https://detail.1688.com/offer/1079767721066.html,included,
1079227239043,lighting-market,lighting,新款户外工作灯磁吸多功能强光照明手电筒红光警示聚泛双光夹帽灯,Clip-On Light,"Clip-On Light. Confirm the selected model, size and included items before ordering.",CNY,5.5,0.8,https://detail.1688.com/offer/1079227239043.html,included,
1078994462318,lighting-market,lighting,意大利设计师客厅卧室灯北欧酒店别墅样板房简约餐厅艺术花瓣吊灯,Pendant Light,"Pendant Light. Confirm the selected model, size and included items before ordering.",CNY,1035,151.44,https://detail.1688.com/offer/1078994462318.html,included,
1078985250563,lighting-market,lighting,法式创意贝壳陶瓷吊灯美式复古卧室客厅餐厅吊灯复古高级灯具照迎,Pendant Light,"Pendant Light. Confirm the selected model, size and included items before ordering.",CNY,888,129.93,https://detail.1688.com/offer/1078985250563.html,included,
1078904180260,lighting-market,lighting,跨境太阳能路灯一体化照明灯人体感应遥控壁灯户外IP67防水庭院灯,Solar Street Light,"Solar Street Light. Confirm the selected model, size and included items before ordering.",CNY,39.9,5.84,https://detail.1688.com/offer/1078904180260.html,included,
1078903475929,lighting-market,lighting,新款充电便携手电筒户外日常照明大光圈防水多档调节带COB侧灯,Portable Torch,"Portable Torch. Listed features: portable. Confirm the selected model, size and included items before ordering.",CNY,11.5,1.68,https://detail.1688.com/offer/1078903475929.html,included,
1078848417748,lighting-market,lighting,太阳能户外露营灯摆摊灯夜市灯超亮LED照明应急灯超长续航,Portable Camping Light,"Portable Camping Light. Confirm the selected model, size and included items before ordering.",CNY,18.56,2.72,https://detail.1688.com/offer/1078848417748.html,included,
1078564770090,lighting-market,lighting,新款多功能户外照明高亮强光手电筒伸缩调焦便携耐用折叠侧灯可充,Foldable Telescopic Torch,"Foldable Telescopic Torch. Listed features: foldable, telescopic, portable. Confirm the selected model, size and included items before ordering.",CNY,9.9,1.45,https://detail.1688.com/offer/1078564770090.html,included,
1078451999026,lighting-market,lighting,长杆 COB 维修工作灯强磁吸附可悬挂汽修检修充电LED手持照明灯0,Work Light,"Work Light. Confirm the selected model, size and included items before ordering.",CNY,21,3.07,https://detail.1688.com/offer/1078451999026.html,included,
1078082201052,lighting-market,lighting,微笑鲨新款户外照明迷你手电筒强光可充电耐用便携小型LED手电筒,Portable Torch,"Portable Torch. Listed features: portable. Confirm the selected model, size and included items before ordering.",CNY,4,0.59,https://detail.1688.com/offer/1078082201052.html,included,
1078030038999,lighting-market,lighting,3D台灯配件创意小夜灯氛围灯充电卧室装饰16色遥控,Desk Lamp,"Desk Lamp. Confirm the selected model, size and included items before ordering.",CNY,9.5,1.39,https://detail.1688.com/offer/1078030038999.html,included,
1077708406399,lighting-market,lighting,跨境创意复古藤编台灯餐厅酒吧氛围桌灯卧室床头装饰可调光小夜灯,Desk Lamp,"Desk Lamp. Confirm the selected model, size and included items before ordering.",CNY,22.8,3.34,https://detail.1688.com/offer/1077708406399.html,included,
1077503655271,lighting-market,lighting,法式奶油风吊线灯现代简约卧室房间床头小吊灯创意高级感玄关灯具,Pendant Light,"Pendant Light. Confirm the selected model, size and included items before ordering.",CNY,46,6.73,https://detail.1688.com/offer/1077503655271.html,included,
1077272803185,lighting-market,lighting,跨境日式侘寂风蚕丝吊灯现代卧室灯客厅民宿茶室酒店餐厅吧台灯,Desk Lamp,"Desk Lamp. Confirm the selected model, size and included items before ordering.",CNY,120,17.56,https://detail.1688.com/offer/1077272803185.html,included,
1077207951866,lighting-market,lighting,led小夜灯USB充电款卧室照明台灯创意装饰遥控床头氛围灯跨境批发,Desk Lamp,"Desk Lamp. Confirm the selected model, size and included items before ordering.",CNY,42,6.15,https://detail.1688.com/offer/1077207951866.html,included,
1076898171108,lighting-market,lighting,新款太阳能一体化感应路灯户外庭院家用超亮LED路灯厂家直销批发,Solar Street Light,"Solar Street Light. Confirm the selected model, size and included items before ordering.",CNY,101,14.78,https://detail.1688.com/offer/1076898171108.html,included,
1076656540883,lighting-market,lighting,5号电池台灯大学生住宿宿舍学习书桌阅读插电式折叠小巧宿舍台灯,Foldable Desk Lamp,"Foldable Desk Lamp. Listed features: foldable. Confirm the selected model, size and included items before ordering.",CNY,12.9,1.89,https://detail.1688.com/offer/1076656540883.html,included,
1076362082837,lighting-market,lighting,装饰台灯高级感卧室床头台灯轻奢客厅触摸小夜灯网红爆款跑道台灯,Desk Lamp,"Desk Lamp. Confirm the selected model, size and included items before ordering.",CNY,13.99,2.05,https://detail.1688.com/offer/1076362082837.html,included,
1076168444733,lighting-market,lighting,小夜灯插电节能灯夜光灯卧室led灯具床头浪漫氛围灯儿童睡觉壁灯,Wall Light,"Wall Light. Confirm the selected model, size and included items before ordering.",CNY,3.5,0.51,https://detail.1688.com/offer/1076168444733.html,included,
1075549494738,lighting-market,lighting,led充电酒吧台灯气氛灯餐厅清吧氛围灯桌面餐桌酒吧桌灯小夜灯,Desk Lamp,"Desk Lamp. Confirm the selected model, size and included items before ordering.",CNY,19.94,2.92,https://detail.1688.com/offer/1075549494738.html,included,
1075233155050,lighting-market,lighting,2026高颜值小清新LED节能桌面塑料装饰家居暖光发光台灯小夜灯,Plastic Desk Lamp,"Plastic Desk Lamp. Listed features: plastic. Confirm the selected model, size and included items before ordering.",CNY,23.45,3.43,https://detail.1688.com/offer/1075233155050.html,included,
1074990672758,lighting-market,lighting,厂家批发复古无火融蜡灯简约轻奢香薰灯高档卧室台灯跨境电商,Desk Lamp,"Desk Lamp. Confirm the selected model, size and included items before ordering.",CNY,47.6,6.96,https://detail.1688.com/offer/1074990672758.html,included,
1074603837923,lighting-market,lighting,小夜灯卧室床头灯遥控充电触摸台灯夜间睡眠婴儿喂奶护眼灯礼品,Head Torch,"Head Torch. Confirm the selected model, size and included items before ordering.",CNY,6.69,0.98,https://detail.1688.com/offer/1074603837923.html,included,
1074373519436,lighting-market,lighting,小夜灯氛围感水波纹高脚台灯浪漫卧室桌面氛围灯暖光情侣节日礼物,Desk Lamp,"Desk Lamp. Confirm the selected model, size and included items before ordering.",CNY,46.29,6.77,https://detail.1688.com/offer/1074373519436.html,included,
1074253883403,lighting-market,lighting,普宇学生宿舍专用台灯无蓝光危害无可视频闪书桌阅读护眼灯,Desk Lamp,"Desk Lamp. Confirm the selected model, size and included items before ordering.",CNY,54.5,7.97,https://detail.1688.com/offer/1074253883403.html,included,
1074230501901,lighting-market,lighting,日式侘寂风卧室吸顶灯全光谱北欧复古客厅吸顶灯餐厅黄洞石吸顶灯,Ceiling Light,"Ceiling Light. Confirm the selected model, size and included items before ordering.",CNY,450,65.84,https://detail.1688.com/offer/1074230501901.html,included,
1074081738941,lighting-market,lighting,亚克力小夜灯企业商务纪念礼品公司周年庆伴手礼创意桌面台灯摆件,Desk Lamp,"Desk Lamp. Confirm the selected model, size and included items before ordering.",CNY,48,7.02,https://detail.1688.com/offer/1074081738941.html,included,
1073518309176,lighting-market,lighting,LED开关节能小夜灯3w插电睡眠婴儿宝宝卧室护眼喂奶床头灯插座灯,Head Torch,"Head Torch. Confirm the selected model, size and included items before ordering.",CNY,4.7,0.69,https://detail.1688.com/offer/1073518309176.html,included,
1072172021815,lighting-market,lighting,亚克力小夜灯汽车图案纪念发光台灯企业周年庆文创伴手礼礼品摆件,Desk Lamp,"Desk Lamp. Confirm the selected model, size and included items before ordering.",CNY,48,7.02,https://detail.1688.com/offer/1072172021815.html,included,
1071274982040,lighting-market,lighting,新款AI智能语音学习台灯LED护眼绘本指读学习灯同步教材阅读护眼,Desk Lamp,"Desk Lamp. Confirm the selected model, size and included items before ordering.",CNY,108,15.8,https://detail.1688.com/offer/1071274982040.html,included,
1071221349495,lighting-market,lighting,实木大厅灯中国风宋代美学餐厅灯具2026年新款新中式全铜客厅吊灯,Pendant Light,"Pendant Light. Confirm the selected model, size and included items before ordering.",CNY,435,63.65,https://detail.1688.com/offer/1071221349495.html,included,
1071057034710,lighting-market,lighting,中古实木台灯桌面装饰复古轻奢感房间卧室床头阅读氛围小夜灯,Desk Lamp,"Desk Lamp. Confirm the selected model, size and included items before ordering.",CNY,138,20.19,https://detail.1688.com/offer/1071057034710.html,included,
1070817175190,lighting-market,lighting,护眼台灯学习学生宿舍可充电专用阅读儿童卧室床头灯折叠阅读台灯,Foldable Head Torch,"Foldable Head Torch. Listed features: foldable. Confirm the selected model, size and included items before ordering.",CNY,19,2.78,https://detail.1688.com/offer/1070817175190.html,included,
1070691048914,lighting-market,lighting,法式客厅吊灯奶油风五叶花2026新款水晶玻璃餐厅复古田园大厅灯具,Pendant Light,"Pendant Light. Confirm the selected model, size and included items before ordering.",CNY,145,21.22,https://detail.1688.com/offer/1070691048914.html,included,
1070623487315,lighting-market,lighting,节能护眼小夜灯插电楼道led灯宿舍壁灯卧室厕所家用床头灯带开关,Head Torch,"Head Torch. Confirm the selected model, size and included items before ordering.",CNY,4.55,0.67,https://detail.1688.com/offer/1070623487315.html,included,
1070446833602,lighting-market,lighting,儿童台灯学习笔筒护眼灯阅读灯带时钟大学生宿舍书桌灯充电插电式,Desk Organiser,"Desk Organiser. Confirm the selected model, size and included items before ordering.",CNY,20.8,3.04,https://detail.1688.com/offer/1070446833602.html,included,
1070396572769,lighting-market,lighting,光控感应小夜灯床头灯睡觉卧室灯夜光灯led灯节能灯泡超亮省电,Head Torch,"Head Torch. Confirm the selected model, size and included items before ordering.",CNY,7.74,1.13,https://detail.1688.com/offer/1070396572769.html,included,
1069852800226,lighting-market,lighting,夹子台灯学习大学生LED宿舍护眼插电书桌充电卧室床头灯,Head Torch,"Head Torch. Confirm the selected model, size and included items before ordering.",CNY,16,2.34,https://detail.1688.com/offer/1069852800226.html,included,
1069504884288,lighting-market,lighting,跨境爆款户外防水庭院灯家用照明路灯农村一体化太阳能雷达感应灯,Outdoor Garden Light,"Outdoor Garden Light. Confirm the selected model, size and included items before ordering.",CNY,58,8.49,https://detail.1688.com/offer/1069504884288.html,included,
1069142705829,lighting-market,lighting,led折叠台灯护眼阅读写作充插两用小夜灯小台灯源头厂家跨境批发,Foldable Desk Lamp,"Foldable Desk Lamp. Listed features: foldable. Confirm the selected model, size and included items before ordering.",CNY,9.7,1.42,https://detail.1688.com/offer/1069142705829.html,included,
1068592033110,lighting-market,lighting,轻奢水晶客厅吊灯现代简约大气大厅主灯2026新款圆环餐厅卧室灯具,Pendant Light,"Pendant Light. Confirm the selected model, size and included items before ordering.",CNY,196,28.68,https://detail.1688.com/offer/1068592033110.html,included,
1068144428112,lighting-market,lighting,led护眼台灯智能数显学习学生专用床头灯宿舍充电卧室床头阅读灯,Head Torch,"Head Torch. Confirm the selected model, size and included items before ordering.",CNY,13.8,2.02,https://detail.1688.com/offer/1068144428112.html,included,
1068128431245,lighting-market,lighting,台灯学习宿舍挂钩灯学生卧室磁吸酷毙灯led护眼灯充电阅读床头灯,Head Torch,"Head Torch. Confirm the selected model, size and included items before ordering.",CNY,6,0.88,https://detail.1688.com/offer/1068128431245.html,included,
1068041240796,lighting-market,lighting,微笑鲨户外露营灯野营氛围灯挂式ABS暖光泛光可充电营地照明灯,Portable Camping Light,"Portable Camping Light. Confirm the selected model, size and included items before ordering.",CNY,9.5,1.39,https://detail.1688.com/offer/1068041240796.html,included,
1067950116686,lighting-market,lighting,代发跨境颜色害羞小弟弟台灯方脸羞羞小夜灯充电款创意有趣夜灯,Desk Lamp,"Desk Lamp. Confirm the selected model, size and included items before ordering.",CNY,31,4.54,https://detail.1688.com/offer/1067950116686.html,included,
1066709067583,lighting-market,lighting,太阳能户外照明灯家用小区庭院充电投光灯道路工程农村太阳能路灯,Solar Street Light,"Solar Street Light. Confirm the selected model, size and included items before ordering.",CNY,58,8.49,https://detail.1688.com/offer/1066709067583.html,included,
1066663787311,lighting-market,lighting,亚马逊爆款布艺台灯触控充电可调光氛围灯客厅卧室餐厅装饰小夜灯,Desk Lamp,"Desk Lamp. Confirm the selected model, size and included items before ordering.",CNY,14,2.05,https://detail.1688.com/offer/1066663787311.html,included,
1066157786428,lighting-market,lighting,中古风落地一体灯卧室客厅沙发旁摆件氛围落地灯灯卧室床头柜台灯,Desk Lamp,"Desk Lamp. Confirm the selected model, size and included items before ordering.",CNY,108,15.8,https://detail.1688.com/offer/1066157786428.html,included,
1065896799370,lighting-market,lighting,跨境热销一体太阳能照明灯户外防水路灯大功率超亮太阳能庭院灯,Solar Street Light,"Solar Street Light. Confirm the selected model, size and included items before ordering.",CNY,119.9,17.54,https://detail.1688.com/offer/1065896799370.html,included,
1065723695379,lighting-market,lighting,跨境户外露营灯多功能长续航USB充电野营工作灯应急照明灯氛围灯,Portable Camping Light,"Portable Camping Light. Confirm the selected model, size and included items before ordering.",CNY,25,3.66,https://detail.1688.com/offer/1065723695379.html,included,
1065610828245,lighting-market,lighting,微笑鲨USB充电铝合金迷你手电筒高亮照明伸缩变焦便携小巧尾部开,Telescopic Portable Torch,"Telescopic Portable Torch. Listed features: telescopic, portable. Confirm the selected model, size and included items before ordering.",CNY,5,0.73,https://detail.1688.com/offer/1065610828245.html,included,
1065378821164,lighting-market,lighting,跨境新款太阳能户外庭院灯家用阳台照明磁吸壁灯人体感应超亮路灯,Solar Street Light,"Solar Street Light. Confirm the selected model, size and included items before ordering.",CNY,19,2.78,https://detail.1688.com/offer/1065378821164.html,included,
1065229380403,lighting-market,lighting,复式楼吊灯楼梯自建房别墅客厅水晶灯简约现代楼中楼中空豪华灯具,Pendant Light,"Pendant Light. Confirm the selected model, size and included items before ordering.",CNY,1350,197.53,https://detail.1688.com/offer/1065229380403.html,included,
1064871214479,lighting-market,lighting,太阳能充电户外露营超长续航夜市照明灯摆摊地摊帐篷停电应急家用,Portable Camping Light,"Portable Camping Light. Confirm the selected model, size and included items before ordering.",CNY,5.3,0.78,https://detail.1688.com/offer/1064871214479.html,included,
1064686864664,lighting-market,lighting,led灯泡 球泡灯 高亮白富美高富帅平头灯阻容款平头灯 馨惠照明,LED Light Bulb,"LED Light Bulb. Confirm the selected model, size and included items before ordering.",CNY,1.1,0.16,https://detail.1688.com/offer/1064686864664.html,included,
1064232055806,lighting-market,lighting,LED折叠台灯护眼学生学习专用宿舍桌面卧室床头插电防蓝光阅读灯,Foldable Desk Lamp,"Foldable Desk Lamp. Listed features: foldable. Confirm the selected model, size and included items before ordering.",CNY,7.5,1.1,https://detail.1688.com/offer/1064232055806.html,included,
1064176850622,lighting-market,lighting,led笔筒台灯学生专用护眼宿舍阅读床头灯 充插两用创意礼品小台灯,Head Torch,"Head Torch. Confirm the selected model, size and included items before ordering.",CNY,7.8,1.14,https://detail.1688.com/offer/1064176850622.html,included,
1089749104829,lighting-market,lighting,跨境强光手电筒 金属防滑筒身 随身手电露营夜跑照明批发0,Portable Camping Light,"Portable Camping Light. Confirm the selected model, size and included items before ordering.",CNY,1.68,0.25,https://detail.1688.com/offer/1089749104829.html,included,
1089140564212,lighting-market,lighting,充电触摸小夜灯拍拍床头灯婴儿喂奶灯家用卧室灯柔光三色氛围灯,Head Torch,"Head Torch. Confirm the selected model, size and included items before ordering.",CNY,3.7,0.54,https://detail.1688.com/offer/1089140564212.html,included,
1088708185982,lighting-market,lighting,电商货源手电筒 四色金属筒身 随身应急 LED 照明手电批发0,Torch,"Torch. Confirm the selected model, size and included items before ordering.",CNY,1.68,0.25,https://detail.1688.com/offer/1088708185982.html,included,
1088519568038,lighting-market,lighting,2025年新款侘寂风吊灯酒店民宿客厅灯奶油风高级感卧室洞石小吊灯,Pendant Light,"Pendant Light. Confirm the selected model, size and included items before ordering.",CNY,95,13.9,https://detail.1688.com/offer/1088519568038.html,included,
1088517288336,lighting-market,lighting,简约现代卧室灯轻奢艺术玻璃新款水晶轻奢书房法式灯吸顶灯轻奢风,Ceiling Light,"Ceiling Light. Confirm the selected model, size and included items before ordering.",CNY,138,20.19,https://detail.1688.com/offer/1088517288336.html,included,
1088448464078,lighting-market | furniture-lighting,lighting,宴会厅包厢吊灯西餐厅包间饭店包房高档会所餐饮酒店大堂中式灯具,Pendant Light,"Pendant Light. Confirm the selected model, size and included items before ordering.",CNY,10000,1463.16,https://detail.1688.com/offer/1088448464078.html,included,
1088052177986,lighting-market,lighting,太阳能照明灯家用户外灯庭院灯超亮农村防水路灯天黑自动亮投光灯,Solar Street Light,"Solar Street Light. Confirm the selected model, size and included items before ordering.",CNY,11.23,1.64,https://detail.1688.com/offer/1088052177986.html,included,
1087866653485,lighting-market,lighting,可爱公仔款钥匙扣工作灯多功能迷你随身挂灯便携LED照明可做赠送,Portable Work Light,"Portable Work Light. Listed features: portable. Confirm the selected model, size and included items before ordering.",CNY,5.9,0.86,https://detail.1688.com/offer/1087866653485.html,included,
1087783360021,lighting-market,lighting,跨境款爆单户外太阳能照明灯人体感应花园庭院灯太阳能一体化路灯,Solar Street Light,"Solar Street Light. Confirm the selected model, size and included items before ordering.",CNY,25,3.66,https://detail.1688.com/offer/1087783360021.html,included,
1087779797773,lighting-market | furniture-lighting,lighting,跨境工业风复古木艺吊灯创意个性餐厅咖啡店吧台长条木吊灯,Pendant Light,"Pendant Light. Confirm the selected model, size and included items before ordering.",CNY,98,14.34,https://detail.1688.com/offer/1087779797773.html,included,
1087685373220,lighting-market,lighting,太阳能庭院灯户外家用防水新农村一体化路灯大功率人体感应照明灯,Solar Street Light,"Solar Street Light. Confirm the selected model, size and included items before ordering.",CNY,48,7.02,https://detail.1688.com/offer/1087685373220.html,included,
1087677301740,lighting-market,lighting,太阳能路灯6米新农村户外家用庭院灯防水超亮大功率太阳能照明灯,Solar Street Light,"Solar Street Light. Confirm the selected model, size and included items before ordering.",CNY,125,18.29,https://detail.1688.com/offer/1087677301740.html,included,
1087498000634,lighting-market | furniture-lighting,lighting,轻奢法式水晶吊灯别墅挑空客厅餐厅大厅满天星创意萤火虫装饰灯具,Pendant Light,"Pendant Light. Confirm the selected model, size and included items before ordering.",CNY,88,12.88,https://detail.1688.com/offer/1087498000634.html,included,
895642768202,electronics-market,accessories,WLISTH瑞士品牌外贸潮流防水多功能电子手表时尚运动硅胶带电子表,Silicone Watch,"Silicone Watch. Listed features: silicone. Confirm the selected model, size and included items before ordering.",CNY,35,5.12,https://detail.1688.com/offer/895642768202.html,included,
571352922350,electronics-market,general,带轮折叠600kg电子台秤磅秤家用300公斤称重电子秤1000公斤商用称,Foldable Electronic Scale,"Foldable Electronic Scale. Listed features: foldable. Confirm the selected model, size and included items before ordering.",CNY,208,30.43,https://detail.1688.com/offer/571352922350.html,included,
654514080320,electronics-market,electronics,电子元器件BOM配单 二极管三极管集成电路IC 芯片单片机电子元件,Electronic Component,"Electronic Component. Confirm the selected model, size and included items before ordering.",CNY,0.95,0.14,https://detail.1688.com/offer/654514080320.html,held,service-or-assortment
650045282214,electronics-market,general,飞恒E218C计数秤 100kg高精度台式电子称 精准磅秤商用称重电子秤,Electronic Scale,"Electronic Scale. Confirm the selected model, size and included items before ordering.",CNY,298,43.6,https://detail.1688.com/offer/650045282214.html,included,
904257286031,electronics-market,accessories,品牌多功能双显电子表运动风男士手表钢带石英腕表直播外贸爆款表,Watch,"Watch. Confirm the selected model, size and included items before ordering.",CNY,105,15.36,https://detail.1688.com/offer/904257286031.html,included,
604420999698,electronics-market,general,佰伦斯TCS-11电子秤工业计数秤称数量台秤50/75/200kg仓库点数秤,Electronic Scale,"Electronic Scale. Confirm the selected model, size and included items before ordering.",CNY,320,46.82,https://detail.1688.com/offer/604420999698.html,included,
901794829201,electronics-market,general,上海耀华XK3190A12电子台秤100kg/150/300高精度计重工业台称工厂,Platform Weighing Scale,"Platform Weighing Scale. Confirm the selected model, size and included items before ordering.",CNY,340,49.75,https://detail.1688.com/offer/901794829201.html,included,
772452963497,electronics-market,accessories,时刻美电子手表学生男女情侣手表夜光防水闹钟计时多功能电子腕表,Watch,"Watch. Confirm the selected model, size and included items before ordering.",CNY,21,3.07,https://detail.1688.com/offer/772452963497.html,included,
946149040111,electronics-market,general,升级多锐体脂秤精准体重秤家用电子秤人体秤智能体脂称充电体重称,Electronic Scale,"Electronic Scale. Confirm the selected model, size and included items before ordering.",CNY,13.5,1.98,https://detail.1688.com/offer/946149040111.html,included,
692626558016,electronics-market,electronics,USB转4Pin端子线AI 算力模块供电线AI模块/AI传感器/AI摄像数据线,Electronic Wiring Harness,"Electronic Wiring Harness. Confirm the selected model, size and included items before ordering.",CNY,2.25,0.33,https://detail.1688.com/offer/692626558016.html,included,
943781578180,electronics-market,general,跨境TEMU英文版体重秤蓝牙APP体脂秤人体电子秤充电外贸体重称,Electronic Scale,"Electronic Scale. Confirm the selected model, size and included items before ordering.",CNY,13,1.9,https://detail.1688.com/offer/943781578180.html,included,
545470926802,electronics-market,accessories,时刻美男士防水电子手表多功能超大双显电子表户外运动手表批发男,Watch,"Watch. Confirm the selected model, size and included items before ordering.",CNY,37,5.41,https://detail.1688.com/offer/545470926802.html,included,
619880847545,electronics-market,general,2012电子秤厨房小型克秤精准克重称量器电子称食物称5kg咖啡克称,Electronic Scale,"Electronic Scale. Confirm the selected model, size and included items before ordering.",CNY,14,2.05,https://detail.1688.com/offer/619880847545.html,included,
675150963438,electronics-market,electronics,SH1.0端子线电子线线材微电马达玩具电池无人机汽车电子线束加工,Electronic Wiring Harness,"Electronic Wiring Harness. Confirm the selected model, size and included items before ordering.",CNY,0.05,0.01,https://detail.1688.com/offer/675150963438.html,included,
1041834137459,electronics-market,accessories,POEDAGAR新款电子表多功能计时运动钢带男士手表直播外贸爆款腕表,Watch,"Watch. Confirm the selected model, size and included items before ordering.",CNY,46,6.73,https://detail.1688.com/offer/1041834137459.html,included,
597964032204,electronics-market,electronics,电子元器件配单集成电路二三级管配单一站式ic元件芯片BOM配套,Electronic Component,"Electronic Component. Confirm the selected model, size and included items before ordering.",CNY,1,0.15,https://detail.1688.com/offer/597964032204.html,held,service-or-assortment
572717424180,electronics-market,general,境外贸cs珠宝秤0.01g高精度珠宝称电子称黄金首饰口袋秤 电子秤,Electronic Scale,"Electronic Scale. Confirm the selected model, size and included items before ordering.",CNY,9.3,1.36,https://detail.1688.com/offer/572717424180.html,included,
1054631542342,electronics-market,accessories,小方块电子表单显多功能防水运动手表男女学生党夜光跨境电子手表,Watch,"Watch. Confirm the selected model, size and included items before ordering.",CNY,22,3.22,https://detail.1688.com/offer/1054631542342.html,included,
783936871238,electronics-market,accessories,三达跨境热销钢铁&之芯双显电子表潮流运动钢带男士防水电子手表,Watch,"Watch. Confirm the selected model, size and included items before ordering.",CNY,61,8.93,https://detail.1688.com/offer/783936871238.html,included,
965422175078,electronics-market,electronics,一站式BOM配单 电子元器件 芯片单片机半导体二三极管 集成电路IC,Electronic Component,"Electronic Component. Confirm the selected model, size and included items before ordering.",CNY,1,0.15,https://detail.1688.com/offer/965422175078.html,held,service-or-assortment
728648107186,electronics-market,electronics,康瑞新能源汽车连接器线束继电器端子汽车灯防水端子线加工定制,Electronic Wiring Harness,"Electronic Wiring Harness. Confirm the selected model, size and included items before ordering.",CNY,0.1,0.01,https://detail.1688.com/offer/728648107186.html,included,
676059040969,electronics-market,electronics,1007-22AWG电子导线 点透明胶采集线束 PH2.0-9PIN单头端子线,Electronic Wiring Harness,"Electronic Wiring Harness. Confirm the selected model, size and included items before ordering.",CNY,0.35,0.05,https://detail.1688.com/offer/676059040969.html,included,
866122345556,electronics-market,electronics,MAX3088ESA+T SOIC-8 RS-485/RS-422芯片 电子元器件配单,MAX3088ESA Electronic Component,"MAX3088ESA Electronic Component. Confirm the selected model, size and included items before ordering.",CNY,3.5,0.51,https://detail.1688.com/offer/866122345556.html,held,service-or-assortment
576972760659,electronics-market,electronics,AG13纽扣电池 荧光棒小夜灯扣式小电子 LR44碱性钮扣电池厂家批发,Night Light,"Night Light. Confirm the selected model, size and included items before ordering.",CNY,0.06,0.01,https://detail.1688.com/offer/576972760659.html,included,
719106309886,electronics-market,general,无线打印电子吊秤厂家批发电子行车秤圆桶直视起重钢体称挂钩称,Hanging Scale,"Hanging Scale. Confirm the selected model, size and included items before ordering.",CNY,293.54,42.95,https://detail.1688.com/offer/719106309886.html,included,
655482404490,electronics-market,electronics,AGM311MAP DFN3.3*3.3封装 贴片集成 IC电路芯片 电子元器件 配套,AGM311MAP Electronic Component,"AGM311MAP Electronic Component. Confirm the selected model, size and included items before ordering.",CNY,0.8,0.12,https://detail.1688.com/offer/655482404490.html,included,
608195467909,electronics-market,general,体重秤电子秤智能家用女精准健康人体称计批发一件代发体脂秤,Electronic Scale,"Electronic Scale. Confirm the selected model, size and included items before ordering.",CNY,18.5,2.71,https://detail.1688.com/offer/608195467909.html,included,
681659238699,electronics-market,general,电子秤体脂秤批发家用人体体脂称智能体重秤(支持HUAWEI HiLink),Electronic Scale,"Electronic Scale. Confirm the selected model, size and included items before ordering.",CNY,23,3.37,https://detail.1688.com/offer/681659238699.html,included,
809344563326,electronics-market,general,精准体重秤智能连蓝牙可充电款体脂秤电子秤腰线体重秤称体重家用,Electronic Scale,"Electronic Scale. Confirm the selected model, size and included items before ordering.",CNY,11,1.61,https://detail.1688.com/offer/809344563326.html,included,
1006740185269,electronics-market,accessories,一件代发瑞士品牌多功能方形电子表男士时尚潮流户外计时学生手表,Watch,"Watch. Confirm the selected model, size and included items before ordering.",CNY,2,0.29,https://detail.1688.com/offer/1006740185269.html,included,
922809437620,electronics-market,accessories,跨境热卖卡通卡皮巴拉电子表中小学生党时尚个性手表 印花LED手表,Watch,"Watch. Confirm the selected model, size and included items before ordering.",CNY,2.6,0.38,https://detail.1688.com/offer/922809437620.html,included,
999859897033,electronics-market,electronics,FZ2400R17HP4 半导体 电子元器件 全新IGBT模块  型号齐全,IGBT Power Module,"IGBT Power Module. Confirm the selected model, size and included items before ordering.",CNY,5020,734.5,https://detail.1688.com/offer/999859897033.html,included,
614480855220,electronics-market,general,电子秤批发迷你珠宝秤克重称便携式高精度工具盒珠宝称微型口袋称,Portable Electronic Scale,"Portable Electronic Scale. Listed features: portable. Confirm the selected model, size and included items before ordering.",CNY,10.5,1.54,https://detail.1688.com/offer/614480855220.html,included,
862643626109,electronics-market,electronics,定制电子玩具录变音IC 变音IC 变声IC 录音掉电保存芯片方案开发,Electronic Component,"Electronic Component. Confirm the selected model, size and included items before ordering.",CNY,1.31,0.19,https://detail.1688.com/offer/862643626109.html,included,
1039791056435,electronics-market,accessories,SANDA双显方表运动防水多功能三地时间星期电子表大表盘男士手表,Watch,"Watch. Confirm the selected model, size and included items before ordering.",CNY,38,5.56,https://detail.1688.com/offer/1039791056435.html,included,
1051726862077,electronics-market,electronics,CM150RL-24NF  CM200RL-24NF  IGBT模块  新能源电子 半导体 现货,IGBT Power Module,"IGBT Power Module. Confirm the selected model, size and included items before ordering.",CNY,880,128.76,https://detail.1688.com/offer/1051726862077.html,included,
893309920878,electronics-market,general,批发便捷家用手提称 50kg 电子秤小型买菜秤钓鱼行李秤快递数字,Electronic Scale,"Electronic Scale. Confirm the selected model, size and included items before ordering.",CNY,6,0.88,https://detail.1688.com/offer/893309920878.html,included,
688355821407,electronics-market,electronics,SM15133EKESOP8SMEH明微电子PWM智能调光LED线性恒流芯片恒流驱动,SM15133EKESOP8SMEH Electronic Component,"SM15133EKESOP8SMEH Electronic Component. Confirm the selected model, size and included items before ordering.",CNY,0.68,0.1,https://detail.1688.com/offer/688355821407.html,included,
980809150302,electronics-market,general,现货批发家用电子手提秤50KG 行李秤便携式电子秤 钓鱼秤快递包裹,Portable Electronic Scale,"Portable Electronic Scale. Listed features: portable. Confirm the selected model, size and included items before ordering.",CNY,14,2.05,https://detail.1688.com/offer/980809150302.html,included,
620232166123,electronics-market,general,高精度不锈钢电子厨房秤药材克秤迷你珠宝台秤家用烘焙食物电子秤,Stainless Steel Electronic Scale,"Stainless Steel Electronic Scale. Listed features: stainless steel. Confirm the selected model, size and included items before ordering.",CNY,25,3.66,https://detail.1688.com/offer/620232166123.html,included,
966566807716,electronics-market,electronics,SH1.0-16P端子线AI机器人线束电源系统电池信息反馈线控制板接线,Electronic Wiring Harness,"Electronic Wiring Harness. Confirm the selected model, size and included items before ordering.",CNY,2,0.29,https://detail.1688.com/offer/966566807716.html,included,
720426095611,electronics-market,electronics,AT24C02 封装DIP-8 EPROM可编程只读存储器芯片IC 电子元器件配单,Memory IC,"Memory IC. Confirm the selected model, size and included items before ordering.",CNY,0.2,0.03,https://detail.1688.com/offer/720426095611.html,held,service-or-assortment
741742885734,electronics-market,electronics,科宝隆HY空接公母端子尾部上锡2P3P4P电子线束连接器UL1007 24AWG,Electronic Wiring Harness,"Electronic Wiring Harness. Confirm the selected model, size and included items before ordering.",CNY,0.35,0.05,https://detail.1688.com/offer/741742885734.html,included,
773347058887,electronics-market,accessories,Henlimax宇峰CR2025厂家直营电子表手表圆形纽扣电池3v通用,Watch,"Watch. Confirm the selected model, size and included items before ordering.",CNY,0.6,0.09,https://detail.1688.com/offer/773347058887.html,included,
718634281872,electronics-market,electronics,TC4056A 封装SOP-8 A档 锂电池1A充电 电子元器件 电池管理芯片,TC4056A Electronic Component,"TC4056A Electronic Component. Confirm the selected model, size and included items before ordering.",CNY,0.07,0.01,https://detail.1688.com/offer/718634281872.html,included,
999055054976,electronics-market,electronics,FZ2400R17HE4P_B9  电子元器件  全新IGBT模块  型号齐全,IGBT Power Module,"IGBT Power Module. Confirm the selected model, size and included items before ordering.",CNY,5050,738.89,https://detail.1688.com/offer/999055054976.html,included,
1038295981231,electronics-market,accessories,SANDA运动表单显青少年防水个性酒桶腕表多功能倒计时贪睡电子表,Watch,"Watch. Confirm the selected model, size and included items before ordering.",CNY,28,4.1,https://detail.1688.com/offer/1038295981231.html,included,
834907623509,electronics-market,electronics,BP2535C BP2535C 封装SOT33-5A 电子元器件 集成电路IC一站式配单,BP2535C Electronic Component,"BP2535C Electronic Component. Confirm the selected model, size and included items before ordering.",CNY,0.5,0.07,https://detail.1688.com/offer/834907623509.html,held,service-or-assortment
769156474724,electronics-market,accessories,源头工厂碱性纽扣电池LR44手表玩具电子产品专用锌锰扣式跨境认证,Watch,"Watch. Confirm the selected model, size and included items before ordering.",CNY,0.06,0.01,https://detail.1688.com/offer/769156474724.html,included,
577272814263,electronics-market,accessories,厂家批发工业装AG3纽扣电池 散装LR41耳勺体温计手表小夜灯电子,Watch,"Watch. Confirm the selected model, size and included items before ordering.",CNY,0.02,,https://detail.1688.com/offer/577272814263.html,held,invalid-price
1036534884215,electronics-market,electronics,联辉科SZY8365功放芯片2.8W童车灯光音乐ic集成电路电子元器件,SZY8365 Electronic Component,"SZY8365 Electronic Component. Confirm the selected model, size and included items before ordering.",CNY,0.68,0.1,https://detail.1688.com/offer/1036534884215.html,included,
893485912892,electronics-market,electronics,厂家定制  XH2.54红黑端子线公母对插小电器电池电源电子连接线束,Electronic Wiring Harness,"Electronic Wiring Harness. Confirm the selected model, size and included items before ordering.",CNY,0.13,0.02,https://detail.1688.com/offer/893485912892.html,included,
674671195411,electronics-market,electronics,RNB2-3圆环冷压端子线 RV0.75平方高温电线 电器配电柜照明线束,Electronic Wiring Harness,"Electronic Wiring Harness. Confirm the selected model, size and included items before ordering.",CNY,0.39,0.06,https://detail.1688.com/offer/674671195411.html,included,
642402236956,electronics-market,electronics,工厂直供10274电动车连接线 LED台灯端子线束 5500/5600端子线束,Electronic Wiring Harness,"Electronic Wiring Harness. Confirm the selected model, size and included items before ordering.",CNY,0.1,0.01,https://detail.1688.com/offer/642402236956.html,included,
862767263613,electronics-market,electronics,供应电子玩具录变音IC 变音IC 变声IC 录音掉电保存芯片方案开发,Electronic Component,"Electronic Component. Confirm the selected model, size and included items before ordering.",CNY,1.35,0.2,https://detail.1688.com/offer/862767263613.html,included,
921432923358,electronics-market,electronics,LM317MDT 封装TO-252 低压差线性 三端稳压器IC LM317 电子元器件,Electronic Component,"Electronic Component. Confirm the selected model, size and included items before ordering.",CNY,0.25,0.04,https://detail.1688.com/offer/921432923358.html,included,
929638727858,electronics-market,electronics,TM1650 封装SOP-16 TM/天微 8*4驱动数码管IC 电子元器件配单,TM1650 Electronic Component,"TM1650 Electronic Component. Confirm the selected model, size and included items before ordering.",CNY,0.18,0.03,https://detail.1688.com/offer/929638727858.html,held,service-or-assortment
944876478665,electronics-market,general,随机款大号30*28cm体重秤电子称体重秤家用电子秤健康称重人体秤,Electronic Scale,"Electronic Scale. Confirm the selected model, size and included items before ordering.",CNY,14.9,2.18,https://detail.1688.com/offer/944876478665.html,included,
741742957376,electronics-market,electronics,科宝隆51006端子线UL1007 22AWG空中对接航模电路板锂电池连接线,Electronic Wiring Harness,"Electronic Wiring Harness. Confirm the selected model, size and included items before ordering.",CNY,0.44,0.06,https://detail.1688.com/offer/741742957376.html,included,
829468578220,electronics-market,general,体脂秤充电精准能蓝牙连手机耐用体重秤电子体重计家用智能体脂秤,Body Weight Scale,"Body Weight Scale. Confirm the selected model, size and included items before ordering.",CNY,15.8,2.31,https://detail.1688.com/offer/829468578220.html,included,
678992018436,electronics-market,electronics,海天通生产一拖三线束航插线电子设备医疗器械组合航插线束,Electronic Wiring Harness,"Electronic Wiring Harness. Confirm the selected model, size and included items before ordering.",CNY,6.8,0.99,https://detail.1688.com/offer/678992018436.html,included,
706338128996,electronics-market,electronics,宇峰CR2450钮扣电池深加工焊线电子价签ETC通用PCB线长端子方案商,Electrical Connector,"Electrical Connector. Confirm the selected model, size and included items before ordering.",CNY,4.7,0.69,https://detail.1688.com/offer/706338128996.html,included,
724781327833,electronics-market,general,定制印刷测脂肪高精度家用电子体重秤充电款精准称体重智能体脂秤,Body Weight Scale,"Body Weight Scale. Confirm the selected model, size and included items before ordering.",CNY,22,3.22,https://detail.1688.com/offer/724781327833.html,included,
1081912631895,electronics-market,accessories,公牛纽扣电池cr2032/CR2025/CR2016电子手表助听器专用电池通用,Watch,"Watch. Confirm the selected model, size and included items before ordering.",CNY,5.96,0.87,https://detail.1688.com/offer/1081912631895.html,included,
1082810022504,electronics-market,accessories,公牛cr2032纽扣电池手表汽车钥匙电池通用助听器电子钮扣3v小电池,Watch,"Watch. Confirm the selected model, size and included items before ordering.",CNY,5.96,0.87,https://detail.1688.com/offer/1082810022504.html,included,
654031138664,electronics-market,electronics,插拔式PCB接线端子KF2EDGKM 间距5.08mm电子元器件连接器质量稳定,KF2EDGKM Electronic Component,"KF2EDGKM Electronic Component. Confirm the selected model, size and included items before ordering.",CNY,0.42,0.06,https://detail.1688.com/offer/654031138664.html,included,
652245536898,electronics-market,electronics,螺钉式PCB接线端子KF126间距5.0mm 批发电子元器件连接器质量稳定,KF126 Electronic Component,"KF126 Electronic Component. Confirm the selected model, size and included items before ordering.",CNY,0.12,0.02,https://detail.1688.com/offer/652245536898.html,included,
654750683458,electronics-market,electronics,供应 电子线镀锡3302 补偿导线 屏蔽端子线 28号 电子线束 批发,Electronic Wiring Harness,"Electronic Wiring Harness. Confirm the selected model, size and included items before ordering.",CNY,0.03,,https://detail.1688.com/offer/654750683458.html,held,invalid-price
998957056417,electronics-market,general,高精度电子吊秤锂电干电池电子吊钩秤手持1吨2吨数字显示吊钩秤,Hanging Scale,"Hanging Scale. Confirm the selected model, size and included items before ordering.",CNY,220,32.19,https://detail.1688.com/offer/998957056417.html,included,
996322509659,electronics-market,electronics,电子元器件配单 二三极管IC芯片电阻电容集成电路一站式配套BOM表,Electronic Component,"Electronic Component. Confirm the selected model, size and included items before ordering.",CNY,1,0.15,https://detail.1688.com/offer/996322509659.html,held,service-or-assortment
708134888494,electronics-market,electronics,SM16703SP3明微电子三线灯条灯带RGB幻彩LED驱动芯片WS2811F,Electronic Component,"Electronic Component. Confirm the selected model, size and included items before ordering.",CNY,0.09,0.01,https://detail.1688.com/offer/708134888494.html,included,
720949142931,electronics-market,electronics,LM358专业电子元器件配单BOM表一站式采购STC集成IC芯片电容配套,LM358 Electronic Component,"LM358 Electronic Component. Confirm the selected model, size and included items before ordering.",CNY,0.11,0.02,https://detail.1688.com/offer/720949142931.html,held,service-or-assortment
968005675709,electronics-market,electronics,10M16DCF484I7G原厂原装现货集成电路IC电子芯片,M16DCF484I7G Electronic Component,"M16DCF484I7G Electronic Component. Confirm the selected model, size and included items before ordering.",CNY,4,0.59,https://detail.1688.com/offer/968005675709.html,included,
844673915795,electronics-market,electronics,电源管理IC芯片 TOP255 TOP255YN TO220-6封装系列电子元器件配单,Electronic Component,"Electronic Component. Confirm the selected model, size and included items before ordering.",CNY,13.5,1.98,https://detail.1688.com/offer/844673915795.html,held,service-or-assortment
649049708826,electronics-market,electronics,思泽远GPC74P080D四通道OTP语音MCU集成电路芯片电子元器件,GPC74P080D Electronic Component,"GPC74P080D Electronic Component. Confirm the selected model, size and included items before ordering.",CNY,0.98,0.14,https://detail.1688.com/offer/649049708826.html,included,
693639342915,electronics-market,accessories,诺星LR44碱性扣式电池纽扣电池AG13手表玩具礼品电子产品锌锰电池,Watch,"Watch. Confirm the selected model, size and included items before ordering.",CNY,0.06,0.01,https://detail.1688.com/offer/693639342915.html,held,image-not-saved
545488623691,electronics-market,accessories,时刻美双机芯儿童电子手表学生款多功能夜光防水电子表led手表男,Watch,"Watch. Confirm the selected model, size and included items before ordering.",CNY,35,5.12,https://detail.1688.com/offer/545488623691.html,included,
920045055172,electronics-market,electronics,巴斯曼BUSSMANN 快速熔断器 170M8625电子元器件数量充足保险丝全,M8625 Electronic Component,"M8625 Electronic Component. Confirm the selected model, size and included items before ordering.",CNY,280,40.97,https://detail.1688.com/offer/920045055172.html,included,
1014477400590,electronics-market,accessories,三达时尚腕表双显倒计时户外运动防水夜光电子表方形多功能手表男,Watch,"Watch. Confirm the selected model, size and included items before ordering.",CNY,38,5.56,https://detail.1688.com/offer/1014477400590.html,included,
935554249530,electronics-market,electronics,原厂原标 170M4009 170M4010 170M4015 插入式熔断器 电子元器件,Electronic Component,"Electronic Component. Confirm the selected model, size and included items before ordering.",CNY,200,29.26,https://detail.1688.com/offer/935554249530.html,included,
601266970857,electronics-market,general,衡之宝FWE计数秤MACS-C工厂五金计重电子称3kg 7.5kg 15kg 30kg秤,Electronic Scale,"Electronic Scale. Confirm the selected model, size and included items before ordering.",CNY,380,55.6,https://detail.1688.com/offer/601266970857.html,included,
619789897058,electronics-market,general,食物称克重手提电子秤50kg克秤精准电子称手提秤挂钩弹簧行李克称,Electronic Scale,"Electronic Scale. Confirm the selected model, size and included items before ordering.",CNY,7.9,1.16,https://detail.1688.com/offer/619789897058.html,included,
1079387650877,electronics-market,accessories,三达夜光防水表通勤百搭学生男单显钢带腕表小方块简约运动电子表,Watch,"Watch. Confirm the selected model, size and included items before ordering.",CNY,33,4.83,https://detail.1688.com/offer/1079387650877.html,included,
649268581564,electronics-market,general,手提称卖菜用手提电子秤克秤精准电子称食物克称弹簧行李挂钩吊秤,Electronic Scale,"Electronic Scale. Confirm the selected model, size and included items before ordering.",CNY,9.7,1.42,https://detail.1688.com/offer/649268581564.html,included,
1050988996182,electronics-market,accessories,POEDAGAR品牌夜光新款时尚运动款电子表男士手表直播外贸爆款腕表,Watch,"Watch. Confirm the selected model, size and included items before ordering.",CNY,47.5,6.95,https://detail.1688.com/offer/1050988996182.html,included,
968588685726,electronics-market,accessories,POEDAGAR新款电子表潮流多功能防水计时男生手表直播外贸爆款腕表,Watch,"Watch. Confirm the selected model, size and included items before ordering.",CNY,58,8.49,https://detail.1688.com/offer/968588685726.html,included,
772174672713,electronics-market,accessories,三达抖音直播爆款户外运动防水电子手表双显表盘电子表一件代发,Watch,"Watch. Confirm the selected model, size and included items before ordering.",CNY,34,4.97,https://detail.1688.com/offer/772174672713.html,included,
952973215381,electronics-market,accessories,三达Temu跨境手表倒计时闹钟电子表男女多功能防水两地时电子手表,Watch,"Watch. Confirm the selected model, size and included items before ordering.",CNY,26,3.8,https://detail.1688.com/offer/952973215381.html,included,
674114760652,electronics-market,electronics,电子线材SH1.0加工定制微电马达电池无人机汽车连接线端子线束,Electronic Wiring Harness,"Electronic Wiring Harness. Confirm the selected model, size and included items before ordering.",CNY,0.22,0.03,https://detail.1688.com/offer/674114760652.html,included,
617442547715,electronics-market,general,工厂批发直销电子称快递秤 方便秤高精准家用便携式电子秤手提秤,Portable Electronic Scale,"Portable Electronic Scale. Listed features: portable. Confirm the selected model, size and included items before ordering.",CNY,14,2.05,https://detail.1688.com/offer/617442547715.html,included,
980529798724,electronics-market,electronics,2P加工定制无人机线束锂电池平衡头线连接线端子线机器人控制线束,Electronic Wiring Harness,"Electronic Wiring Harness. Confirm the selected model, size and included items before ordering.",CNY,0.2,0.03,https://detail.1688.com/offer/980529798724.html,included,
1067227146254,electronics-market,electronics,APM32F103RCT6 LQFP ARM Cortex-M3 32位微控制器-MCU 电子元器件,APM32F103RCT6 Electronic Component,"APM32F103RCT6 Electronic Component. Confirm the selected model, size and included items before ordering.",CNY,10.48,1.53,https://detail.1688.com/offer/1067227146254.html,included,
1064128866954,electronics-market,electronics,TPA3116D2DADR TPA3116 HTSSOP-32音频功率放大器芯片 电子元器件,Electronic Component,"Electronic Component. Confirm the selected model, size and included items before ordering.",CNY,2.55,0.37,https://detail.1688.com/offer/1064128866954.html,included,
981416869450,electronics-market,general,厂家500g精密电子天平口袋秤小型克称珠宝秤0.01克拉称克重电子称,Electronic Scale,"Electronic Scale. Confirm the selected model, size and included items before ordering.",CNY,18,2.63,https://detail.1688.com/offer/981416869450.html,included,
987402958165,electronics-market,general,厂家定制智能营养厨房秤TFT彩屏0.1g高精准厨房电子秤触屏充电款,Electronic Scale,"Electronic Scale. Confirm the selected model, size and included items before ordering.",CNY,97,14.19,https://detail.1688.com/offer/987402958165.html,included,
755400073592,electronics-market,general,玻璃电子秤精准电子称厨房称家用烘焙食物秤电子克称小型克重数秤,Electronic Scale,"Electronic Scale. Confirm the selected model, size and included items before ordering.",CNY,38,5.56,https://detail.1688.com/offer/755400073592.html,included,
930382742415,electronics-market,electronics,原盒原标VVZB120-12IO1VVZB120-16IO1可控硅整流器 电子元器件,VVZB120-12IO1VVZB120-16IO1 Electronic Component,"VVZB120-12IO1VVZB120-16IO1 Electronic Component. Confirm the selected model, size and included items before ordering.",CNY,580,84.86,https://detail.1688.com/offer/930382742415.html,included,
626305846749,electronics-market,electronics,STM32F103R8T6封装LQFP64单片机MCU微控制器现货库存电子元器件,STM32F103R8T6 Electronic Component,"STM32F103R8T6 Electronic Component. Confirm the selected model, size and included items before ordering.",CNY,7,1.02,https://detail.1688.com/offer/626305846749.html,included,
617437210929,electronics-market,general,途一电子秤体重秤家用精准称重计健康秤批发人体秤充电体重计,Electronic Scale,"Electronic Scale. Confirm the selected model, size and included items before ordering.",CNY,16.6,2.43,https://detail.1688.com/offer/617437210929.html,included,
735308091040,electronics-market,electronics,全新TL082CDR芯片 SOIC-8 原装现货 TI/德州集成电路电子元器件,TL082CDR Electronic Component,"TL082CDR Electronic Component. Confirm the selected model, size and included items before ordering.",CNY,0.29,0.04,https://detail.1688.com/offer/735308091040.html,included,
1009502626503,electronics-market,electronics,BSM30GP60电子元器件 全新IGBT功率模块 现货量大优惠,BSM30GP60 Electronic Component,"BSM30GP60 Electronic Component. Confirm the selected model, size and included items before ordering.",CNY,230,33.65,https://detail.1688.com/offer/1009502626503.html,included,
722584344574,electronics-market,electronics,PC817C 直插DIP-4 光电耦合器 电子元器件IC 无线及射频芯片 现货,PC817C Electronic Component,"PC817C Electronic Component. Confirm the selected model, size and included items before ordering.",CNY,0.06,0.01,https://detail.1688.com/offer/722584344574.html,included,
863541604105,electronics-market,electronics,智能门锁播报芯片 指纹门锁提示芯片 电子锁语音芯片,Voice Playback IC,"Voice Playback IC. Confirm the selected model, size and included items before ordering.",CNY,0.45,0.07,https://detail.1688.com/offer/863541604105.html,included,
578742460824,electronics-market,general,CR2016纽扣电池 2016主板遥控器扣式电子体重秤3V锂电池厂家批发,Body Weight Scale,"Body Weight Scale. Confirm the selected model, size and included items before ordering.",CNY,0.16,0.02,https://detail.1688.com/offer/578742460824.html,included,
823204916251,electronics-market,electronics,厂家加工10274端子连接线电动车连接线各类线束电子线端子线,Electronic Wiring Harness,"Electronic Wiring Harness. Confirm the selected model, size and included items before ordering.",CNY,0.45,0.07,https://detail.1688.com/offer/823204916251.html,included,
889363690951,electronics-market,electronics,小家电播报芯片 指纹锁语音ic 电子锁提示音芯片 语音播报IC,Voice Playback IC,"Voice Playback IC. Confirm the selected model, size and included items before ordering.",CNY,0.85,0.12,https://detail.1688.com/offer/889363690951.html,included,
988801808736,electronics-market,electronics,SN74HC08D 贴片SOP-14 四二输入与门逻辑芯片IC 电子元器件配单,SN74HC08D Electronic Component,"SN74HC08D Electronic Component. Confirm the selected model, size and included items before ordering.",CNY,0.19,0.03,https://detail.1688.com/offer/988801808736.html,held,service-or-assortment
955939912790,electronics-market,electronics,IP2332 封装SOP-8 单节锂电池同步开关降压充电芯片IC 电子元器件,IP2332 Electronic Component,"IP2332 Electronic Component. Confirm the selected model, size and included items before ordering.",CNY,0.43,0.06,https://detail.1688.com/offer/955939912790.html,included,
805614099463,electronics-market,general,卡通人体秤健康称重称体重秤批发电子秤体重秤跨境钢化玻璃体重计,Electronic Scale,"Electronic Scale. Confirm the selected model, size and included items before ordering.",CNY,17,2.49,https://detail.1688.com/offer/805614099463.html,included,
556583096378,electronics-market,electronics,PHD2.0-2x5P端子线 电子电器线束汽车线束 led端子连接线 电池线,Electronic Wiring Harness,"Electronic Wiring Harness. Confirm the selected model, size and included items before ordering.",CNY,0.99,0.14,https://detail.1688.com/offer/556583096378.html,included,
627970610098,electronics-market,electronics,LED航模电池电源线电机线束连接  间距4.2绿色公母空中对插端子线,Electronic Wiring Harness,"Electronic Wiring Harness. Confirm the selected model, size and included items before ordering.",CNY,0.35,0.05,https://detail.1688.com/offer/627970610098.html,included,
929421960336,electronics-market,electronics,TL084 封装DIP-14 运算放大器 电子元器件 集成电路IC 放大器芯片,TL084 Electronic Component,"TL084 Electronic Component. Confirm the selected model, size and included items before ordering.",CNY,0.4,0.06,https://detail.1688.com/offer/929421960336.html,included,
576967744434,electronics-market,accessories,AG4纽扣电池 电子手表石英表卡装377碱性扣式177纽扣电池厂家批发,Watch,"Watch. Confirm the selected model, size and included items before ordering.",CNY,0.05,0.01,https://detail.1688.com/offer/576967744434.html,included,
831559328699,electronics-market,electronics,优质供应otp语音播放IC 电子门铃8脚音乐ic  叮咚门铃语音芯片,Voice Playback IC,"Voice Playback IC. Confirm the selected model, size and included items before ordering.",CNY,1,0.15,https://detail.1688.com/offer/831559328699.html,included,
771394140683,electronics-market,accessories,skmei时刻美时尚潮流男士手表跨境户外运动个性方形数显电子手表,Watch,"Watch. Confirm the selected model, size and included items before ordering.",CNY,33,4.83,https://detail.1688.com/offer/771394140683.html,included,
994654088781,electronics-market,accessories,时刻美男士运动手表银色钢带双显多功能50米防水夜光电子表批发商,Watch,"Watch. Confirm the selected model, size and included items before ordering.",CNY,44.5,6.51,https://detail.1688.com/offer/994654088781.html,included,
825333570696,electronics-market,accessories,三达电子表爆款多功能运动手表潮流时尚防水夜光闹钟学生手表批发,Watch,"Watch. Confirm the selected model, size and included items before ordering.",CNY,25,3.66,https://detail.1688.com/offer/825333570696.html,included,
1070701000969,electronics-market,electronics,AO3407A 印丝X7 SOT-23 P沟道30V-4.3A MOSFET场效应管电子元器件,AO3407A Electronic Component,"AO3407A Electronic Component. Confirm the selected model, size and included items before ordering.",CNY,0.31,0.05,https://detail.1688.com/offer/1070701000969.html,included,
756276027073,electronics-market,general,电子称充电款货称快递秤小型家用称重秤电子快递称体重秤 人体秤,Portable Luggage Scale,"Portable Luggage Scale. Confirm the selected model, size and included items before ordering.",CNY,24,3.51,https://detail.1688.com/offer/756276027073.html,included,
827141538953,electronics-market,general,迷你1kg高精度 便携式口袋称手掌称0.01g珠宝秤精准电子秤0.1g,Portable Electronic Scale,"Portable Electronic Scale. Listed features: portable. Confirm the selected model, size and included items before ordering.",CNY,17,2.49,https://detail.1688.com/offer/827141538953.html,included,
557985061115,electronics-market,general,厂家批发USB充电电子称家用人体秤小型家庭称重秤一件代发 体重秤,Electronic Scale,"Electronic Scale. Confirm the selected model, size and included items before ordering.",CNY,12.8,1.87,https://detail.1688.com/offer/557985061115.html,included,
1038183364950,electronics-market,electronics,巴斯曼保险丝170M8618电子元器件数量充足高压快速熔断器,M8618 Electronic Component,"M8618 Electronic Component. Confirm the selected model, size and included items before ordering.",CNY,295,43.16,https://detail.1688.com/offer/1038183364950.html,included,
546102574629,electronics-market,general,途一八电极智能体脂秤体重秤蓝牙电子秤体脂称体重称人体批发家用,Electronic Scale,"Electronic Scale. Confirm the selected model, size and included items before ordering.",CNY,112,16.39,https://detail.1688.com/offer/546102574629.html,included,
994336182620,electronics-market,electronics,原厂现货 170M5099 电流保护 陶瓷熔断器 电子元器件,M5099 Electronic Component,"M5099 Electronic Component. Confirm the selected model, size and included items before ordering.",CNY,230,33.65,https://detail.1688.com/offer/994336182620.html,included,
654624416651,electronics-market,general,耐用智能体重秤小型便携体脂测量秤家用蓝牙玻璃电子称人体健康秤,Portable Electronic Scale,"Portable Electronic Scale. Listed features: portable. Confirm the selected model, size and included items before ordering.",CNY,64,9.36,https://detail.1688.com/offer/654624416651.html,included,
889363690931,electronics-market,electronics,小家电播报芯片 指纹锁语音ic 电子锁提示音芯片 语音播报IC定制,Voice Playback IC,"Voice Playback IC. Confirm the selected model, size and included items before ordering.",CNY,0.83,0.12,https://detail.1688.com/offer/889363690931.html,included,
1051727030497,electronics-market,electronics,CM150DY-24NF  CM200DY-24NF IGBT模块  全新原装正品 新能源电子,IGBT Power Module,"IGBT Power Module. Confirm the selected model, size and included items before ordering.",CNY,350,51.21,https://detail.1688.com/offer/1051727030497.html,included,
1072855256272,electronics-market,accessories,POEDAGAR品牌手表男女美式潮流初高中学生电子表直播外贸爆款腕表,Watch,"Watch. Confirm the selected model, size and included items before ordering.",CNY,61.5,9.0,https://detail.1688.com/offer/1072855256272.html,included,
648063482577,electronics-market,electronics,定制10064-32AWG铁氟龙线 无人机电池连接线 0.8mm刺破端子线,Electronic Wiring Harness,"Electronic Wiring Harness. Confirm the selected model, size and included items before ordering.",CNY,0.46,0.07,https://detail.1688.com/offer/648063482577.html,included,
556563503109,electronics-market,electronics,金丰盛厂家直供PH2.0端子线 20080电机连接线 照明灯电子线束批发,Electronic Wiring Harness,"Electronic Wiring Harness. Confirm the selected model, size and included items before ordering.",CNY,0.3,0.04,https://detail.1688.com/offer/556563503109.html,included,
761738143162,electronics-market,electronics,STM8S003F3P6 芯片TSSOP20原装 MCU控制器单片机 电子元器件,STM8S003F3P6 Electronic Component,"STM8S003F3P6 Electronic Component. Confirm the selected model, size and included items before ordering.",CNY,0.9,0.13,https://detail.1688.com/offer/761738143162.html,included,
923123046196,electronics-market,electronics,熔断器 3NE3626 电子元器件  咨询低价  欢迎详询,NE3626 Electronic Component,"NE3626 Electronic Component. Confirm the selected model, size and included items before ordering.",CNY,320,46.82,https://detail.1688.com/offer/923123046196.html,included,
577365387838,electronics-market,electronics,AG3纽扣电池 LR41碱性钮扣电子蜡烛灯小玩具纽扣电池厂家批发,Battery,"Battery. Confirm the selected model, size and included items before ordering.",CNY,0.04,0.01,https://detail.1688.com/offer/577365387838.html,included,
992177056596,electronics-market,electronics,语音发音器芯片 毛绒公仔芯片 电子发声盒语音音乐发声器芯片定制,Voice Playback IC,"Voice Playback IC. Confirm the selected model, size and included items before ordering.",CNY,0.3,0.04,https://detail.1688.com/offer/992177056596.html,included,
715162502126,electronics-market,accessories,时刻美时尚户外多功能男士运动手表skmei跨境新款学生电子表2103,Watch,"Watch. Confirm the selected model, size and included items before ordering.",CNY,40,5.85,https://detail.1688.com/offer/715162502126.html,included,
674470065265,electronics-market,accessories,时刻美skmei时尚户外运动手表男女学生男士跨境多功能防水电子表,Watch,"Watch. Confirm the selected model, size and included items before ordering.",CNY,29,4.24,https://detail.1688.com/offer/674470065265.html,included,
1026111147506,electronics-market,accessories,2026新款电子表速卖通热卖透明壳防水夜光闹钟手表男款学生初中,Watch,"Watch. Confirm the selected model, size and included items before ordering.",CNY,26,3.8,https://detail.1688.com/offer/1026111147506.html,included,
696770242170,electronics-market,general,小型迷你家用电子称 珠宝小称多功能克重称量便携计时咖啡电子秤,Portable Electronic Scale,"Portable Electronic Scale. Listed features: portable. Confirm the selected model, size and included items before ordering.",CNY,32,4.68,https://detail.1688.com/offer/696770242170.html,included,
1086865960343,electronics-market,electronics,全新热卖 W25Q128JVSIQ 25Q128JVSQ W25Q128JVSQ SOP8 存储器IC,Memory IC,"Memory IC. Confirm the selected model, size and included items before ordering.",CNY,3.7,0.54,https://detail.1688.com/offer/1086865960343.html,included,
1086850836047,electronics-market,electronics,CL6291 智浦芯联 SOT23-6封装 2.5-5.5V 1A 30uA静态 电源管理IC,CL6291 Electronic Component,"CL6291 Electronic Component. Confirm the selected model, size and included items before ordering.",CNY,0.16,0.02,https://detail.1688.com/offer/1086850836047.html,included,
1086815464369,electronics-market,electronics,BP85928D,,,CNY,0.38,0.06,https://detail.1688.com/offer/1086815464369.html,held,english-product-identification-pending
1086795560617,electronics-market,electronics,电源管理芯片TPS25200QDRVRQ1 TPS25200Q 丝印:SIL SON-6,Electronic Component,"Electronic Component. Confirm the selected model, size and included items before ordering.",CNY,8,1.17,https://detail.1688.com/offer/1086795560617.html,included,
1086563673032,electronics-market,electronics,"全新原装贴片集成电路芯片74AHC1G86GV,125 SOT-753 2路输入逻辑",AHC1G86GV Electronic Component,"AHC1G86GV Electronic Component. Confirm the selected model, size and included items before ordering.",CNY,1,0.15,https://detail.1688.com/offer/1086563673032.html,included,
1086554560786,electronics-market,electronics,电容正品特价  支持终端   CL32A476KOJNNWE   SAMSUNG三星  MLCC,Capacitor,"Capacitor. Confirm the selected model, size and included items before ordering.",CNY,0.01,,https://detail.1688.com/offer/1086554560786.html,held,invalid-price
1086488721692,electronics-market,electronics,全新正品 电子元器件 ETA1039S2G 集成电路 封装SOT-23-6拍前询价,ETA1039S2G Electronic Component,"ETA1039S2G Electronic Component. Confirm the selected model, size and included items before ordering.",CNY,0.45,0.07,https://detail.1688.com/offer/1086488721692.html,included,
1086452081899,electronics-market,electronics,TI德州仪器 原装正品 SN74AUP1G126YFPR 缓冲器 X2SON 集成电路IC,Electronic Component,"Electronic Component. Confirm the selected model, size and included items before ordering.",CNY,0.01,,https://detail.1688.com/offer/1086452081899.html,held,invalid-price
1086428357987,electronics-market,electronics,供应 贴片 XL1509-5.0E1 XL1509 SOP-8 电子元器件 拍前请咨询,Electronic Component,"Electronic Component. Confirm the selected model, size and included items before ordering.",CNY,0.9,0.13,https://detail.1688.com/offer/1086428357987.html,included,
1086391973461,electronics-market,electronics,XT2051Y2ASR-G 南麟 ESOP-8 2.5-5.5V 1A 30uA静态 电源管理IC,XT2051Y2ASR-G Electronic Component,"XT2051Y2ASR-G Electronic Component. Confirm the selected model, size and included items before ordering.",CNY,0.15,0.02,https://detail.1688.com/offer/1086391973461.html,included,
1086367889632,electronics-market,electronics,KP107ALSPA 必易微 SOP-7 85-265V AC 10W 85%效率 AC-DC芯片IC,KP107ALSPA Electronic Component,"KP107ALSPA Electronic Component. Confirm the selected model, size and included items before ordering.",CNY,0.2,0.03,https://detail.1688.com/offer/1086367889632.html,included,
1086357389834,electronics-market,electronics,ETA9638E8A 钰泰 ESOP-8封装 2.5-5.5V 1A 30uA静态 电源管理IC,ETA9638E8A Electronic Component,"ETA9638E8A Electronic Component. Confirm the selected model, size and included items before ordering.",CNY,0.43,0.06,https://detail.1688.com/offer/1086357389834.html,included,
1086339831659,electronics-market,electronics,原装正品 EA3036CQBR QFN-20 丝印EA3036C 贴片 电源管理芯片IC,Electronic Component,"Electronic Component. Confirm the selected model, size and included items before ordering.",CNY,0.75,0.11,https://detail.1688.com/offer/1086339831659.html,included,
1086206056564,electronics-market,electronics,全新  VP3162STG5  VP3162S   LED驱动,LED Driver,"LED Driver. Confirm the selected model, size and included items before ordering.",CNY,0.85,0.12,https://detail.1688.com/offer/1086206056564.html,included,
1086152549965,electronics-market,electronics,MCS1802GS-05-Z  封装 SOIC-8  电流传感器 芯片,MCS1802GS-05-Z Electronic Component,"MCS1802GS-05-Z Electronic Component. Confirm the selected model, size and included items before ordering.",CNY,16.9,2.47,https://detail.1688.com/offer/1086152549965.html,included,
1086140888978,electronics-market,electronics,正品热卖 PCM4220PFBR PCM4220 QFP48 数模转换器芯片 现货可直拍,Electronic Component,"Electronic Component. Confirm the selected model, size and included items before ordering.",CNY,45,6.58,https://detail.1688.com/offer/1086140888978.html,included,
1086109605190,electronics-market,electronics,OC5022B 欧创芯 ESOP-8封装 2.5-5.5V 1A 30uA静态 电源管理IC,OC5022B Electronic Component,"OC5022B Electronic Component. Confirm the selected model, size and included items before ordering.",CNY,0.24,0.04,https://detail.1688.com/offer/1086109605190.html,included,
1086042688653,electronics-market,electronics,DW03 电池管理保护芯片SOT-23-5L 锂离子电池保护ICKTH,Electronic Component,"Electronic Component. Confirm the selected model, size and included items before ordering.",CNY,0.06,0.01,https://detail.1688.com/offer/1086042688653.html,included,
1086001249981,electronics-market,electronics,HT1632D封装LQFP52/48  LED驱动器芯片 集电电路 当天发货 可拆样,HT1632D Electronic Component,"HT1632D Electronic Component. Confirm the selected model, size and included items before ordering.",CNY,0.14,0.02,https://detail.1688.com/offer/1086001249981.html,included,
1085839461002,electronics-market,electronics,XPD319BP 富满 SOP-8封装 3.0-4.5V 1A充电 过充保护 充电管理IC,Power Management IC,"Power Management IC. Confirm the selected model, size and included items before ordering.",CNY,0.38,0.06,https://detail.1688.com/offer/1085839461002.html,included,
1085835553009,electronics-market,electronics,RY3750 蕊源 SOT23-5 2.5-5.5V 1A 30uA静态 高稳定性 电源管理IC,RY3750 Electronic Component,"RY3750 Electronic Component. Confirm the selected model, size and included items before ordering.",CNY,0.08,0.01,https://detail.1688.com/offer/1085835553009.html,included,
1085820461769,electronics-market,electronics,全新原装正品  CYW4356XKUBG  可直拍,,,CNY,6,0.88,https://detail.1688.com/offer/1085820461769.html,held,english-product-identification-pending
1085820461289,electronics-market,electronics,原装正品 贴片 MW245BC TSSOP20 LED显示驱动芯片,MW245BC Electronic Component,"MW245BC Electronic Component. Confirm the selected model, size and included items before ordering.",CNY,0.16,0.02,https://detail.1688.com/offer/1085820461289.html,included,
1085789712724,electronics-market,electronics,子弹头振动方案遥控变频震动机芯MCU应用按摩器成人用品电子配件,,,CNY,0.4,0.06,https://detail.1688.com/offer/1085789712724.html,held,english-product-identification-pending
1085775417684,electronics-market,electronics,KP4060LGA 必易微 SOT23-6 2.5-5.5V 1A 30uA静态 电源管理芯片IC,KP4060LGA Electronic Component,"KP4060LGA Electronic Component. Confirm the selected model, size and included items before ordering.",CNY,0.35,0.05,https://detail.1688.com/offer/1085775417684.html,included,
1085774381922,electronics-market,electronics,LN6206P132MR-G 南麟 SOT23-3 2.0-5.5V 2.8V固定 1A LDO稳压IC,LN6206P132MR-G Electronic Component,"LN6206P132MR-G Electronic Component. Confirm the selected model, size and included items before ordering.",CNY,0.08,0.01,https://detail.1688.com/offer/1085774381922.html,included,
1085752704765,electronics-market,electronics,CN5611 如韵 SOT89-5封装 2.5-5.5V 1A 30uA静态 电源管理IC,CN5611 Electronic Component,"CN5611 Electronic Component. Confirm the selected model, size and included items before ordering.",CNY,0.78,0.11,https://detail.1688.com/offer/1085752704765.html,included,
1085708031676,electronics-market,electronics,DAC161S997RGHR 全新原装现货 海量库存 电子元器件IC芯片,DAC161S997RGHR Electronic Component,"DAC161S997RGHR Electronic Component. Confirm the selected model, size and included items before ordering.",CNY,6.99,1.02,https://detail.1688.com/offer/1085708031676.html,included,
1085588030924,electronics-market,electronics,先询价AD633ARZ-REEL7电子元器件集成电路内存芯片IC钽电容,AD633ARZ-REEL7 Electronic Component,"AD633ARZ-REEL7 Electronic Component. Confirm the selected model, size and included items before ordering.",CNY,1,0.15,https://detail.1688.com/offer/1085588030924.html,included,
1085431774533,electronics-market,electronics,全新正品 电子元器件 ETA1038S2G 集成电路 封装SOT23-6拍前询价,ETA1038S2G Electronic Component,"ETA1038S2G Electronic Component. Confirm the selected model, size and included items before ordering.",CNY,0.23,0.03,https://detail.1688.com/offer/1085431774533.html,included,
1085351478013,electronics-market,electronics,BL1117C-12CX 上海贝岭 SOT-223 2.5-5.5V 30uA静态 电源管理IC,BL1117C-12CX Electronic Component,"BL1117C-12CX Electronic Component. Confirm the selected model, size and included items before ordering.",CNY,0.16,0.02,https://detail.1688.com/offer/1085351478013.html,included,
1085334281546,electronics-market,electronics,STM32F405RGT6 IC芯片 封装LQFP64 BOM配单 电子元器件单片机,STM32F405RGT6 Electronic Component,"STM32F405RGT6 Electronic Component. Confirm the selected model, size and included items before ordering.",CNY,25,3.66,https://detail.1688.com/offer/1085334281546.html,held,service-or-assortment
1085194402493,electronics-market,electronics,"全新原装贴片集成电路芯片74AHC1G86GV,125 SOT-753 2路输入逻辑",AHC1G86GV Electronic Component,"AHC1G86GV Electronic Component. Confirm the selected model, size and included items before ordering.",CNY,2,0.29,https://detail.1688.com/offer/1085194402493.html,included,
1085183294889,electronics-market,electronics,原装正品 MT40A512M16LY-062E IT:E 丝印:D9WFM BGA-96存储器芯片,Memory IC,"Memory IC. Confirm the selected model, size and included items before ordering.",CNY,20,2.93,https://detail.1688.com/offer/1085183294889.html,included,
1085130021149,electronics-market,electronics,BL9342 上海贝岭 SOT23-6封装 2.5-5.5V 1A 30uA静态 电源管理IC,BL9342 Electronic Component,"BL9342 Electronic Component. Confirm the selected model, size and included items before ordering.",CNY,0.4,0.06,https://detail.1688.com/offer/1085130021149.html,included,
1085121113184,electronics-market,electronics,存储器芯片S25FL128SAGNFI000 S25FL128 丝印:FL128SAIF00 WSON-8,Memory IC,"Memory IC. Confirm the selected model, size and included items before ordering.",CNY,30,4.39,https://detail.1688.com/offer/1085121113184.html,included,
1085118325729,electronics-market,electronics,ETA5050V12S2F 钰泰 SOT23-5 2.7-5.5V 5A 可调电压 降压芯片IC,ETA5050V12S2F Electronic Component,"ETA5050V12S2F Electronic Component. Confirm the selected model, size and included items before ordering.",CNY,0.07,0.01,https://detail.1688.com/offer/1085118325729.html,included,
1085074217344,electronics-market,electronics,电源管理  DIO8242HST3 SOT-23-3 LED驱动器  集成芯片IC 直拍,DIO8242HST3 Electronic Component,"DIO8242HST3 Electronic Component. Confirm the selected model, size and included items before ordering.",CNY,0.45,0.07,https://detail.1688.com/offer/1085074217344.html,included,
1085040741816,electronics-market,electronics,CX8823B 诚芯微 SOP-8封装 8-30V 5V 3.1A输出 同步降压DC-DC芯片,CX8823B Electronic Component,"CX8823B Electronic Component. Confirm the selected model, size and included items before ordering.",CNY,0.27,0.04,https://detail.1688.com/offer/1085040741816.html,included,
1085039165483,electronics-market,electronics,BL8061 上海贝岭 SOT89-3 高40V输入 100mA输出 线性稳压器IC,Voltage Regulator,"Voltage Regulator. Confirm the selected model, size and included items before ordering.",CNY,0.2,0.03,https://detail.1688.com/offer/1085039165483.html,included,
1085038913265,electronics-market,electronics,FP6378AS5CTR 天钰 SOT23-5封装 2.5-5.5V输入 2A输出 降压芯片IC,FP6378AS5CTR Electronic Component,"FP6378AS5CTR Electronic Component. Confirm the selected model, size and included items before ordering.",CNY,0.25,0.04,https://detail.1688.com/offer/1085038913265.html,included,
1085034561671,electronics-market,electronics,QX7135E28 泉芯 SOT-89封装 2.7-6V输入 280mA恒流 150mV驱动芯片,QX7135E28 Electronic Component,"QX7135E28 Electronic Component. Confirm the selected model, size and included items before ordering.",CNY,0.24,0.04,https://detail.1688.com/offer/1085034561671.html,included,
1085033026668,electronics-market,electronics,RY7010 蕊源 SOT23-5封装 4.5-28V 3A 120uA静态 降压芯片IC,RY7010 Electronic Component,"RY7010 Electronic Component. Confirm the selected model, size and included items before ordering.",CNY,0.11,0.02,https://detail.1688.com/offer/1085033026668.html,included,
1085019386636,electronics-market,electronics,OC5267B SOT23-5 65V/800mA 电流检测降压LED恒流驱动IC,OC5267B Electronic Component,"OC5267B Electronic Component. Confirm the selected model, size and included items before ordering.",CNY,0.35,0.05,https://detail.1688.com/offer/1085019386636.html,included,
1085016007306,electronics-market,electronics,KP3111LGA SOT23-3L 丝印GAV 功率电子开关 全新原装,Electrical Switch,"Electrical Switch. Confirm the selected model, size and included items before ordering.",CNY,0.4,0.06,https://detail.1688.com/offer/1085016007306.html,included,
1085010382890,electronics-market,electronics,BL1117-CX 上海贝岭 SOT-223 2.5-5.5V 1A 30uA静态 电源管理IC,BL1117-CX Electronic Component,"BL1117-CX Electronic Component. Confirm the selected model, size and included items before ordering.",CNY,0.17,0.02,https://detail.1688.com/offer/1085010382890.html,included,
1084991502180,electronics-market,electronics,原装 WF100DPZ 2BG S6 DT SOP-6 压力传感器/数字传感器芯片,WF100DPZ Electronic Component,"WF100DPZ Electronic Component. Confirm the selected model, size and included items before ordering.",CNY,7,1.02,https://detail.1688.com/offer/1084991502180.html,included,
1084973413491,electronics-market,electronics,全新原装MX25U6432FM2I02 封装SOP-8 NOR闪存,MX25U6432FM2I02 Electronic Component,"MX25U6432FM2I02 Electronic Component. Confirm the selected model, size and included items before ordering.",CNY,0.1,0.01,https://detail.1688.com/offer/1084973413491.html,included,
1084817466695,electronics-market,electronics,HF500GS-15-Z  封装 SOIC-7  AC-DC控制器和稳压器  MPS(芯源),Voltage Regulator,"Voltage Regulator. Confirm the selected model, size and included items before ordering.",CNY,9.5,1.39,https://detail.1688.com/offer/1084817466695.html,included,
1084805318385,electronics-market,electronics,ETA8110S2G 钰泰 SOT23-6 2.7-5.5V 5A 25uA 过流保护 降压IC,ETA8110S2G Electronic Component,"ETA8110S2G Electronic Component. Confirm the selected model, size and included items before ordering.",CNY,0.15,0.02,https://detail.1688.com/offer/1084805318385.html,included,
1084793654405,electronics-market,electronics,SA8301 矽塔 SOP-8 2.5-5.5V 1A 30uA静态 高稳定性 电源管理IC,SA8301 Electronic Component,"SA8301 Electronic Component. Confirm the selected model, size and included items before ordering.",CNY,0.08,0.01,https://detail.1688.com/offer/1084793654405.html,included,
1084786965776,electronics-market,electronics,正品热卖 IS34ML02G081-TLI IS34ML02G081 TSOP48进口现货 可直拍,,,CNY,30,4.39,https://detail.1688.com/offer/1084786965776.html,held,english-product-identification-pending
1084774029557,electronics-market,electronics,正品热卖AD7112BRZ AD7112BR AD7112CRZ AD7112CR SOP20 现货直拍,,,CNY,30,4.39,https://detail.1688.com/offer/1084774029557.html,held,english-product-identification-pending
1084733850146,electronics-market,electronics,OC5021B 欧创芯 SOT23-6封装 2.5-5.5V 1A 30uA静态 电源管理芯片,OC5021B Electronic Component,"OC5021B Electronic Component. Confirm the selected model, size and included items before ordering.",CNY,0.14,0.02,https://detail.1688.com/offer/1084733850146.html,included,
1084727101065,electronics-market,electronics,HT7550-7 合泰/盛群 SOT23-5 2.5-5.5V 1A 30uA静态 电源管理IC,HT7550-7 Electronic Component,"HT7550-7 Electronic Component. Confirm the selected model, size and included items before ordering.",CNY,0.43,0.06,https://detail.1688.com/offer/1084727101065.html,included,
1084595027131,electronics-market,electronics,BP2525 晶丰明源 BP2525FC BP2525DC BP2525BC AC/DC恒压驱动芯片,Electronic Component,"Electronic Component. Confirm the selected model, size and included items before ordering.",CNY,0.5,0.07,https://detail.1688.com/offer/1084595027131.html,included,
1084494251562,electronics-market,electronics,如韵CN3795 SSOP10 4A/30V 多节开关/降压型多种电池充电管理芯片,CN3795 Electronic Component,"CN3795 Electronic Component. Confirm the selected model, size and included items before ordering.",CNY,2,0.29,https://detail.1688.com/offer/1084494251562.html,included,
1084446419329,electronics-market,electronics,ETA1038S2G 钰泰 SOT23-6封装 2.5-5.5V 1A 30uA静态 电源管理IC,ETA1038S2G Electronic Component,"ETA1038S2G Electronic Component. Confirm the selected model, size and included items before ordering.",CNY,0.31,0.05,https://detail.1688.com/offer/1084446419329.html,included,
1084396803783,electronics-market,electronics,HT7830 合泰/盛群 SOT23-5封装 2.5-5.5V 1A 30uA静态 电源管理IC,HT7830 Electronic Component,"HT7830 Electronic Component. Confirm the selected model, size and included items before ordering.",CNY,0.19,0.03,https://detail.1688.com/offer/1084396803783.html,included,
1084311810274,electronics-market,electronics,全新热卖 WG82574IT WG82574L QFN-64 以太网控制芯片 现货可直拍,Electronic Component,"Electronic Component. Confirm the selected model, size and included items before ordering.",CNY,4.5,0.66,https://detail.1688.com/offer/1084311810274.html,included,
1084284506991,electronics-market,electronics,全新原装正品 F0028002 可直拍,,,CNY,30,4.39,https://detail.1688.com/offer/1084284506991.html,held,english-product-identification-pending
1084161659794,electronics-market,electronics,XT1861B302MR-G 南麟 SOT23-3 2.5-5.5V 1A 30uA静态 电源管理IC,XT1861B302MR-G Electronic Component,"XT1861B302MR-G Electronic Component. Confirm the selected model, size and included items before ordering.",CNY,0.13,0.02,https://detail.1688.com/offer/1084161659794.html,included,
1084152831424,electronics-market,electronics,OC5267B 欧创芯 SOT23-5封装 2.5-5.5V 1A 30uA静态 电源管理IC,OC5267B Electronic Component,"OC5267B Electronic Component. Confirm the selected model, size and included items before ordering.",CNY,0.27,0.04,https://detail.1688.com/offer/1084152831424.html,included,
1084131383426,electronics-market,electronics,ST150 红外光电传感器陀螺仪  全新现货 先询后拍,Electronic Sensor,"Electronic Sensor. Confirm the selected model, size and included items before ordering.",CNY,0.32,0.05,https://detail.1688.com/offer/1084131383426.html,included,
1084119454643,electronics-market,electronics,全新  TPS7A9601DSCR  TPS7A9601   线性稳压器,Voltage Regulator,"Voltage Regulator. Confirm the selected model, size and included items before ordering.",CNY,50,7.32,https://detail.1688.com/offer/1084119454643.html,included,
1084114740263,electronics-market,electronics,原装 ADC0832CCN/NOPB 丝印 ADC0832CCN 封装 PDIP-8 数模转换,ADC0832CCN Electronic Component,"ADC0832CCN Electronic Component. Confirm the selected model, size and included items before ordering.",CNY,30,4.39,https://detail.1688.com/offer/1084114740263.html,included,
1084114259060,electronics-market,electronics,OC6702B 欧创芯 ESOP-8 2.5-5.5V 1A 30uA静态 电源管理芯片IC,OC6702B Electronic Component,"OC6702B Electronic Component. Confirm the selected model, size and included items before ordering.",CNY,0.48,0.07,https://detail.1688.com/offer/1084114259060.html,included,
1084099104371,electronics-market,electronics,原装正品 贴片 ADUM1401BRWZ-RL SOIC-16 四通道数字隔离器芯片IC,ADUM1401BRWZ-RL Electronic Component,"ADUM1401BRWZ-RL Electronic Component. Confirm the selected model, size and included items before ordering.",CNY,28,4.1,https://detail.1688.com/offer/1084099104371.html,included,
1084079754581,electronics-market,electronics,杰盛微 全新TS5A3157DBVR 模拟开关/多路复用器 SOT23-6L封装,Electrical Switch,"Electrical Switch. Confirm the selected model, size and included items before ordering.",CNY,0.22,0.03,https://detail.1688.com/offer/1084079754581.html,included,
1084062826286,electronics-market,electronics,LN6206P282MR-G 南麟 SOT23-3 2.0-5.5V 2.8V固定 1A LDO稳压IC,LN6206P282MR-G Electronic Component,"LN6206P282MR-G Electronic Component. Confirm the selected model, size and included items before ordering.",CNY,0.08,0.01,https://detail.1688.com/offer/1084062826286.html,included,
1084050818690,electronics-market,electronics,ETA6010S2F 钰泰 SOT23-5封装 2.5-5.5V 1A 30uA静态 电源管理IC,ETA6010S2F Electronic Component,"ETA6010S2F Electronic Component. Confirm the selected model, size and included items before ordering.",CNY,0.45,0.07,https://detail.1688.com/offer/1084050818690.html,included,
1084024402583,electronics-market,electronics,NCE40P70K 新洁能 TO-252封装 150V 40A 12mΩ ESD保护 MOSFET管,NCE40P70K Electronic Component,"NCE40P70K Electronic Component. Confirm the selected model, size and included items before ordering.",CNY,1.08,0.16,https://detail.1688.com/offer/1084024402583.html,included,
1084020286471,electronics-market,electronics,OC5020B 丝印 OC5020B 封装 SOP8 LED驱动芯片 一站式配单 现货足,OC5020B Electronic Component,"OC5020B Electronic Component. Confirm the selected model, size and included items before ordering.",CNY,0.08,0.01,https://detail.1688.com/offer/1084020286471.html,held,service-or-assortment
1084019702577,electronics-market,electronics,LX2301CS 智浦芯联 SOT23-3 2.5-5.5V 1A 30uA静态 电源管理IC,LX2301CS Electronic Component,"LX2301CS Electronic Component. Confirm the selected model, size and included items before ordering.",CNY,0.02,,https://detail.1688.com/offer/1084019702577.html,held,invalid-price
1084010986985,electronics-market,electronics,BL8563-18PRA 上海贝岭 SOT23-5 2.5-5.5V 1A 30uA 电源管理IC,BL8563-18PRA Electronic Component,"BL8563-18PRA Electronic Component. Confirm the selected model, size and included items before ordering.",CNY,0.22,0.03,https://detail.1688.com/offer/1084010986985.html,included,
1083969018613,electronics-market,electronics,QX2303L27E 泉芯SOT-89封装 0.9-5V输入 2.7V 800mA输出 升压芯片,QX2303L27E Electronic Component,"QX2303L27E Electronic Component. Confirm the selected model, size and included items before ordering.",CNY,0.23,0.03,https://detail.1688.com/offer/1083969018613.html,included,
1083959590861,electronics-market,electronics,AP18N15 永源微 SOP-8封装 150V耐压 18A电流 低导 N沟道MOS管芯,AP18N15 Electronic Component,"AP18N15 Electronic Component. Confirm the selected model, size and included items before ordering.",CNY,0.45,0.07,https://detail.1688.com/offer/1083959590861.html,included,
1083913423568,electronics-market,electronics,原装正品 IRF640NPBF IRF640N TO220 N沟道 200V/18A MOS场效应管,,,CNY,1.1,0.16,https://detail.1688.com/offer/1083913423568.html,held,english-product-identification-pending
1083897511644,electronics-market,electronics,全新原装 ME6211C33M5G-N 封装 SOT-23-5 线性稳压器(LDO) 详价询,Voltage Regulator,"Voltage Regulator. Confirm the selected model, size and included items before ordering.",CNY,0.2,0.03,https://detail.1688.com/offer/1083897511644.html,included,
1083884039616,electronics-market,electronics,热卖 W25Q128JVSIM 丝印25Q128JVSM SOP8 闪存存储IC 现货可直拍,Electronic Component,"Electronic Component. Confirm the selected model, size and included items before ordering.",CNY,4.5,0.66,https://detail.1688.com/offer/1083884039616.html,included,
1083871364488,electronics-market,electronics,全新原装 EG3112 3001 3002 3003 3011C 3013 3014 3113 贴片SOP8,,,CNY,0.8,0.12,https://detail.1688.com/offer/1083871364488.html,held,english-product-identification-pending
1083864683279,electronics-market,electronics,RY9122 蕊源 SOT23-6 2.5-5.5V 1A 30uA静态 高稳定性 电源管理IC,RY9122 Electronic Component,"RY9122 Electronic Component. Confirm the selected model, size and included items before ordering.",CNY,0.12,0.02,https://detail.1688.com/offer/1083864683279.html,included,
1083840527782,electronics-market,electronics,ETA8113S2G 钰泰 SOT23-6 2.7-5.5V 5A 25uA 过流保护 降压IC,ETA8113S2G Electronic Component,"ETA8113S2G Electronic Component. Confirm the selected model, size and included items before ordering.",CNY,0.21,0.03,https://detail.1688.com/offer/1083840527782.html,included,
1083836091688,electronics-market,electronics,XB5306A 赛芯微 SOT23-6封装 2.5-5.5V 1A 30uA静态 电源管理芯片,XB5306A Electronic Component,"XB5306A Electronic Component. Confirm the selected model, size and included items before ordering.",CNY,0.14,0.02,https://detail.1688.com/offer/1083836091688.html,included,
1083833619962,electronics-market,electronics,XT1861B282MR-G 南麟 SOT23-3 2.5-5.5V 1A 30uA静态 电源管理IC,XT1861B282MR-G Electronic Component,"XT1861B282MR-G Electronic Component. Confirm the selected model, size and included items before ordering.",CNY,0.13,0.02,https://detail.1688.com/offer/1083833619962.html,included,
1083735038977,electronics-market,electronics,正品热卖LM5008MMX 丝印SAYB LM5008MM MSOP8开关稳压器IC 可直拍,Electrical Switch,"Electrical Switch. Confirm the selected model, size and included items before ordering.",CNY,2.5,0.37,https://detail.1688.com/offer/1083735038977.html,included,
1083733220143,electronics-market,electronics,棱晶LGS5212DB DFN-8封装 同步升压双节锂电池充电芯片IC 原装,LGS5212DB Electronic Component,"LGS5212DB Electronic Component. Confirm the selected model, size and included items before ordering.",CNY,0.73,0.11,https://detail.1688.com/offer/1083733220143.html,included,
1083726478629,electronics-market,electronics,正品热卖 IS34ML04G084-TLI IS34ML04G084 TSOP48进口现货 可直拍,,,CNY,25,3.66,https://detail.1688.com/offer/1083726478629.html,held,english-product-identification-pending
1083722462441,electronics-market,electronics,正品热卖AD7112BRZ AD7112BR AD7112CRZ AD7112CR SOP20 现货直拍,,,CNY,30,4.39,https://detail.1688.com/offer/1083722462441.html,held,english-product-identification-pending
1083701154529,electronics-market,electronics,正品热卖ADC12038CIWMX ADC12038CIWM ADC12038 SOP28 现货可直拍,,,CNY,60,8.78,https://detail.1688.com/offer/1083701154529.html,held,english-product-identification-pending
1083700702262,electronics-market,electronics,全新正品 ICEEDGE2P ICEEDGE2 8341337 QFN30 现货热卖 可直拍,,,CNY,43,6.29,https://detail.1688.com/offer/1083700702262.html,held,english-product-identification-pending
1083693000891,electronics-market,electronics,棱晶LGS5212DB-1.2A DFN-8封装 同步升压双节锂电池充电芯片IC 原,LGS5212DB-1 Electronic Component,"LGS5212DB-1 Electronic Component. Confirm the selected model, size and included items before ordering.",CNY,0.73,0.11,https://detail.1688.com/offer/1083693000891.html,included,
1083654582575,electronics-market,electronics,AA电池圣诞树灯带4档闪灯IC 呼吸 慢闪 快闪节日灯带芯片 SOT23-6,Electronic Component,"Electronic Component. Confirm the selected model, size and included items before ordering.",CNY,0.15,0.02,https://detail.1688.com/offer/1083654582575.html,included,
1083642075485,electronics-market,electronics,GD32F303CGT6  GD32F303VET6 GD32F303RCT6  IC芯片 电子元器件,Electronic Component,"Electronic Component. Confirm the selected model, size and included items before ordering.",CNY,1,0.15,https://detail.1688.com/offer/1083642075485.html,included,
1083613419909,electronics-market,electronics,放大器芯片INA241A1IDDFR INA241A1 丝印:2PH3 SOT-23-8,Electronic Component,"Electronic Component. Confirm the selected model, size and included items before ordering.",CNY,30,4.39,https://detail.1688.com/offer/1083613419909.html,included,
1083566415696,electronics-market,electronics,放大器芯片LM7171AIMX LM7171AIM LM7171 SOP-8,Electronic Component,"Electronic Component. Confirm the selected model, size and included items before ordering.",CNY,30,4.39,https://detail.1688.com/offer/1083566415696.html,included,
1083407727193,electronics-market,electronics,全新热卖 AFE5818ZBV AFE5818 BGA-289 数据采集-模拟前端芯片 IC,Electronic Component,"Electronic Component. Confirm the selected model, size and included items before ordering.",CNY,95,13.9,https://detail.1688.com/offer/1083407727193.html,included,
1083208471035,electronics-market,electronics,MAX1916EZT 丝印AAAQ 贴片SOT-23-6 LED驱动芯片 全新原装正品,MAX1916EZT Electronic Component,"MAX1916EZT Electronic Component. Confirm the selected model, size and included items before ordering.",CNY,7,1.02,https://detail.1688.com/offer/1083208471035.html,included,
1083184955179,electronics-market,electronics,CR6890H 启臣微 SOT23-6封装 2.5-5.5V 1A 30uA静态 电源管理芯片,CR6890H Electronic Component,"CR6890H Electronic Component. Confirm the selected model, size and included items before ordering.",CNY,0.25,0.04,https://detail.1688.com/offer/1083184955179.html,included,
1083132859947,electronics-market,electronics,IP2112A 英集芯 SOT23-6封装 2.5-5.5V 1A 30uA静态 电源管理IC,IP2112A Electronic Component,"IP2112A Electronic Component. Confirm the selected model, size and included items before ordering.",CNY,0.09,0.01,https://detail.1688.com/offer/1083132859947.html,included,
1083132443835,electronics-market,electronics,原装正品 L7805CV-DG 丝印L7805CV 封装TO-220 线性稳压器芯片IC,Electronic Component,"Electronic Component. Confirm the selected model, size and included items before ordering.",CNY,1.5,0.22,https://detail.1688.com/offer/1083132443835.html,included,
1083074022264,electronics-market,electronics,全新原装 CN3058E 贴片SOP-8-EP 恒压充电芯片 3058E 电源管理IC,CN3058E Electronic Component,"CN3058E Electronic Component. Confirm the selected model, size and included items before ordering.",CNY,0.63,0.09,https://detail.1688.com/offer/1083074022264.html,included,
1083030682370,electronics-market,electronics,逻辑芯片SN74AUP1G08DBVR SN74AUP1G08 丝印:H08R SOT-23-5,Electronic Component,"Electronic Component. Confirm the selected model, size and included items before ordering.",CNY,1,0.15,https://detail.1688.com/offer/1083030682370.html,included,
1083027577639,electronics-market,general,体重秤家用体脂秤精准电子秤人体称重小型充电已接入米家APP定制,Electronic Scale,"Electronic Scale. Confirm the selected model, size and included items before ordering.",CNY,45.9,6.72,https://detail.1688.com/offer/1083027577639.html,included,
1082845359934,electronics-market,electronics,热卖ISL90840WIV2027Z ISL90840UI27Z ISL90840 TSSOP20 现货直拍,,,CNY,20,2.93,https://detail.1688.com/offer/1082845359934.html,held,english-product-identification-pending
1082837707343,electronics-market,electronics,正品热卖ISO124U/1K 丝印ISO124U ISO124 SOP8 运算放大器 可直拍,Electronic Component,"Electronic Component. Confirm the selected model, size and included items before ordering.",CNY,14,2.05,https://detail.1688.com/offer/1082837707343.html,included,
1082764906122,electronics-market,electronics,GP8501 GP8501-TC50-EW SOP-10 PWM信号转模拟信号转换器芯片,Electronic Component,"Electronic Component. Confirm the selected model, size and included items before ordering.",CNY,4.8,0.7,https://detail.1688.com/offer/1082764906122.html,included,
1082209457802,electronics-market,electronics,SW6201S SW6201 封装QFN40 电子元器件  集成电路IC  样品可拆,Electronic Component,"Electronic Component. Confirm the selected model, size and included items before ordering.",CNY,0.16,0.02,https://detail.1688.com/offer/1082209457802.html,included,
1082188503849,electronics-market,electronics,全新原装 MX52LM04A11XVW 4GB EMMC5.1版本 存储器芯片IC BGA153,Memory IC,"Memory IC. Confirm the selected model, size and included items before ordering.",CNY,140,20.48,https://detail.1688.com/offer/1082188503849.html,included,
1082128177058,electronics-market,electronics,全新原装 ICS-41350 丝印350 EMES麦克风 传感器芯片 封装 LGA,Microphone Component,"Microphone Component. Confirm the selected model, size and included items before ordering.",CNY,4.5,0.66,https://detail.1688.com/offer/1082128177058.html,included,
1082005423621,electronics-market,electronics,原装正品 DRV10987SLIPWPR 987SLI 987SL1 HTSSOP24驱动器IC芯片,DRV10987SLIPWPR Electronic Component,"DRV10987SLIPWPR Electronic Component. Confirm the selected model, size and included items before ordering.",CNY,10,1.46,https://detail.1688.com/offer/1082005423621.html,included,
1081989633047,electronics-market,electronics,全新正品 电子元器件 AGM60P100A 集成电路 封装PDFN-8 拍前询价,AGM60P100A Electronic Component,"AGM60P100A Electronic Component. Confirm the selected model, size and included items before ordering.",CNY,2,0.29,https://detail.1688.com/offer/1081989633047.html,included,
1081832589093,electronics-market,electronics,原装现货 MJD45H11T4G 丝印5H11G TO-252 PNP晶体管贴片三极管,Electronic Component,"Electronic Component. Confirm the selected model, size and included items before ordering.",CNY,1,0.15,https://detail.1688.com/offer/1081832589093.html,included,
1081664978161,electronics-market,electronics,LP2985AIM5-5.0 全新原装正品 电子元器件IC芯片 海量现货库存,LP2985AIM5-5 Electronic Component,"LP2985AIM5-5 Electronic Component. Confirm the selected model, size and included items before ordering.",CNY,1.66,0.24,https://detail.1688.com/offer/1081664978161.html,included,
1081643718804,electronics-market,electronics,杰华特JW5361FMSOTB#TR SOT23-6封装 同步降压转换器芯片IC 原装,JW5361FMSOTB Electronic Component,"JW5361FMSOTB Electronic Component. Confirm the selected model, size and included items before ordering.",CNY,0.29,0.04,https://detail.1688.com/offer/1081643718804.html,included,
1081286057226,electronics-market,electronics,type-c母座防水IP66级 6pin贴片四脚插件带柱USB连接器厂家批发,Electrical Connector,"Electrical Connector. Confirm the selected model, size and included items before ordering.",CNY,0.9,0.13,https://detail.1688.com/offer/1081286057226.html,included,
1081134214959,electronics-market,electronics,正品热卖TDA1311AT DA1311A TDA1311A SOP8数模转换器IC 现货直拍,Electronic Component,"Electronic Component. Confirm the selected model, size and included items before ordering.",CNY,1,0.15,https://detail.1688.com/offer/1081134214959.html,included,
1081082812712,electronics-market,electronics,原装正品 贴片 DRV8833PWPR TSSOP-16 2A 步进电机驱动器IC芯片,DRV8833PWPR Electronic Component,"DRV8833PWPR Electronic Component. Confirm the selected model, size and included items before ordering.",CNY,4.8,0.7,https://detail.1688.com/offer/1081082812712.html,included,
1080898551928,electronics-market,electronics,全新正品 电子元器件 AGM405MNA 集成电路 封装PDFN-8 拍前询价,AGM405MNA Electronic Component,"AGM405MNA Electronic Component. Confirm the selected model, size and included items before ordering.",CNY,0.5,0.07,https://detail.1688.com/offer/1080898551928.html,included,
1080837378395,electronics-market,electronics,IP66防水PPA耐温type-c 6Pin母座四脚插板贴片带定位柱USB连接器,Electrical Connector,"Electrical Connector. Confirm the selected model, size and included items before ordering.",CNY,1.45,0.21,https://detail.1688.com/offer/1080837378395.html,included,
1080802048291,electronics-market,general,人体秤智能精准成人女生宿舍称体重秤充电电子秤精准家用健康跨境,Electronic Scale,"Electronic Scale. Confirm the selected model, size and included items before ordering.",CNY,13.49,1.97,https://detail.1688.com/offer/1080802048291.html,included,
1080741051943,electronics-market,electronics,SN74LVC1T45DRLR 全新原装正品 电子元器件IC芯片 海量现货库存,SN74LVC1T45DRLR Electronic Component,"SN74LVC1T45DRLR Electronic Component. Confirm the selected model, size and included items before ordering.",CNY,1.66,0.24,https://detail.1688.com/offer/1080741051943.html,included,
1080687885628,electronics-market,electronics,MP6908AGJ-Z  丝印IBHJ*开头 TSOT-23-6 控制器芯片 MP6908A全新,Electronic Component,"Electronic Component. Confirm the selected model, size and included items before ordering.",CNY,6.6,0.97,https://detail.1688.com/offer/1080687885628.html,included,
1080685621324,electronics-market,electronics,EG12522 屹晶微 SOP-8封装 10-20V输入 2.2A输出 MOS管栅极驱动IC,EG12522 Electronic Component,"EG12522 Electronic Component. Confirm the selected model, size and included items before ordering.",CNY,0.42,0.06,https://detail.1688.com/offer/1080685621324.html,included,
1080261347415,electronics-market,electronics,逻辑门芯片SN74AUP1G14DBVR SN74AUP1G14 丝印:H14R SOT-23-5,Electronic Component,"Electronic Component. Confirm the selected model, size and included items before ordering.",CNY,1,0.15,https://detail.1688.com/offer/1080261347415.html,included,
1080075889405,electronics-market,electronics,UCC21222DR 丝印21222 贴片SOP16 隔离式栅极驱动器芯片,UCC21222DR Electronic Component,"UCC21222DR Electronic Component. Confirm the selected model, size and included items before ordering.",CNY,4,0.59,https://detail.1688.com/offer/1080075889405.html,included,
1080058753179,electronics-market,electronics,四脚三档左右自复位贴片拨动开关单排卧式高寿命滑动开关厂家批发,Electrical Switch,"Electrical Switch. Confirm the selected model, size and included items before ordering.",CNY,0.43,0.06,https://detail.1688.com/offer/1080058753179.html,included,
1080036969880,electronics-market,electronics,QX2304L50F 泉芯 SOT23-5 0.9-6V 5.0V输出 升压型DC-DC稳压器IC,Voltage Regulator,"Voltage Regulator. Confirm the selected model, size and included items before ordering.",CNY,0.16,0.02,https://detail.1688.com/offer/1080036969880.html,included,
1079943619777,electronics-market,electronics,IP68级防水PPA耐温type-c 6Pin母座四脚插板贴片USB连接器带定位,Electrical Connector,"Electrical Connector. Confirm the selected model, size and included items before ordering.",CNY,1.58,0.23,https://detail.1688.com/offer/1079943619777.html,included,
1079796536695,electronics-market,electronics,LED电子蜡烛灯IC火焰灯遥控定时氛围灯单片机MCU主板PCBA方案芯片,Electronic Component,"Electronic Component. Confirm the selected model, size and included items before ordering.",CNY,0.1,0.01,https://detail.1688.com/offer/1079796536695.html,included,
1079716791995,electronics-market,electronics,原装正品 LGS63042B5 封装SOT-23-5 DC-DC 升压型LED驱动芯片IC,LGS63042B5 Electronic Component,"LGS63042B5 Electronic Component. Confirm the selected model, size and included items before ordering.",CNY,0.8,0.12,https://detail.1688.com/offer/1079716791995.html,included,
1079369383715,electronics-market,electronics,MSM261DGT003  LGA-6(2x4)​ 1.8V 26dB PDM数字输出的MEMS麦克风,MSM261DGT003 Microphone Component,"MSM261DGT003 Microphone Component. Confirm the selected model, size and included items before ordering.",CNY,2.15,0.31,https://detail.1688.com/offer/1079369383715.html,included,
1079138347601,electronics-market,electronics,TM4C1294KCPDT 原装正品全新 海量库存 电子元器件IC芯片,TM4C1294KCPDT Electronic Component,"TM4C1294KCPDT Electronic Component. Confirm the selected model, size and included items before ordering.",CNY,0.9,0.13,https://detail.1688.com/offer/1079138347601.html,included,
1078749191215,electronics-market,electronics,CC6205ST 芯进 SOT23-3封装 2.5-5.5V输入 微功耗 全极型霍尔开关,Electrical Switch,"Electrical Switch. Confirm the selected model, size and included items before ordering.",CNY,0.29,0.04,https://detail.1688.com/offer/1078749191215.html,included,
1077754394198,electronics-market,general,海尔体重秤家用高精准度小型电子秤充电池款减肥人体脂称重计新款,Electronic Scale,"Electronic Scale. Confirm the selected model, size and included items before ordering.",CNY,13.29,1.94,https://detail.1688.com/offer/1077754394198.html,included,
1077452392740,electronics-market,electronics,定制型直流有刷电机 智能家用电器榨汁机XR-395SHP-2098马达电机,Electric Motor,"Electric Motor. Confirm the selected model, size and included items before ordering.",CNY,7,1.02,https://detail.1688.com/offer/1077452392740.html,included,
1077411679370,electronics-market,general,福翼2系夜光漂专用电池夜钓CR216电子漂电池浮漂强续航正品电子,Illuminated Fishing Float,"Illuminated Fishing Float. Confirm the selected model, size and included items before ordering.",CNY,11.5,1.68,https://detail.1688.com/offer/1077411679370.html,included,
1076886984133,electronics-market,general,家用镜面蓝牙体脂秤充电高精度测体重称体脂电子秤源头,Electronic Scale,"Electronic Scale. Confirm the selected model, size and included items before ordering.",CNY,21,3.07,https://detail.1688.com/offer/1076886984133.html,included,
1076738025263,electronics-market,general,新款高档蓝牙智能体脂秤家用电子秤充电款高精度称重人体秤体重秤,Electronic Scale,"Electronic Scale. Confirm the selected model, size and included items before ordering.",CNY,14.95,2.19,https://detail.1688.com/offer/1076738025263.html,included,
1076516001768,electronics-market,electronics,AM29F010B-70PI 内存芯片 90PI 存储器 AM29F010-120PI 拍前咨询,Electronic Component,"Electronic Component. Confirm the selected model, size and included items before ordering.",CNY,30,4.39,https://detail.1688.com/offer/1076516001768.html,included,
1076500561491,electronics-market,electronics,厂家030直流电机电子锁马达密码锁电机美容仪家用电机微型电机,Electric Motor,"Electric Motor. Confirm the selected model, size and included items before ordering.",CNY,0.6,0.09,https://detail.1688.com/offer/1076500561491.html,included,
1076404646828,electronics-market,electronics,030电动牙刷洁面仪微型直流电机玩具遥控车智能门锁震动马达批发,Electric Motor,"Electric Motor. Confirm the selected model, size and included items before ordering.",CNY,0.55,0.08,https://detail.1688.com/offer/1076404646828.html,included,
1076099598282,electronics-market,general,3.0mm空心尾浮漂加粗 大物电子夜光漂尾日夜两用咬钩变色青草鲢,Illuminated Fishing Float,"Illuminated Fishing Float. Confirm the selected model, size and included items before ordering.",CNY,3,0.44,https://detail.1688.com/offer/1076099598282.html,included,
1075869740023,electronics-market,electronics,全新原装LGS4056HDA-4.35 DFN-8 单节锂电池线性充电芯片IC,LGS4056HDA-4 Electronic Component,"LGS4056HDA-4 Electronic Component. Confirm the selected model, size and included items before ordering.",CNY,0.25,0.04,https://detail.1688.com/offer/1075869740023.html,included,
1075862505937,electronics-market,general,蓝牙体脂秤镜面充电款家用高精度测体脂体重秤电子秤批发,Electronic Scale,"Electronic Scale. Confirm the selected model, size and included items before ordering.",CNY,21,3.07,https://detail.1688.com/offer/1075862505937.html,included,
1074618167959,electronics-market,general,体重秤智能电子秤健康称重家庭用充电精准毛竹子板人体秤定制跨境,Electronic Scale,"Electronic Scale. Confirm the selected model, size and included items before ordering.",CNY,32.9,4.81,https://detail.1688.com/offer/1074618167959.html,included,
1074100345697,electronics-market,accessories,南孚376纽扣电池LR66 LR626 SR626SW 377A AG4石英表小电子手表,Watch,"Watch. Confirm the selected model, size and included items before ordering.",CNY,0.45,0.07,https://detail.1688.com/offer/1074100345697.html,included,
1073987524635,electronics-market,general,容量足AG13纽扣电池LR44碱性1.5V儿童声光玩具电子体温计珠宝秤,Jewellery Scale,"Jewellery Scale. Confirm the selected model, size and included items before ordering.",CNY,0.05,0.01,https://detail.1688.com/offer/1073987524635.html,included,
1073757744103,electronics-market,general,跨境体重秤充电电子秤精准家用健康人体秤智能精准成人女生宿屿锐,Electronic Scale,"Electronic Scale. Confirm the selected model, size and included items before ordering.",CNY,12.01,1.76,https://detail.1688.com/offer/1073757744103.html,included,
1073696401098,electronics-market,electronics,全新原装 CN3158 SOP-8贴片 磷酸铁锂电池充电管理芯片IC,CN3158 Electronic Component,"CN3158 Electronic Component. Confirm the selected model, size and included items before ordering.",CNY,0.5,0.07,https://detail.1688.com/offer/1073696401098.html,included,
1073582442192,electronics-market,general,体重秤充电电子秤精准家用健康人体秤智能精准成人女生宿舍称,Electronic Scale,"Electronic Scale. Confirm the selected model, size and included items before ordering.",CNY,10.94,1.6,https://detail.1688.com/offer/1073582442192.html,included,
1073474714081,electronics-market,general,小型电子秤克称电子称高精度厨房秤烘焙精准家用中药食物秤小称数,Electronic Scale,"Electronic Scale. Confirm the selected model, size and included items before ordering.",CNY,13.8,2.02,https://detail.1688.com/offer/1073474714081.html,included,
1073471102412,electronics-market,electronics,JS30减速电机智能垃圾桶展示台魔球灯香薰机微型低速大扭力马达,Electric Motor,"Electric Motor. Confirm the selected model, size and included items before ordering.",CNY,2.3,0.34,https://detail.1688.com/offer/1073471102412.html,included,
1073308567636,electronics-market,accessories,新款彩虹太空人Y1方块表时间日期闪烁LED显示屏学生儿童电子手表,Watch,"Watch. Confirm the selected model, size and included items before ordering.",CNY,1.68,0.25,https://detail.1688.com/offer/1073308567636.html,included,
1072657869122,electronics-market,accessories,手表男女学生夜光防水ins风高级感韩版初高中运动儿童多功能电子,Watch,"Watch. Confirm the selected model, size and included items before ordering.",CNY,15,2.19,https://detail.1688.com/offer/1072657869122.html,included,
1072532604533,electronics-market,general,体脂秤智能精准家用充电蓝牙秤人体秤电子秤体重秤已接入米家app,Electronic Scale,"Electronic Scale. Confirm the selected model, size and included items before ordering.",CNY,12.9,1.89,https://detail.1688.com/offer/1072532604533.html,included,
1072329801468,electronics-market,general,邮包秤定制EMS邮政快递秤PS4B便携式电子秤小型包裹称秤跨境货源,Portable Electronic Scale,"Portable Electronic Scale. Listed features: portable. Confirm the selected model, size and included items before ordering.",CNY,5,0.73,https://detail.1688.com/offer/1072329801468.html,included,
1072304472294,electronics-market,electronics,"IC TLP350 光电耦合器TLP350(F)芯片 TLP350(TP1,F)电子元器件",TLP350 Electronic Component,"TLP350 Electronic Component. Confirm the selected model, size and included items before ordering.",CNY,2.4,0.35,https://detail.1688.com/offer/1072304472294.html,included,
1071117130220,electronics-market,accessories,网红星星串珠手链手表女款高中学生闺蜜表夜光显白Ins清新电子表,Watch,"Watch. Confirm the selected model, size and included items before ordering.",CNY,6.7,0.98,https://detail.1688.com/offer/1071117130220.html,included,
1070542782205,electronics-market,electronics,全新现货 TPS82130SILR SIL8 电子元器件 BOM表配单 IC芯片,TPS82130SILR Electronic Component,"TPS82130SILR Electronic Component. Confirm the selected model, size and included items before ordering.",CNY,1,0.15,https://detail.1688.com/offer/1070542782205.html,included,
1070341796152,electronics-market,electronics,芯联CL4064M6F/CL4056D8F/CL4054H/CL4267线性锂离子电池充电芯片,Electronic Component,"Electronic Component. Confirm the selected model, size and included items before ordering.",CNY,0.17,0.02,https://detail.1688.com/offer/1070341796152.html,included,
1070181657121,electronics-market,accessories,发光儿童手表卡通三丽鸥库洛米电子表女款学生数字指针石英表批发,Watch,"Watch. Confirm the selected model, size and included items before ordering.",CNY,3.8,0.56,https://detail.1688.com/offer/1070181657121.html,included,
1070140495621,electronics-market,general,厂家定制批发代发智能体脂秤体重秤家用精准人体秤电子称健康秤,Electronic Scale,"Electronic Scale. Confirm the selected model, size and included items before ordering.",CNY,9.9,1.45,https://detail.1688.com/offer/1070140495621.html,included,
1069774966660,electronics-market,electronics,全新原装正品 DRV8701ERGER VQFN-24 H桥智能栅极驱动器芯片IC,DRV8701ERGER Electronic Component,"DRV8701ERGER Electronic Component. Confirm the selected model, size and included items before ordering.",CNY,3.4,0.5,https://detail.1688.com/offer/1069774966660.html,included,
1069754949024,electronics-market,general,跨境批发电子秤体脂秤简约家用称重智能充电款体重秤定制工厂批发,Electronic Scale,"Electronic Scale. Confirm the selected model, size and included items before ordering.",CNY,9.3,1.36,https://detail.1688.com/offer/1069754949024.html,included,
1069466826892,electronics-market,general,空心尾加粗电子漂尾配件咬钩变色日夜两用夜光漂醒目硬尾大物漂尾,Illuminated Fishing Float,"Illuminated Fishing Float. Confirm the selected model, size and included items before ordering.",CNY,3,0.44,https://detail.1688.com/offer/1069466826892.html,included,
1069408468349,electronics-market,general,绿林电子秤克称台秤高精度厨房秤烘焙精准家用商用食物克重小型秤,Electronic Scale,"Electronic Scale. Confirm the selected model, size and included items before ordering.",CNY,14.6,2.14,https://detail.1688.com/offer/1069408468349.html,included,
1069153575223,electronics-market,electronics,TP4336 原装SOP-8 充电管理同步升压IC芯片1A同步移动电源 TP4339,Electronic Component,"Electronic Component. Confirm the selected model, size and included items before ordering.",CNY,0.22,0.03,https://detail.1688.com/offer/1069153575223.html,included,
1068909593924,electronics-market,electronics,24V2A专用电机马达现货批发直流微型马达 智能家居器械配套电机批,Electric Motor,"Electric Motor. Confirm the selected model, size and included items before ordering.",CNY,7.85,1.15,https://detail.1688.com/offer/1068909593924.html,included,
1068113288701,electronics-market,general,菱洋家用充电电子秤 玻璃体重秤人体秤健康秤跨境定 制称厂家批发,Electronic Scale,"Electronic Scale. Confirm the selected model, size and included items before ordering.",CNY,8.7,1.27,https://detail.1688.com/offer/1068113288701.html,included,
1068076086845,electronics-market,accessories,新款多巴胺迷你挂电子挂表便携学生电子表工作学习考试表静音时钟,Portable Digital Watch,"Portable Digital Watch. Listed features: portable. Confirm the selected model, size and included items before ordering.",CNY,3.5,0.51,https://detail.1688.com/offer/1068076086845.html,included,
1068070814235,electronics-market,electronics,R385厂家批发智能电动马达直流12V美容仪家用电器有刷微型电机,Electric Motor,"Electric Motor. Confirm the selected model, size and included items before ordering.",CNY,2.85,0.42,https://detail.1688.com/offer/1068070814235.html,included,
1068042334073,electronics-market,general,菱洋品牌电子秤体脂秤智能蓝牙体重秤人体秤电池家用高精准体脂秤,Electronic Scale,"Electronic Scale. Confirm the selected model, size and included items before ordering.",CNY,9.5,1.39,https://detail.1688.com/offer/1068042334073.html,included,
1067855356920,electronics-market,smart-devices,IP5406T IP5406 ESOP8 2A充电 2.4A 放电集成DCP功能移动电源 SOC,Power Bank,"Power Bank. Confirm the selected model, size and included items before ordering.",CNY,0.73,0.11,https://detail.1688.com/offer/1067855356920.html,included,
1067848818649,electronics-market,general,菱洋家用充电电子秤 玻璃体重秤人体秤健康秤跨境定 制称厂家批发,Electronic Scale,"Electronic Scale. Confirm the selected model, size and included items before ordering.",CNY,8.5,1.24,https://detail.1688.com/offer/1067848818649.html,included,
1067810774314,electronics-market,electronics,夜光变色电子中通漂矶钓远投泡沫漂醒目浮标海竿海钓鲢鱼鲈鱼漂,,,CNY,0.4,0.06,https://detail.1688.com/offer/1067810774314.html,held,english-product-identification-pending
1067714770543,electronics-market,general,电子阿波一拉得 是水之星远投型 红色绿色 海钓漂矶钓漂夜光漂ABS,Illuminated Fishing Float,"Illuminated Fishing Float. Confirm the selected model, size and included items before ordering.",CNY,5.8,0.85,https://detail.1688.com/offer/1067714770543.html,included,
1067619287997,electronics-market,electronics,ILPS28QSWTR 气压计 1260/4060hPa CCLGA-6 Qvar检测 ST,ILPS28QSWTR Electronic Component,"ILPS28QSWTR Electronic Component. Confirm the selected model, size and included items before ordering.",CNY,80,11.71,https://detail.1688.com/offer/1067619287997.html,included,
1066677545421,electronics-market,accessories,电子手表纽扣电池377遥控电动玩具电池AG4电子秤血糖仪LR626电池,Watch,"Watch. Confirm the selected model, size and included items before ordering.",CNY,0.08,0.01,https://detail.1688.com/offer/1066677545421.html,included,
1066525082075,electronics-market,electronics,APM32F103CBT6 LQFP-48ARM Cortex-M3 32位微控制器MCU电子元器件,APM32F103CBT6 Electronic Component,"APM32F103CBT6 Electronic Component. Confirm the selected model, size and included items before ordering.",CNY,5.16,0.75,https://detail.1688.com/offer/1066525082075.html,included,
1066340569462,electronics-market,general,智能体重秤电子秤家用精准小型高精度充电体脂秤家庭人体称电子称,Electronic Scale,"Electronic Scale. Confirm the selected model, size and included items before ordering.",CNY,9.8,1.43,https://detail.1688.com/offer/1066340569462.html,included,
1066302986946,electronics-market,accessories,新款多功能防水运动夜光时尚潮流个性学生男女初中高中生男女手表,Watch,"Watch. Confirm the selected model, size and included items before ordering.",CNY,33.9,4.96,https://detail.1688.com/offer/1066302986946.html,included,
1065874039817,electronics-market,general,多功能电子秤婴儿幼儿辅食精准电子克秤称药材黄金小型电子秤,Electronic Scale,"Electronic Scale. Confirm the selected model, size and included items before ordering.",CNY,180,26.34,https://detail.1688.com/offer/1065874039817.html,included,
1065664902378,electronics-market,accessories,电动玩具纽扣电池LR626遥控电子手表电池377电子秤血糖仪AG4电池,Watch,"Watch. Confirm the selected model, size and included items before ordering.",CNY,0.08,0.01,https://detail.1688.com/offer/1065664902378.html,included,
1065663158553,electronics-market,accessories,电子手表纽扣电池AG4遥控电动玩具电池LR626电子秤血糖仪377电池,Watch,"Watch. Confirm the selected model, size and included items before ordering.",CNY,0.08,0.01,https://detail.1688.com/offer/1065663158553.html,included,
1065634471555,electronics-market,accessories,新款卡通钥匙扣迷你小挂表学生钥匙扣led电子表考试随身携带挂表,Digital Watch,"Digital Watch. Confirm the selected model, size and included items before ordering.",CNY,3.2,0.47,https://detail.1688.com/offer/1065634471555.html,included,
1065423875165,electronics-market,general,体重秤家用体脂秤精准电子秤人体称充电小型京东健康APP互联定制,Electronic Scale,"Electronic Scale. Confirm the selected model, size and included items before ordering.",CNY,18.9,2.77,https://detail.1688.com/offer/1065423875165.html,included,
1065157103727,electronics-market,general,家用精准体重秤智能充电体脂秤电子秤蓝牙宿舍小型体脂秤体脂秤,Electronic Scale,"Electronic Scale. Confirm the selected model, size and included items before ordering.",CNY,16.9,2.47,https://detail.1688.com/offer/1065157103727.html,included,
1064916863037,electronics-market,electronics,厂家直销摇摆蜡烛IC线路板SOP-8电子蜡烛灯芯片5开19关定时茶蜡IC,Electronic Component,"Electronic Component. Confirm the selected model, size and included items before ordering.",CNY,0.23,0.03,https://detail.1688.com/offer/1064916863037.html,included,
1064471680757,electronics-market,accessories,静音无声水滴小挂表随身小学生儿童学习时尚电子表带星期书包挂表,Digital Watch,"Digital Watch. Confirm the selected model, size and included items before ordering.",CNY,2.4,0.35,https://detail.1688.com/offer/1064471680757.html,included,
1064381523497,electronics-market,general,咬钩爆闪电子夜光漂七星漂超亮传统夜钓溪流LED浮漂变色两用,Illuminated Fishing Float,"Illuminated Fishing Float. Confirm the selected model, size and included items before ordering.",CNY,4.7,0.69,https://detail.1688.com/offer/1064381523497.html,included,
1064233171447,electronics-market,general,2026体重秤简约高颜值宿舍网红可充电人体秤家用电子秤健康秤,Electronic Scale,"Electronic Scale. Confirm the selected model, size and included items before ordering.",CNY,12.5,1.83,https://detail.1688.com/offer/1064233171447.html,included,
1064168594159,electronics-market,general,体重秤精准称重智能体脂称电子秤家用人体秤充电体脂秤减肥专用,Electronic Scale,"Electronic Scale. Confirm the selected model, size and included items before ordering.",CNY,15.9,2.33,https://detail.1688.com/offer/1064168594159.html,included,
1064106679669,electronics-market,electronics,全新原装 STM32G030F6P6现货贴片TSSOP20 单片机MCU 电子元器件,STM32G030F6P6 Electronic Component,"STM32G030F6P6 Electronic Component. Confirm the selected model, size and included items before ordering.",CNY,1.7,0.25,https://detail.1688.com/offer/1064106679669.html,included,
1064099645702,electronics-market,electronics,新款户外电子挂表背包挂件创意怀表看时间挂表男女学生书包小挂表,School Bag,"School Bag. Confirm the selected model, size and included items before ordering.",CNY,3.5,0.51,https://detail.1688.com/offer/1064099645702.html,included,
1063814866608,electronics-market,electronics,富泰GM10-M20行星减速电机车载充电子锁10mm微型直流有刷减速电机,Electric Motor,"Electric Motor. Confirm the selected model, size and included items before ordering.",CNY,4.1,0.6,https://detail.1688.com/offer/1063814866608.html,included,
1063790582572,electronics-market,electronics,Winbond华邦全新原装正品W25Q128JVSIM SOIC-8-208mil​封装芯片,W25Q128JVSIM Electronic Component,"W25Q128JVSIM Electronic Component. Confirm the selected model, size and included items before ordering.",CNY,11.87,1.74,https://detail.1688.com/offer/1063790582572.html,included,
1063704183324,electronics-market,accessories,迷彩儿童手表防水夜光数码电子表男女儿童学生蓝色多功能腕表批发,Watch,"Watch. Confirm the selected model, size and included items before ordering.",CNY,3.9,0.57,https://detail.1688.com/offer/1063704183324.html,included,
1063517294484,electronics-market,general,青魔鲤彩绘硬尾跑铅无铅灵顿大五目长漂尾电子夜光漂大物电子漂,Illuminated Fishing Float,"Illuminated Fishing Float. Confirm the selected model, size and included items before ordering.",CNY,10,1.46,https://detail.1688.com/offer/1063517294484.html,included,
1063512581185,electronics-market,general,联想体脂秤减肥专用家用体重秤精准称重电子秤智能充电人体秤跨境,Electronic Scale,"Electronic Scale. Confirm the selected model, size and included items before ordering.",CNY,19.9,2.91,https://detail.1688.com/offer/1063512581185.html,included,
1063491233278,electronics-market,accessories,小学生只看时间LED夜光触控防水手环表男女情侣休闲电子表百搭,Digital Watch,"Digital Watch. Confirm the selected model, size and included items before ordering.",CNY,1.3,0.19,https://detail.1688.com/offer/1063491233278.html,included,
1063479502126,electronics-market,electronics,云知声US326E8 离线语音识别IC微信小程序控制智能控制芯片,US326E8 Electronic Component,"US326E8 Electronic Component. Confirm the selected model, size and included items before ordering.",CNY,2.4,0.35,https://detail.1688.com/offer/1063479502126.html,included,
1063464861134,electronics-market,accessories,新款Y1太空人电子手表简约方形男女学生时尚户外运动夜光数字手表,Watch,"Watch. Confirm the selected model, size and included items before ordering.",CNY,1.75,0.26,https://detail.1688.com/offer/1063464861134.html,included,
1063128903377,electronics-market,general,家用高精度体脂秤充电专用称脂肪秤体重秤电子秤体重测量精准3,Electronic Scale,"Electronic Scale. Confirm the selected model, size and included items before ordering.",CNY,9,1.32,https://detail.1688.com/offer/1063128903377.html,included,
1063030254151,electronics-market,electronics,74HC165 SOP-16 贴片 74HC165D 移位寄存器逻辑IC芯片 电子元器件,Electronic Component,"Electronic Component. Confirm the selected model, size and included items before ordering.",CNY,0.22,0.03,https://detail.1688.com/offer/1063030254151.html,included,
1063023930552,electronics-market,electronics,ME4075AM5G 封装SOT-23-5 锂电池充电IC 电子元器件现货库存,ME4075AM5G Electronic Component,"ME4075AM5G Electronic Component. Confirm the selected model, size and included items before ordering.",CNY,0.4,0.06,https://detail.1688.com/offer/1063023930552.html,included,
1063011447510,electronics-market,electronics,GM10减速电机10mm电子锁保温杯车载设备微型直流电机行星减速电机,Electric Motor,"Electric Motor. Confirm the selected model, size and included items before ordering.",CNY,4.1,0.6,https://detail.1688.com/offer/1063011447510.html,included,
1062882705511,electronics-market,general,ANNUO 智能体脂秤家用精准电子体重秤 轻薄便携多人测脂人体秤,Portable Body Weight Scale,"Portable Body Weight Scale. Listed features: portable. Confirm the selected model, size and included items before ordering.",CNY,10,1.46,https://detail.1688.com/offer/1062882705511.html,included,
1062735798865,electronics-market,accessories,新款公仔创意礼品卡通LED电子表简约可爱防水儿童学生电子手表女,Watch,"Watch. Confirm the selected model, size and included items before ordering.",CNY,1.3,0.19,https://detail.1688.com/offer/1062735798865.html,included,
1062460346200,electronics-market,accessories,新款种草多巴胺运动手表韩版初中学生考试静音户外跑步夜光手表,Watch,"Watch. Confirm the selected model, size and included items before ordering.",CNY,2.3,0.34,https://detail.1688.com/offer/1062460346200.html,included,
1062076077483,electronics-market,accessories,新款爱心款小方块情侣时尚手表运动款 LED电子手表学生儿童电子表,Watch,"Watch. Confirm the selected model, size and included items before ordering.",CNY,1.68,0.25,https://detail.1688.com/offer/1062076077483.html,included,
1062017959059,electronics-market,accessories,热销新款八角形挂绳小怀表学生迷你小挂表简约防水触控数字电子表,Digital Watch,"Digital Watch. Confirm the selected model, size and included items before ordering.",CNY,3.5,0.51,https://detail.1688.com/offer/1062017959059.html,included,
1062003215084,electronics-market,accessories,时尚男女爆款手表韩版LED电子表炫酷时尚数字灯显学生情侣按键表,Watch,"Watch. Confirm the selected model, size and included items before ordering.",CNY,3.3,0.48,https://detail.1688.com/offer/1062003215084.html,included,
1061715395164,electronics-market,electronics,圆形超小12V汽车电瓶铅酸铁锂锂电池电量显示板带欠压指示灯,Battery,"Battery. Confirm the selected model, size and included items before ordering.",CNY,3.79,0.55,https://detail.1688.com/offer/1061715395164.html,included,
1061512015931,electronics-market,electronics,专业电子元器件一站式BOM表配单集成电路IC芯片电容电阻半导体,Electronic Component,"Electronic Component. Confirm the selected model, size and included items before ordering.",CNY,1,0.15,https://detail.1688.com/offer/1061512015931.html,held,service-or-assortment
1061448114385,electronics-market,general,体重秤家用体脂秤精准称体重电子秤蓝牙智能充电款人体秤专业定制,Electronic Scale,"Electronic Scale. Confirm the selected model, size and included items before ordering.",CNY,15.9,2.33,https://detail.1688.com/offer/1061448114385.html,included,
1061141487821,electronics-market,electronics,OB2222E 昂宝 SOP-8 85-265VAC 40KHz 非隔离降压 PWM控制芯片IC,OB2222E Electronic Component,"OB2222E Electronic Component. Confirm the selected model, size and included items before ordering.",CNY,0.48,0.07,https://detail.1688.com/offer/1061141487821.html,included,
1061021101900,electronics-market,accessories,新款Y1科技感LED方形电子表简约初高中学生时尚按键大屏数字手表,Watch,"Watch. Confirm the selected model, size and included items before ordering.",CNY,1.68,0.25,https://detail.1688.com/offer/1061021101900.html,included,
1060741830604,electronics-market,general,家用 USB 充电体重秤 30*30cm 大秤面加厚钢化玻璃精准成人称重,Body Weight Scale,"Body Weight Scale. Confirm the selected model, size and included items before ordering.",CNY,69,10.1,https://detail.1688.com/offer/1060741830604.html,included,
1060690384696,electronics-market,accessories,运动电子手表男款多功能双显时尚休闲手表学生高颜值腕表跨境批发,Watch,"Watch. Confirm the selected model, size and included items before ordering.",CNY,24.4,3.57,https://detail.1688.com/offer/1060690384696.html,included,
1060481207375,electronics-market,electronics,供应SMD3213 CSTNE8M00G53/G550000R0贴片三脚陶瓷晶振谐振器,Electronic Component,"Electronic Component. Confirm the selected model, size and included items before ordering.",CNY,0.52,0.08,https://detail.1688.com/offer/1060481207375.html,included,
1060413447559,electronics-market,general,源头工厂电子称重杯电子秤精准计量500g可充电便携式意咖啡剂量杯,Portable Electronic Scale,"Portable Electronic Scale. Listed features: portable. Confirm the selected model, size and included items before ordering.",CNY,39,5.71,https://detail.1688.com/offer/1060413447559.html,included,
1060404582439,electronics-market,accessories,现货大字触屏挂表时尚创意便捷LED电子表防水男女学生考试专用表,Digital Watch,"Digital Watch. Confirm the selected model, size and included items before ordering.",CNY,3.2,0.47,https://detail.1688.com/offer/1060404582439.html,included,
1059703580676,electronics-market,electronics,APM32F103C8T6 原装正品 微控制器单片机MCU 现货供应 电子元器件,APM32F103C8T6 Electronic Component,"APM32F103C8T6 Electronic Component. Confirm the selected model, size and included items before ordering.",CNY,4.1,0.6,https://detail.1688.com/offer/1059703580676.html,included,
1059336784748,electronics-market,electronics,全新原装 TM1640 LED驱动芯片 封装SSOP28,TM1640 Electronic Component,"TM1640 Electronic Component. Confirm the selected model, size and included items before ordering.",CNY,0.34,0.05,https://detail.1688.com/offer/1059336784748.html,included,
1058888061484,electronics-market,electronics,XM25QH128CHIQ 电子元器件 集成电路IC 存储芯片 原装正品,XM25QH128CHIQ Electronic Component,"XM25QH128CHIQ Electronic Component. Confirm the selected model, size and included items before ordering.",CNY,3.5,0.51,https://detail.1688.com/offer/1058888061484.html,included,
1058409195559,electronics-market,general,60CM大物夜光漂双排LED咬钩变色加长行程电子漂钓鱼浮漂鲢鳙鱼漂,Illuminated Fishing Float,"Illuminated Fishing Float. Confirm the selected model, size and included items before ordering.",CNY,8.3,1.21,https://detail.1688.com/offer/1058409195559.html,included,
1057786193099,electronics-market,electronics,珠海ZeniPower至力A675P人工耳蜗澳大利亚奥地利电子耳蜗专用电池,Battery,"Battery. Confirm the selected model, size and included items before ordering.",CNY,80,11.71,https://detail.1688.com/offer/1057786193099.html,included,
1057608394199,electronics-market,electronics,原装正品 TP181A1-CR 双向检测 零漂移/自动稳零 电流感应放大器,TP181A1-CR Electronic Component,"TP181A1-CR Electronic Component. Confirm the selected model, size and included items before ordering.",CNY,0.7,0.1,https://detail.1688.com/offer/1057608394199.html,included,
1057543811730,electronics-market,electronics,N20微型电机智能垃圾桶扫地机器人3V-12V电动牙刷减速马达定制,Electric Motor,"Electric Motor. Confirm the selected model, size and included items before ordering.",CNY,9.9,1.45,https://detail.1688.com/offer/1057543811730.html,included,
1057478558264,electronics-market,general,正版高精度电子秤商用款小型做生意家用30kg卖菜公斤水果厨房,Electronic Scale,"Electronic Scale. Confirm the selected model, size and included items before ordering.",CNY,65.56,9.59,https://detail.1688.com/offer/1057478558264.html,included,
1057430173802,electronics-market,general,定制邮包秤EMS邮政快递秤300kg便携式电子秤小型包裹称秤跨境货源,Portable Electronic Scale,"Portable Electronic Scale. Listed features: portable. Confirm the selected model, size and included items before ordering.",CNY,5,0.73,https://detail.1688.com/offer/1057430173802.html,included,
1056837639976,electronics-market,electronics,全新热卖 SSL5255TE SSL5255 HSOP8进口正品 质量超好 现货可直拍,,,CNY,3,0.44,https://detail.1688.com/offer/1056837639976.html,held,english-product-identification-pending
1056771500719,electronics-market,general,电子秤手提50kg家用小型高精度便携式迷你精准弹簧秤吊钩快递,Portable Electronic Scale,"Portable Electronic Scale. Listed features: portable. Confirm the selected model, size and included items before ordering.",CNY,8.5,1.24,https://detail.1688.com/offer/1056771500719.html,included,
1056683822450,electronics-market,accessories,AG1/LR621/LR60纽扣电池 3粒一组串连4.5V石英电子手表电池,Watch,"Watch. Confirm the selected model, size and included items before ordering.",CNY,0.21,0.03,https://detail.1688.com/offer/1056683822450.html,included,
1056682300969,electronics-market,electronics,电子夜光七星漂豆日夜两用夜钓闷杆7星漂传统钓浮漂新型鱼漂批发,,,CNY,1.2,0.18,https://detail.1688.com/offer/1056682300969.html,held,english-product-identification-pending
1056603243513,electronics-market,general,新款体重秤智能发光家用体脂秤电子秤精准小型充电人体称重计定制,Electronic Scale,"Electronic Scale. Confirm the selected model, size and included items before ordering.",CNY,49.9,7.3,https://detail.1688.com/offer/1056603243513.html,included,
1056337548887,electronics-market,general,跨境爆款迷你电子手提秤背光精准挂钩电子秤便携式手持电子秤批发,Portable Electronic Scale,"Portable Electronic Scale. Listed features: portable. Confirm the selected model, size and included items before ordering.",CNY,5,0.73,https://detail.1688.com/offer/1056337548887.html,included,
1056003452927,electronics-market,general,得力便携电子手提秤随身挂秤厨房烘焙数字显示高精度家用体重秤,Portable Portable Luggage Scale,"Portable Portable Luggage Scale. Listed features: portable. Confirm the selected model, size and included items before ordering.",CNY,15,2.19,https://detail.1688.com/offer/1056003452927.html,included,
1055612226296,electronics-market,accessories,新款可爱卡通LED动漫手环表时尚个性印儿童花学生触控防水电子表,Digital Watch,"Digital Watch. Confirm the selected model, size and included items before ordering.",CNY,2.1,0.31,https://detail.1688.com/offer/1055612226296.html,included,
1055483680100,electronics-market,electronics,面包板跳线盒 面包板跳线 连接线 转接线电子开发套件140/560/840,Electronics Jumper Wires,"Electronics Jumper Wires. Confirm the selected model, size and included items before ordering.",CNY,4,0.59,https://detail.1688.com/offer/1055483680100.html,included,
1055472428781,electronics-market,general,新款银风高精烘焙秤10kg小厨房电子秤0.1g精准称重,Electronic Scale,"Electronic Scale. Confirm the selected model, size and included items before ordering.",CNY,6.3,0.92,https://detail.1688.com/offer/1055472428781.html,included,
1055417149212,electronics-market,accessories,新款防水夜光电子手表男潮流简约中学生青少年多功能运动手表批发,Watch,"Watch. Confirm the selected model, size and included items before ordering.",CNY,3.6,0.53,https://detail.1688.com/offer/1055417149212.html,included,
1055354581562,electronics-market,electronics,晨美鑫语音ai芯片识别声控风扇芯片开发智能语音识别玩具小夜灯用,Electronic Component,"Electronic Component. Confirm the selected model, size and included items before ordering.",CNY,0.38,0.06,https://detail.1688.com/offer/1055354581562.html,included,
1055038241945,electronics-market,general,尊享30kg双面显示屏充电电子秤10g精准摆摊卖菜必备小帮手电子称,Electronic Scale,"Electronic Scale. Confirm the selected model, size and included items before ordering.",CNY,59,8.63,https://detail.1688.com/offer/1055038241945.html,included,
1054835021375,electronics-market,electronics,ETA9742 原装ESOP8 同步升压开关充电放电三合一IC芯片ETA9742E8A,Electronic Component,"Electronic Component. Confirm the selected model, size and included items before ordering.",CNY,0.55,0.08,https://detail.1688.com/offer/1054835021375.html,included,
1054806694601,electronics-market,accessories,厂家直销时尚方形LED数字电子手表学生成人情侣墨镜电子手表批发,Watch,"Watch. Confirm the selected model, size and included items before ordering.",CNY,2.1,0.31,https://detail.1688.com/offer/1054806694601.html,included,
1054743536311,electronics-market,electronics,杜邦线 母对母 公对母 公对公40P彩色排线连接线10/15/20/30CM,Electronics Jumper Wires,"Electronics Jumper Wires. Confirm the selected model, size and included items before ordering.",CNY,1.5,0.22,https://detail.1688.com/offer/1054743536311.html,included,
1054661251972,electronics-market,electronics,亿光 EL357N(C)(TA)-G SOP4 晶体管输出光耦 50MA 1.2V 全新 原装,EL357N Electronic Component,"EL357N Electronic Component. Confirm the selected model, size and included items before ordering.",CNY,0.18,0.03,https://detail.1688.com/offer/1054661251972.html,included,
1054601830613,electronics-market,general,咬钩变色高灵敏超细硬尾LED夜光电子漂尾日夜两用425/316DIY配尾,Illuminated Fishing Float,"Illuminated Fishing Float. Confirm the selected model, size and included items before ordering.",CNY,0.99,0.14,https://detail.1688.com/offer/1054601830613.html,included,
1054570472207,electronics-market,electronics,SA8105 原装 SOT23-6 2V-7V 0.5A 集成 充电电流三合一驱动IC芯片,SA8105 Electronic Component,"SA8105 Electronic Component. Confirm the selected model, size and included items before ordering.",CNY,0.1,0.01,https://detail.1688.com/offer/1054570472207.html,included,
1054457660990,electronics-market,electronics,PCB Ruler 电子工程师用尺 封装单位 直尺 计量尺寸 长度,Ruler,"Ruler. Confirm the selected model, size and included items before ordering.",CNY,2.4,0.35,https://detail.1688.com/offer/1054457660990.html,included,
1054344275668,electronics-market,general,充电手提电子秤批发便携式行李秤买菜称重手提秤电子称家用弹簧秤,Portable Electronic Scale,"Portable Electronic Scale. Listed features: portable. Confirm the selected model, size and included items before ordering.",CNY,6.9,1.01,https://detail.1688.com/offer/1054344275668.html,included,
1054316458990,electronics-market,electronics,晨美鑫语音芯片识别智能声控小风扇家居小夜灯芯片离线语音识别用,Voice Playback IC,"Voice Playback IC. Confirm the selected model, size and included items before ordering.",CNY,0.35,0.05,https://detail.1688.com/offer/1054316458990.html,included,
1054084814010,electronics-market,electronics,XL6005E1 芯龙 TO252-5 5-32V输入3A输出 升压型 升压DC/DC芯片IC,Electronic Component,"Electronic Component. Confirm the selected model, size and included items before ordering.",CNY,1.28,0.19,https://detail.1688.com/offer/1054084814010.html,included,
1054055282790,electronics-market,accessories,"SII精工电子SEIZAIKEN电池626,621,920,321纽扣电池1.55V手表电池",Watch,"Watch. Confirm the selected model, size and included items before ordering.",CNY,2.2,0.32,https://detail.1688.com/offer/1054055282790.html,included,
1053954466026,electronics-market,general,定制体重秤家用精准充电称人体电子秤智能体脂秤已接入米家app,Electronic Scale,"Electronic Scale. Confirm the selected model, size and included items before ordering.",CNY,12.9,1.89,https://detail.1688.com/offer/1053954466026.html,included,
1053830322836,electronics-market,general,已接入米家APP体重秤家用精准体脂秤电子秤充电小型减肥人体称重,Electronic Scale,"Electronic Scale. Confirm the selected model, size and included items before ordering.",CNY,12.9,1.89,https://detail.1688.com/offer/1053830322836.html,included,
1053764569852,electronics-market,electronics,远投矶钓漂配定风铅夜光咬钩变色日夜两用远抛醒目加粗电子路滑漂,,,CNY,2.5,0.37,https://detail.1688.com/offer/1053764569852.html,held,english-product-identification-pending
1053612652569,electronics-market,electronics,可爱小挂表电子音乐钥匙扣时间显示按键大声音闹铃学生书包挂件,School Bag,"School Bag. Confirm the selected model, size and included items before ordering.",CNY,2.32,0.34,https://detail.1688.com/offer/1053612652569.html,included,
1053612652040,electronics-market,electronics,IP6829 英集芯 QFN32 15W PD 协议全集成无线充电发射 SOC芯片IC,IP6829 Electronic Component,"IP6829 Electronic Component. Confirm the selected model, size and included items before ordering.",CNY,3.4,0.5,https://detail.1688.com/offer/1053612652040.html,included,
1053533561745,electronics-market,general,顶级防水电子秤小型精准高精度称重家用30kg厨房烘焙计价食物台秤,Electronic Scale,"Electronic Scale. Confirm the selected model, size and included items before ordering.",CNY,60,8.78,https://detail.1688.com/offer/1053533561745.html,included,
1053470466708,electronics-market,general,蓝牙体脂秤体重秤精准小型成人减肥人体秤家庭充电健康秤称重批发,Body Weight Scale,"Body Weight Scale. Confirm the selected model, size and included items before ordering.",CNY,12.5,1.83,https://detail.1688.com/offer/1053470466708.html,included,
1053341522623,electronics-market,electronics,新品电子阿波夜光浮漂日夜钓远投抗风浪下膨胀型电子浮标矶钓浮漂,,,CNY,3,0.44,https://detail.1688.com/offer/1053341522623.html,held,english-product-identification-pending
1053340294209,electronics-market,general,高精度充电式小型电子秤珠宝茶叶便携黄金0.01精准商用家用,Portable Electronic Scale,"Portable Electronic Scale. Listed features: portable. Confirm the selected model, size and included items before ordering.",CNY,8,1.17,https://detail.1688.com/offer/1053340294209.html,included,
1053171440029,electronics-market,general,已接入米家APP体重秤精准电子秤智能体脂秤人体称重计家庭减肥用,Electronic Scale,"Electronic Scale. Confirm the selected model, size and included items before ordering.",CNY,16,2.34,https://detail.1688.com/offer/1053171440029.html,included,
1053075154667,electronics-market,general,手提电子秤卖菜用手提秤食物电子称弹簧行李秤快递随身挂钩吊精准,Electronic Scale,"Electronic Scale. Confirm the selected model, size and included items before ordering.",CNY,6.8,0.99,https://detail.1688.com/offer/1053075154667.html,included,
1053070857642,electronics-market,electronics,FY4054T 富羿原装 500MA单节锂电池充电芯片 SOT23-5L,FY4054T Electronic Component,"FY4054T Electronic Component. Confirm the selected model, size and included items before ordering.",CNY,0.04,0.01,https://detail.1688.com/offer/1053070857642.html,included,
1052829461444,electronics-market,general,新款led夜光漂高亮醒目日夜两用高灵敏咬钩变色电子浮漂夜钓鱼漂,Illuminated Fishing Float,"Illuminated Fishing Float. Confirm the selected model, size and included items before ordering.",CNY,1,0.15,https://detail.1688.com/offer/1052829461444.html,included,
1052815887180,electronics-market,accessories,FOXBOX/利格外贸专供腕表男士双显系列手表多功能运动防水手表,Watch,"Watch. Confirm the selected model, size and included items before ordering.",CNY,69,10.1,https://detail.1688.com/offer/1052815887180.html,included,
1052578110338,electronics-market,accessories,时刻美方形简约时尚方块电子手表户外运动防水夜光 LED学生手表,Watch,"Watch. Confirm the selected model, size and included items before ordering.",CNY,27,3.95,https://detail.1688.com/offer/1052578110338.html,included,
1052574400492,electronics-market,general,跨境批发厨房电子秤家用不锈钢电子厨房秤精准克数药材食品电子秤,Stainless Steel Electronic Scale,"Stainless Steel Electronic Scale. Listed features: stainless steel. Confirm the selected model, size and included items before ordering.",CNY,7.6,1.11,https://detail.1688.com/offer/1052574400492.html,included,
1052547752030,electronics-market,electronics,全新 MAX14808ETK+T MAX14808 TQFN-68 高压数字脉冲器芯片IC,Electronic Component,"Electronic Component. Confirm the selected model, size and included items before ordering.",CNY,78,11.41,https://detail.1688.com/offer/1052547752030.html,included,
1052397398884,electronics-market,electronics,SK220S SK220X 数控直流升降压电源9A 220W MPPT太阳能充电模块组,,,CNY,98,14.34,https://detail.1688.com/offer/1052397398884.html,held,english-product-identification-pending
1052273859204,electronics-market,general,高灵敏醒目钓鱼浮漂三目加粗尾电子夜光变色浮漂日夜两用夜钓鲫鱼,Illuminated Fishing Float,"Illuminated Fishing Float. Confirm the selected model, size and included items before ordering.",CNY,1.5,0.22,https://detail.1688.com/offer/1052273859204.html,included,
1052194627842,electronics-market,accessories,日本进口村田364 920 321 377 395 371纽扣电池SR626SW手表小电子,Watch,"Watch. Confirm the selected model, size and included items before ordering.",CNY,1.85,0.27,https://detail.1688.com/offer/1052194627842.html,included,
1052157280252,electronics-market,electronics,凯迪拉克xt4专用汽车钥匙电池车遥控器智能纽扣电子3VCR2032,Battery,"Battery. Confirm the selected model, size and included items before ordering.",CNY,1.8,0.26,https://detail.1688.com/offer/1052157280252.html,included,
1052130452122,electronics-market,electronics,奥迪Q4/RS4/RS5/RS6/RS7/R8汽车钥匙电池遥控器3V纽扣电子CR2032,Battery,"Battery. Confirm the selected model, size and included items before ordering.",CNY,1.8,0.26,https://detail.1688.com/offer/1052130452122.html,included,
1051467985660,electronics-market,electronics,温控器stc-1000水族孵化海鲜机电子数显微电脑温度控制器开关,Electrical Switch,"Electrical Switch. Confirm the selected model, size and included items before ordering.",CNY,9.23,1.35,https://detail.1688.com/offer/1051467985660.html,included,
1051304735274,electronics-market,electronics,260扁微型电机USB风扇小型家电小马达智能锁儿童玩具直流电机厂家,Electric Motor,"Electric Motor. Confirm the selected model, size and included items before ordering.",CNY,1.35,0.2,https://detail.1688.com/offer/1051304735274.html,included,
1051303220100,electronics-market,electronics,AS5600-ASOT 全新原装 封装SOP-8 磁性旋转位置传感器芯片 AS5600,Electronic Component,"Electronic Component. Confirm the selected model, size and included items before ordering.",CNY,3.99,0.58,https://detail.1688.com/offer/1051303220100.html,included,
1051266124071,electronics-market,electronics,现货LSM6DSRTR LGA-14 iNEMO 6DoF IMU传感器3D加速度计+3D陀螺仪,Electronic Sensor,"Electronic Sensor. Confirm the selected model, size and included items before ordering.",CNY,13.68,2.0,https://detail.1688.com/offer/1051266124071.html,included,
1051247849313,electronics-market,electronics,别克昂科威S专用汽车钥匙电池车遥控器智能纽扣电子车用要是,Battery,"Battery. Confirm the selected model, size and included items before ordering.",CNY,1.8,0.26,https://detail.1688.com/offer/1051247849313.html,included,
1051223189773,electronics-market,electronics,东风尼桑日产天籁逍客奇骏骐达阳光汽车钥匙电池遥控器纽扣电子3V,Battery,"Battery. Confirm the selected model, size and included items before ordering.",CNY,1.8,0.26,https://detail.1688.com/offer/1051223189773.html,included,
1051220893112,electronics-market,electronics,专用领克03＋/06/01/05/02汽车钥匙电池08遥控器3V纽扣电子CR2032,Battery,"Battery. Confirm the selected model, size and included items before ordering.",CNY,1.8,0.26,https://detail.1688.com/offer/1051220893112.html,included,
1051195089539,electronics-market,general,厂家批发代发智能体脂秤体重秤家用精准人体秤电子称健康秤脂肪秤,Electronic Scale,"Electronic Scale. Confirm the selected model, size and included items before ordering.",CNY,12.5,1.83,https://detail.1688.com/offer/1051195089539.html,included,
1050825124859,electronics-market,accessories,SKMEI时刻美电子表多功能防水手表休闲男士电子闹钟运动夜光时尚,Watch,"Watch. Confirm the selected model, size and included items before ordering.",CNY,38,5.56,https://detail.1688.com/offer/1050825124859.html,included,
1050524604980,electronics-market,electronics,N20电机颈部按摩震动马达电热震动护膝护腰按摩仪振动马达定制,Electric Motor,"Electric Motor. Confirm the selected model, size and included items before ordering.",CNY,2.5,0.37,https://detail.1688.com/offer/1050524604980.html,included,
1050356067449,electronics-market,electronics,LSM6DSV+QMC6309九轴传感器模块 姿态传感器 陀螺仪加速度SPI/IIC,Electronic Sensor,"Electronic Sensor. Confirm the selected model, size and included items before ordering.",CNY,35,5.12,https://detail.1688.com/offer/1050356067449.html,included,
1050278882244,electronics-market,electronics,荣威360/E/550/750/950/W5汽车钥匙电池遥控器3V纽扣电子CR2032,Battery,"Battery. Confirm the selected model, size and included items before ordering.",CNY,1.8,0.26,https://detail.1688.com/offer/1050278882244.html,included,
1050278742162,electronics-market,electronics,捷途专用X95旅行者L9汽车钥匙电池遥控器3V纽扣电子CR2032车子用,Battery,"Battery. Confirm the selected model, size and included items before ordering.",CNY,1.8,0.26,https://detail.1688.com/offer/1050278742162.html,included,
1050271242574,electronics-market,electronics,现代瑞纳伊兰特索纳塔库斯途悦纳瑞奕汽车钥匙电池遥控器纽扣电子,Battery,"Battery. Confirm the selected model, size and included items before ordering.",CNY,1.8,0.26,https://detail.1688.com/offer/1050271242574.html,included,
1050263210756,electronics-market,electronics,五菱佳辰征程之光荣光小卡新卡汽车钥匙电池遥控器纽扣电子CR2032,Battery,"Battery. Confirm the selected model, size and included items before ordering.",CNY,1.8,0.26,https://detail.1688.com/offer/1050263210756.html,included,
1050253802427,electronics-market,electronics,江淮A5/QX/X8/L5/L6MAX/M4汽车钥匙电池遥控器3V纽扣电子CR2032,Battery,"Battery. Confirm the selected model, size and included items before ordering.",CNY,1.8,0.26,https://detail.1688.com/offer/1050253802427.html,included,
1050250362891,electronics-market,electronics,奔腾T90/T55/T99/NAT/M9/B30/B90/T33汽车钥匙电池遥控器纽扣电子,Battery,"Battery. Confirm the selected model, size and included items before ordering.",CNY,1.8,0.26,https://detail.1688.com/offer/1050250362891.html,included,
1050142882389,electronics-market,general,体重秤精准电子秤家用智能蓝牙体脂秤充电称重减肥人体健康称定制,Electronic Scale,"Electronic Scale. Confirm the selected model, size and included items before ordering.",CNY,16.9,2.47,https://detail.1688.com/offer/1050142882389.html,included,
1050070460793,electronics-market,electronics,CX8833 诚芯微 SOP8 3.1A 可调输出 车载电源 DC-DC 降压芯片IC,CX8833 Electronic Component,"CX8833 Electronic Component. Confirm the selected model, size and included items before ordering.",CNY,0.42,0.06,https://detail.1688.com/offer/1050070460793.html,included,
1049972210011,electronics-market,electronics,跨境爆款电子勺子秤家用小型克称高精度称重勺宠物粮烘焙辅食通用,,,CNY,7.5,1.1,https://detail.1688.com/offer/1049972210011.html,held,english-product-identification-pending
1049966127838,electronics-market,general,跨境爆款家用便携式手提秤迷你电子称批发旅行行李秤50kg吊钩秤,Portable Portable Luggage Scale,"Portable Portable Luggage Scale. Listed features: portable. Confirm the selected model, size and included items before ordering.",CNY,5.9,0.86,https://detail.1688.com/offer/1049966127838.html,included,
1049932051879,electronics-market,electronics,Pro Micro 采用Atmega32U4 自身usb更新程序 5V/16M 单片机开发板,Development Board,"Development Board. Confirm the selected model, size and included items before ordering.",CNY,18.5,2.71,https://detail.1688.com/offer/1049932051879.html,included,
1049906538523,electronics-market,electronics,原装SGM41516DYG/TR 封装WLCSP-30B 丝印SGM41516D 电源路径管理,,,CNY,5.5,0.8,https://detail.1688.com/offer/1049906538523.html,held,english-product-identification-pending
1049728051451,electronics-market,electronics,全新原装 直插 STC12C5A60S2-35I-PDIP40 8051单片机微控制器芯片,STC12C5A60S2-35I-PDIP40 Electronic Component,"STC12C5A60S2-35I-PDIP40 Electronic Component. Confirm the selected model, size and included items before ordering.",CNY,7,1.02,https://detail.1688.com/offer/1049728051451.html,included,
1049666230242,electronics-market,electronics,双USB快充降压模块 6-30V12V24V转QC3.0 华为FCP 车载手机充电,,,CNY,5.9,0.86,https://detail.1688.com/offer/1049666230242.html,held,english-product-identification-pending
1049663563002,electronics-market,electronics,OC6700B 欧创芯 SOP8 2.6V~60V 1MHz 升压型 LED恒流驱动器IC芯片,OC6700B Electronic Component,"OC6700B Electronic Component. Confirm the selected model, size and included items before ordering.",CNY,0.49,0.07,https://detail.1688.com/offer/1049663563002.html,included,
1049656935393,electronics-market,electronics,【非国产】全新原装 AP5056 电池充电管理芯片 SOP8 贴片8脚,AP5056 Electronic Component,"AP5056 Electronic Component. Confirm the selected model, size and included items before ordering.",CNY,0.25,0.04,https://detail.1688.com/offer/1049656935393.html,included,
1049507495742,electronics-market,electronics,起亚奕跑kx1专用汽车钥匙电池遥控器智能纽扣电子CR2032要是,Battery,"Battery. Confirm the selected model, size and included items before ordering.",CNY,1.8,0.26,https://detail.1688.com/offer/1049507495742.html,included,
1049503427889,electronics-market,electronics,适用于吉利博越专用汽车钥匙电池车遥控器智能纽扣电子要是,Battery,"Battery. Confirm the selected model, size and included items before ordering.",CNY,1.8,0.26,https://detail.1688.com/offer/1049503427889.html,included,
1049500227141,electronics-market,electronics,适用传祺GA8/GS5/GS6/GS7/E8汽车钥匙电池遥控器3V纽扣电子CR2032,Battery,"Battery. Confirm the selected model, size and included items before ordering.",CNY,1.8,0.26,https://detail.1688.com/offer/1049500227141.html,included,
1049421598734,electronics-market,general,跨境爆款背光电子手提秤高精度50公斤小型挂钩秤旅行快递买菜称重,Portable Luggage Scale,"Portable Luggage Scale. Confirm the selected model, size and included items before ordering.",CNY,4.98,0.73,https://detail.1688.com/offer/1049421598734.html,included,
1049153442437,electronics-market,electronics,DC-DC升压模块2A升压板输入3V/5V转升5V/9V/12V/24V可调MT3608,,,CNY,1.45,0.21,https://detail.1688.com/offer/1049153442437.html,held,english-product-identification-pending
1049075451712,electronics-market,electronics,全新正品 AIP650EO AIP650E0 SOP-16 LED驱动控制数码管显示芯片,Electronic Component,"Electronic Component. Confirm the selected model, size and included items before ordering.",CNY,0.17,0.02,https://detail.1688.com/offer/1049075451712.html,included,
1048911541471,electronics-market,general,精准电子体重秤小型体重秤学生宿舍人体减肥称重秤单位定制礼品秤,Body Weight Scale,"Body Weight Scale. Confirm the selected model, size and included items before ordering.",CNY,12.5,1.83,https://detail.1688.com/offer/1048911541471.html,included,
1048818135313,electronics-market,general,小湖神眼1目变色高灵敏咬钩变色LED夜光电子漂日夜两用全水域浮漂,Illuminated Fishing Float,"Illuminated Fishing Float. Confirm the selected model, size and included items before ordering.",CNY,6.9,1.01,https://detail.1688.com/offer/1048818135313.html,included,
1048810910244,electronics-market,electronics,全新TM1640 SOP28/SSOP28 LED面板显示驱动芯片 天微授权代理原装,TM1640 Electronic Component,"TM1640 Electronic Component. Confirm the selected model, size and included items before ordering.",CNY,0.35,0.05,https://detail.1688.com/offer/1048810910244.html,included,
1048685499157,electronics-market,electronics,AS5600-ASOM 全新原装 封装SOP-8 磁性旋转位置传感器芯片 AS5600,Electronic Component,"Electronic Component. Confirm the selected model, size and included items before ordering.",CNY,4.49,0.66,https://detail.1688.com/offer/1048685499157.html,included,
1048675930604,electronics-market,electronics,轻触四按键开关模块兼容Arduino开发板传感器树莓派51单片机套件,Electrical Switch,"Electrical Switch. Confirm the selected model, size and included items before ordering.",CNY,1.9,0.28,https://detail.1688.com/offer/1048675930604.html,included,
1048398411417,electronics-market,electronics,温控器stc-1000水族孵化海鲜机电子数显微电脑温度控制器开关,Electrical Switch,"Electrical Switch. Confirm the selected model, size and included items before ordering.",CNY,9.5,1.39,https://detail.1688.com/offer/1048398411417.html,included,
1048320432204,electronics-market,electronics,超亮LED珠珠尾大物夜光尾带浮力硬尾灯珠鲢鳙浮漂咬钩变色鱼漂,,,CNY,12.9,1.89,https://detail.1688.com/offer/1048320432204.html,held,english-product-identification-pending
1048180957397,electronics-market,electronics,R310微型剃须刀电机马达智能垃圾桶扫地机马达小风扇马达稳定高寿,Electric Motor,"Electric Motor. Confirm the selected model, size and included items before ordering.",CNY,1.18,0.17,https://detail.1688.com/offer/1048180957397.html,included,
1048014181937,electronics-market,general,体重秤家用高精准电子秤小型充电体脂秤宿舍减肥称重计人体健康秤,Electronic Scale,"Electronic Scale. Confirm the selected model, size and included items before ordering.",CNY,8.9,1.3,https://detail.1688.com/offer/1048014181937.html,included,
1047921899689,electronics-market,electronics,HP8303B ESOP8 32V/3A同步降压DC/DC转换器IC替代CN3903/RY8336,,,CNY,0.5,0.07,https://detail.1688.com/offer/1047921899689.html,held,english-product-identification-pending
1047767288058,electronics-market,electronics,数控蓄电池锂电池控制模块XH-M602 电瓶充电开关保护板DIY配件,Electrical Switch,"Electrical Switch. Confirm the selected model, size and included items before ordering.",CNY,8.8,1.29,https://detail.1688.com/offer/1047767288058.html,included,
1047508044693,electronics-market,electronics,可调温控仪开关 STC-3008电脑数显智能双控电子温控器双显双温,Electrical Switch,"Electrical Switch. Confirm the selected model, size and included items before ordering.",CNY,14.64,2.14,https://detail.1688.com/offer/1047508044693.html,included,
1047499072358,electronics-market,electronics,原装正品 贴片 TM1628A SOP-28 LED数码管显示驱动IC芯片,TM1628A Electronic Component,"TM1628A Electronic Component. Confirm the selected model, size and included items before ordering.",CNY,0.5,0.07,https://detail.1688.com/offer/1047499072358.html,included,
1047308824694,electronics-market,general,标准M2级教学实验砝码电子称校准100g200g500g1kg砝码套装批发,Electronic Scale,"Electronic Scale. Confirm the selected model, size and included items before ordering.",CNY,5.5,0.8,https://detail.1688.com/offer/1047308824694.html,included,
1047012440505,electronics-market,electronics,PP塑料小型浮球开关液位开关 水位开 液位感应器 防腐耐酸碱52MM,Plastic Electrical Switch,"Plastic Electrical Switch. Listed features: plastic. Confirm the selected model, size and included items before ordering.",CNY,3.96,0.58,https://detail.1688.com/offer/1047012440505.html,included,
1046962385165,electronics-market,general,家用体重秤智能体脂秤精准电子称充电成人健康人体蓝牙秤现货分销,Electronic Scale,"Electronic Scale. Confirm the selected model, size and included items before ordering.",CNY,12.5,1.83,https://detail.1688.com/offer/1046962385165.html,included,
1046884333025,electronics-market,electronics,XH-M604 蓄电池锂电池充电控制模块 电瓶充电控制保护开关 6-60V,Electrical Switch,"Electrical Switch. Confirm the selected model, size and included items before ordering.",CNY,8,1.17,https://detail.1688.com/offer/1046884333025.html,included,
1046882684702,electronics-market,electronics,STM32F103C8T6 全新原装 LQFP-48 主流增强型ARM单片机,,,CNY,5.3,0.78,https://detail.1688.com/offer/1046882684702.html,held,english-product-identification-pending
1046819402474,electronics-market,general,批发珠宝电子秤0.01g高精准克重秤3kg称重食物烘焙秤电子珠宝秤,Electronic Scale,"Electronic Scale. Confirm the selected model, size and included items before ordering.",CNY,10.6,1.55,https://detail.1688.com/offer/1046819402474.html,included,
1046628733407,electronics-market,electronics,USB电压表 电流表 USB充电电流 电压测试仪 检测器可检测USB设备,,,CNY,3.12,0.46,https://detail.1688.com/offer/1046628733407.html,held,english-product-identification-pending
1046627501532,electronics-market,electronics,0.56寸LED数字电压表 数码管直流电压表头 DC4.5V-30.0V 反接保护,,,CNY,1.8,0.26,https://detail.1688.com/offer/1046627501532.html,held,english-product-identification-pending
1046624301751,electronics-market,electronics,电子温湿度计 圆形电子温湿度计 爬虫类 亚克力箱爬箱温度计,Temperature and Humidity Meter,"Temperature and Humidity Meter. Confirm the selected model, size and included items before ordering.",CNY,0.22,0.03,https://detail.1688.com/offer/1046624301751.html,included,
1046622285903,electronics-market,electronics,4000W 电子调压器 调光 调速 调温 大功率可控硅  配保险外壳,,,CNY,8.53,1.25,https://detail.1688.com/offer/1046622285903.html,held,english-product-identification-pending
1046580740014,electronics-market,general,定制家用体重秤精准耐用充电称重电子秤智能体脂秤已接入米家app,Electronic Scale,"Electronic Scale. Confirm the selected model, size and included items before ordering.",CNY,11.9,1.74,https://detail.1688.com/offer/1046580740014.html,included,
1046428417945,electronics-market,electronics,LED液晶电视背光升压恒流板 CA-266S新款32-65寸通用80-480mA输出,,,CNY,10,1.46,https://detail.1688.com/offer/1046428417945.html,held,english-product-identification-pending
1046424985465,electronics-market,electronics,18650 电池盒 充电座 1节2节3节4节 串联 带粗线,Battery,"Battery. Confirm the selected model, size and included items before ordering.",CNY,0.38,0.06,https://detail.1688.com/offer/1046424985465.html,included,
1046380059182,electronics-market,general,高精度珠宝电子秤0.01g小金珠黄金克拉首饰药粉精密计量克称重器,Electronic Scale,"Electronic Scale. Confirm the selected model, size and included items before ordering.",CNY,6.5,0.95,https://detail.1688.com/offer/1046380059182.html,included,
1046154834041,electronics-market,general,精准体重秤智能体脂秤可爱卡通电子秤人体秤可充电批发称重健康秤,Electronic Scale,"Electronic Scale. Confirm the selected model, size and included items before ordering.",CNY,12.5,1.83,https://detail.1688.com/offer/1046154834041.html,included,
1046148434876,electronics-market,electronics,10000W 数字调压器 调光 可控硅调速器 电烤炉 大功率 电子 数控,,,CNY,36.2,5.3,https://detail.1688.com/offer/1046148434876.html,held,english-product-identification-pending
1045917014664,electronics-market,electronics,电子调压器 调光 调速 调温220V 风冷 交流电机 4000W进口可控硅,Electric Motor,"Electric Motor. Confirm the selected model, size and included items before ordering.",CNY,19.28,2.82,https://detail.1688.com/offer/1045917014664.html,included,
1045791635912,electronics-market,general,小凤仙滑漂浮漂鲢鳙变色夜光漂矶钓远投大物路滑电子鱼漂渔具批发,Illuminated Fishing Float,"Illuminated Fishing Float. Confirm the selected model, size and included items before ordering.",CNY,5,0.73,https://detail.1688.com/offer/1045791635912.html,included,
1045673134207,electronics-market,electronics,光电传感器 E18-D80NK 红外光电开关 避障传感器模块 漫反射式,Electrical Switch,"Electrical Switch. Confirm the selected model, size and included items before ordering.",CNY,6.02,0.88,https://detail.1688.com/offer/1045673134207.html,included,
1045398327231,electronics-market,general,体重秤体脂秤精准称重计人体电子秤小型充电款健康秤CE认证充电款,Electronic Scale,"Electronic Scale. Confirm the selected model, size and included items before ordering.",CNY,12.5,1.83,https://detail.1688.com/offer/1045398327231.html,included,
1045011263786,electronics-market,electronics,原装正品松下Panasonic工业装纽扣电池CR2032/2025/2450 3V锂电子,Battery,"Battery. Confirm the selected model, size and included items before ordering.",CNY,1.2,0.18,https://detail.1688.com/offer/1045011263786.html,included,
1044927439474,electronics-market,electronics,W1088电子温控器电脑数显智能双控双显双温 可调温控仪开关 0.1,Electrical Switch,"Electrical Switch. Confirm the selected model, size and included items before ordering.",CNY,18.53,2.71,https://detail.1688.com/offer/1044927439474.html,included,
1044869137220,electronics-market,general,外贸体重秤电子秤家用精准智能人体秤减肥专用人体称体重工厂批发,Electronic Scale,"Electronic Scale. Confirm the selected model, size and included items before ordering.",CNY,12,1.76,https://detail.1688.com/offer/1044869137220.html,included,
1044453095421,electronics-market,electronics,UDA1342 UDA1342TS UDA1344TS 全新原装 SSOP28音频编解码器芯片,Electronic Component,"Electronic Component. Confirm the selected model, size and included items before ordering.",CNY,6,0.88,https://detail.1688.com/offer/1044453095421.html,included,
1044353922985,electronics-market,electronics,适用宝马1系3系5系7系iX1X3X4X5X6汽车钥匙电池CR2032遥控530电子,Battery,"Battery. Confirm the selected model, size and included items before ordering.",CNY,1.8,0.26,https://detail.1688.com/offer/1044353922985.html,included,
1044096475115,electronics-market,electronics,迷你电量指示模块干电池通用百分比电量显示超低功耗设计延迟时间,Battery,"Battery. Confirm the selected model, size and included items before ordering.",CNY,8.5,1.24,https://detail.1688.com/offer/1044096475115.html,included,
1043823898560,electronics-market,electronics,电感应式接近开关LJ12A3-4-ZBX直流24V NPN常开传感器LJ12A3-4-BY,Electrical Switch,"Electrical Switch. Confirm the selected model, size and included items before ordering.",CNY,5.2,0.76,https://detail.1688.com/offer/1043823898560.html,included,
1043630481342,electronics-market,general,外贸跨境300公斤电子秤台秤大型称重器180KG电子磅折叠快递秤摆摊,Foldable Electronic Scale,"Foldable Electronic Scale. Listed features: foldable. Confirm the selected model, size and included items before ordering.",CNY,68,9.95,https://detail.1688.com/offer/1043630481342.html,included,
1042944982170,electronics-market,electronics,DC-6GHz射频适配器  有宽频工作范围 可靠连接以及出色的抗振性能,,,CNY,1200,175.58,https://detail.1688.com/offer/1042944982170.html,held,english-product-identification-pending
1042349849609,electronics-market,general,便携式手提电子秤精准家用小型弹簧称重器行李秤商用克称随身携带,Portable Electronic Scale,"Portable Electronic Scale. Listed features: portable. Confirm the selected model, size and included items before ordering.",CNY,13.9,2.03,https://detail.1688.com/offer/1042349849609.html,included,
1042061588953,electronics-market,electronics,原装正品 TPS70933DBVR SOT23-5 3.3V 150mA低压差线性稳压器芯片,TPS70933DBVR Electronic Component,"TPS70933DBVR Electronic Component. Confirm the selected model, size and included items before ordering.",CNY,0.32,0.05,https://detail.1688.com/offer/1042061588953.html,included,
1041862657972,electronics-market,general,电子称量勺 精准称重厨房家用烘焙勺子称计量勺克数勺刻度面粉勺,Electronic Scale,"Electronic Scale. Confirm the selected model, size and included items before ordering.",CNY,7.7,1.13,https://detail.1688.com/offer/1041862657972.html,included,
1041398455280,electronics-market,accessories,儿童卡通手表女学生党初高中生独角兽少女ins高颜值运动男电子表,Watch,"Watch. Confirm the selected model, size and included items before ordering.",CNY,1.5,0.22,https://detail.1688.com/offer/1041398455280.html,included,
1040725588246,electronics-market,general,咬钩变色电子漂重力感应浮漂电子夜光漂鱼漂渔具漂智能纳米材质,Illuminated Fishing Float,"Illuminated Fishing Float. Confirm the selected model, size and included items before ordering.",CNY,2.5,0.37,https://detail.1688.com/offer/1040725588246.html,included,
1040665819243,electronics-market,electronics,汽车钥匙电池cr2032纽扣电池带焊脚两个一组并联电子产品3V工业装,Battery,"Battery. Confirm the selected model, size and included items before ordering.",CNY,1.13,0.17,https://detail.1688.com/offer/1040665819243.html,included,
1040654335684,electronics-market,electronics,565直流电机纯铜小风扇电吹风微型电机智能窗帘按摩枪水泵马达,Electric Motor,"Electric Motor. Confirm the selected model, size and included items before ordering.",CNY,7.5,1.1,https://detail.1688.com/offer/1040654335684.html,included,
1040621884770,electronics-market,general,厂家直供USB充电人体秤LED隐屏渐变色重力感应体重秤批发家用称重,Body Weight Scale,"Body Weight Scale. Confirm the selected model, size and included items before ordering.",CNY,10.5,1.54,https://detail.1688.com/offer/1040621884770.html,included,
1040582592237,electronics-market,electronics,富泰F030微型直流电机智能门锁微型隔膜泵有刷电机家用小电器马达,Electric Motor,"Electric Motor. Confirm the selected model, size and included items before ordering.",CNY,1.3,0.19,https://detail.1688.com/offer/1040582592237.html,included,
1039861111668,electronics-market,electronics,祥云昌语音识别IC智能门锁家居方案串口通讯协议声音控制开关,Electrical Switch,"Electrical Switch. Confirm the selected model, size and included items before ordering.",CNY,0.37,0.05,https://detail.1688.com/offer/1039861111668.html,included,
1039848456104,electronics-market,general,早鱼体重秤家用精准小型电子秤高精度充电体脂秤家庭人体称批发,Electronic Scale,"Electronic Scale. Confirm the selected model, size and included items before ordering.",CNY,15.9,2.33,https://detail.1688.com/offer/1039848456104.html,included,
1039843731819,electronics-market,accessories,高颜值电子表中小学生款儿童5-12岁闹钟夜光防水时尚运动手表男女,Watch,"Watch. Confirm the selected model, size and included items before ordering.",CNY,1.1,0.16,https://detail.1688.com/offer/1039843731819.html,included,
1039449160000,electronics-market,electronics,整流桥 DB207S 封装 DBS SOP-4封装 60MIL 大芯片 贴 片二极管,DB207S Electronic Component,"DB207S Electronic Component. Confirm the selected model, size and included items before ordering.",CNY,0.08,0.01,https://detail.1688.com/offer/1039449160000.html,included,
1039384960531,electronics-market,electronics,全新原装 ICM-42688-P 丝印I428P 6轴运动传感器芯片 贴片 LGA-14,I428P Electronic Component,"I428P Electronic Component. Confirm the selected model, size and included items before ordering.",CNY,35,5.12,https://detail.1688.com/offer/1039384960531.html,included,
1039216318707,electronics-market,general,厂家批发不锈钢电子秤便携行李秤50kg行李秤家用挂钩式手提电子秤,Stainless Steel Portable Electronic Scale,"Stainless Steel Portable Electronic Scale. Listed features: stainless steel, portable. Confirm the selected model, size and included items before ordering.",CNY,9.6,1.4,https://detail.1688.com/offer/1039216318707.html,included,
1038621303481,electronics-market,accessories,可定制图三角洲行动游戏同款学生党电子手表礼物电子儿童闹钟手表,Watch,"Watch. Confirm the selected model, size and included items before ordering.",CNY,9.9,1.45,https://detail.1688.com/offer/1038621303481.html,included,
1038561224557,electronics-market,general,体重秤家用体脂秤电子秤高精准度智能充电减肥专用人体称重计定制,Electronic Scale,"Electronic Scale. Confirm the selected model, size and included items before ordering.",CNY,22,3.22,https://detail.1688.com/offer/1038561224557.html,included,
1037933592628,electronics-market,general,高精度平板钢厨房秤烘焙称电子称台秤厨房电子秤10kg不锈激光打标,Electronic Scale,"Electronic Scale. Confirm the selected model, size and included items before ordering.",CNY,10.8,1.58,https://detail.1688.com/offer/1037933592628.html,included,
1037930584771,electronics-market,general,批发家用黑手提秤50kg迷你手提称便携式电子称小型钓鱼秤快递磅秤,Portable Portable Luggage Scale,"Portable Portable Luggage Scale. Listed features: portable. Confirm the selected model, size and included items before ordering.",CNY,6.7,0.98,https://detail.1688.com/offer/1037930584771.html,included,
1037929500804,electronics-market,general,手提电子秤家用手提秤便携式电子秤高精度称重器手提弹簧秤钓鱼秤,Portable Electronic Scale,"Portable Electronic Scale. Listed features: portable. Confirm the selected model, size and included items before ordering.",CNY,10.5,1.54,https://detail.1688.com/offer/1037929500804.html,included,
1037922404925,electronics-market,general,厨房秤家用电子秤整机防水不锈钢厨房计价秤精准烘焙食物称电子称,Stainless Steel Electronic Scale,"Stainless Steel Electronic Scale. Listed features: stainless steel. Confirm the selected model, size and included items before ordering.",CNY,52,7.61,https://detail.1688.com/offer/1037922404925.html,included,
1037756922034,electronics-market,general,双色电子大肚漂 夜光远投鲢鳙浮钓漂海杆抛竿船钓海钓漂夜钓鱼漂,Illuminated Fishing Float,"Illuminated Fishing Float. Confirm the selected model, size and included items before ordering.",CNY,0.3,0.04,https://detail.1688.com/offer/1037756922034.html,included,
1037724456085,electronics-market,general,超低可移动电子平台秤轮椅秤医院疗养养老院指定透析体重秤上轮椅,Body Weight Scale,"Body Weight Scale. Confirm the selected model, size and included items before ordering.",CNY,5,0.73,https://detail.1688.com/offer/1037724456085.html,included,
1037358474713,electronics-market,general,0.65金刚尾实心灌胶高灵敏硬尾LED夜光漂漂尾日夜两用电子漂配尾,Illuminated Fishing Float,"Illuminated Fishing Float. Confirm the selected model, size and included items before ordering.",CNY,0.99,0.14,https://detail.1688.com/offer/1037358474713.html,included,
1037335589450,electronics-market,general,现货F1级304不锈钢砝码高精度校准天平砝码电子秤砝码5g-2kg套装,Stainless Steel Electronic Scale,"Stainless Steel Electronic Scale. Listed features: stainless steel. Confirm the selected model, size and included items before ordering.",CNY,18,2.63,https://detail.1688.com/offer/1037335589450.html,included,
1037277639931,electronics-market,electronics,天源TP4056 CL4056SOP8封装 充电IC  1A/4.2V 电池电源管理芯片,Electronic Component,"Electronic Component. Confirm the selected model, size and included items before ordering.",CNY,0.14,0.02,https://detail.1688.com/offer/1037277639931.html,included,
1037272719750,electronics-market,general,体重秤家用体脂秤精准电子秤充电人体称重计智能减肥专用2026新款,Electronic Scale,"Electronic Scale. Confirm the selected model, size and included items before ordering.",CNY,22.9,3.35,https://detail.1688.com/offer/1037272719750.html,included,
1051608205979,furniture-lighting,lighting,智能灯具cob防眩射灯嵌入式小山丘酒店客厅家用洗墙灯窄边led射灯,Recessed or Spot Light,"Recessed or Spot Light. Confirm the selected model, size and included items before ordering.",CNY,26.7,3.91,https://detail.1688.com/offer/1051608205979.html,included,
834846562448,furniture-lighting,lighting,客厅吸顶灯现代简约创意胡桃木色卧室灯护眼全屋套餐组合中山灯具,Ceiling Light,"Ceiling Light. Confirm the selected model, size and included items before ordering.",CNY,282,41.26,https://detail.1688.com/offer/834846562448.html,included,
744977591330,furniture-lighting,lighting,led灯泡e27螺口家用飞碟灯五叶40W折叠足球灯应急照明超高亮,Foldable LED Light Bulb,"Foldable LED Light Bulb. Listed features: foldable. Confirm the selected model, size and included items before ordering.",CNY,5.5,0.8,https://detail.1688.com/offer/744977591330.html,included,
701924459153,furniture-lighting,lighting,现代简约餐厅灯客厅卧室房间led主灯枝形吊灯中山家装灯具厂直销,Pendant Light,"Pendant Light. Confirm the selected model, size and included items before ordering.",CNY,35,5.12,https://detail.1688.com/offer/701924459153.html,included,
664382180712,furniture-lighting,lighting,全光谱吸顶灯儿童房灯云朵创意北欧现代贝壳中山灯具奶油风卧室灯,Ceiling Light,"Ceiling Light. Confirm the selected model, size and included items before ordering.",CNY,38,5.56,https://detail.1688.com/offer/664382180712.html,included,
778116176510,furniture-lighting,lighting,客厅主灯2026新款吸顶灯现代简约大气卧室灯全屋套餐组合中山灯具,Ceiling Light,"Ceiling Light. Confirm the selected model, size and included items before ordering.",CNY,95,13.9,https://detail.1688.com/offer/778116176510.html,included,
914997161025,furniture-lighting,lighting,中古风餐厅吊灯2025新款复古胡桃木色餐桌灯三头吧台吊灯中山灯具,Pendant Light,"Pendant Light. Confirm the selected model, size and included items before ordering.",CNY,125,18.29,https://detail.1688.com/offer/914997161025.html,included,
649733401329,furniture-lighting,lighting,全铜吊灯新中式客厅灯餐厅卧室高级感家用吊灯别墅大气客厅吊灯,Pendant Light,"Pendant Light. Confirm the selected model, size and included items before ordering.",CNY,468,68.48,https://detail.1688.com/offer/649733401329.html,included,
649619870036,furniture-lighting,lighting,新中式吊灯真玉石客厅餐厅卧室灯新款复古中国风别墅大厅吊灯套餐,Pendant Light,"Pendant Light. Confirm the selected model, size and included items before ordering.",CNY,408.57,59.78,https://detail.1688.com/offer/649619870036.html,included,
771764685176,furniture-lighting,lighting,普瑞led吸顶灯客厅灯大厅主灯护眼简约卧室灯 家装灯全屋中山灯具,Ceiling Light,"Ceiling Light. Confirm the selected model, size and included items before ordering.",CNY,155.1,22.69,https://detail.1688.com/offer/771764685176.html,included,
974838058794,furniture-lighting,lighting,2025简约现代家用ins奶油风玉兰花温馨书房卧室客厅吊灯,Pendant Light,"Pendant Light. Confirm the selected model, size and included items before ordering.",CNY,308,45.07,https://detail.1688.com/offer/974838058794.html,included,
615083312851,furniture-lighting,lighting,帝舜新款户外太阳能灯灯串家用别墅室外LED庭院防水花园装饰吊灯,LED Light Strip,"LED Light Strip. Confirm the selected model, size and included items before ordering.",CNY,36.3,5.31,https://detail.1688.com/offer/615083312851.html,included,
787523166393,furniture-lighting,lighting,2024年全光谱客厅睡房灯吸顶灯简约现代长方形灯全屋套餐组合灯具,Ceiling Light,"Ceiling Light. Confirm the selected model, size and included items before ordering.",CNY,85,12.44,https://detail.1688.com/offer/787523166393.html,included,
848091170626,furniture-lighting,lighting,全光谱餐厅吊灯北欧新款创意复古飞碟餐桌吧台护眼灯极简饭厅灯具,Pendant Light,"Pendant Light. Confirm the selected model, size and included items before ordering.",CNY,125.28,18.33,https://detail.1688.com/offer/848091170626.html,included,
897450911375,furniture-lighting,lighting,客厅灯led吸顶灯2025新款主灯卧室灯 现代简约中山灯具无叶风扇灯,Ceiling Light,"Ceiling Light. Confirm the selected model, size and included items before ordering.",CNY,259,37.9,https://detail.1688.com/offer/897450911375.html,included,
602409321313,furniture-lighting,lighting,落地灯客厅书房立式钓鱼钢琴灯卧室床头喂奶北欧简约创意落地台灯,Desk Lamp,"Desk Lamp. Confirm the selected model, size and included items before ordering.",CNY,70,10.24,https://detail.1688.com/offer/602409321313.html,included,
793678815878,furniture-lighting,lighting,客厅主灯现代简约餐厅卧室灯led吸顶灯全屋灯具套餐组合大气灯具,Ceiling Light,"Ceiling Light. Confirm the selected model, size and included items before ordering.",CNY,114,16.68,https://detail.1688.com/offer/793678815878.html,included,
975014455534,furniture-lighting,lighting,设计师复古手工落地灯侘寂风客厅民宿茶室可水洗纸不锈钢书房台灯,Stainless Steel Desk Lamp,"Stainless Steel Desk Lamp. Listed features: stainless steel. Confirm the selected model, size and included items before ordering.",CNY,600,87.79,https://detail.1688.com/offer/975014455534.html,included,
1069602204558,furniture-lighting,lighting,2026新款中古风吸顶灯新中式卧室灯圆形家用照明led遥控三色灯具,Ceiling Light,"Ceiling Light. Confirm the selected model, size and included items before ordering.",CNY,18,2.63,https://detail.1688.com/offer/1069602204558.html,included,
991598284601,furniture-lighting,lighting,护眼智能客厅大厅主灯现代简约2025年新款超亮全屋灯具led吸顶灯,Ceiling Light,"Ceiling Light. Confirm the selected model, size and included items before ordering.",CNY,49,7.17,https://detail.1688.com/offer/991598284601.html,included,
833790164323,furniture-lighting,lighting,中古风胡桃木纹LED吸顶灯客厅主灯 全光谱护眼卧室灯简约餐厅吊灯,Ceiling Light,"Ceiling Light. Confirm the selected model, size and included items before ordering.",CNY,137,20.05,https://detail.1688.com/offer/833790164323.html,included,
1033084131448,furniture-lighting,lighting,意式极简客厅吸顶灯2026新款护眼轻奢高级感大厅中山灯具套餐全屋,Ceiling Light,"Ceiling Light. Confirm the selected model, size and included items before ordering.",CNY,130,19.02,https://detail.1688.com/offer/1033084131448.html,included,
1028855835749,furniture-lighting,lighting,中古风柿子客厅吊灯包豪斯护眼灯具2026新款法式实木复古大厅主灯,Pendant Light,"Pendant Light. Confirm the selected model, size and included items before ordering.",CNY,328,47.99,https://detail.1688.com/offer/1028855835749.html,included,
1086890996140,furniture-lighting,lighting,创意水波纹长方形新款客厅吸顶灯中古风超亮家用卧室全屋灯具套餐,Ceiling Light,"Ceiling Light. Confirm the selected model, size and included items before ordering.",CNY,141,20.63,https://detail.1688.com/offer/1086890996140.html,included,
971589817130,furniture-lighting,lighting,学习专用护眼台灯充插两用折叠床头宿舍灯led学生桌面阅读灯礼品,Foldable Desk Lamp,"Foldable Desk Lamp. Listed features: foldable. Confirm the selected model, size and included items before ordering.",CNY,6.12,0.9,https://detail.1688.com/offer/971589817130.html,included,
898873041775,furniture-lighting,lighting,现代简约客厅主灯2026新款奶油风魔豆吊灯轻奢高级感全屋灯具套餐,Pendant Light,"Pendant Light. Confirm the selected model, size and included items before ordering.",CNY,262.44,38.4,https://detail.1688.com/offer/898873041775.html,included,
1084608486320,furniture-lighting,lighting,过道灯入户玄关走廊灯铁艺楼梯灯衣帽间led吸顶灯阳台灯中山灯具,Desk Lamp,"Desk Lamp. Confirm the selected model, size and included items before ordering.",CNY,29,4.24,https://detail.1688.com/offer/1084608486320.html,included,
1077193508262,furniture-lighting,lighting,客厅吸顶灯2026新款奶油风大厅主灯现代简约大气灯具全屋套餐组合,Ceiling Light,"Ceiling Light. Confirm the selected model, size and included items before ordering.",CNY,128,18.73,https://detail.1688.com/offer/1077193508262.html,included,
998708696292,furniture-lighting,lighting,2025新款智能客厅吸顶灯四室两厅全屋套餐灯具简约现代大气主卧灯,Ceiling Light,"Ceiling Light. Confirm the selected model, size and included items before ordering.",CNY,278,40.68,https://detail.1688.com/offer/998708696292.html,included,
1033088231670,furniture-lighting,lighting,极简客厅主灯2026新款现代简约卧室吸顶灯中山灯具全屋套餐组合,Ceiling Light,"Ceiling Light. Confirm the selected model, size and included items before ordering.",CNY,212.42,31.08,https://detail.1688.com/offer/1033088231670.html,included,
788994200312,furniture-lighting,lighting,全光谱护眼客厅吸顶灯全屋套餐灯具日式复古原木餐厅卧室吸顶灯,Ceiling Light,"Ceiling Light. Confirm the selected model, size and included items before ordering.",CNY,117,17.12,https://detail.1688.com/offer/788994200312.html,included,
981868561446,furniture-lighting,lighting,竹节vintage中古风客厅吊灯法式复古大厅主灯2026年新款魔豆灯具,Pendant Light,"Pendant Light. Confirm the selected model, size and included items before ordering.",CNY,215,31.46,https://detail.1688.com/offer/981868561446.html,included,
901121880469,furniture-lighting,lighting,中山灯具LED吸顶灯卧室黑色现代简约大气家用客厅灯全屋套餐组合,Ceiling Light,"Ceiling Light. Confirm the selected model, size and included items before ordering.",CNY,150,21.95,https://detail.1688.com/offer/901121880469.html,included,
889798142860,furniture-lighting,lighting,大厅新款主卧室灯led吸顶灯简约现代大气圆形阳台客厅房间灯具,Ceiling Light,"Ceiling Light. Confirm the selected model, size and included items before ordering.",CNY,16.76,2.45,https://detail.1688.com/offer/889798142860.html,included,
1066128434655,furniture-lighting,lighting,法式轻奢水晶吊灯客厅大厅卧室主灯高级感中古风餐厅家用装饰灯具,Pendant Light,"Pendant Light. Confirm the selected model, size and included items before ordering.",CNY,250,36.58,https://detail.1688.com/offer/1066128434655.html,included,
874253719763,furniture-lighting,lighting,后现代卧室床头壁灯简约酒店客房走廊客厅书房设计师款灯具,Wall Light,"Wall Light. Confirm the selected model, size and included items before ordering.",CNY,628,91.89,https://detail.1688.com/offer/874253719763.html,included,
1046380059780,furniture-lighting,lighting,全屋套餐组合客厅灯中古风胡桃木纹吸顶灯全光谱护眼卧室led灯具,Ceiling Light,"Ceiling Light. Confirm the selected model, size and included items before ordering.",CNY,137,20.05,https://detail.1688.com/offer/1046380059780.html,included,
652187749305,furniture-lighting,lighting,钓鱼灯落地灯客厅沙发边高级感卧室灯具中山家装装饰轻奢落地台灯,Desk Lamp,"Desk Lamp. Confirm the selected model, size and included items before ordering.",CNY,80,11.71,https://detail.1688.com/offer/652187749305.html,included,
1079100287961,furniture-lighting,lighting,客厅主灯2026年新款大气智能led新中式吸顶灯卧室灯家用灯具套餐,Ceiling Light,"Ceiling Light. Confirm the selected model, size and included items before ordering.",CNY,32,4.68,https://detail.1688.com/offer/1079100287961.html,included,
939142722968,furniture-lighting,lighting,全光谱吸顶灯中古风灯具智能护眼卧室主灯书房餐厅灯中山家装灯饰,Ceiling Light,"Ceiling Light. Confirm the selected model, size and included items before ordering.",CNY,115,16.83,https://detail.1688.com/offer/939142722968.html,included,
1049206963463,furniture-lighting,lighting,意式轻奢客厅吸顶灯2026新款现代简约大气中山主灯具全屋套餐组合,Ceiling Light,"Ceiling Light. Confirm the selected model, size and included items before ordering.",CNY,130,19.02,https://detail.1688.com/offer/1049206963463.html,included,
1063436628255,furniture-lighting,lighting,中古风客厅吸顶灯2026新款无缝卧室房间灯高级感包豪斯客厅灯具,Ceiling Light,"Ceiling Light. Confirm the selected model, size and included items before ordering.",CNY,191,27.95,https://detail.1688.com/offer/1063436628255.html,included,
986216638552,furniture-lighting,lighting,北欧轻奢水晶全光谱高亮护眼客厅卧室灯具LED吸顶灯中山全屋灯具,Ceiling Light,"Ceiling Light. Confirm the selected model, size and included items before ordering.",CNY,159,23.26,https://detail.1688.com/offer/986216638552.html,included,
1079977334784,furniture-lighting,lighting,客厅灯简约现代大气2026新款全光谱主灯大灯具超亮led护眼吸顶灯,Ceiling Light,"Ceiling Light. Confirm the selected model, size and included items before ordering.",CNY,77,11.27,https://detail.1688.com/offer/1079977334784.html,included,
1083562331634,furniture-lighting,lighting,极简壁灯卧室床头圆形氛围灯中古包豪斯复古客厅背景墙灯中山灯具,Wall Light,"Wall Light. Confirm the selected model, size and included items before ordering.",CNY,95,13.9,https://detail.1688.com/offer/1083562331634.html,included,
1059843753975,furniture-lighting,lighting,包豪斯客厅灯超薄无缝隙吸顶灯极简护眼卧室灯2026新款客厅主灯具,Ceiling Light,"Ceiling Light. Confirm the selected model, size and included items before ordering.",CNY,139,20.34,https://detail.1688.com/offer/1059843753975.html,included,
911368307666,furniture-lighting,lighting,野口勇纸灯笼侘寂风民宿酒店氛围吊灯卧室客厅主灯日式复古吊灯具,Pendant Light,"Pendant Light. Confirm the selected model, size and included items before ordering.",CNY,40,5.85,https://detail.1688.com/offer/911368307666.html,included,
1081344905925,furniture-lighting,lighting,现代极简客厅吊灯轻奢风高端创意环形贝壳大厅树脂护眼主灯灯具,Pendant Light,"Pendant Light. Confirm the selected model, size and included items before ordering.",CNY,249,36.43,https://detail.1688.com/offer/1081344905925.html,included,
1067201693118,furniture-lighting,lighting,法式中古风餐厅吊灯复古灯具卧室主灯现代简约水晶客厅家用装饰灯,Pendant Light,"Pendant Light. Confirm the selected model, size and included items before ordering.",CNY,185,27.07,https://detail.1688.com/offer/1067201693118.html,included,
1036425819734,furniture-lighting,lighting,全光谱方片灯客厅现代极简包豪斯高亮大气主灯吸顶灯射灯超薄灯具,Ceiling Light,"Ceiling Light. Confirm the selected model, size and included items before ordering.",CNY,219,32.04,https://detail.1688.com/offer/1036425819734.html,included,
977622960093,furniture-lighting,lighting,2025新款主卧室灯LED吸顶灯阳台灯现代简约大气客厅房间批发灯具,Desk Lamp,"Desk Lamp. Confirm the selected model, size and included items before ordering.",CNY,16.8,2.46,https://detail.1688.com/offer/977622960093.html,included,
855843341212,furniture-lighting,lighting,后现代酒店壁灯简约客房走廊客厅书房设计师款灯具卧室床头,Wall Light,"Wall Light. Confirm the selected model, size and included items before ordering.",CNY,450,65.84,https://detail.1688.com/offer/855843341212.html,included,
1087981017722,furniture-lighting,lighting,法式中古风卧室灯吸顶灯现代简约2026新款主卧房间吊灯书房灯具,Ceiling Light,"Ceiling Light. Confirm the selected model, size and included items before ordering.",CNY,278,40.68,https://detail.1688.com/offer/1087981017722.html,included,
948122494159,furniture-lighting,lighting,定制新款网红楼梯间长吊灯别墅复式楼loft客厅中空旋转创意灯具,Pendant Light,"Pendant Light. Confirm the selected model, size and included items before ordering.",CNY,100,14.63,https://detail.1688.com/offer/948122494159.html,included,
1082630009661,furniture-lighting,lighting,包豪斯现代书房主卧灯具设计师款全光谱护眼长方形客厅大厅吸顶灯,Ceiling Light,"Ceiling Light. Confirm the selected model, size and included items before ordering.",CNY,484,70.82,https://detail.1688.com/offer/1082630009661.html,included,
850674124770,furniture-lighting,lighting,全光谱奶油风卧室灯护眼法式照明灯具客厅餐厅吸顶灯中山家装灯饰,Ceiling Light,"Ceiling Light. Confirm the selected model, size and included items before ordering.",CNY,68,9.95,https://detail.1688.com/offer/850674124770.html,included,
1088188448251,furniture-lighting,lighting,客厅灯吸顶灯轻奢法式复古中古风亚克力卧室书房灯全光谱led灯具,Ceiling Light,"Ceiling Light. Confirm the selected model, size and included items before ordering.",CNY,130,19.02,https://detail.1688.com/offer/1088188448251.html,included,
868996700990,furniture-lighting,lighting,轻奢过道灯简约现代走廊灯阳台圆形创意水晶客厅吸顶入户灯玄关灯,Lighting Fixture,"Lighting Fixture. Confirm the selected model, size and included items before ordering.",CNY,15,2.19,https://detail.1688.com/offer/868996700990.html,included,
1036199233758,furniture-lighting,lighting,蜂巢造型灯健身房网咖商场店铺工业风吊灯具六边形办公蜂窝灯,Pendant Light,"Pendant Light. Confirm the selected model, size and included items before ordering.",CNY,40,5.85,https://detail.1688.com/offer/1036199233758.html,included,
665525398256,furniture-lighting,lighting,普瑞灯珠中古风吸顶灯客厅大灯简约高亮护眼书房卧室中山灯具大全,Ceiling Light,"Ceiling Light. Confirm the selected model, size and included items before ordering.",CNY,168,24.58,https://detail.1688.com/offer/665525398256.html,included,
1066607943078,furniture-lighting,lighting,非标定制 KTV包厢灯新中式轻奢酒店会所休闲厅多头组合灯具厂家,Lighting Fixture,"Lighting Fixture. Confirm the selected model, size and included items before ordering.",CNY,200,29.26,https://detail.1688.com/offer/1066607943078.html,included,
936307618511,furniture-lighting,lighting,定制灯工程酒店大堂艺术吊灯售楼部沙盘大型灯具宴会厅图书馆吊灯,Pendant Light,"Pendant Light. Confirm the selected model, size and included items before ordering.",CNY,399,58.38,https://detail.1688.com/offer/936307618511.html,included,
694576466127,furniture-lighting,lighting,简约现代创意环形三圈餐厅吊灯主卧室客厅枝形吊灯中山工厂直销,Pendant Light,"Pendant Light. Confirm the selected model, size and included items before ordering.",CNY,36,5.27,https://detail.1688.com/offer/694576466127.html,included,
934044324097,furniture-lighting,lighting,led吊线灯实心圆形办公灯空心吊灯商场led吸顶灯办公室吸顶灯,Ceiling Light,"Ceiling Light. Confirm the selected model, size and included items before ordering.",CNY,45,6.58,https://detail.1688.com/offer/934044324097.html,included,
1054781523394,furniture-lighting,lighting,铜本色壁灯后现代客厅过道走廊楼梯间卧室床头创意墙壁灯中山灯具,Wall Light,"Wall Light. Confirm the selected model, size and included items before ordering.",CNY,24,3.51,https://detail.1688.com/offer/1054781523394.html,included,
656849945882,furniture-lighting,lighting,定制酒店宴会厅灯走廊长方形水晶吸顶灯酒店大堂工程水晶灯具厂家,Ceiling Light,"Ceiling Light. Confirm the selected model, size and included items before ordering.",CNY,78,11.41,https://detail.1688.com/offer/656849945882.html,included,
1033842918209,furniture-lighting,lighting,云石吊灯现代轻奢简约设计师餐厅客厅吊灯书房长条天然大理石灯具,Pendant Light,"Pendant Light. Confirm the selected model, size and included items before ordering.",CNY,1300,190.21,https://detail.1688.com/offer/1033842918209.html,included,
894626583453,furniture-lighting,lighting,意式极简线条吊灯轻奢高级感设计师LED别墅客厅餐厅灯楼梯间灯具,Pendant Light,"Pendant Light. Confirm the selected model, size and included items before ordering.",CNY,415,60.72,https://detail.1688.com/offer/894626583453.html,included,
604790724514,furniture-lighting,lighting,现代简约北欧客厅灯设计师餐厅吊灯创意鱼骨造型办工长条灯具,Pendant Light,"Pendant Light. Confirm the selected model, size and included items before ordering.",CNY,480,70.23,https://detail.1688.com/offer/604790724514.html,included,
943203863939,furniture-lighting,lighting,全光谱护眼方形led吸顶灯超亮卧室房间照明灯具2025新款室内家用,Ceiling Light,"Ceiling Light. Confirm the selected model, size and included items before ordering.",CNY,29.8,4.36,https://detail.1688.com/offer/943203863939.html,included,
1084377105747,furniture-lighting,lighting,客厅灯2026年新款LED吸顶灯卧室中山灯具简约现代家用大气阳台灯,Desk Lamp,"Desk Lamp. Confirm the selected model, size and included items before ordering.",CNY,10.56,1.55,https://detail.1688.com/offer/1084377105747.html,included,
816553819246,furniture-lighting,lighting,底座磁吸充电台灯卧室装饰床头小夜灯餐厅户外露营灯酒店氛围台灯,Desk Lamp,"Desk Lamp. Confirm the selected model, size and included items before ordering.",CNY,86.8,12.7,https://detail.1688.com/offer/816553819246.html,included,
1077677282196,furniture-lighting,lighting,意式客厅吊灯2026新款轻奢高级感客厅主灯餐厅圆形灯全屋套餐灯具,Pendant Light,"Pendant Light. Confirm the selected model, size and included items before ordering.",CNY,420,61.45,https://detail.1688.com/offer/1077677282196.html,included,
1081026085403,furniture-lighting,lighting,迪格雅意式轻奢客厅主灯简约创意贝壳卧室餐厅包豪斯氛围感吊灯具,Pendant Light,"Pendant Light. Confirm the selected model, size and included items before ordering.",CNY,175,25.61,https://detail.1688.com/offer/1081026085403.html,included,
1078435825131,furniture-lighting,lighting,轻奢客厅吊灯2026新款简约现代餐厅水晶灯大气法式卧室中山灯具饰,Pendant Light,"Pendant Light. Confirm the selected model, size and included items before ordering.",CNY,719,105.2,https://detail.1688.com/offer/1078435825131.html,included,
1061407701781,furniture-lighting,lighting,新中式楼中楼吊灯铜实木客厅别墅灯高端大气新款餐厅卧室灯具,Pendant Light,"Pendant Light. Confirm the selected model, size and included items before ordering.",CNY,260,38.04,https://detail.1688.com/offer/1061407701781.html,included,
997675413876,furniture-lighting,lighting,超亮方通灯led办公长条灯健身房店铺商用超市专用照明工装铝方通,Lighting Fixture,"Lighting Fixture. Confirm the selected model, size and included items before ordering.",CNY,15.5,2.27,https://detail.1688.com/offer/997675413876.html,included,
996276039828,furniture-lighting,lighting,led六边型灯创意异形办公灯健身房灯舞蹈室灯造型灯菱形工装灯具,Lighting Fixture,"Lighting Fixture. Confirm the selected model, size and included items before ordering.",CNY,55,8.05,https://detail.1688.com/offer/996276039828.html,included,
808901086956,furniture-lighting,lighting,跨境卧室简约吸顶灯灯具灯led卧室灯中山家装灯饰过道灯阳台灯主,Desk Lamp,"Desk Lamp. Confirm the selected model, size and included items before ordering.",CNY,20,2.93,https://detail.1688.com/offer/808901086956.html,included,
1074614817001,furniture-lighting,lighting,客厅主灯现代简约2026年新款白色吸顶灯全屋套餐中山灯具智能控制,Ceiling Light,"Ceiling Light. Confirm the selected model, size and included items before ordering.",CNY,241,35.26,https://detail.1688.com/offer/1074614817001.html,included,
1071456594604,furniture-lighting,lighting,意式轻奢客厅吸顶灯2026新款现代简约大气感主灯广东中山灯具套餐,Ceiling Light,"Ceiling Light. Confirm the selected model, size and included items before ordering.",CNY,258,37.75,https://detail.1688.com/offer/1071456594604.html,included,
735111672456,furniture-lighting,lighting,外贸LED圆环灯简约现代圆形吊灯商场店铺健身房灯具办公室吊灯,Pendant Light,"Pendant Light. Confirm the selected model, size and included items before ordering.",CNY,20,2.93,https://detail.1688.com/offer/735111672456.html,included,
907748248969,furniture-lighting,lighting,外贸无缝拼接长条灯健身房灯具店铺商场展厅超市写字楼办公室吊灯,Pendant Light,"Pendant Light. Confirm the selected model, size and included items before ordering.",CNY,38,5.56,https://detail.1688.com/offer/907748248969.html,included,
745741508127,furniture-lighting,lighting,珠宝展示柜台灯充电射灯免布线首饰射灯饰品展示桌面射灯电池,Desk Lamp,"Desk Lamp. Confirm the selected model, size and included items before ordering.",CNY,19,2.78,https://detail.1688.com/offer/745741508127.html,included,
1066125632098,furniture-lighting,lighting,客厅灯现代简约大气2026新款护眼主灯吸顶灯中山灯具全屋套餐组合,Ceiling Light,"Ceiling Light. Confirm the selected model, size and included items before ordering.",CNY,110,16.09,https://detail.1688.com/offer/1066125632098.html,included,
828966289068,furniture-lighting,lighting,中古风复古客厅灯新中式胡桃木纹LED吸顶灯 全光谱护眼卧室餐厅灯,Ceiling Light,"Ceiling Light. Confirm the selected model, size and included items before ordering.",CNY,137,20.05,https://detail.1688.com/offer/828966289068.html,included,
906131740202,furniture-lighting,lighting,全光谱大灯客厅led吸顶灯 2025新款主灯全屋灯具中山现代简约卧室,Ceiling Light,"Ceiling Light. Confirm the selected model, size and included items before ordering.",CNY,64.75,9.47,https://detail.1688.com/offer/906131740202.html,included,
891907364642,furniture-lighting,lighting,极简过道灯走廊灯阳光房衣帽间阳台吸顶灯简约LED长条灯玄关灯具,Ceiling Light,"Ceiling Light. Confirm the selected model, size and included items before ordering.",CNY,38,5.56,https://detail.1688.com/offer/891907364642.html,included,
1048617119004,furniture-lighting,lighting,复式楼客厅吊灯loft公寓楼梯间大吊灯现代简约别墅圆环大厅主灯具,Pendant Light,"Pendant Light. Confirm the selected model, size and included items before ordering.",CNY,322,47.11,https://detail.1688.com/offer/1048617119004.html,included,
1078501265550,furniture-lighting,lighting,客厅水晶吊灯2026新款现代轻奢风卧室主灯大气高级感餐厅中山灯具,Pendant Light,"Pendant Light. Confirm the selected model, size and included items before ordering.",CNY,669,97.89,https://detail.1688.com/offer/1078501265550.html,included,
730269868320,furniture-lighting,lighting,创意极简包斯豪中古LED柿子阳台过道吸顶灯日式侘寂风民宿餐厅灯,Ceiling Light,"Ceiling Light. Confirm the selected model, size and included items before ordering.",CNY,80,11.71,https://detail.1688.com/offer/730269868320.html,included,
986397537337,furniture-lighting,lighting,亚马逊免线壁灯卧室床头氛围灯客厅装饰壁灯RGB遥控充电灯泡壁灯,LED Light Bulb,"LED Light Bulb. Confirm the selected model, size and included items before ordering.",CNY,25.9,3.79,https://detail.1688.com/offer/986397537337.html,held,image-not-saved
1077729482747,furniture-lighting,lighting,中古风客厅吸顶灯极简新中式餐厅灯复古侘寂卧室主灯全屋灯具套餐,Ceiling Light,"Ceiling Light. Confirm the selected model, size and included items before ordering.",CNY,81,11.85,https://detail.1688.com/offer/1077729482747.html,included,
1078301674971,furniture-lighting,lighting,奶油风客厅吸顶灯现代简约大气护眼2026新款中山灯具全屋套餐组合,Ceiling Light,"Ceiling Light. Confirm the selected model, size and included items before ordering.",CNY,58,8.49,https://detail.1688.com/offer/1078301674971.html,included,
1044117502237,furniture-lighting,lighting,意式极简客厅主灯2026新款轻奢吸顶灯大厅卧室餐灯具套餐组合,Ceiling Light,"Ceiling Light. Confirm the selected model, size and included items before ordering.",CNY,313,45.8,https://detail.1688.com/offer/1044117502237.html,included,
1031743463004,furniture-lighting,lighting,全光谱轻奢大气主客厅led吸顶灯2026新款简约现代长方形中山灯具,Ceiling Light,"Ceiling Light. Confirm the selected model, size and included items before ordering.",CNY,147,21.51,https://detail.1688.com/offer/1031743463004.html,included,
916419940362,furniture-lighting,lighting,吸顶灯超薄现代简约高级感护眼led客厅大厅主灯卧室灯卧室吸顶灯,Ceiling Light,"Ceiling Light. Confirm the selected model, size and included items before ordering.",CNY,205,29.99,https://detail.1688.com/offer/916419940362.html,included,
1063660160065,furniture-lighting,lighting,中古包豪斯无缝隙卧室吸顶灯意式极简超薄主卧房间灯具书房护眼灯,Ceiling Light,"Ceiling Light. Confirm the selected model, size and included items before ordering.",CNY,205,29.99,https://detail.1688.com/offer/1063660160065.html,included,
1057867527931,furniture-lighting,lighting,包豪斯客厅灯超薄无缝隙吸顶灯极简护眼卧室灯2026新款客厅主灯具,Ceiling Light,"Ceiling Light. Confirm the selected model, size and included items before ordering.",CNY,139,20.34,https://detail.1688.com/offer/1057867527931.html,included,
1064850119370,furniture-lighting,lighting,客厅大气主灯2026年新款卧室吸顶灯中山灯具现代简约全屋套餐组合,Ceiling Light,"Ceiling Light. Confirm the selected model, size and included items before ordering.",CNY,153,22.39,https://detail.1688.com/offer/1064850119370.html,included,
1047362460486,furniture-lighting,lighting,无缝隙吸顶灯全光谱护眼客厅主灯现代简约卧室餐厅灯中山灯具,Ceiling Light,"Ceiling Light. Confirm the selected model, size and included items before ordering.",CNY,103,15.07,https://detail.1688.com/offer/1047362460486.html,included,
1039521681141,furniture-lighting,lighting,客厅吊灯中古风灯具2026新款护眼包豪斯大厅吊灯法式奶油风主灯,Pendant Light,"Pendant Light. Confirm the selected model, size and included items before ordering.",CNY,225,32.92,https://detail.1688.com/offer/1039521681141.html,included,
824808398007,furniture-lighting,lighting,灯具全屋2026新款现代简约客厅主灯奶油风云朵大气led中山吸顶灯,Ceiling Light,"Ceiling Light. Confirm the selected model, size and included items before ordering.",CNY,75,10.97,https://detail.1688.com/offer/824808398007.html,included,
1068329319779,furniture-lighting,lighting,不锈钢云朵吊灯西班牙北欧极简客厅餐厅灯跨境灯具轻奢风吊灯,Stainless Steel Pendant Light,"Stainless Steel Pendant Light. Listed features: stainless steel. Confirm the selected model, size and included items before ordering.",CNY,265,38.77,https://detail.1688.com/offer/1068329319779.html,included,
1021832425910,furniture-lighting,lighting,意式极简一字泡泡长条玻璃吊灯设计师餐厅吧台触摸创意跨境灯具,Pendant Light,"Pendant Light. Confirm the selected model, size and included items before ordering.",CNY,750,109.74,https://detail.1688.com/offer/1021832425910.html,included,
853671332976,furniture-lighting,lighting,全光谱射灯可调角度COB防眩射灯嵌入式洗墙灯家用75开孔圆形射灯,Recessed or Spot Light,"Recessed or Spot Light. Confirm the selected model, size and included items before ordering.",CNY,22.8,3.34,https://detail.1688.com/offer/853671332976.html,included,
788804313470,furniture-lighting,lighting,LED迷你蜂窝小射灯酒柜展台满天星嵌入式射灯珠宝货架LED小射灯灯,Recessed or Spot Light,"Recessed or Spot Light. Confirm the selected model, size and included items before ordering.",CNY,13.8,2.02,https://detail.1688.com/offer/788804313470.html,included,
830793781165,furniture-lighting,lighting,客厅主灯2025新款现代简约广东中山灯具全屋套餐组合奶油风吸顶灯,Ceiling Light,"Ceiling Light. Confirm the selected model, size and included items before ordering.",CNY,115.2,16.86,https://detail.1688.com/offer/830793781165.html,included,
1047591516843,furniture-lighting,lighting,宋代美学吸顶灯圆形法式复古书房灯中古风灯具卧室灯主卧2025新款,Ceiling Light,"Ceiling Light. Confirm the selected model, size and included items before ordering.",CNY,178,26.04,https://detail.1688.com/offer/1047591516843.html,included,
1052120345934,furniture-lighting,lighting,卧室吸顶灯2026新款现代简约护眼设计师主卧灯奶油风房间灯具,Ceiling Light,"Ceiling Light. Confirm the selected model, size and included items before ordering.",CNY,68,9.95,https://detail.1688.com/offer/1052120345934.html,included,
1081946480231,furniture-lighting,lighting,客厅主灯 2026新款大气简约现代LED吸顶灯家用餐厅卧室灯中山灯具,Ceiling Light,"Ceiling Light. Confirm the selected model, size and included items before ordering.",CNY,27,3.95,https://detail.1688.com/offer/1081946480231.html,included,
1078930067630,furniture-lighting,lighting,led吸顶灯饰2026新款客厅大灯主卧室吊灯具大全现代简约大气家用,Ceiling Light,"Ceiling Light. Confirm the selected model, size and included items before ordering.",CNY,22,3.22,https://detail.1688.com/offer/1078930067630.html,included,
1068939389484,furniture-lighting,lighting,客厅吸顶灯2026新款现代简约长方形大厅主灯大气家用照明中山灯具,Ceiling Light,"Ceiling Light. Confirm the selected model, size and included items before ordering.",CNY,11,1.61,https://detail.1688.com/offer/1068939389484.html,included,
1084615170834,furniture-lighting,lighting,客厅吸顶灯2026新款大厅主灯长方形餐厅家用照明led护眼中山灯具,Ceiling Light,"Ceiling Light. Confirm the selected model, size and included items before ordering.",CNY,27,3.95,https://detail.1688.com/offer/1084615170834.html,included,
966825671801,furniture-lighting,lighting,EYPHI/益菲 全铜大吊灯新中式别墅挑空客厅灯中空天然玉石大吊灯,Pendant Light,"Pendant Light. Confirm the selected model, size and included items before ordering.",CNY,776,113.54,https://detail.1688.com/offer/966825671801.html,included,
893208046458,furniture-lighting,lighting,led吸顶灯 卧室灯长方形现代简约北欧灯具套餐家用大气房间客厅灯,Ceiling Light,"Ceiling Light. Confirm the selected model, size and included items before ordering.",CNY,52,7.61,https://detail.1688.com/offer/893208046458.html,included,
813237483094,furniture-lighting,lighting,新中式超薄客厅吸顶灯大厅主灯大气实木餐厅卧室灯中国风全屋客厅,Ceiling Light,"Ceiling Light. Confirm the selected model, size and included items before ordering.",CNY,168,24.58,https://detail.1688.com/offer/813237483094.html,included,
1075985197765,furniture-lighting,lighting,客厅主灯2026新款客厅吸顶灯中古风灯具仿桑蚕丝主卧室灯全屋灯具,Ceiling Light,"Ceiling Light. Confirm the selected model, size and included items before ordering.",CNY,156,22.83,https://detail.1688.com/offer/1075985197765.html,included,
787931487647,furniture-lighting,lighting,客厅灯现代简约大气主灯全光谱护眼超薄led吸顶灯全屋大厅大灯具,Ceiling Light,"Ceiling Light. Confirm the selected model, size and included items before ordering.",CNY,52.11,7.62,https://detail.1688.com/offer/787931487647.html,included,
845966142787,furniture-lighting,lighting,吸顶灯大厅高级感客厅灯现代简约全光谱护眼卧室中山家装全屋灯具,Ceiling Light,"Ceiling Light. Confirm the selected model, size and included items before ordering.",CNY,110,16.09,https://detail.1688.com/offer/845966142787.html,included,
865429196727,furniture-lighting,lighting,客厅吊灯2025年新款现代简约大气灯具极简方形餐厅灯北欧客厅主灯,Pendant Light,"Pendant Light. Confirm the selected model, size and included items before ordering.",CNY,149,21.8,https://detail.1688.com/offer/865429196727.html,included,
937484022800,furniture-lighting,lighting,新款胡桃木色餐厅吊灯现代简约新中式禅意茶室实木长条书房餐桌灯,Pendant Light,"Pendant Light. Confirm the selected model, size and included items before ordering.",CNY,202.4,29.61,https://detail.1688.com/offer/937484022800.html,included,
1084124018285,furniture-lighting,lighting,中山全屋灯具新款2026客厅吸顶灯大厅主灯家用护眼led照明长方形,Ceiling Light,"Ceiling Light. Confirm the selected model, size and included items before ordering.",CNY,22,3.22,https://detail.1688.com/offer/1084124018285.html,included,
1086213380264,furniture-lighting,lighting,星空玄关吸顶灯led家用照明超亮入户阳台走廊过道小尺寸方形灯具,Ceiling Light,"Ceiling Light. Confirm the selected model, size and included items before ordering.",CNY,18,2.63,https://detail.1688.com/offer/1086213380264.html,included,
817560454580,furniture-lighting,lighting,主卧室灯2024年新款简约现代大气客厅房间led吸顶灯具圆形阳台灯,Desk Lamp,"Desk Lamp. Confirm the selected model, size and included items before ordering.",CNY,54.84,8.02,https://detail.1688.com/offer/817560454580.html,included,
574662424649,furniture-lighting,lighting,简约现代客厅灯北欧圆形马卡龙儿童房灯卧室吸顶灯led北欧吸顶灯,Ceiling Light,"Ceiling Light. Confirm the selected model, size and included items before ordering.",CNY,42,6.15,https://detail.1688.com/offer/574662424649.html,included,
991505377442,furniture-lighting,lighting,意式极简客厅主灯2026新款护眼轻奢高级感吸顶灯大厅灯具全屋套餐,Ceiling Light,"Ceiling Light. Confirm the selected model, size and included items before ordering.",CNY,156,22.83,https://detail.1688.com/offer/991505377442.html,included,
762629912447,furniture-lighting,lighting,广东中山卧室客厅灯简约现代大气主卧房间圆形阳台灯具led吸顶灯,Desk Lamp,"Desk Lamp. Confirm the selected model, size and included items before ordering.",CNY,39,5.71,https://detail.1688.com/offer/762629912447.html,included,
905499617780,furniture-lighting,lighting,广东中山灯具智能全光谱大客厅主卧室全屋套餐组合led吸顶灯家用,Ceiling Light,"Ceiling Light. Confirm the selected model, size and included items before ordering.",CNY,15.9,2.33,https://detail.1688.com/offer/905499617780.html,included,
1036159419925,furniture-lighting,lighting,竹节法式中古风客厅吊灯新中式主灯宋代美学全屋新款复古灯具,Pendant Light,"Pendant Light. Confirm the selected model, size and included items before ordering.",CNY,518,75.79,https://detail.1688.com/offer/1036159419925.html,included,
998659377618,furniture-lighting,lighting,极简客厅吸顶灯2025新款家用主灯三室两厅全屋套餐灯具简约现代,Ceiling Light,"Ceiling Light. Confirm the selected model, size and included items before ordering.",CNY,317,46.38,https://detail.1688.com/offer/998659377618.html,included,
809397716483,furniture-lighting,lighting,全光谱奶砖客厅吸顶灯现代简约大气护眼奶油风房间卧室灯中山灯具,Ceiling Light,"Ceiling Light. Confirm the selected model, size and included items before ordering.",CNY,78,11.41,https://detail.1688.com/offer/809397716483.html,included,
868607710794,furniture-lighting,lighting,意式客厅吸顶灯2025新款现代简约餐厅卧室高端设计师家用云雾灯具,Ceiling Light,"Ceiling Light. Confirm the selected model, size and included items before ordering.",CNY,395,57.79,https://detail.1688.com/offer/868607710794.html,included,
856841178245,furniture-lighting,lighting,全光谱护眼复古客厅主灯中古风吸顶灯新中式卧室灯具套餐2025新款,Ceiling Light,"Ceiling Light. Confirm the selected model, size and included items before ordering.",CNY,179.4,26.25,https://detail.1688.com/offer/856841178245.html,included,
1088500180912,furniture-lighting,lighting,北欧半月球床头小吊灯现代简约创意艺术餐厅吧台服装店铺卧室吊灯,Pendant Light,"Pendant Light. Confirm the selected model, size and included items before ordering.",CNY,101.33,14.83,https://detail.1688.com/offer/1088500180912.html,included,
1088478424990,furniture-lighting,lighting,奶油风主卧室吸顶灯法式高级感创意超薄圆形房间灯极简护眼书房灯,Ceiling Light,"Ceiling Light. Confirm the selected model, size and included items before ordering.",CNY,182,26.63,https://detail.1688.com/offer/1088478424990.html,included,
1088477400586,furniture-lighting,lighting,复式楼中空客厅餐厅吊灯水晶灯自建房楼梯大吊灯别墅挑空大堂吊灯,Pendant Light,"Pendant Light. Confirm the selected model, size and included items before ordering.",CNY,996,145.73,https://detail.1688.com/offer/1088477400586.html,included,
1088445652777,furniture-lighting,lighting,民宿灯禅意茶室吧台灯具跨境蚕丝吊灯客厅中式餐厅圆球灯卧室灯,Desk Lamp,"Desk Lamp. Confirm the selected model, size and included items before ordering.",CNY,118,17.27,https://detail.1688.com/offer/1088445652777.html,included,
1088445652232,furniture-lighting,lighting,美式复古吊灯法式客厅中古餐厅店铺民宿灯胡桃木色水晶蜡烛吊灯,Pendant Light,"Pendant Light. Confirm the selected model, size and included items before ordering.",CNY,384.75,56.29,https://detail.1688.com/offer/1088445652232.html,included,
1088434308588,furniture-lighting,lighting,方形多层云石吸顶灯酒店大堂会所新中式分层透光石非标工程吸顶灯,Ceiling Light,"Ceiling Light. Confirm the selected model, size and included items before ordering.",CNY,189,27.65,https://detail.1688.com/offer/1088434308588.html,included,
1088432500308,furniture-lighting,lighting,后现代极简全铜壁灯书桌护眼轻奢床头灯卧室客厅过道背景墙氛围灯,Head Torch,"Head Torch. Confirm the selected model, size and included items before ordering.",CNY,234,34.24,https://detail.1688.com/offer/1088432500308.html,included,
1088427845290,furniture-lighting,lighting,中古竹影走廊过道吸顶灯法式复古侘寂高级感衣帽间入户玄关阳台灯,Desk Lamp,"Desk Lamp. Confirm the selected model, size and included items before ordering.",CNY,163.4,23.91,https://detail.1688.com/offer/1088427845290.html,included,
1088423793350,furniture-lighting,lighting,LED吸顶灯吊灯北欧客厅灯具现代简约卧室灯美式个性创意餐厅灯饰,Ceiling Light,"Ceiling Light. Confirm the selected model, size and included items before ordering.",CNY,81.13,11.87,https://detail.1688.com/offer/1088423793350.html,included,
1088420849630,furniture-lighting,lighting,法式流苏客厅吊灯2026新款轻奢高级感奶油风水晶别墅餐厅大厅主灯,Pendant Light,"Pendant Light. Confirm the selected model, size and included items before ordering.",CNY,511.1,74.78,https://detail.1688.com/offer/1088420849630.html,included,
1088420665178,furniture-lighting,lighting,轻奢法式氛围感水晶吊灯客厅大厅卧室枝形奶油风吊灯大气吊灯玻璃,Pendant Light,"Pendant Light. Confirm the selected model, size and included items before ordering.",CNY,701.1,102.58,https://detail.1688.com/offer/1088420665178.html,included,
1088372080478,furniture-lighting,lighting,法式水晶灯轻奢高级感别墅满天星客厅吊灯浪漫艺术餐厅卧室主灯具,Pendant Light,"Pendant Light. Confirm the selected model, size and included items before ordering.",CNY,102,14.92,https://detail.1688.com/offer/1088372080478.html,included,
1088317372749,furniture-lighting,lighting,新款意式轻奢客厅吸顶灯高级感云雾大气2026年卧室护眼灯,Ceiling Light,"Ceiling Light. Confirm the selected model, size and included items before ordering.",CNY,190,27.8,https://detail.1688.com/offer/1088317372749.html,included,
1088301844535,furniture-lighting,lighting,法式中古风卧室吊灯现代简约2026新款主卧房间灯书房餐厅餐桌灯具,Pendant Light,"Pendant Light. Confirm the selected model, size and included items before ordering.",CNY,278,40.68,https://detail.1688.com/offer/1088301844535.html,included,
1088249992427,furniture-lighting,lighting,法式中古风卧室灯吸顶灯2026新款轻奢风创意羽毛玻璃主卧房间灯具,Ceiling Light,"Ceiling Light. Confirm the selected model, size and included items before ordering.",CNY,307,44.92,https://detail.1688.com/offer/1088249992427.html,included,
1088188840319,furniture-lighting,lighting,跨境外贸充电照画灯美式新款镜前灯镜柜卧室灯浴室卫生间化妆灯具,Lighting Fixture,"Lighting Fixture. Confirm the selected model, size and included items before ordering.",CNY,65,9.51,https://detail.1688.com/offer/1088188840319.html,included,
1088168408835,furniture-lighting,lighting,黑胡桃木天然贝壳客厅吊灯原创法式中古风美式复古全铜卧室餐厅灯,Pendant Light,"Pendant Light. Confirm the selected model, size and included items before ordering.",CNY,388,56.77,https://detail.1688.com/offer/1088168408835.html,included,
1088127160895,furniture-lighting,lighting,led橱柜灯智能人体感应长条灯磁吸式厨房衣柜卧室外贸氛围灯跨境,Decorative Light,"Decorative Light. Confirm the selected model, size and included items before ordering.",CNY,7.05,1.03,https://detail.1688.com/offer/1088127160895.html,included,
1088104236474,furniture-lighting,lighting,无线充电壁灯玻璃美式复古北欧客厅走廊卧室床头浴室镜前灯石膏,Wall Light,"Wall Light. Confirm the selected model, size and included items before ordering.",CNY,37.48,5.48,https://detail.1688.com/offer/1088104236474.html,included,
1088102756795,furniture-lighting,lighting,中古奶油风客厅吸顶灯复古护眼大厅主灯6新灯具全屋套餐组合铁无,Ceiling Light,"Ceiling Light. Confirm the selected model, size and included items before ordering.",CNY,192,28.09,https://detail.1688.com/offer/1088102756795.html,included,
1088102128828,furniture-lighting,lighting,方形全光谱护眼简约双层 LED吸顶灯高显色大功率三色变光卧室铁无,Ceiling Light,"Ceiling Light. Confirm the selected model, size and included items before ordering.",CNY,34.8,5.09,https://detail.1688.com/offer/1088102128828.html,included,
1088097460536,furniture-lighting,lighting,儿童房吸顶灯全光谱护眼男孩女孩新款库洛米卡通创意儿童卧室灯具,Ceiling Light,"Ceiling Light. Confirm the selected model, size and included items before ordering.",CNY,114,16.68,https://detail.1688.com/offer/1088097460536.html,included,
1088096972891,furniture-lighting,lighting,儿童房吸顶灯全光谱护眼男孩女孩新款库洛米卡通创意儿童卧室灯具,Ceiling Light,"Ceiling Light. Confirm the selected model, size and included items before ordering.",CNY,113,16.53,https://detail.1688.com/offer/1088096972891.html,included,
1088072124337,furniture-lighting,lighting,包豪斯法式轻奢奶光骨瓷陶瓷过道卧室吊灯中古浪漫餐厅咖啡店吊灯,Pendant Light,"Pendant Light. Confirm the selected model, size and included items before ordering.",CNY,520,76.08,https://detail.1688.com/offer/1088072124337.html,included,
1088039285350,furniture-lighting,lighting,法式轻奢Murano穆拉诺玻璃客厅吊灯美式复古高级感卧室灯餐饮灯具,Pendant Light,"Pendant Light. Confirm the selected model, size and included items before ordering.",CNY,272,39.8,https://detail.1688.com/offer/1088039285350.html,included,
1087989817541,furniture-lighting,lighting,复式别墅楼梯吊灯长吊灯现代简约挑空客厅吊灯别墅水晶旋转楼梯灯,Pendant Light,"Pendant Light. Confirm the selected model, size and included items before ordering.",CNY,199,29.12,https://detail.1688.com/offer/1087989817541.html,included,
1087979137483,furniture-lighting,lighting,法式流苏客厅吊灯2026新款轻奢高级感奶油风水晶别墅餐厅大厅主灯,Pendant Light,"Pendant Light. Confirm the selected model, size and included items before ordering.",CNY,1110,162.41,https://detail.1688.com/offer/1087979137483.html,included,
1087772929105,furniture-lighting,lighting,侘寂风蚕丝艺术客厅吊灯复式楼梯间设计师挑空餐厅卧室蚕丝吊灯,Pendant Light,"Pendant Light. Confirm the selected model, size and included items before ordering.",CNY,299,43.75,https://detail.1688.com/offer/1087772929105.html,included,
1087748456854,furniture-lighting,lighting,卧室灯吸顶灯温馨浪漫房间主灯2025新款创意个性蝴蝶水晶灯,Ceiling Light,"Ceiling Light. Confirm the selected model, size and included items before ordering.",CNY,824,120.56,https://detail.1688.com/offer/1087748456854.html,included,
1087745181332,furniture-lighting,lighting,月球卧室灯吸顶灯具新款现代简约儿童房灯创意圆形玄关走廊过道灯,Ceiling Light,"Ceiling Light. Confirm the selected model, size and included items before ordering.",CNY,136,19.9,https://detail.1688.com/offer/1087745181332.html,included,
1087701880574,furniture-lighting,lighting,复古花朵玻璃客厅卧室吸顶灯中古风简约轻奢仿云石餐厅书房护眼灯,Ceiling Light,"Ceiling Light. Confirm the selected model, size and included items before ordering.",CNY,488,71.4,https://detail.1688.com/offer/1087701880574.html,included,
1087683449450,furniture-lighting,lighting,玉兰花陶瓷楼梯吊灯别墅复式客厅挑空大吊灯北欧现代楼梯间吊灯,Pendant Light,"Pendant Light. Confirm the selected model, size and included items before ordering.",CNY,68,9.95,https://detail.1688.com/offer/1087683449450.html,included,
1087554936033,furniture-lighting,lighting,现代简约吸顶灯超薄简约北欧风卧室书房主灯三色变光节能吸顶灯具,Ceiling Light,"Ceiling Light. Confirm the selected model, size and included items before ordering.",CNY,88,12.88,https://detail.1688.com/offer/1087554936033.html,included,
1087549253281,furniture-lighting,lighting,云朵壁灯奶油风客厅背景墙灯现代简约儿童房led护眼卧室床头灯具,Head Torch,"Head Torch. Confirm the selected model, size and included items before ordering.",CNY,21.95,3.21,https://detail.1688.com/offer/1087549253281.html,included,
1087494984223,furniture-lighting,lighting,卧室壁灯充电免接线轻奢水晶客厅电视背景墙灯现代沙发床头壁灯具,Wall Light,"Wall Light. Confirm the selected model, size and included items before ordering.",CNY,91.32,13.36,https://detail.1688.com/offer/1087494984223.html,included,
1087488265414,furniture-lighting,lighting,美式复古设计师浪漫木珠吊灯高级感自然风客厅主灯创意艺术餐厅灯,Pendant Light,"Pendant Light. Confirm the selected model, size and included items before ordering.",CNY,1329,194.45,https://detail.1688.com/offer/1087488265414.html,included,
1087483372004,furniture-lighting,lighting,轻奢别墅挑空客厅复式楼飘带大吊灯设计师艺术楼梯间大气水晶吊灯,Pendant Light,"Pendant Light. Confirm the selected model, size and included items before ordering.",CNY,826,120.86,https://detail.1688.com/offer/1087483372004.html,included,
1087482693654,furniture-lighting,lighting,北欧网红餐厅吊灯轻奢卧室床头个性艺术满天星酒店吧台玻璃小吊灯,Pendant Light,"Pendant Light. Confirm the selected model, size and included items before ordering.",CNY,69.56,10.18,https://detail.1688.com/offer/1087482693654.html,included,
1087467829092,furniture-lighting,lighting,法式主卧室床头小吊灯意式轻奢后现代网红吧台过道单头玄关走廊灯,Pendant Light,"Pendant Light. Confirm the selected model, size and included items before ordering.",CNY,171,25.02,https://detail.1688.com/offer/1087467829092.html,included,
1087466969643,furniture-lighting,lighting,新款包豪斯现代简约餐厅长条灯意式轻奢高级感一字茶台餐桌吧台灯,Desk Lamp,"Desk Lamp. Confirm the selected model, size and included items before ordering.",CNY,256.5,37.53,https://detail.1688.com/offer/1087466969643.html,included,
1087466969636,furniture-lighting,lighting,法式中古风卧室床头吊灯轻奢水晶玻璃花朵餐厅吊灯吧台玄关吊线灯,Pendant Light,"Pendant Light. Confirm the selected model, size and included items before ordering.",CNY,102,14.92,https://detail.1688.com/offer/1087466969636.html,included,
1087463837436,furniture-lighting,lighting,奶油风法式吸顶灯创意简约雕花设计师款客厅餐厅卧室书房吸顶灯,Ceiling Light,"Ceiling Light. Confirm the selected model, size and included items before ordering.",CNY,138,20.19,https://detail.1688.com/offer/1087463837436.html,included,
1087463468847,furniture-lighting,lighting,led充电射灯无线遥控氛围光影灯磁吸手办灯酒柜展示柜格子灯感应,Recessed or Spot Light,"Recessed or Spot Light. Confirm the selected model, size and included items before ordering.",CNY,3,0.44,https://detail.1688.com/offer/1087463468847.html,included,
1087455389578,furniture-lighting,lighting,Murano法式中古云雾吊灯托斯卡纳别墅艺术灯自然静奢风客厅主灯具,Pendant Light,"Pendant Light. Confirm the selected model, size and included items before ordering.",CNY,538,78.72,https://detail.1688.com/offer/1087455389578.html,included,
1087455389237,furniture-lighting,lighting,法式中古风贝壳吊灯客厅灯高级感高端艺术温馨卧室饭厅主灯大厅灯,Pendant Light,"Pendant Light. Confirm the selected model, size and included items before ordering.",CNY,188,27.51,https://detail.1688.com/offer/1087455389237.html,included,
1087450233824,furniture-lighting,lighting,轻奢法式客厅高级感玻璃餐厅吊灯复古简约现代水晶珍珠卧室吊灯,Pendant Light,"Pendant Light. Confirm the selected model, size and included items before ordering.",CNY,358,52.38,https://detail.1688.com/offer/1087450233824.html,included,
681189311994,furniture-lighting,lighting,超薄深杯防眩led射灯75嵌入式窄边客厅家用可调光cob筒灯中山灯具,Recessed or Spot Light,"Recessed or Spot Light. Confirm the selected model, size and included items before ordering.",CNY,35,5.12,https://detail.1688.com/offer/681189311994.html,included,
984533585979,furniture-lighting,lighting,美式爆款免布线亚马逊无线电池供电RGB遥控色彩氛围客厅卧室壁灯,Wall Light,"Wall Light. Confirm the selected model, size and included items before ordering.",CNY,21.9,3.2,https://detail.1688.com/offer/984533585979.html,included,
987820584276,furniture-lighting,lighting,跨境亚马逊无线电池供电壁灯客厅卧室床头灯RGB彩色遥控氛围壁灯,Head Torch,"Head Torch. Confirm the selected model, size and included items before ordering.",CNY,21.9,3.2,https://detail.1688.com/offer/987820584276.html,included,
969765507309,furniture-lighting,lighting,外贸热销北欧现代简约吊灯创意个性客厅灯具餐厅卧室书房吧台灯饰,Desk Lamp,"Desk Lamp. Confirm the selected model, size and included items before ordering.",CNY,403.08,58.98,https://detail.1688.com/offer/969765507309.html,included,
947065411739,furniture-lighting,lighting,中山灯具厂直销无缝隙超薄吸顶灯普瑞光源高显指简约卧室吸顶灯,Ceiling Light,"Ceiling Light. Confirm the selected model, size and included items before ordering.",CNY,96.6,14.13,https://detail.1688.com/offer/947065411739.html,included,
1079472944044,furniture-lighting,lighting,高档水晶吊灯客厅灯2026新款餐厅灯后现代奢华大气别墅大厅主灯具,Pendant Light,"Pendant Light. Confirm the selected model, size and included items before ordering.",CNY,739,108.13,https://detail.1688.com/offer/1079472944044.html,included,
1076599211593,furniture-lighting,lighting,现代轻奢风客厅水晶吊灯2026新款设计师餐厅卧室主灯大气中山灯具,Pendant Light,"Pendant Light. Confirm the selected model, size and included items before ordering.",CNY,599,87.64,https://detail.1688.com/offer/1076599211593.html,included,
893678341882,furniture-lighting,lighting,全光谱吸顶灯客厅大厅主灯钢琴客厅胡桃木中古风设计师日式卧室灯,Ceiling Light,"Ceiling Light. Confirm the selected model, size and included items before ordering.",CNY,138,20.19,https://detail.1688.com/offer/893678341882.html,included,
893979013163,furniture-lighting,lighting,客厅主灯2025新款现代简约广东中山灯具全屋套餐组合奶油风吸顶灯,Ceiling Light,"Ceiling Light. Confirm the selected model, size and included items before ordering.",CNY,146,21.36,https://detail.1688.com/offer/893979013163.html,included,
933539745770,furniture-lighting,lighting,吸吊两用中古风全铜吊灯高端大气客厅灯设计师法式护眼灯具中山灯,Pendant Light,"Pendant Light. Confirm the selected model, size and included items before ordering.",CNY,438,64.09,https://detail.1688.com/offer/933539745770.html,included,
893937624631,furniture-lighting,lighting,客厅吸顶灯led高亮高级感简约极简主灯中山家装灯具套餐全屋组合,Ceiling Light,"Ceiling Light. Confirm the selected model, size and included items before ordering.",CNY,166,24.29,https://detail.1688.com/offer/893937624631.html,included,
893556277685,furniture-lighting,lighting,客厅灯大厅主灯中山灯具全屋组合套餐大厅吸顶灯高级感家装灯饰,Ceiling Light,"Ceiling Light. Confirm the selected model, size and included items before ordering.",CNY,121.22,17.74,https://detail.1688.com/offer/893556277685.html,included,
894036944281,furniture-lighting,lighting,客厅吸顶灯广东中山灯具现代简约大气鹅卵石主灯2025年新款云朵灯,Ceiling Light,"Ceiling Light. Confirm the selected model, size and included items before ordering.",CNY,250,36.58,https://detail.1688.com/offer/894036944281.html,included,
969144850742,furniture-lighting,lighting,黑色系简约现代客厅吸顶灯餐厅隐形风扇房间卧室创意客厅组合套餐,Ceiling Light,"Ceiling Light. Confirm the selected model, size and included items before ordering.",CNY,125,18.29,https://detail.1688.com/offer/969144850742.html,included,
648433316069,furniture-lighting,lighting,跨境水晶吊灯2026新款客厅主灯轻奢大厅灯简约餐厅卧室灯客厅吊灯,Pendant Light,"Pendant Light. Confirm the selected model, size and included items before ordering.",CNY,368,53.84,https://detail.1688.com/offer/648433316069.html,included,
808357922421,furniture-lighting,lighting,现代简约设计师创意线条灯艺术别墅客厅公寓挑空loft复式楼梯吊灯,Pendant Light,"Pendant Light. Confirm the selected model, size and included items before ordering.",CNY,260,38.04,https://detail.1688.com/offer/808357922421.html,included,
741958209656,furniture-lighting,lighting,全铜美式玻璃吊灯复古乡村餐厅灯卧室过道灯设计师高级感姹宅风,Pendant Light,"Pendant Light. Confirm the selected model, size and included items before ordering.",CNY,760,111.2,https://detail.1688.com/offer/741958209656.html,included,
648958967266,furniture-lighting,lighting,后现代餐厅水晶吊灯简约个性创意吧台艺术服装店卧室床头北欧吊灯,Pendant Light,"Pendant Light. Confirm the selected model, size and included items before ordering.",CNY,220,32.19,https://detail.1688.com/offer/648958967266.html,included,
649767281868,furniture-lighting,lighting,满天星吊灯非标工程灯具制作软装酒店样板房售楼部光立方大堂吊灯,Pendant Light,"Pendant Light. Confirm the selected model, size and included items before ordering.",CNY,274.15,40.11,https://detail.1688.com/offer/649767281868.html,included,
699626989342,furniture-lighting,lighting,全光谱深杯防眩led射灯家用窄边75嵌入式客厅酒店洗墙cob筒灯高显,Recessed or Spot Light,"Recessed or Spot Light. Confirm the selected model, size and included items before ordering.",CNY,26.5,3.88,https://detail.1688.com/offer/699626989342.html,included,
1087450096299,furniture-lighting,lighting,跨境现代简约全光谱护眼LED吸顶灯客厅卧室餐厅全屋家装灯具批发,Ceiling Light,"Ceiling Light. Confirm the selected model, size and included items before ordering.",CNY,136,19.9,https://detail.1688.com/offer/1087450096299.html,included,
1087448212144,furniture-lighting,lighting,新中式民宿卧室床头可升降吊灯复古真蚕丝过道吧台玄关氛围感吊灯,Pendant Light,"Pendant Light. Confirm the selected model, size and included items before ordering.",CNY,328,47.99,https://detail.1688.com/offer/1087448212144.html,included,
1087432217238,furniture-lighting,lighting,户外壁灯led防水外墙灯简约现代过道阳台大门庭院创意方形露台灯,Desk Lamp,"Desk Lamp. Confirm the selected model, size and included items before ordering.",CNY,16,2.34,https://detail.1688.com/offer/1087432217238.html,included,
1087411482000,furniture-lighting,lighting,北欧轻奢儿童房卧室书房花瓣吊灯咖啡厅客厅吧台花球吊灯,Pendant Light,"Pendant Light. Confirm the selected model, size and included items before ordering.",CNY,268,39.21,https://detail.1688.com/offer/1087411482000.html,included,
1087403592729,furniture-lighting,lighting,客厅灯客厅吊灯新款中古风客厅主灯法式复古实木餐厅护眼灯具中山,Pendant Light,"Pendant Light. Confirm the selected model, size and included items before ordering.",CNY,319.7,46.78,https://detail.1688.com/offer/1087403592729.html,included,
1087386633657,furniture-lighting,lighting,意式极简餐厅吊灯吧台后现代轻奢岛台设计师饭厅餐桌一字长条灯具,Pendant Light,"Pendant Light. Confirm the selected model, size and included items before ordering.",CNY,215,31.46,https://detail.1688.com/offer/1087386633657.html,included,
1087365622097,furniture-lighting,lighting,轻奢法式氛围感水晶吊灯客厅大厅卧室枝形奶油风吊灯大气吊灯玻璃,Pendant Light,"Pendant Light. Confirm the selected model, size and included items before ordering.",CNY,701.1,102.58,https://detail.1688.com/offer/1087365622097.html,included,
1087358236898,furniture-lighting,lighting,现代复式楼别墅中空客厅大吊灯轻奢意式高级感楼中楼挑空餐厅灯具,Pendant Light,"Pendant Light. Confirm the selected model, size and included items before ordering.",CNY,398,58.23,https://detail.1688.com/offer/1087358236898.html,included,
1087334390404,furniture-lighting,lighting,法式轻奢玻璃水晶吊灯大气客厅主灯2026新款中古奶油风餐厅卧室灯,Pendant Light,"Pendant Light. Confirm the selected model, size and included items before ordering.",CNY,663.1,97.02,https://detail.1688.com/offer/1087334390404.html,included,
1087298237195,furniture-lighting,lighting,新中式实木餐厅吊灯禅意茶室灯宋代美学酒店小吊灯中国风民宿吊灯,Pendant Light,"Pendant Light. Confirm the selected model, size and included items before ordering.",CNY,134.33,19.65,https://detail.1688.com/offer/1087298237195.html,included,
1087292437843,furniture-lighting,lighting,胡桃木色新中式LED吸顶灯客厅主灯卧室书房餐厅房间阳台中山灯具,Ceiling Light,"Ceiling Light. Confirm the selected model, size and included items before ordering.",CNY,55,8.05,https://detail.1688.com/offer/1087292437843.html,included,
1087289948139,furniture-lighting,lighting,轻奢水晶吊灯客厅灯2026新款法式欧美风餐厅卧室金色灯具大气主灯,Pendant Light,"Pendant Light. Confirm the selected model, size and included items before ordering.",CNY,369,53.99,https://detail.1688.com/offer/1087289948139.html,included,
1087284852775,furniture-lighting,lighting,奶油风客厅灯大厅主灯现代简约护眼吸顶灯卧室灯中山家装灯饰灯具,Ceiling Light,"Ceiling Light. Confirm the selected model, size and included items before ordering.",CNY,146.25,21.4,https://detail.1688.com/offer/1087284852775.html,included,
1087252848069,furniture-lighting,lighting,简约星星造型LED吸顶灯儿童房卧室温馨创意房间灯具通,Ceiling Light,"Ceiling Light. Confirm the selected model, size and included items before ordering.",CNY,104.4,15.28,https://detail.1688.com/offer/1087252848069.html,included,
1087238812605,furniture-lighting,lighting,LED主卧室吸顶灯简约星空灯儿童房间5年新浪漫护眼灯具,Ceiling Light,"Ceiling Light. Confirm the selected model, size and included items before ordering.",CNY,44.69,6.54,https://detail.1688.com/offer/1087238812605.html,included,
1087222872395,furniture-lighting,lighting,日式中古吊灯侘寂风蚕丝灯民宿酒店餐馆灯具创意餐厅卧室蚕丝吊灯,Pendant Light,"Pendant Light. Confirm the selected model, size and included items before ordering.",CNY,168,24.58,https://detail.1688.com/offer/1087222872395.html,included,
1087214533841,furniture-lighting,lighting,2026新款卧室吸顶灯法式中古风轻奢花朵主卧灯创意玻璃房间书房灯,Ceiling Light,"Ceiling Light. Confirm the selected model, size and included items before ordering.",CNY,285,41.7,https://detail.1688.com/offer/1087214533841.html,included,
1087202574756,furniture-lighting,lighting,LED无线变焦珠宝长杆小射灯三色变光展会展柜首饰柜充电射灯3W,Recessed or Spot Light,"Recessed or Spot Light. Confirm the selected model, size and included items before ordering.",CNY,41,6.0,https://detail.1688.com/offer/1087202574756.html,included,
1087157984164,furniture-lighting,lighting,卧室床头小吊灯陶瓷现代奶油风2026新款创意个性设计师艺术主卧灯,Pendant Light,"Pendant Light. Confirm the selected model, size and included items before ordering.",CNY,286,41.85,https://detail.1688.com/offer/1087157984164.html,included,
1087140132852,furniture-lighting,lighting,意式极简餐厅吊灯现代简约创意吧台餐桌灯高级感玻璃长条岛台吊灯,Pendant Light,"Pendant Light. Confirm the selected model, size and included items before ordering.",CNY,588,86.03,https://detail.1688.com/offer/1087140132852.html,included,
1087105396982,furniture-lighting,lighting,极简现代创意玻璃卧室床头可升降小吊灯高级感轻奢意式艺术吊线灯,Pendant Light,"Pendant Light. Confirm the selected model, size and included items before ordering.",CNY,90,13.17,https://detail.1688.com/offer/1087105396982.html,included,
1087067361665,furniture-lighting,lighting,跨境美式简约奢华水晶壁灯浴室卫生间梳妆台铁艺复古镜子黑色的,Wall Light,"Wall Light. Confirm the selected model, size and included items before ordering.",CNY,49.67,7.27,https://detail.1688.com/offer/1087067361665.html,included,
1087065521517,furniture-lighting,lighting,魔豆吊灯客厅主灯法式复古黑色大厅灯设计师书房玻璃灯无良中古风,Pendant Light,"Pendant Light. Confirm the selected model, size and included items before ordering.",CNY,426,62.33,https://detail.1688.com/offer/1087065521517.html,included,
1087064901864,furniture-lighting,lighting,美式复古木麻绳吊灯适用于服装店橱窗创意吧台灯具土耳其风铁,Desk Lamp,"Desk Lamp. Confirm the selected model, size and included items before ordering.",CNY,220.44,32.25,https://detail.1688.com/offer/1087064901864.html,included,
1087062788140,furniture-lighting,lighting,新款外贸跨境平台创意小长方客厅灯现代轻奢高级感书房卧室吸顶灯,Ceiling Light,"Ceiling Light. Confirm the selected model, size and included items before ordering.",CNY,97,14.19,https://detail.1688.com/offer/1087062788140.html,included,
1087022597448,furniture-lighting,lighting,西班牙云石客厅吊灯现代轻奢大气卧室餐厅灯设计师样板房主卧灯具,Pendant Light,"Pendant Light. Confirm the selected model, size and included items before ordering.",CNY,980,143.39,https://detail.1688.com/offer/1087022597448.html,included,
1087010490918,furniture-lighting,lighting,led防潮灯防尘防蚊三防吸顶灯卫生间客厅走廊灯具套件椭圆形壁灯,Ceiling Light,"Ceiling Light. Confirm the selected model, size and included items before ordering.",CNY,16,2.34,https://detail.1688.com/offer/1087010490918.html,included,
1087004202829,furniture-lighting,lighting,创意个性藤编蘑菇灯中式餐饮茶楼饭店包厢吊灯山野菌汤火锅店专用,Pendant Light,"Pendant Light. Confirm the selected model, size and included items before ordering.",CNY,170,24.87,https://detail.1688.com/offer/1087004202829.html,included,
1086929908793,furniture-lighting,lighting,新中式吊灯户外茶室中国风布艺灯笼火锅店走廊过道阳台酒楼饭店,Pendant Light,"Pendant Light. Confirm the selected model, size and included items before ordering.",CNY,15.32,2.24,https://detail.1688.com/offer/1086929908793.html,included,
1086866977287,furniture-lighting,lighting,法式奶油风卧室床头壁灯北欧温馨南瓜儿童房客厅电视背景墙石膏,Wall Light,"Wall Light. Confirm the selected model, size and included items before ordering.",CNY,92.99,13.61,https://detail.1688.com/offer/1086866977287.html,included,
1086801618882,furniture-lighting,lighting,新款餐厅灯吊灯三头现代简约餐桌饭厅网红家庭创意美式吧台灯,Desk Lamp,"Desk Lamp. Confirm the selected model, size and included items before ordering.",CNY,35.63,5.21,https://detail.1688.com/offer/1086801618882.html,included,
1086734957062,furniture-lighting,lighting,现代简约包豪斯玻璃球吊灯轻奢创意餐厅客厅卧室多头环形星球主灯,Pendant Light,"Pendant Light. Confirm the selected model, size and included items before ordering.",CNY,580,84.86,https://detail.1688.com/offer/1086734957062.html,included,
1086734014966,furniture-lighting,lighting,法式复古蜡烛水晶吊灯美式中古客厅主灯轻奢别墅楼梯卧室餐厅灯具,Pendant Light,"Pendant Light. Confirm the selected model, size and included items before ordering.",CNY,298,43.6,https://detail.1688.com/offer/1086734014966.html,included,
1086706473343,furniture-lighting,lighting,客厅主灯轻奢水晶吸顶灯现代简约大气餐厅大厅灯2025新款中山灯具,Ceiling Light,"Ceiling Light. Confirm the selected model, size and included items before ordering.",CNY,1537,224.89,https://detail.1688.com/offer/1086706473343.html,included,
1086706473318,furniture-lighting,lighting,复式楼大吊灯现代简约别墅loft水晶灯轻奢酒店大厅灯中空挑高吊灯,Pendant Light,"Pendant Light. Confirm the selected model, size and included items before ordering.",CNY,2138,312.82,https://detail.1688.com/offer/1086706473318.html,included,
1086700548411,furniture-lighting,lighting,设计师北欧装饰吊灯帽子艺术咖啡厅餐厅灯饰创意个性中古奶油吊灯,Pendant Light,"Pendant Light. Confirm the selected model, size and included items before ordering.",CNY,110,16.09,https://detail.1688.com/offer/1086700548411.html,included,
1086672500324,furniture-lighting,lighting,蜡烛吊灯美式复古客厅法式楼梯灯欧式餐厅卧室轻奢民宿新款中古灯,Pendant Light,"Pendant Light. Confirm the selected model, size and included items before ordering.",CNY,170,24.87,https://detail.1688.com/offer/1086672500324.html,included,
1086628984043,furniture-lighting,lighting,法式羽毛水晶吊灯设计师款轻奢卧室灯别墅酒店客厅吊灯跨境代发,Pendant Light,"Pendant Light. Confirm the selected model, size and included items before ordering.",CNY,162,23.7,https://detail.1688.com/offer/1086628984043.html,included,
1086620242454,furniture-lighting,lighting,餐厅吊灯北欧简约餐桌饭厅吧台灯原木奶油餐饮民宿吊线灯创意单头,Desk Lamp,"Desk Lamp. Confirm the selected model, size and included items before ordering.",CNY,32,4.68,https://detail.1688.com/offer/1086620242454.html,included,
1086617668128,furniture-lighting,lighting,蒲公英太阳花吸顶灯北欧新款轻奢简约创意大气奢华卧室水晶吸顶灯,Ceiling Light,"Ceiling Light. Confirm the selected model, size and included items before ordering.",CNY,85,12.44,https://detail.1688.com/offer/1086617668128.html,included,
1086569872314,furniture-lighting,lighting,设计师款彩色玻璃吊灯创意艺术法式Murano客厅主灯卧室书房中古灯,Pendant Light,"Pendant Light. Confirm the selected model, size and included items before ordering.",CNY,468,68.48,https://detail.1688.com/offer/1086569872314.html,included,
1086565568498,furniture-lighting,lighting,CASA法式中古风卧室吸顶灯客厅护眼云朵灯高级感布艺书房主卧灯具,Ceiling Light,"Ceiling Light. Confirm the selected model, size and included items before ordering.",CNY,641,93.79,https://detail.1688.com/offer/1086565568498.html,included,
1086538852056,furniture-lighting,lighting,2026北美黑胡桃木全铜客厅吊灯卧室酒店民宿大堂灯中古风枝形吊灯,Pendant Light,"Pendant Light. Confirm the selected model, size and included items before ordering.",CNY,755,110.47,https://detail.1688.com/offer/1086538852056.html,included,
1086474146958,furniture-lighting,lighting,美式简约全铜卧室床头小吊灯法式轻奢餐厅吧台书房小客厅水晶吊灯,Pendant Light,"Pendant Light. Confirm the selected model, size and included items before ordering.",CNY,60,8.78,https://detail.1688.com/offer/1086474146958.html,included,
1086471571161,furniture-lighting,lighting,法式轻奢水晶别墅吊灯现代宫廷风挑空楼梯婚庆酒店复式楼大吊灯无,Pendant Light,"Pendant Light. Confirm the selected model, size and included items before ordering.",CNY,687.8,100.64,https://detail.1688.com/offer/1086471571161.html,included,
1086468590443,furniture-lighting,lighting,中古玫瑰花陶瓷装饰吊灯吧台床头玄关走廊阳台欧式复古氛围黄铜灯,Pendant Light,"Pendant Light. Confirm the selected model, size and included items before ordering.",CNY,140,20.48,https://detail.1688.com/offer/1086468590443.html,included,
1086460527614,furniture-lighting,lighting,意式轻奢客厅吸顶灯2026新款现代简约大气中山主灯具全屋套餐组合,Ceiling Light,"Ceiling Light. Confirm the selected model, size and included items before ordering.",CNY,135.85,19.88,https://detail.1688.com/offer/1086460527614.html,included,
1086457731559,furniture-lighting,lighting,卧室灯LED吸顶灯温馨浪漫圆形简约现代公主房间女孩婚房客厅灯具,Ceiling Light,"Ceiling Light. Confirm the selected model, size and included items before ordering.",CNY,35.44,5.19,https://detail.1688.com/offer/1086457731559.html,included,
1086456887934,furniture-lighting,lighting,法式中古艺术花瓣玻璃吊灯卧室客厅灯设计师款别墅餐厅主灯奶油风,Pendant Light,"Pendant Light. Confirm the selected model, size and included items before ordering.",CNY,399,58.38,https://detail.1688.com/offer/1086456887934.html,included,
1086455533699,furniture-lighting,lighting,轻奢餐厅吊灯水晶灯2024新款长条艺术创意树枝客厅美式饭厅灯水晶,Pendant Light,"Pendant Light. Confirm the selected model, size and included items before ordering.",CNY,783.75,114.67,https://detail.1688.com/offer/1086455533699.html,included,
1086446490090,furniture-lighting,lighting,欧式客厅吊灯奢华大气简约复古美式个性LED灯具餐厅书房卧室灯饰,Pendant Light,"Pendant Light. Confirm the selected model, size and included items before ordering.",CNY,139,20.34,https://detail.1688.com/offer/1086446490090.html,included,
1086436438842,furniture-lighting,lighting,卧室床头吊灯法式网红水晶小吊灯轻奢美式复古过道玄关简约吊线灯,Pendant Light,"Pendant Light. Confirm the selected model, size and included items before ordering.",CNY,155,22.68,https://detail.1688.com/offer/1086436438842.html,included,
1086415382829,furniture-lighting,lighting,北欧创意复古透明玻璃餐厅吊灯厨房吧台个性客厅商业工装咖啡厅灯,Pendant Light,"Pendant Light. Confirm the selected model, size and included items before ordering.",CNY,47,6.88,https://detail.1688.com/offer/1086415382829.html,included,
1086413286945,furniture-lighting,lighting,现代简约几何黑色琥珀色玻璃吊灯奶茶店收银台餐厅创意灯现货批发,Pendant Light,"Pendant Light. Confirm the selected model, size and included items before ordering.",CNY,18,2.63,https://detail.1688.com/offer/1086413286945.html,included,
1086406342032,furniture-lighting,lighting,法式全铜床头吊灯花朵小吊线灯过道玄关吧台复古艺术个性餐厅灯,Pendant Light,"Pendant Light. Confirm the selected model, size and included items before ordering.",CNY,183,26.78,https://detail.1688.com/offer/1086406342032.html,included,
1086405386390,furniture-lighting,lighting,法式卧室床头灯美式餐厅水晶小吊灯过道走廊玄关入户衣帽间阳台灯,Head Torch,"Head Torch. Confirm the selected model, size and included items before ordering.",CNY,171,25.02,https://detail.1688.com/offer/1086405386390.html,included,
1086391346014,furniture-lighting,lighting,适用于跨境美式农舍吸顶灯复古工业风格走廊餐厅卧室楼梯锻制灯,Ceiling Light,"Ceiling Light. Confirm the selected model, size and included items before ordering.",CNY,101.74,14.89,https://detail.1688.com/offer/1086391346014.html,included,
1086380705649,furniture-lighting,lighting,5V柜台灯usb小射灯珠宝灯 led1W3W手办展示柜酒柜工作台迷你,Desk Lamp,"Desk Lamp. Confirm the selected model, size and included items before ordering.",CNY,5.6,0.82,https://detail.1688.com/offer/1086380705649.html,included,
1086378460179,furniture-lighting,lighting,法式复古贝壳吊灯卧室客厅餐厅创意美式轻奢洞石简约装饰灯具吊灯,Pendant Light,"Pendant Light. Confirm the selected model, size and included items before ordering.",CNY,1180,172.65,https://detail.1688.com/offer/1086378460179.html,included,
1086367946187,furniture-lighting,lighting,法式中古logico简约餐厅吊灯时尚白云朵卧室书房异形玻璃吸顶灯,Ceiling Light,"Ceiling Light. Confirm the selected model, size and included items before ordering.",CNY,360,52.67,https://detail.1688.com/offer/1086367946187.html,included,
1086334614821,furniture-lighting,lighting,柿子吊灯中古风客厅大灯大气法式复古艺术设计师卧室餐厅大厅主灯,Pendant Light,"Pendant Light. Confirm the selected model, size and included items before ordering.",CNY,188,27.51,https://detail.1688.com/offer/1086334614821.html,included,
1086333525450,furniture-lighting,lighting,2025新款楼梯灯吊灯后现代别墅自建房跃层小公寓客厅挑高大吊灯饰,Pendant Light,"Pendant Light. Confirm the selected model, size and included items before ordering.",CNY,206,30.14,https://detail.1688.com/offer/1086333525450.html,included,
1086329720731,furniture-lighting,lighting,法式轻奢设计师款玻璃吊灯Murano餐厅客厅灯大气高级感创意中古灯,Pendant Light,"Pendant Light. Confirm the selected model, size and included items before ordering.",CNY,780,114.13,https://detail.1688.com/offer/1086329720731.html,included,
1086257037038,furniture-lighting,lighting,客厅大灯现代简约大气2025新款超薄全光谱led吸顶灯卧室家用灯具,Ceiling Light,"Ceiling Light. Confirm the selected model, size and included items before ordering.",CNY,156,22.83,https://detail.1688.com/offer/1086257037038.html,included,
1086254893569,furniture-lighting,lighting,客厅灯大厅主灯轻奢水晶吸顶灯卧室灯全光谱护眼中山家装灯饰灯具,Ceiling Light,"Ceiling Light. Confirm the selected model, size and included items before ordering.",CNY,121,17.7,https://detail.1688.com/offer/1086254893569.html,included,
1086242897315,furniture-lighting,lighting,奶油风客厅灯简约卧室灯大气6新全屋灯具家直销护眼吸顶灯,Ceiling Light,"Ceiling Light. Confirm the selected model, size and included items before ordering.",CNY,79,11.56,https://detail.1688.com/offer/1086242897315.html,included,
1086239322131,furniture-lighting,lighting,美式照画灯镜前灯轻奢门头墙壁画灯走廊玄关装饰画廊挂画壁灯墙灯,Wall Light,"Wall Light. Confirm the selected model, size and included items before ordering.",CNY,102,14.92,https://detail.1688.com/offer/1086239322131.html,included,
1086223737107,furniture-lighting,lighting,卧室灯6年新网红主卧房间灯简约超亮led吸顶灯圆形灯具,Ceiling Light,"Ceiling Light. Confirm the selected model, size and included items before ordering.",CNY,5.23,0.77,https://detail.1688.com/offer/1086223737107.html,included,
1086222138009,furniture-lighting,lighting,USB充电式新款RGB定时人体感应吸顶灯厨房宿舍楼道阳台应急照明灯,Emergency Light,"Emergency Light. Confirm the selected model, size and included items before ordering.",CNY,28,4.1,https://detail.1688.com/offer/1086222138009.html,included,
1086217337374,furniture-lighting,lighting,中古风全铜卧室吸顶灯新中式复古书房护眼客厅灯圆形LED中山灯具,Ceiling Light,"Ceiling Light. Confirm the selected model, size and included items before ordering.",CNY,90,13.17,https://detail.1688.com/offer/1086217337374.html,included,
1086211152834,furniture-lighting,lighting,2026卧室款吸顶灯主卧led家用照明智能护眼书房圆形星空遥控灯具,Ceiling Light,"Ceiling Light. Confirm the selected model, size and included items before ordering.",CNY,18,2.63,https://detail.1688.com/offer/1086211152834.html,included,
1086204477035,furniture-lighting,lighting,极简客厅吊灯大厅主灯创意北欧现代简约风大气设计师圆环餐桌吊灯,Pendant Light,"Pendant Light. Confirm the selected model, size and included items before ordering.",CNY,169,24.73,https://detail.1688.com/offer/1086204477035.html,included,
1086152413257,furniture-lighting,lighting,法式 客厅设计师款复古中古风艺术主灯餐厅卧室玻璃吊灯,Pendant Light,"Pendant Light. Confirm the selected model, size and included items before ordering.",CNY,792,115.88,https://detail.1688.com/offer/1086152413257.html,included,
1086143217715,furniture-lighting,lighting,跨境北欧风格LED灯壁挂过道阳台走廊墙面装饰灯黑色现代简约壁灯,Wall Light,"Wall Light. Confirm the selected model, size and included items before ordering.",CNY,28,4.1,https://detail.1688.com/offer/1086143217715.html,included,
1086142257911,furniture-lighting,lighting,全铜美式客厅吊灯法式中古风餐厅卧室复古高级感别墅2026新款灯具,Pendant Light,"Pendant Light. Confirm the selected model, size and included items before ordering.",CNY,188,27.51,https://detail.1688.com/offer/1086142257911.html,included,
1086138757486,furniture-lighting,lighting,宋式美学发光波浪形飘带吊灯非标工程灯订制酒店大堂别墅创意灯具,Pendant Light,"Pendant Light. Confirm the selected model, size and included items before ordering.",CNY,50,7.32,https://detail.1688.com/offer/1086138757486.html,included,
1086131351935,furniture-lighting,lighting,法式穆拉诺玻璃圆片珍珠吊灯奶油风客厅主灯主卧室餐厅艺术吊灯具,Pendant Light,"Pendant Light. Confirm the selected model, size and included items before ordering.",CNY,117,17.12,https://detail.1688.com/offer/1086131351935.html,included,
1086128867732,furniture-lighting,lighting,轻奢水晶吊灯别墅挑空客厅公寓楼梯间鱼线型创意满天星酒店大堂灯,Pendant Light,"Pendant Light. Confirm the selected model, size and included items before ordering.",CNY,68,9.95,https://detail.1688.com/offer/1086128867732.html,included,
1086092140510,furniture-lighting,lighting,跨境美式工业风铁艺多头吊灯客厅餐厅咖啡厅酒吧店铺装饰中山灯具,Pendant Light,"Pendant Light. Confirm the selected model, size and included items before ordering.",CNY,93,13.61,https://detail.1688.com/offer/1086092140510.html,included,
1086040917166,furniture-lighting,lighting,法式水晶瀑布吊灯客厅灯温馨浪漫进口埃及轻奢高级感餐厅灯卧室主,Pendant Light,"Pendant Light. Confirm the selected model, size and included items before ordering.",CNY,558,81.64,https://detail.1688.com/offer/1086040917166.html,included,
1085999930576,furniture-lighting,lighting,贴5%高级感卧室吸顶灯意式轻奢6新简约主灯书房灯具极简现代风铁,Ceiling Light,"Ceiling Light. Confirm the selected model, size and included items before ordering.",CNY,31.2,4.57,https://detail.1688.com/offer/1085999930576.html,included,
1085993978476,furniture-lighting,lighting,儿童房灯吸顶灯2026新款可爱灯具现代简约女孩子护眼房间主卧室灯,Ceiling Light,"Ceiling Light. Confirm the selected model, size and included items before ordering.",CNY,104,15.22,https://detail.1688.com/offer/1085993978476.html,included,
1085919149402,furniture-lighting,lighting,蜡烛吊灯美式复古客厅法式楼梯灯欧式餐厅卧室轻奢民宿新中古灯,Pendant Light,"Pendant Light. Confirm the selected model, size and included items before ordering.",CNY,120,17.56,https://detail.1688.com/offer/1085919149402.html,included,
1085885846026,furniture-lighting,lighting,创意贝壳餐吊灯法式中古风高级砂镍色吊灯设计师款奶油风餐厅灯具,Pendant Light,"Pendant Light. Confirm the selected model, size and included items before ordering.",CNY,988,144.56,https://detail.1688.com/offer/1085885846026.html,included,
1085871970426,furniture-lighting,lighting,明域贝壳马赛克五头吊灯法式中古洞石客厅灯轻奢复古卧室餐厅主灯,Pendant Light,"Pendant Light. Confirm the selected model, size and included items before ordering.",CNY,1628,238.2,https://detail.1688.com/offer/1085871970426.html,included,
1085868914278,furniture-lighting,lighting,水晶客厅吊灯意式轻奢高级感全光谱护眼别墅复式楼客厅灯2026新款,Pendant Light,"Pendant Light. Confirm the selected model, size and included items before ordering.",CNY,470,68.77,https://detail.1688.com/offer/1085868914278.html,included,
1085863893480,furniture-lighting,lighting,意式轻奢水晶餐厅吊灯高端大气别墅餐桌岛台长条飘带灯设计师客厅,Pendant Light,"Pendant Light. Confirm the selected model, size and included items before ordering.",CNY,1472,215.38,https://detail.1688.com/offer/1085863893480.html,included,
1085840299018,furniture-lighting,lighting,意大利法式奶油复古珍珠贝壳吊灯餐厅卧室美式北欧风铃灯具,Pendant Light,"Pendant Light. Confirm the selected model, size and included items before ordering.",CNY,198,28.97,https://detail.1688.com/offer/1085840299018.html,included,
1085821391644,furniture-lighting,lighting,侘寂风飞船蚕丝吊灯简约客厅卧室日式中古书房民宿设计师餐厅吊灯,Pendant Light,"Pendant Light. Confirm the selected model, size and included items before ordering.",CNY,193,28.24,https://detail.1688.com/offer/1085821391644.html,included,
1085791259005,furniture-lighting,lighting,LED云朵灯吸顶灯餐厅吊灯儿童房照明灯卧室吸顶灯创意治愈云朵灯,Ceiling Light,"Ceiling Light. Confirm the selected model, size and included items before ordering.",CNY,26,3.8,https://detail.1688.com/offer/1085791259005.html,included,
1085732412398,furniture-lighting,lighting,时尚客餐厅吸顶灯创意个性吧台树叶片不锈钢服装店吊灯后现代壁灯,Stainless Steel Ceiling Light,"Stainless Steel Ceiling Light. Listed features: stainless steel. Confirm the selected model, size and included items before ordering.",CNY,110,16.09,https://detail.1688.com/offer/1085732412398.html,included,
1085701219294,furniture-lighting,lighting,2026新款包豪斯客厅吸顶灯意式轻奢极简个性高级氛围感大厅主灯具,Ceiling Light,"Ceiling Light. Confirm the selected model, size and included items before ordering.",CNY,237.5,34.75,https://detail.1688.com/offer/1085701219294.html,included,
1085689458373,furniture-lighting,lighting,不锈钢轻奢水晶小吊灯卧室客厅LED吊灯吧台复式楼样板房装饰吊灯,Stainless Steel Pendant Light,"Stainless Steel Pendant Light. Listed features: stainless steel. Confirm the selected model, size and included items before ordering.",CNY,88,12.88,https://detail.1688.com/offer/1085689458373.html,included,
1085635074575,furniture-lighting,lighting,轻奢别墅复式楼客厅挑空大吊灯新款自建房楼中楼跃层挑高楼梯吊灯,Pendant Light,"Pendant Light. Confirm the selected model, size and included items before ordering.",CNY,1635,239.23,https://detail.1688.com/offer/1085635074575.html,included,
1085581899334,furniture-lighting,lighting,批发led吸顶灯三防蚊虫阳台过道灯全光谱护眼儿童房卧室灯具,Ceiling Light,"Ceiling Light. Confirm the selected model, size and included items before ordering.",CNY,41.25,6.04,https://detail.1688.com/offer/1085581899334.html,included,
1085580641418,furniture-lighting,lighting,LED人体感应筒灯LED嵌入式暗装红外智能走廊过道节能孔灯,Recessed or Spot Light,"Recessed or Spot Light. Confirm the selected model, size and included items before ordering.",CNY,10,1.46,https://detail.1688.com/offer/1085580641418.html,included,
1085579603734,furniture-lighting,lighting,g4灯珠 led插脚低压12v水晶灯插泡高压220v超亮光源LED节能小灯泡,LED Light Bulb,"LED Light Bulb. Confirm the selected model, size and included items before ordering.",CNY,8.75,1.28,https://detail.1688.com/offer/1085579603734.html,included,
1085572660492,furniture-lighting,lighting,中古风水滴卧室吸顶灯2026年新款木纹色高亮全光谱护眼书房灯,Ceiling Light,"Ceiling Light. Confirm the selected model, size and included items before ordering.",CNY,296,43.31,https://detail.1688.com/offer/1085572660492.html,included,
1085565459405,furniture-lighting,lighting,陶瓷吊灯全光谱护眼灯餐厅卧室书房欧式奢华大气美式复古客厅灯具,Pendant Light,"Pendant Light. Confirm the selected model, size and included items before ordering.",CNY,234,34.24,https://detail.1688.com/offer/1085565459405.html,included,
1085533120434,furniture-lighting,lighting,复古餐厅吊灯创意贝壳吊灯美式法式卧室餐厅过道小吊灯,Pendant Light,"Pendant Light. Confirm the selected model, size and included items before ordering.",CNY,516,75.5,https://detail.1688.com/offer/1085533120434.html,included,
1085522523791,furniture-lighting,lighting,日式熔岩冰块创意卧室床头吊灯网红复古吧台餐厅玄关橱窗氛围吊灯,Pendant Light,"Pendant Light. Confirm the selected model, size and included items before ordering.",CNY,66,9.66,https://detail.1688.com/offer/1085522523791.html,included,
1085511476949,furniture-lighting,lighting,客厅吊灯中古风南瓜餐厅吊灯胡桃木色护眼卧室房间主灯2026年新款,Pendant Light,"Pendant Light. Confirm the selected model, size and included items before ordering.",CNY,369,53.99,https://detail.1688.com/offer/1085511476949.html,included,
1085505164315,furniture-lighting,lighting,新中式客厅吸顶灯中国风卧室书房过道阳台餐厅圆形实木仿古灯木艺,Ceiling Light,"Ceiling Light. Confirm the selected model, size and included items before ordering.",CNY,47.5,6.95,https://detail.1688.com/offer/1085505164315.html,included,
1085498280334,furniture-lighting,lighting,2026年新款客厅灯轻奢水晶灯具金色圆形奢华大气现代简约吊灯,Pendant Light,"Pendant Light. Confirm the selected model, size and included items before ordering.",CNY,147,21.51,https://detail.1688.com/offer/1085498280334.html,included,
1085495523209,furniture-lighting,lighting,美式复古工业风阁楼新款铁艺吸顶灯适用于客厅书房其他标准,Ceiling Light,"Ceiling Light. Confirm the selected model, size and included items before ordering.",CNY,119.78,17.53,https://detail.1688.com/offer/1085495523209.html,included,
1085491319244,furniture-lighting,lighting,法式复古餐厅吊灯客厅卧室美式奶油风花瓣布艺餐桌灯侘寂风书房灯,Pendant Light,"Pendant Light. Confirm the selected model, size and included items before ordering.",CNY,330,48.28,https://detail.1688.com/offer/1085491319244.html,included,
1085483976843,furniture-lighting,lighting,轻奢水晶吊灯2026年新款后现代简约设计师大气餐厅客厅主吊灯,Pendant Light,"Pendant Light. Confirm the selected model, size and included items before ordering.",CNY,282,41.26,https://detail.1688.com/offer/1085483976843.html,included,
1085481514728,furniture-lighting,lighting,法式轻奢奶油风水晶卧室吊灯氛围感设计师款别墅loft客厅餐厅吊灯,Pendant Light,"Pendant Light. Confirm the selected model, size and included items before ordering.",CNY,420,61.45,https://detail.1688.com/offer/1085481514728.html,included,
1085477902227,furniture-lighting,lighting,中山灯具2026款客厅主吸顶灯led家用照明卧室灯儿童房间书房餐厅,Ceiling Light,"Ceiling Light. Confirm the selected model, size and included items before ordering.",CNY,24,3.51,https://detail.1688.com/offer/1085477902227.html,included,
1085476331962,furniture-lighting,lighting,2026新款现代轻奢烟灰水晶灯圆形别墅客厅吸顶灯餐厅卧室灯高级感,Ceiling Light,"Ceiling Light. Confirm the selected model, size and included items before ordering.",CNY,143,20.92,https://detail.1688.com/offer/1085476331962.html,included,
1085475328664,furniture-lighting,lighting,创意个性圆形麻球吊灯商用餐厅酒吧奶茶店艺术吧台手工编织装饰灯,Pendant Light,"Pendant Light. Confirm the selected model, size and included items before ordering.",CNY,15,2.19,https://detail.1688.com/offer/1085475328664.html,included,
1085429206264,furniture-lighting,lighting,法式中古风卧室床头氛围感吊线灯包豪斯餐厅吧台玄关贝壳吊线灯,Pendant Light,"Pendant Light. Confirm the selected model, size and included items before ordering.",CNY,165,24.14,https://detail.1688.com/offer/1085429206264.html,included,
1085412646163,furniture-lighting,lighting,餐桌可调伸缩悬停聚光升降床头灯卧室床头简约吧台阅读小吊灯,Telescopic Head Torch,"Telescopic Head Torch. Listed features: telescopic. Confirm the selected model, size and included items before ordering.",CNY,160,23.41,https://detail.1688.com/offer/1085412646163.html,included,
1085407734858,furniture-lighting,lighting,现代简约全光谱护眼吸顶灯卧室客厅灯超薄创意个性房间主卧室灯具,Ceiling Light,"Ceiling Light. Confirm the selected model, size and included items before ordering.",CNY,68,9.95,https://detail.1688.com/offer/1085407734858.html,included,
1085395577738,furniture-lighting,lighting,法式中古风客厅灯北美白蜡木黄铜餐厅吊灯卧室灯中山灯具2026新款,Pendant Light,"Pendant Light. Confirm the selected model, size and included items before ordering.",CNY,400,58.53,https://detail.1688.com/offer/1085395577738.html,included,
1085388146684,furniture-lighting,lighting,轻奢客厅吊灯大气奢华水晶灯后现代简约卧室餐厅灯2022年新款灯具,Pendant Light,"Pendant Light. Confirm the selected model, size and included items before ordering.",CNY,584.25,85.48,https://detail.1688.com/offer/1085388146684.html,included,
1085378370116,furniture-lighting,lighting,法式中古风吊灯新款复古美式奶油风吊灯客厅餐厅蜡烛灯卧室房间灯,Pendant Light,"Pendant Light. Confirm the selected model, size and included items before ordering.",CNY,528,77.25,https://detail.1688.com/offer/1085378370116.html,included,
1085375809076,furniture-lighting,lighting,客厅电扇吸顶灯2026新款无叶风扇灯意式主卧室灯全屋套餐组合,Ceiling Light,"Ceiling Light. Confirm the selected model, size and included items before ordering.",CNY,219.58,32.13,https://detail.1688.com/offer/1085375809076.html,included,
1085372209536,furniture-lighting,lighting,3000K餐饮专用嵌入式射灯高显色店铺防眩酒店餐桌聚光洗墙射灯,Recessed or Spot Light,"Recessed or Spot Light. Confirm the selected model, size and included items before ordering.",CNY,26,3.8,https://detail.1688.com/offer/1085372209536.html,included,
1085365553899,furniture-lighting,lighting,客厅灯2026新款感轻奢意式极简客厅主灯长方形吸顶灯全屋灯具,Ceiling Light,"Ceiling Light. Confirm the selected model, size and included items before ordering.",CNY,267.44,39.13,https://detail.1688.com/offer/1085365553899.html,included,
1085361117318,furniture-lighting,lighting,中山灯具2026复古奶油客厅餐厅吊灯包豪斯创意个性书房卧室吸顶灯,Ceiling Light,"Ceiling Light. Confirm the selected model, size and included items before ordering.",CNY,212,31.02,https://detail.1688.com/offer/1085361117318.html,included,
1085343817991,furniture-lighting,lighting,美式复古卧室灯衣帽间古铜花朵吊灯法式复古风创意餐厅全铜吊灯,Pendant Light,"Pendant Light. Confirm the selected model, size and included items before ordering.",CNY,9860,1442.67,https://detail.1688.com/offer/1085343817991.html,included,
1085342241979,furniture-lighting,lighting,宙序灯包豪斯现代风简约吸顶灯卧室书房客厅主灯高级感极简灯具,Ceiling Light,"Ceiling Light. Confirm the selected model, size and included items before ordering.",CNY,390,57.06,https://detail.1688.com/offer/1085342241979.html,included,
1085328563534,furniture-lighting,lighting,新中式壁灯客厅电视沙发背景墙卧室床头复古宋式美学装饰氛围灯,Wall Light,"Wall Light. Confirm the selected model, size and included items before ordering.",CNY,127.68,18.68,https://detail.1688.com/offer/1085328563534.html,included,
1085313210111,furniture-lighting,lighting,过道灯走廊灯现代简约衣帽间入户门厅极简北欧长条阳台吸顶灯节能,Ceiling Light,"Ceiling Light. Confirm the selected model, size and included items before ordering.",CNY,72,10.53,https://detail.1688.com/offer/1085313210111.html,included,
