productId,sourceCategories,originalTitle,englishTitle,supplierPrice,sellingPriceGbp,sourceUrl,frontendStatus,frontendHoldReason
789449940065,baby-care,新款宝宝硅胶多功能吸管杯零食杯直管弯管二合一水杯学饮杯食品级,Baby Drinking Cup,8.5,1.25,https://detail.1688.com/offer/789449940065.html,included,
787189919816,baby-care,跨境新品宝宝硅胶餐具套装围兜餐盘碗勺叉水杯吸管杯11件套套装,Baby Drinking Cup,38,5.57,https://detail.1688.com/offer/787189919816.html,included,
994731088488,baby-care,硅胶婴儿辅食勺宝宝训练勺儿童喂养软勺防滑手柄食品级安全勺,Baby Feeding Utensils,1.2,0.18,https://detail.1688.com/offer/994731088488.html,included,
916163797403,baby-care,304不锈钢儿童硅胶辅食碗宝宝饮训练碗婴儿耐高温防摔碗套装餐具,Baby Feeding Utensils,20.11,2.95,https://detail.1688.com/offer/916163797403.html,included,
782903661738,baby-care,跨境热销儿童硅胶套装餐具宝宝辅食碗工具吸盘碗餐盘防摔母婴用品,Baby Feeding Utensils,2.5,0.37,https://detail.1688.com/offer/782903661738.html,included,
577290801122,baby-care,欧贝妮5cm宽口径PP奶瓶耐摔防胀气母婴店宝宝婴儿奶瓶厂家现货批,Baby Feeding Bottle,27,3.96,https://detail.1688.com/offer/577290801122.html,included,
1067136678268,baby-care,希尔萌趣风儿童餐具食品级密胺猫咪兔子分格盘母婴用品宝宝辅食碗,Baby Feeding Utensils,3.7,0.54,https://detail.1688.com/offer/1067136678268.html,included,
789746640797,baby-care,硅胶勺子收纳盒透明婴儿母婴用品辅食勺餐具PP勺叉盒元宝勺收纳盒,Baby Feeding Utensils,0.8,0.12,https://detail.1688.com/offer/789746640797.html,included,
678701222231,baby-care,诺爱因玻璃奶瓶新生婴儿宝宝宽口径防胀气防呛初生儿奶瓶厂家现货,Baby Feeding Bottle,14.9,2.18,https://detail.1688.com/offer/678701222231.html,included,
737819536256,baby-care,诺爱因新生婴儿奶瓶宽口径防摔防胀气柔软好吸仿母乳奶嘴吸管杯,Baby Drinking Cup,15.5,2.27,https://detail.1688.com/offer/737819536256.html,included,
742646100078,baby-care,亚马逊母婴用品奶瓶杯套食品级硅胶奶瓶防隔热套子镂空奶瓶水杯套,Baby Feeding Bottle,1.8,0.26,https://detail.1688.com/offer/742646100078.html,included,
999894145780,baby-care,婴儿硅胶餐具套装硅胶碗圆形笑脸餐盘围兜分格餐盘盖碗勺叉水杯,Baby Feeding Utensils,33.8,4.96,https://detail.1688.com/offer/999894145780.html,included,
716434602548,baby-care,304不锈钢硅胶叉勺套装包手柄宝宝辅食碗儿童餐具辅食勺婴儿勺子,Baby Feeding Utensils,5,0.73,https://detail.1688.com/offer/716434602548.html,included,
649873320953,baby-care,欧贝妮 ppsu大宝宝奶瓶防胀气耐摔宽口径婴儿奶瓶批发 可一瓶三用,Baby Feeding Bottle,79,11.58,https://detail.1688.com/offer/649873320953.html,included,
871397987435,baby-care,食品级硅胶宝宝叉勺套装婴儿辅食软头训练弯勺儿童餐具厂家现货,Baby Feeding Utensils,3.8,0.56,https://detail.1688.com/offer/871397987435.html,included,
639745936312,baby-care,婴儿辅食硅胶餐具套餐儿童硅胶吸盘碗宝宝勺子硅胶餐盘现货批发,Baby Feeding Utensils,35.9,5.26,https://detail.1688.com/offer/639745936312.html,included,
896961483557,baby-care,PPSU奶瓶新生婴儿0到3-6个月以上初生宝宝防胀气防呛奶仿母乳防漏,Baby Feeding Bottle,31.9,4.68,https://detail.1688.com/offer/896961483557.html,included,
745847388176,baby-care,穿戴式电动吸奶器一体手扶便携吸乳器隐形单一体机产后母婴神器,Breast Pump,24,3.52,https://detail.1688.com/offer/745847388176.html,included,
669566791015,baby-care,家用萌趣碗勺套装儿童餐具可爱高颜值母婴用品专用辅食碗宝宝餐具,Baby Feeding Utensils,3,0.44,https://detail.1688.com/offer/669566791015.html,included,
826010151516,baby-care,跨境食品级硅胶奶瓶镂空杯套防滑隔热玻璃奶瓶保护套母婴用品配件,Baby Feeding Bottle,1.9,0.28,https://detail.1688.com/offer/826010151516.html,included,
630659916972,baby-care,硅胶宝宝口水兜婴儿硅胶围兜纯色易清洗可儿童用品围兜,Baby Bib,6.5,0.95,https://detail.1688.com/offer/630659916972.html,included,
681760575765,baby-care,Alltomom产品一体式电动吸奶器母婴智能电动吸奶器自动按摩挤奶器,Breast Pump,46,6.74,https://detail.1688.com/offer/681760575765.html,included,
687621175229,baby-care,婴儿硅胶吃饭训练叉勺宝宝喂养软勺儿童婴幼儿辅食勺子套装食品级,Baby Feeding Utensils,1.5,0.22,https://detail.1688.com/offer/687621175229.html,included,
750804812144,baby-care,定制母婴用品食品级卡通猴子安抚咬胶防吃手牙胶宝宝磨牙咬咬乐,Baby Teether,5,0.73,https://detail.1688.com/offer/750804812144.html,included,
848666402621,baby-care,厂家批发现货7cm宽口径奶嘴通用一口吸鸭嘴婴幼儿奶瓶水杯配件,Baby Feeding Bottle,2.8,0.41,https://detail.1688.com/offer/848666402621.html,included,
996193356136,baby-care,跨境穿戴式电动吸奶器隐形吸乳器全自动免手扶集奶挤乳器母婴用品,Breast Pump,65.9,9.66,https://detail.1688.com/offer/996193356136.html,included,
709748283016,baby-care,硅胶餐具套装全套儿童猫头鹰餐盘分隔餐盘宝宝餐盘辅食盒母婴用品,Baby Feeding Utensils,42,6.16,https://detail.1688.com/offer/709748283016.html,included,
895836832848,baby-care,乔治熊婴儿奶瓶1一2-3岁以上6个月防胀气直饮吸管喝奶水杯防吐奶,Baby Feeding Bottle,19.07,2.8,https://detail.1688.com/offer/895836832848.html,included,
961644226050,baby-care,PPSU婴儿辅食碗宝宝米粉吃饭专用注水保温碗恒温吸盘碗幼儿童餐具,Baby Feeding Utensils,29.9,4.38,https://detail.1688.com/offer/961644226050.html,included,
963892371791,baby-care,新生儿玻璃奶瓶初生偏心仿母乳防呛0到6个月专用婴儿防胀气奶瓶,Baby Feeding Bottle,9.9,1.45,https://detail.1688.com/offer/963892371791.html,included,
946495372341,baby-care,专用婴儿硅胶盖辅食碗工具辅食盒玻璃可蒸煮鸡蛋碗保鲜盒密封便携,Baby Feeding Utensils,3.4,0.5,https://detail.1688.com/offer/946495372341.html,included,
885111772012,baby-care,贝肽斯宝宝勺子婴儿学吃饭训练叉勺自主进食辅食勺子儿童餐具套装,Baby Feeding Utensils,15.9,2.33,https://detail.1688.com/offer/885111772012.html,included,
1049603214845,baby-care,婴儿夏季薄款防蚊裤 宝宝棉灯笼裤 儿童透气防蚊裤母婴用品一件,Baby Trousers,9.5,1.39,https://detail.1688.com/offer/1049603214845.html,included,
1018831628896,baby-care,母婴用品婴儿软头硅胶辅食勺子食品级宝宝米糊果泥勺儿童喂养餐具,Baby Feeding Utensils,1.2,0.18,https://detail.1688.com/offer/1018831628896.html,included,
992577501143,baby-care,婴儿硅胶米糊勺挤压式喂养勺米糊瓶辅食工具米糊米粉母婴用品货源,Baby Feeding Utensils,2.5,0.37,https://detail.1688.com/offer/992577501143.html,included,
810938550482,baby-care,贝肽斯宝宝硅胶软勺新生婴儿童喂奶吃饭勺婴幼儿童餐具喂水辅食勺,Baby Feeding Utensils,19.9,2.92,https://detail.1688.com/offer/810938550482.html,included,
945740678652,baby-care,婴儿奶瓶带手柄防吐奶防呛PP新生儿奶瓶厂家跨境批发耐摔硅胶,Baby Feeding Bottle,2.4,0.35,https://detail.1688.com/offer/945740678652.html,included,
1007579822041,baby-care,新款电动穿戴式吸奶器挤奶器大吸力单双边集乳器母婴用品充电,Breast Pump,55,8.06,https://detail.1688.com/offer/1007579822041.html,included,
1083918091443,baby-care,跨境160ml婴儿奶瓶宽口径PP奶瓶3个装母婴用品防胀气奶瓶厂家批发,Baby Feeding Bottle,18,2.64,https://detail.1688.com/offer/1083918091443.html,included,
679565547421,baby-care,新款婴儿隔尿垫 宝宝外出可折叠换尿垫外出婴儿用品可当妈咪包,Baby Changing Mat,13,1.91,https://detail.1688.com/offer/679565547421.html,included,
797064309420,baby-care,邦朴 母婴餐具叉勺套装儿童喂养吃饭勺叉子木质手柄硅胶婴儿叉勺,Baby Feeding Utensils,5.68,0.83,https://detail.1688.com/offer/797064309420.html,included,
836528179537,baby-care,定制儿童硅胶盖辅食盒婴儿辅食碗储存盒冷冻可蒸煮玻璃碗密封餐具,Baby Feeding Utensils,3.9,0.57,https://detail.1688.com/offer/836528179537.html,included,
948873867702,baby-care,婴儿奶瓶塑料PP奶瓶新生儿宝宝防呛耐摔标口奶瓶厂家批发,Baby Feeding Bottle,2.2,0.32,https://detail.1688.com/offer/948873867702.html,included,
992935284443,baby-care,母婴用品宽口径玻璃奶瓶奶嘴奶嘴防胀气ppsu水杯160毫升奶瓶套装,Baby Feeding Bottle,10,1.47,https://detail.1688.com/offer/992935284443.html,included,
1024893634465,baby-care,新生儿奶瓶0-3-6个月婴儿PPSU奶瓶宽口径90mL母婴用品ppsu奶瓶,Baby Feeding Bottle,26.5,3.89,https://detail.1688.com/offer/1024893634465.html,included,
975384881657,baby-care,美婴堂 弧形宝宝PP奶瓶带柄标口塑料奶瓶280ML防胀气防呛婴儿奶瓶,Baby Feeding Bottle,4.7,0.69,https://detail.1688.com/offer/975384881657.html,included,
1066972421909,baby-care,邦朴婴儿安全训练用具软勺洗碗机弯曲硅胶婴儿勺母婴用品喂养餐具,Baby Feeding Utensils,2.84,0.42,https://detail.1688.com/offer/1066972421909.html,included,
811990188733,baby-care,硅胶食品级熊猫儿童餐具套装分格式宝宝辅食碗 防摔喂养餐具,Baby Feeding Utensils,9.9,1.45,https://detail.1688.com/offer/811990188733.html,included,
746381241953,baby-care,工厂定制婴儿硅胶奶瓶防摔新生断奶神器仿母乳一瓶三用宝超软奶瓶,Baby Feeding Bottle,15,2.2,https://detail.1688.com/offer/746381241953.html,included,
970274954085,baby-care,儿童硅胶餐具套装宝宝辅食碗分格餐盘叉勺杯母婴用品批发,Baby Feeding Utensils,0.99,0.15,https://detail.1688.com/offer/970274954085.html,included,
631875208113,baby-care,宝宝学吃饭训练碗勺子婴儿辅食碗吸盘碗新生儿童餐具套装食品级,Baby Feeding Utensils,7,1.03,https://detail.1688.com/offer/631875208113.html,included,
970189056804,baby-care,宽口径婴儿奶瓶新生儿宝宝仿母乳防胀气奶瓶防摔pp奶瓶生产厂家,Baby Feeding Bottle,6,0.88,https://detail.1688.com/offer/970189056804.html,included,
816910725844,baby-care,304不锈钢儿童便携餐具套装卡通勺子叉子宝宝学习训练勺家用叉勺,Baby Feeding Utensils,1.2,0.18,https://detail.1688.com/offer/816910725844.html,included,
901493739463,baby-care,便携式外出婴儿宝宝奶粉盒辅食米粉储存罐磁吸防潮避光奶粉罐,Baby Food Storage Container,10.8,1.58,https://detail.1688.com/offer/901493739463.html,included,
689319274067,baby-care,baby婴儿吃水果辅食咬咬袋乐果汁果蔬乐全硅胶牙胶磨牙棒辅食神器,Baby Teether,8.63,1.27,https://detail.1688.com/offer/689319274067.html,included,
963849175503,baby-care,硅胶餐具套装餐盘喂食围兜婴儿童吸盘碗防零食杯子跨境现货批发,Baby Feeding Utensils,35,5.13,https://detail.1688.com/offer/963849175503.html,included,
707358173895,baby-care,宝宝辅食碗套装婴幼儿专用碗注水保温碗儿童碗防烫耐摔训练勺餐具,Baby Feeding Utensils,8.17,1.2,https://detail.1688.com/offer/707358173895.html,included,
897271895329,baby-care,316不锈钢元宝勺子硅胶手柄宝宝训练辅食勺弯头叉子婴儿叉勺批发,Baby Feeding Utensils,4.15,0.61,https://detail.1688.com/offer/897271895329.html,included,
897539998359,baby-care,元宝勺子316不锈钢硅胶手柄宝宝训练弯头叉子婴儿叉勺批发辅食勺,Baby Feeding Utensils,4.15,0.61,https://detail.1688.com/offer/897539998359.html,included,
835446460050,baby-care,儿童餐具套装婴儿硅胶碗套装宝宝辅食碗食品级硅胶叉子勺子6件套,Baby Feeding Utensils,8.4,1.23,https://detail.1688.com/offer/835446460050.html,included,
928931567587,baby-care,硅胶餐具八件套跨境现货宝宝围兜餐盘碗带吸盘吸管杯水杯勺叉,Baby Drinking Cup,6.5,0.95,https://detail.1688.com/offer/928931567587.html,included,
652873268657,baby-care,硅胶餐盘宝宝围兜婴儿童碗餐具餐垫勺叉防摔零食杯子套装跨境现货,Baby Feeding Utensils,47,6.89,https://detail.1688.com/offer/652873268657.html,included,
1059108448878,baby-care,硅胶婴儿勺宝宝流食自喂食勺训练勺母婴用品舔舔勺软辅食勺一体式,Baby Feeding Utensils,2.8,0.41,https://detail.1688.com/offer/1059108448878.html,included,
706004875756,baby-care,宝宝一体式分格婴儿硅胶餐盘硅胶吸盘碗分格盘学吃饭婴儿硅胶餐盘,Baby Feeding Utensils,11.15,1.63,https://detail.1688.com/offer/706004875756.html,included,
995891166851,baby-care,婴儿液态硅胶勺子 新生儿软勺 宝宝液态硅胶勺子辅食勺卡通硅胶勺,Baby Feeding Utensils,1.8,0.26,https://detail.1688.com/offer/995891166851.html,included,
889704770365,baby-care,热销爆款宝宝餐盘分格熊爪硅胶碗婴儿自主进食训练盘儿童吸盘餐具,Baby Feeding Utensils,1.8,0.26,https://detail.1688.com/offer/889704770365.html,included,
836989668598,baby-care,跨境厂家儿童餐具6件套分隔盘母婴喂食套装喂养分格婴儿硅胶餐盘,Baby Feeding Utensils,40.8,5.98,https://detail.1688.com/offer/836989668598.html,included,
970392175172,baby-care,食品级硅胶吸盘碗婴儿辅食碗儿童餐盘学吃饭餐具母婴用品恐龙跨境,Baby Feeding Utensils,7.5,1.1,https://detail.1688.com/offer/970392175172.html,included,
996366629981,baby-care,新款宝宝硅胶软勺新生婴儿喂水软头勺子喂吃饭辅食儿童餐具,Baby Feeding Utensils,1.82,0.27,https://detail.1688.com/offer/996366629981.html,included,
980968509551,baby-care,婴幼儿喂液硅胶奶瓶挤压式喂果汁果蔬咬咬网袋母婴用品喂液喂水瓶,Baby Feeding Bottle,2.4,0.35,https://detail.1688.com/offer/980968509551.html,included,
960504882764,baby-care,婴儿316L不锈钢勺子宝宝元宝勺学吃饭儿童餐具辅食训练硅胶汤勺,Baby Feeding Utensils,8,1.17,https://detail.1688.com/offer/960504882764.html,included,
962889380044,baby-care,宝宝奶瓶1岁以上宝宝儿童吸管杯直饮喝奶1-2-3岁婴儿喝水6个月,Baby Drinking Cup,13.5,1.98,https://detail.1688.com/offer/962889380044.html,included,
860237121848,baby-care,贝肽斯宝宝勺子婴儿吃饭训练叉勺自主进食辅食勺工具儿童餐具套装,Baby Feeding Utensils,15.9,2.33,https://detail.1688.com/offer/860237121848.html,included,
972912170718,baby-care,儿童训练筷宝宝用筷子岁6岁吃饭练习虎口实木学习筷辅助器,Baby Feeding Utensils,12.9,1.89,https://detail.1688.com/offer/972912170718.html,included,
911419683206,baby-care,贝肽斯宝宝餐盘婴儿吸盘式自主进食吃饭辅食碗硅胶分格儿童餐具,Baby Feeding Utensils,53.8,7.89,https://detail.1688.com/offer/911419683206.html,included,
955094172254,baby-care,厂家直销婴儿PP奶瓶 防摔0-3岁新生儿用仿母乳硅胶奶嘴宝宝喝水杯,Baby Feeding Bottle,2.8,0.41,https://detail.1688.com/offer/955094172254.html,included,
660622605301,baby-care,现货硅胶吸盘碗儿童硅胶餐盘分格卡通动物可爱婴儿硅胶餐盘批发,Baby Feeding Utensils,34.4,5.04,https://detail.1688.com/offer/660622605301.html,included,
909823525769,baby-care,硅胶鸭嘴学饮杯宝宝奶瓶2岁以上喝奶水6个月儿童吸管食品级防呛水,Baby Drinking Cup,15.9,2.33,https://detail.1688.com/offer/909823525769.html,included,
766057796412,baby-care,亚马逊热卖硅胶婴儿勺子硅胶粘勺宝宝喂辅餐具硅胶幼儿喂食调羹勺,Baby Feeding Utensils,2,0.29,https://detail.1688.com/offer/766057796412.html,included,
992218709488,baby-care,邦朴 婴儿硅胶学饮杯双耳杯子三件套儿童零食杯食品级硅胶吸管杯,Baby Drinking Cup,7.47,1.1,https://detail.1688.com/offer/992218709488.html,included,
736153264533,baby-care,欧贝妮PPSU耐摔宽口径婴儿奶瓶一岁以上宝宝防胀气奶瓶240/300ml,Baby Feeding Bottle,79,11.58,https://detail.1688.com/offer/736153264533.html,included,
989850946404,baby-care,食品级硅胶婴儿餐具baby五件套餐盘吸盘碗儿童辅食硅餐碗母婴套装,Baby Feeding Utensils,35.15,5.15,https://detail.1688.com/offer/989850946404.html,included,
940148730892,baby-care,跨境爆款Silicone Bib婴儿饭兜餐具防水3D口水儿童吃饭免洗硅胶,Baby Feeding Utensils,3.8,0.56,https://detail.1688.com/offer/940148730892.html,included,
550231287465,baby-care,婴儿硅胶喂食勺子软软辅食工具家用儿童训练宝宝6个月餐具,Baby Feeding Utensils,0.95,0.14,https://detail.1688.com/offer/550231287465.html,included,
848666206810,baby-care,厂家直销6.5cm宽口径通用型奶嘴仿真母乳实感新生婴幼儿学饮水嘴,Baby Bottle Teat,7.2,1.06,https://detail.1688.com/offer/848666206810.html,included,
987033039185,baby-care,硅胶挤压式辅食勺米糊瓶喂水神器宝宝辅食工具厂家批发现货直发,Baby Feeding Utensils,11.9,1.74,https://detail.1688.com/offer/987033039185.html,included,
972972054842,baby-care,婴幼儿鸭嘴杯宝宝学饮杯家用6个月以宝宝喝水杯防呛直饮奶瓶,Baby Drinking Cup,39.9,5.85,https://detail.1688.com/offer/972972054842.html,included,
833530235764,baby-care,贝肽斯宝宝辅食碗婴儿专用辅食工具全套儿童餐具不锈钢硅胶吸盘碗,Baby Feeding Utensils,19.9,2.92,https://detail.1688.com/offer/833530235764.html,included,
986564862468,baby-care,母婴用品辅食硅胶软勺新生婴儿宝宝喂饭喂水喂奶专用婴幼辅食勺,Baby Feeding Utensils,1.1,0.16,https://detail.1688.com/offer/986564862468.html,included,
737400514163,baby-care,贝肽斯宝宝分格餐盘婴儿吸盘自主进食吃饭训练碗盘儿童餐具辅食碗,Baby Feeding Utensils,48.9,7.17,https://detail.1688.com/offer/737400514163.html,included,
520769690995,baby-care,工厂直销比多乐母婴用品新生儿春秋厚棉纯棉抱被婴儿用品抱被,Baby Swaddle,36,5.28,https://detail.1688.com/offer/520769690995.html,included,
589445921645,baby-care,欧贝妮 270毫升带手柄背带宝宝学饮杯训练儿童喝水吸管杯厂家批发,Baby Drinking Cup,32,4.69,https://detail.1688.com/offer/589445921645.html,included,
994921399824,baby-care,松鼠分格盘儿童餐具 婴儿硅胶辅食碗 宝宝叉勺一体式硅胶儿童餐盘,Baby Feeding Utensils,10.8,1.58,https://detail.1688.com/offer/994921399824.html,included,
655424124697,baby-care,速卖通热销款6件套婴儿围兜餐圆碗勺叉分格餐盘辅食硅胶餐具套装,Baby Feeding Utensils,35,5.13,https://detail.1688.com/offer/655424124697.html,included,
666119670652,baby-care,热销款5件套宝宝硅胶围兜吸盘圆碗勺二合一零食杯吸管杯餐具套装,Baby Drinking Cup,36.5,5.35,https://detail.1688.com/offer/666119670652.html,included,
978283655114,baby-care,跨境零食碗容器硅胶带盖防溢洒幼儿零食盒可拆卸不锈钢宝宝零食杯,Baby Feeding Utensils,7.5,1.1,https://detail.1688.com/offer/978283655114.html,included,
956023979950,baby-care,316不锈钢婴儿保温碗防摔防烫辅食碗带吸盘注水保温400ml儿童餐具,Baby Feeding Utensils,16.5,2.42,https://detail.1688.com/offer/956023979950.html,included,
981636332786,baby-care,婴幼儿硅胶米糊勺奶瓶挤压式喂养软勺母婴用品喂养餐具喂液器网袋,Baby Feeding Bottle,2,0.29,https://detail.1688.com/offer/981636332786.html,included,
960691691241,baby-care,PPSU元宝训练勺婴儿防滑叉勺6M+自主进食学吃饭餐具厂批源头,Baby Feeding Utensils,3.9,0.57,https://detail.1688.com/offer/960691691241.html,included,
822217157076,baby-care,现货固态硅胶产品母婴用品硅胶口水兜立体免洗宝宝饭兜围嘴口水巾,Baby Bib,5.95,0.87,https://detail.1688.com/offer/822217157076.html,included,
823397977175,baby-care,贝肽斯宝宝勺子学吃训练自主进食辅食勺弯曲婴儿吃饭叉勺餐具套装,Baby Feeding Utensils,19.9,2.92,https://detail.1688.com/offer/823397977175.html,included,
827882269715,baby-care,喝汤吸管硅胶喝粥辅食加长可拆卸耐高温小孩喝奶喝水儿童餐具套装,Children’s Feeding Utensils,2.2,0.32,https://detail.1688.com/offer/827882269715.html,included,
760336131918,baby-care,新款鲨鱼硅胶碗卡通辅食碗婴儿吸盘学食训练碗防摔宝宝碗儿童餐具,Baby Feeding Utensils,9.5,1.39,https://detail.1688.com/offer/760336131918.html,included,
962466759802,baby-care,高硼硅玻璃耐高温奶瓶新生儿0-6个月防胀气仿母乳奶嘴婴童防摔厂,Baby Feeding Bottle,24.9,3.65,https://detail.1688.com/offer/962466759802.html,included,
974342412368,baby-care,Bebikr婴儿辅食碗宝宝用新生儿鹰嘴碗喂水喂奶硅胶勺吃米糊套装,Baby Feeding Utensils,19.5,2.86,https://detail.1688.com/offer/974342412368.html,included,
723138796574,baby-care,工厂直销奶嘴婴儿刮泥勺宝宝果泥勺双头软头硅胶辅食勺喂食餐具,Baby Bottle Teat,2.6,0.38,https://detail.1688.com/offer/723138796574.html,included,
822162413974,baby-care,食品级硅胶儿童辅食吃饭硅胶围兜婴儿夏季轻薄防水宝宝围嘴饭兜,Baby Bib,5.95,0.87,https://detail.1688.com/offer/822162413974.html,included,
789456105596,baby-care,跨境热卖宝宝硅胶辅食碗婴儿碗强劲吸力辅食勺带盖子双把手,Baby Feeding Utensils,8,1.17,https://detail.1688.com/offer/789456105596.html,included,
759197394047,baby-care,婴儿勺子套装宝宝短柄叉勺316不锈钢弯头训练儿童餐具学食勺辅食,Baby Feeding Utensils,2.8,0.41,https://detail.1688.com/offer/759197394047.html,included,
579120662393,baby-care,欧贝妮 5cm宽口径PP奶瓶批发母婴用品耐摔防胀气宝宝婴儿奶瓶厂,Baby Feeding Bottle,26,3.81,https://detail.1688.com/offer/579120662393.html,included,
619353116781,baby-care,ins爆款母婴用品宝宝围嘴防水儿童硅胶围兜 婴儿口水饭兜免洗夏季,Baby Bib,4.6,0.67,https://detail.1688.com/offer/619353116781.html,included,
857425663082,baby-care,6层纯棉纱布U型口水巾 婴儿围嘴吸水防脏 跨境专供工厂批发定制,Baby Bib,2,0.29,https://detail.1688.com/offer/857425663082.html,included,
595122418037,baby-care,欧贝妮120/150ML新生儿玻璃奶瓶防呛防胀气宝宝奶瓶婴儿0-6个月,Baby Feeding Bottle,69,10.12,https://detail.1688.com/offer/595122418037.html,included,
546702827512,baby-care,厂家直销婴儿包被纯棉春秋薄棉卡通抱被新生婴儿襁褓母婴用品批发,Baby Swaddle,28,4.11,https://detail.1688.com/offer/546702827512.html,included,
693376141671,baby-care,ins爆款口水巾婴儿a类纯棉彩边花瓣宝宝围嘴儿童印花围兜母婴用品,Printed Baby Bib,2.5,0.37,https://detail.1688.com/offer/693376141671.html,included,
1083132443448,baby-care,A类母婴级全棉加厚磨毛四件套超细旦长绒棉被套秋冬保暖床上用品4,,328,,https://detail.1688.com/offer/1083132443448.html,held,product-identification-or-relevance-review
1082480791220,baby-care,A类母婴级泡芙棉四件套学生宿舍被套床单床笠三件套床上用品批发,,55,,https://detail.1688.com/offer/1082480791220.html,held,product-identification-or-relevance-review
1081894940857,baby-care,婴幼儿硅胶米糊勺奶瓶挤压式喂养勺硅胶软勺母婴用品咬咬乐喂药勺,Baby Feeding Utensils,2.2,0.32,https://detail.1688.com/offer/1081894940857.html,included,
1081326575771,baby-care,a类母婴级100支磨毛四件套纯棉全棉2025新款秋冬加厚被套床上用品,,198,,https://detail.1688.com/offer/1081326575771.html,held,product-identification-or-relevance-review
1080490679226,baby-care,跨境盒装儿童餐盘一整套母婴用品不锈钢硅胶吸盘碗勺叉,Baby Feeding Utensils,17.88,2.62,https://detail.1688.com/offer/1080490679226.html,included,
1079424419663,baby-care,新款母婴妈咪包可现货印刷大容量妈咪包外出母婴用品收纳双肩背包,Baby Changing Bag,36,5.28,https://detail.1688.com/offer/1079424419663.html,included,
1079268509861,baby-care,婴儿硅胶安抚奶嘴咖啡猫圆头日用小鸟扁头夜用母婴用品工厂直销,Baby Pacifier,1.25,0.18,https://detail.1688.com/offer/1079268509861.html,included,
1077656099314,baby-care,a类母婴小清新贝壳边泡芙纱床上用品四件套被套学生宿舍床单三件,,14,,https://detail.1688.com/offer/1077656099314.html,held,product-identification-or-relevance-review
1077517812131,baby-care,适配宽口奶瓶硅胶水嘴 婴儿学饮嘴 奶瓶转换水杯配件 母婴用品厂,Baby Feeding Bottle,0.85,0.12,https://detail.1688.com/offer/1077517812131.html,included,
1076862803646,baby-care,批发婴儿奶瓶pp带柄标口奶瓶210ml270ml大容量塑料奶瓶母婴用品,Baby Feeding Bottle,6.8,1.0,https://detail.1688.com/offer/1076862803646.html,included,
1076623294123,baby-care,A类母婴级加厚纯棉磨毛四件套刺绣全棉主卧室被套高级感床上用品,,246,,https://detail.1688.com/offer/1076623294123.html,held,product-identification-or-relevance-review
1076299995507,baby-care,a类母婴级100支磨毛四件套纯棉全棉2025新款秋冬加厚被套床上用品,,206,,https://detail.1688.com/offer/1076299995507.html,held,product-identification-or-relevance-review
1075095392854,baby-care,跨境儿童餐盘硅胶餐具五件套母婴用品宝宝餐具辅食碗硅胶碗辅食勺,Baby Feeding Utensils,15.5,2.27,https://detail.1688.com/offer/1075095392854.html,included,
1074568452348,baby-care,跨境宝宝餐具儿童餐盘10件套装母婴儿童用品辅食硅胶碗勺喂养餐具,Baby Feeding Utensils,23,3.37,https://detail.1688.com/offer/1074568452348.html,included,
1074538464029,baby-care,日式全棉纱布双层纱四件套100纯棉a类母婴级双人标准加大床上用品,,270,,https://detail.1688.com/offer/1074538464029.html,held,product-identification-or-relevance-review
1074336234536,baby-care,婴儿安抚奶嘴柔软硅胶透气三尺寸新生儿宝宝哄睡母婴用品现货批发,Baby Pacifier,3.3,0.48,https://detail.1688.com/offer/1074336234536.html,included,
1074271833137,baby-care,A类母婴级雕花牛奶绒四件套冬季加绒加厚款家用学生宿舍床上用品4,,125,,https://detail.1688.com/offer/1074271833137.html,held,product-identification-or-relevance-review
1073665126516,baby-care,跨境儿童餐具宝宝餐盘辅食八件套围兜辅食碗婴儿碗辅食勺母婴用品,Baby Feeding Utensils,21,3.08,https://detail.1688.com/offer/1073665126516.html,included,
1073584933790,baby-care,跨境儿童餐具硅胶餐盘五件套母婴用品餐具辅食碗婴儿硅胶碗辅食勺,Baby Feeding Utensils,16,2.35,https://detail.1688.com/offer/1073584933790.html,included,
1073178169325,baby-care,超软糯母婴双层纱简约格子床单被套床上用品四件套学生宿舍三件套,,36.27,,https://detail.1688.com/offer/1073178169325.html,held,product-identification-or-relevance-review
1071716699239,baby-care,跨境儿童硅胶餐具套装六件套套儿童餐盘母婴辅食用品辅食碗硅胶勺,Baby Feeding Utensils,17.5,2.57,https://detail.1688.com/offer/1071716699239.html,included,
1070792707854,baby-care,304不锈钢勺子叉子食品级母婴用品儿童餐具跨境圣诞辅食勺甜品勺,Baby Feeding Utensils,3.8,0.56,https://detail.1688.com/offer/1070792707854.html,included,
1070245882103,baby-care,A类母婴级水洗棉床上四件套纯色加厚宿舍三件套被套床上用品,,104.43,,https://detail.1688.com/offer/1070245882103.html,held,product-identification-or-relevance-review
1067463822420,baby-care,跨境母婴用品硅胶围兜餐盘八件套吸盘耐高温宝宝辅食喂养餐具,Baby Feeding Utensils,5.8,0.85,https://detail.1688.com/offer/1067463822420.html,included,
1065129201909,baby-care,爆款米老鼠牙胶婴儿磨牙棒宝宝防吃手安抚玩具食品级硅胶母婴用品,Baby Teether,1.9,0.28,https://detail.1688.com/offer/1065129201909.html,included,
1064394163005,baby-care,A类母婴级全棉双层纱日式简约格子床上用品四件套被套床单床笠1.8,,230,,https://detail.1688.com/offer/1064394163005.html,held,product-identification-or-relevance-review
1064249229618,baby-care,简约全棉水洗棉三层纱提花四件套纯棉a类母婴级床单被套床上用品4,,236,,https://detail.1688.com/offer/1064249229618.html,held,product-identification-or-relevance-review
1062575923721,baby-care,母婴用品硅胶小猪牙胶 食品级宝宝口欲期卡通磨牙棒咬咬乐牙胶,Baby Teether,3.5,0.51,https://detail.1688.com/offer/1062575923721.html,included,
1061517322329,baby-care,跨境食品级硅胶儿童餐具宝宝餐盘八件套围兜辅食碗婴儿辅食勺母婴,Baby Feeding Utensils,20.8,3.05,https://detail.1688.com/offer/1061517322329.html,included,
1059747951665,baby-care,A类母婴超软云朵水洗棉床笠款卡通四件套床上用品学生宿舍三4件套,,86.56,,https://detail.1688.com/offer/1059747951665.html,held,product-identification-or-relevance-review
1057316878088,baby-care,纯棉母婴A类60s四件套提花全棉三件套奶油风被套床单宿舍床上用品,,149.86,,https://detail.1688.com/offer/1057316878088.html,held,product-identification-or-relevance-review
1056807640354,baby-care,母婴A类100支长绒棉四件套全棉被套纯棉床单春夏季高级感床上用品,,306,,https://detail.1688.com/offer/1056807640354.html,held,product-identification-or-relevance-review
1056194139375,baby-care,母婴用品婴儿硅胶围嘴宝宝吃饭兜儿童辅食饭兜防水防脏超软口水巾,Baby Bib,5.6,0.82,https://detail.1688.com/offer/1056194139375.html,included,
1055728218826,baby-care,母婴A类全棉四件套被套纯棉床单100长绒棉被罩春夏季高端床上用品,,286,,https://detail.1688.com/offer/1055728218826.html,held,product-identification-or-relevance-review
1053698953623,baby-care,100支长绒棉四件套全纯棉床单被套床上用品高端家纺A类母婴级裸睡,,288,,https://detail.1688.com/offer/1053698953623.html,held,product-identification-or-relevance-review
1052609795772,baby-care,轻奢风A类母婴级60支纯棉四件套100%全棉床上用品刺绣款被套 礼盒,,198,,https://detail.1688.com/offer/1052609795772.html,held,product-identification-or-relevance-review
1052381208138,baby-care,A类母婴纯色水洗棉床单双拼四件套学生宿舍被套三件套床上用品,,14,,https://detail.1688.com/offer/1052381208138.html,held,product-identification-or-relevance-review
1052296844640,baby-care,baby妈咪包大容量卡通图案妈咪袋时尚婴儿用品妈妈包母婴外贸包袋,Baby Changing Bag,23,3.37,https://detail.1688.com/offer/1052296844640.html,included,
1051904267500,baby-care,出口日本 原棉不染色~天然白色纯棉A类母婴级四件套民宿床上用品,,248,,https://detail.1688.com/offer/1051904267500.html,held,product-identification-or-relevance-review
1049421498783,baby-care,A类母婴级新疆长绒棉四件套全棉纯棉刺绣被套床单可裸睡床上用品4,,232,,https://detail.1688.com/offer/1049421498783.html,held,product-identification-or-relevance-review
1048539922742,baby-care,A类母婴级全纯棉婚庆四件套大红色中式刺绣床单被套结婚床上用品,,158,,https://detail.1688.com/offer/1048539922742.html,held,product-identification-or-relevance-review
1048452438779,baby-care,A类母婴纯棉四件套轻奢纯色全棉床单被套简约高端长绒棉床上用品,,188,,https://detail.1688.com/offer/1048452438779.html,held,product-identification-or-relevance-review
1048010133916,baby-care,全棉纯棉四件套床上用品a类母婴级宿舍40支被罩床单三件套床笠款,,168,,https://detail.1688.com/offer/1048010133916.html,held,product-identification-or-relevance-review
1047654678467,baby-care,跨境儿童餐具硅胶餐盘吸盘式食品级母婴用品碗辅食喂养餐具十件套,Baby Feeding Utensils,23.8,3.49,https://detail.1688.com/offer/1047654678467.html,included,
1046314550891,baby-care,夏季双层纱床单被套罩四件套超级好看的床上用品2026新款四季通用,,44.99,,https://detail.1688.com/offer/1046314550891.html,held,product-identification-or-relevance-review
1046222355865,baby-care,可爱卡通妈咪手提包宝妈收纳母婴包大容量户外宝宝用品收纳单肩包,Baby Changing Bag,26,3.81,https://detail.1688.com/offer/1046222355865.html,included,
1046153327177,baby-care,304不锈钢儿童勺叉套装卡通防烫儿童餐具 宝宝辅食母婴用品批发,Baby Feeding Utensils,2.2,0.32,https://detail.1688.com/offer/1046153327177.html,included,
1046131363158,baby-care,A类母婴级四件套纯棉全棉2026新款床上用品床单被套罩宿舍三件套4,,82.6,,https://detail.1688.com/offer/1046131363158.html,held,product-identification-or-relevance-review
1046024698472,baby-care,母婴A类全棉贡缎提花四件套纯棉被套100长绒棉床单三件套床上用品,,338,,https://detail.1688.com/offer/1046024698472.html,held,product-identification-or-relevance-review
1045904238111,baby-care,母婴级A级四件套学生双层纱床上用品ins碎花床单被套罩宿舍三件套,,55,,https://detail.1688.com/offer/1045904238111.html,held,product-identification-or-relevance-review
1045679197139,baby-care,加厚天然棉麻甄选A类母婴级床上用品四件套立体小熊毛巾绣被套笠4,,235,,https://detail.1688.com/offer/1045679197139.html,held,product-identification-or-relevance-review
1045142444431,baby-care,厂家直发A类棉麻四件套全棉亚麻被套床单高档床上用品A类母婴级,,228,,https://detail.1688.com/offer/1045142444431.html,held,product-identification-or-relevance-review
1044023157743,baby-care,婴儿180/240ml玻璃奶瓶防摔硅胶套吸管杯喝水杯母婴用品奶瓶,Baby Drinking Cup,14.5,2.13,https://detail.1688.com/offer/1044023157743.html,included,
1042330100481,baby-care,菱形格提花水洗棉四件套被套床单床上用品床笠A类母婴级水洗棉,,39,,https://detail.1688.com/offer/1042330100481.html,held,product-identification-or-relevance-review
1041478602290,baby-care,春夏季A类母婴级纯棉双层纱四件套全棉纱布被套床上用品南通家纺,,150,,https://detail.1688.com/offer/1041478602290.html,held,product-identification-or-relevance-review
1040517630729,baby-care,跨境母婴用品硅胶恐龙餐盘八件套吸盘耐高温可消毒宝宝辅食喂养餐,Baby Feeding Utensils,22.8,3.34,https://detail.1688.com/offer/1040517630729.html,included,
1039225871354,baby-care,A类母婴全棉纯棉针织棉四件套小清新天竺棉柔软亲肤被套床上用品,,200,,https://detail.1688.com/offer/1039225871354.html,held,product-identification-or-relevance-review
1037462046597,baby-care,A类母婴级100S长绒棉贡缎四件套全棉纯棉被套床单1.51.8m床上用品,,150,,https://detail.1688.com/offer/1037462046597.html,held,product-identification-or-relevance-review
1034692331458,baby-care,跨境304不锈钢儿童餐具勺叉盒三件套装 宝宝喂食餐具母婴礼物礼品,Baby Clothing Set,1.1,0.16,https://detail.1688.com/offer/1034692331458.html,included,
1034013047245,baby-care,可爱小黄鸭餐具儿童宝宝分格餐盘辅食碗饭碗水杯母婴用品套装批发,Baby Feeding Utensils,4.6,0.67,https://detail.1688.com/offer/1034013047245.html,included,
1033749680637,baby-care,A类母婴级100s长绒棉磨毛四件套轻奢高级感保暖床单被套床上用品,,187,,https://detail.1688.com/offer/1033749680637.html,held,product-identification-or-relevance-review
1033614700990,baby-care,棉婴库 母婴批发PU丹麦儿童防水反穿衣围兜婴儿饭兜防脏喂饭神器,Baby Bib,11.8,1.73,https://detail.1688.com/offer/1033614700990.html,included,
1033239576514,baby-care,新款A类母婴级天丝刺绣纯色简约四件套床单床笠款床上用品批发,,198,,https://detail.1688.com/offer/1033239576514.html,held,product-identification-or-relevance-review
1032145829573,baby-care,母婴A类|高端全棉四件套纯棉被套100支长绒棉床单春夏季床上用品4,,236.8,,https://detail.1688.com/offer/1032145829573.html,held,product-identification-or-relevance-review
1031743616945,baby-care,A类母婴100S双股长绒棉四件套纯棉全棉刺绣儿童床上用品被套床单4,,298,,https://detail.1688.com/offer/1031743616945.html,held,product-identification-or-relevance-review
1031500090838,baby-care,新款A类母婴级天丝刺绣纯色简约四件套床单床笠款床上用品批发,,198,,https://detail.1688.com/offer/1031500090838.html,held,product-identification-or-relevance-review
1031115583978,baby-care,40s全棉四件套纯棉母婴级简约裸睡床单被套双人家居床上用品套件,,124,,https://detail.1688.com/offer/1031115583978.html,held,product-identification-or-relevance-review
1030033070508,baby-care,A类母婴100S双股长绒棉四件套纯棉全棉刺绣儿童床上用品被套床单4,,298,,https://detail.1688.com/offer/1030033070508.html,held,product-identification-or-relevance-review
1027677900700,baby-care,ins简约纯棉水洗棉格子四件套全棉亲肤裸睡床单被套床上用品三件,,58.8,,https://detail.1688.com/offer/1027677900700.html,held,product-identification-or-relevance-review
1027515432090,baby-care,手动吸奶器吸力大孕产妇用品挤奶器吸乳器跨境源头工厂母婴用品,Breast Pump,8.9,1.3,https://detail.1688.com/offer/1027515432090.html,included,
1027405900222,baby-care,轻奢风A类母婴级纯棉四件套全棉刺绣被套高级感1.8床笠款床上用品,,225,,https://detail.1688.com/offer/1027405900222.html,held,product-identification-or-relevance-review
1027257709626,baby-care,高级感母婴级A类高支长绒棉四件套全棉刺绣裸睡被套纯棉床上用品,,306,,https://detail.1688.com/offer/1027257709626.html,held,product-identification-or-relevance-review
1026868709935,baby-care,高端四件套欧式轻奢风100支A类母婴级全棉刺绣被套床笠款床上用品,,165,,https://detail.1688.com/offer/1026868709935.html,held,product-identification-or-relevance-review
1026382897210,baby-care,爆款辅食袋婴儿便携式储奶袋宝宝食品级硅胶果泥袋母婴用品现货,Breast Milk Storage Bags,7.5,1.1,https://detail.1688.com/offer/1026382897210.html,included,
1025988354383,baby-care,轻奢A类母婴级200克全棉被套单件纯棉床单刺绣被罩床单笠床上用品,,276,,https://detail.1688.com/offer/1025988354383.html,held,product-identification-or-relevance-review
1024670083846,baby-care,硅胶陶瓷碗  防烫防摔儿童碗 母婴喂养餐具一整套5件套碗杯可拆卸,Baby Feeding Utensils,9.8,1.44,https://detail.1688.com/offer/1024670083846.html,included,
1021240076275,baby-care,邦选童装女童口水巾春秋新品婴幼儿防吐围兜花瓣型彩色小童围嘴,Baby Bib,3.48,0.51,https://detail.1688.com/offer/1021240076275.html,included,
1018651141864,baby-care,高档母婴A类长绒棉四件套裸睡全棉花卉刺绣被套纯棉床笠床上用品4,,276,,https://detail.1688.com/offer/1018651141864.html,held,product-identification-or-relevance-review
1018550255367,baby-care,跨境母婴用品 棉布奶嘴链 花朵棉布防掉链 防丢绳,Baby Bottle Teat,3.6,0.53,https://detail.1688.com/offer/1018550255367.html,included,
1018004154143,baby-care,新款母婴用品婴儿口水巾三角巾外贸幼儿童围嘴棉厂家直销一件代发,Baby Bib,1.5,0.22,https://detail.1688.com/offer/1018004154143.html,included,
1017788568560,baby-care,婴儿辅食碗注水保温碗围兜宝宝吃饭专用碗恒温外出便携不锈钢餐具,Baby Feeding Utensils,38.9,5.7,https://detail.1688.com/offer/1017788568560.html,included,
1017698251736,baby-care,高级感母婴级A类长绒棉四件套全棉羽毛刺绣被套纯棉床笠床上用品4,,286,,https://detail.1688.com/offer/1017698251736.html,held,product-identification-or-relevance-review
1016562763696,baby-care,A类母婴级全棉磨毛四件套纯棉被套加厚保暖床单床笠秋冬床上用品4,,141.45,,https://detail.1688.com/offer/1016562763696.html,held,product-identification-or-relevance-review
1016141061771,baby-care,婴儿硅胶迷糊勺宝宝硅胶辅食勺儿童流食沾沾勺母婴用品硅胶勺参套,Baby Feeding Utensils,3.5,0.51,https://detail.1688.com/offer/1016141061771.html,included,
1015872461291,baby-care,a类母婴级超柔四件套水洗棉床单被套学生宿舍床笠三件套床上用品4,,31,,https://detail.1688.com/offer/1015872461291.html,held,product-identification-or-relevance-review
1015795647912,baby-care,A类母婴级100%水洗棉床上四件套纯色加厚宿舍三件套被套床上用品,,44,,https://detail.1688.com/offer/1015795647912.html,held,product-identification-or-relevance-review
1014534749896,baby-care,母婴级A类长绒棉四件套超柔裸睡全棉刺绣被套纯棉高级感床上用品4,,308,,https://detail.1688.com/offer/1014534749896.html,held,product-identification-or-relevance-review
1013174892796,baby-care,a类母婴水洗棉双层纱四件套床笠款宿舍三件套床单被套罩床上用品,,60,,https://detail.1688.com/offer/1013174892796.html,held,product-identification-or-relevance-review
1012487347482,baby-care,A类母婴级全棉色织提花四件套加厚纯棉被套床单冬季裸睡床上用品,,310,,https://detail.1688.com/offer/1012487347482.html,held,product-identification-or-relevance-review
1011308017491,baby-care,水洗家纺纯棉A类母婴级四件套全棉长绒棉床上用品酒店四件套批发,,150.9,,https://detail.1688.com/offer/1011308017491.html,held,product-identification-or-relevance-review
1009847425923,baby-care,贝*亲奶嘴母婴用品仿真母乳硅胶食品级实感宽口奶嘴磨砂婴儿奶嘴,Baby Bottle Teat,0.9,0.13,https://detail.1688.com/offer/1009847425923.html,included,
1009651076826,baby-care,卡通母婴级A类长绒棉四件套裸睡全棉兔子刺绣被套少女心床上用品4,,318,,https://detail.1688.com/offer/1009651076826.html,held,product-identification-or-relevance-review
1007553203696,baby-care,A类纯棉4件套母婴级ins正品床单被套床上用品全棉学生床品三件套,,9.5,,https://detail.1688.com/offer/1007553203696.html,held,product-identification-or-relevance-review
1007079528043,baby-care,卡通小熊餐盘套装十六件套硅胶儿童餐具套装婴儿辅食吸盘碗勺母婴,Baby Feeding Utensils,110.63,16.22,https://detail.1688.com/offer/1007079528043.html,included,
1006983777186,baby-care,304不锈钢儿童餐具套装叉子勺子宝宝辅食工具母婴卡通叉勺套装,Baby Feeding Utensils,7,1.03,https://detail.1688.com/offer/1006983777186.html,included,
1006821037788,baby-care,A类母婴级刺绣牛奶绒四件套秋冬季加厚珊瑚绒法兰绒被套床上用品,,138.92,,https://detail.1688.com/offer/1006821037788.html,held,product-identification-or-relevance-review
1006151048227,baby-care,轻奢高级感A类母婴级刺绣全棉四件套100纯棉被套床单床笠床上用品,,178,,https://detail.1688.com/offer/1006151048227.html,held,product-identification-or-relevance-review
1006019810051,baby-care,新年礼物A类母婴级全棉双层纱皱皱纱四件套纯棉被套床单床上用品,,262,,https://detail.1688.com/offer/1006019810051.html,held,product-identification-or-relevance-review
1004804398778,baby-care,北欧风水洗棉亲肤水洗床单四件套床上用品被套学生宿舍三件套床笠,,37.4,,https://detail.1688.com/offer/1004804398778.html,held,product-identification-or-relevance-review
1004590015491,baby-care,四季纯棉四件套100全棉A类母婴级床上用品床单被套卡通宿舍三件套,,99,,https://detail.1688.com/offer/1004590015491.html,held,product-identification-or-relevance-review
1004092795413,baby-care,◘跨境奶瓶pp带柄标口婴儿奶瓶210ml270mlpp塑料奶瓶母婴用品批发,Baby Feeding Bottle,14.75,2.16,https://detail.1688.com/offer/1004092795413.html,included,
1003505197306,baby-care,适配电动吸奶器配件硅胶喇叭罩食品级吸奶器硅胶件母婴用品批发,Breast Pump,4.5,0.66,https://detail.1688.com/offer/1003505197306.html,included,
1003120303265,baby-care,呵儿特婴儿口水巾新生儿用品防水围兜母婴纯棉围嘴A类360度加大,Baby Bib,5.6,0.82,https://detail.1688.com/offer/1003120303265.html,included,
1001428842036,baby-care,加厚母婴级牛奶绒四件套冬季珊瑚绒床笠款四件套冬季加绒床上用品,,130,,https://detail.1688.com/offer/1001428842036.html,held,product-identification-or-relevance-review
1001356174249,baby-care,跨境新生儿口水巾 纯棉A类儿童围嘴 欧美外贸宝宝拍照造型围兜,Baby Bib,4.5,0.66,https://detail.1688.com/offer/1001356174249.html,included,
1001188733751,baby-care,跨境电动吸奶器分体机双边吸奶器单边吸奶器多功能吸乳器母婴用品,Breast Pump,46,6.74,https://detail.1688.com/offer/1001188733751.html,included,
998551883437,baby-care,现货多功能四季婴儿背带腰凳宝宝收纳凳心前抱式母婴用品厂家,Baby Carrier,76,11.14,https://detail.1688.com/offer/998551883437.html,included,
997373900319,baby-care,卡通304不锈钢儿童餐具叉勺盒三件套装宝宝餐具母婴礼品 圆柄勺叉,Baby Clothing Set,5,0.73,https://detail.1688.com/offer/997373900319.html,included,
997348402498,baby-care,A类母婴级全棉针织棉磨毛四件套纯色撞色秋冬季加厚纯棉床上用品,,196.02,,https://detail.1688.com/offer/997348402498.html,held,product-identification-or-relevance-review
995929275714,baby-care,定制大容量妈咪包多隔层收纳轻便舒适时尚宝妈出行母婴用品收纳包,Baby Changing Bag,62,9.09,https://detail.1688.com/offer/995929275714.html,included,
995351646202,baby-care,A类母婴级全棉针织棉磨毛四件套纯色撞色秋冬季加厚纯棉床上用品,,201,,https://detail.1688.com/offer/995351646202.html,held,product-identification-or-relevance-review
994345858237,baby-care,A类母婴级全棉针织棉磨毛四件套纯色撞色秋冬季加厚纯棉床上用品,,225,,https://detail.1688.com/offer/994345858237.html,held,product-identification-or-relevance-review
992417376760,baby-care,A类母婴级刺绣牛奶绒四件套秋冬季加厚珊瑚绒法兰绒被套床上用品4,,198,,https://detail.1688.com/offer/992417376760.html,held,product-identification-or-relevance-review
991722479686,baby-care,轻奢100支全棉长绒棉四件套高级感a类母婴级纯棉高端磨毛床上用品,,288,,https://detail.1688.com/offer/991722479686.html,held,product-identification-or-relevance-review
990039211330,baby-care,ins纯色水洗棉四件套被套床笠三件套民宿单床上用品床笠款,,33.5,,https://detail.1688.com/offer/990039211330.html,held,product-identification-or-relevance-review
989531383353,baby-care,婴儿幼儿勺子宝宝辅食训练勺宝宝自主进食勺子儿童餐具母婴用品批,Baby Feeding Utensils,4.9,0.72,https://detail.1688.com/offer/989531383353.html,included,
989350322271,baby-care,新款刺绣翻盖妈咪包婴儿手推车挂包母婴用品收纳包出行便携母婴包,Baby Pushchair,22,3.23,https://detail.1688.com/offer/989350322271.html,included,
989305053147,baby-care,背奶包便携式冷藏保温包妈咪包双肩手提母婴包大容量储奶冰包神器,Baby Changing Bag,63,9.24,https://detail.1688.com/offer/989305053147.html,included,
988934485821,baby-care,时尚双肩妈咪包新款便携大容量母婴包潮流双肩包女宝宝用品收纳包,Baby Changing Bag,32,4.69,https://detail.1688.com/offer/988934485821.html,included,
988040856459,baby-care,A类母婴级冬季加厚保暖拉绒磨毛四件套冬天提花被套床单床上用品,,173,,https://detail.1688.com/offer/988040856459.html,held,product-identification-or-relevance-review
987287073981,baby-care,A类母婴级高档长绒棉四件套全棉纯棉刺绣花被套床笠裸睡床上用品,,248,,https://detail.1688.com/offer/987287073981.html,held,product-identification-or-relevance-review
987277675693,baby-care,跨境新生儿防呛耐摔奶瓶食品级耐磨硅胶奶嘴母婴用品套装定制批发,Baby Feeding Bottle,2,0.29,https://detail.1688.com/offer/987277675693.html,included,
987260642162,baby-care,孕妇枕护腰侧睡托腹侧卧抱枕睡觉孕期靠垫用品母婴专用跨境定制,,89,,https://detail.1688.com/offer/987260642162.html,held,product-identification-or-relevance-review
986975991623,baby-care,妈咪包轻便简约宝妈外出双肩背包多功能大容量婴儿用品收纳母婴包,Baby Changing Bag,31,4.55,https://detail.1688.com/offer/986975991623.html,included,
986181032351,baby-care,7.2cm奶瓶通用配件奶嘴超软吸管嘴食品级硅胶母婴用品工厂批发,Baby Feeding Bottle,3,0.44,https://detail.1688.com/offer/986181032351.html,included,
983118055578,baby-care,316宝宝喂养吃饭勺子叉子儿童辅食勺叉婴儿餐具母婴礼品食品级,Baby Feeding Utensils,2.4,0.35,https://detail.1688.com/offer/983118055578.html,included,
982202693956,baby-care,母婴用品 比亲玻璃奶瓶  宽口径 宝宝玻璃大奶瓶 240ml,Baby Feeding Bottle,10,1.47,https://detail.1688.com/offer/982202693956.html,included,
979453447461,baby-care,A类母婴级秋冬加厚四件套100纯棉磨毛床单被套床笠四季床上用品4,,286.5,,https://detail.1688.com/offer/979453447461.html,held,product-identification-or-relevance-review
979270418738,baby-care,婴儿奶嘴宽口径通用5cm奶瓶食品级硅胶奶嘴柔软母婴用品多款批发,Baby Feeding Bottle,0.55,0.08,https://detail.1688.com/offer/979270418738.html,included,
978254590920,baby-care,婴儿纯棉三角巾宝宝围嘴围兜母婴用品批发双层口水巾婴儿A类棉,Baby Bib,1.11,0.16,https://detail.1688.com/offer/978254590920.html,included,
978006981427,baby-care,无印格子风四件套纯棉全棉亲肤透气床上用品学生四件套a类母婴级,,92,,https://detail.1688.com/offer/978006981427.html,held,product-identification-or-relevance-review
977490363376,baby-care,跨境新款婴儿磨牙棒 硅胶长管宝宝牙胶母婴用品牙胶 婴儿硅胶咬胶,Baby Teether,1.9,0.28,https://detail.1688.com/offer/977490363376.html,included,
976893082118,baby-care,咬咬乐液态食品级母婴 高温水煮儿童用品硅胶咬咬乐水果辅食器,,9.9,,https://detail.1688.com/offer/976893082118.html,held,product-identification-or-relevance-review
975083657906,baby-care,2025新款A类母婴级加厚轻奢牛奶绒刺绣四件套被套单床笠床上用品,,148.8,,https://detail.1688.com/offer/975083657906.html,held,product-identification-or-relevance-review
973099209839,baby-care,A类母婴级100支全棉长绒棉四件套轻奢高级感纯棉床单被套床上用品,,222.5,,https://detail.1688.com/offer/973099209839.html,held,product-identification-or-relevance-review
972956782956,baby-care,亚麻便携保温奶瓶袋母婴出行手提三层恒温储奶瓶收纳包孕婴用品,Baby Feeding Bottle,7.5,1.1,https://detail.1688.com/offer/972956782956.html,included,
972516311969,baby-care,A全棉四件套床上用品纯棉三件套床单被套母婴级三件套高级床笠罩4,,55,,https://detail.1688.com/offer/972516311969.html,held,product-identification-or-relevance-review
972406560442,baby-care,纯色A类母婴长绒棉四件套纯棉简约纯色加厚床单被套裸睡床上用品,,145,,https://detail.1688.com/offer/972406560442.html,held,product-identification-or-relevance-review
972211356106,baby-care,爱心款安抚奶嘴防掉链耐高温食品级硅胶宝宝玩具挂绳丢绳母婴用品,Baby Pacifier,0.9,0.13,https://detail.1688.com/offer/972211356106.html,included,
971521421919,baby-care,A类轻奢100支母婴级兰精天丝四件套被套床单床笠丝滑裸睡床上用品,,198.5,,https://detail.1688.com/offer/971521421919.html,held,product-identification-or-relevance-review
971029300040,baby-care,A类母婴级四件套春夏季床上用品纯水洗棉被套罩学生三4件套床笠款,,17.82,,https://detail.1688.com/offer/971029300040.html,held,product-identification-or-relevance-review
970942106298,baby-care,奶瓶厂家直销宝宝用品 爆款母婴用品喂奶宽口PP奶瓶儿童奶瓶批发,Baby Feeding Bottle,5.1,0.75,https://detail.1688.com/offer/970942106298.html,included,
969936200690,baby-care,通用宽口食品级硅胶7cm奶嘴奶瓶配件重力球吸管鸭嘴宝宝母婴用品,Baby Feeding Bottle,6.6,0.97,https://detail.1688.com/offer/969936200690.html,included,
969929780196,baby-care,婴儿口水巾新生儿用品防水围兜母婴纯棉围嘴A类360度加大口水巾,Baby Bib,5.6,0.82,https://detail.1688.com/offer/969929780196.html,included,
968527738483,baby-care,轻奢高级感100支长绒棉磨毛四件套a类母婴级纯棉全棉提花床上用品,,198,,https://detail.1688.com/offer/968527738483.html,held,product-identification-or-relevance-review
967771090257,baby-care,原装6.5cm宽口径通用奶嘴食品级硅胶母婴用品奶瓶婴儿奶嘴跨境,Baby Feeding Bottle,0.8,0.12,https://detail.1688.com/offer/967771090257.html,included,
967631216980,baby-care,妈咪包轻便简约宝妈外出双肩背包多功能大容量婴儿用品收纳母婴包,Baby Changing Bag,34.5,5.06,https://detail.1688.com/offer/967631216980.html,included,
967593531631,baby-care,轻奢简约母婴级长绒棉四件套纯棉全棉被套床单床笠酒店床上用品,,320,,https://detail.1688.com/offer/967593531631.html,held,product-identification-or-relevance-review
966461592874,baby-care,A类母婴级100支长绒棉四件套轻奢纯棉全棉被套床单床笠款床上用品,,258,,https://detail.1688.com/offer/966461592874.html,held,product-identification-or-relevance-review
965603032574,baby-care,A类母婴四季全棉纱布法式荷叶边100%双层纱纯棉床上用品四件套,,240,,https://detail.1688.com/offer/965603032574.html,held,product-identification-or-relevance-review
965438745843,baby-care,A类母婴级全棉水洗棉四件套少女心兔子刺绣纯棉儿童被套床上用品,,268,,https://detail.1688.com/offer/965438745843.html,held,product-identification-or-relevance-review
964687104525,baby-care,适配新anyi安怡磨砂花瓣奶嘴55cm仿母乳实感液态硅胶奶嘴母婴用品,Baby Bottle Teat,0.8,0.12,https://detail.1688.com/offer/964687104525.html,included,
963709333250,baby-care,新款A类母婴级全棉加厚磨毛四件套纯色简约字母纯棉拼色床上用品,,197.4,,https://detail.1688.com/offer/963709333250.html,held,product-identification-or-relevance-review
963404235389,baby-care,卡通婴儿奶瓶300ML宽口PP奶瓶带柄奶嘴瓶母婴用品吸管杯批发,Baby Drinking Cup,7.4,1.09,https://detail.1688.com/offer/963404235389.html,included,
962825033838,baby-care,嘉贝星宝宝腰凳婴儿背带多功能简易坐凳母婴用品1611轻便型,Baby Carrier,22,3.23,https://detail.1688.com/offer/962825033838.html,included,
961992191203,baby-care,婴幼儿硅胶米糊勺奶瓶挤压式喂养软勺母婴用品喂养餐具喂液器网袋,Baby Feeding Bottle,2,0.29,https://detail.1688.com/offer/961992191203.html,included,
961620537309,baby-care,轻奢A类母婴高级感蜜支长绒棉四件套全棉纯棉床单床笠款床上用品,,406,,https://detail.1688.com/offer/961620537309.html,held,product-identification-or-relevance-review
957893698473,baby-care,母婴用品货源宝宝辅食碗硅胶吸盘防摔防烫碗婴儿勺子儿童餐具套装,Baby Feeding Utensils,53.2,7.8,https://detail.1688.com/offer/957893698473.html,included,
956819008338,baby-care,婴儿奶瓶宝宝宽口径防呛防胀气PP奶瓶防漏防摔奶瓶母婴用品批发,Baby Feeding Bottle,4.9,0.72,https://detail.1688.com/offer/956819008338.html,included,
956518522580,baby-care,7cm广口偏心奶嘴宽口奶瓶通用母婴用品货源奶瓶配件婴儿奶嘴批发,Baby Feeding Bottle,3.2,0.47,https://detail.1688.com/offer/956518522580.html,included,
956264357517,baby-care,妈咪包轻便简约宝妈外出双肩背包多功能婴儿用品收纳母婴包手提包,Baby Changing Bag,30,4.4,https://detail.1688.com/offer/956264357517.html,included,
956256029530,baby-care,咬咬乐硅胶网袋安抚奶嘴水果喂养辅食器儿童果蔬乐母婴用品批发,Baby Pacifier,0.9,0.13,https://detail.1688.com/offer/956256029530.html,included,
955589974335,baby-care,婴儿奶瓶宝宝防呛防胀气奶瓶仿母乳感全硅胶奶瓶断奶神器母婴用品,Baby Feeding Bottle,12,1.76,https://detail.1688.com/offer/955589974335.html,included,
955133663527,baby-care,婴儿米糊瓶硅胶宝宝辅食勺米糊喂养瓶挤压勺米糊奶瓶母婴用品批发,Baby Feeding Bottle,1.85,0.27,https://detail.1688.com/offer/955133663527.html,included,
955079008740,baby-care,床上用品四件套床单被套被罩秋冬宿舍卧室单人三件套床品2025新款,,48.9,,https://detail.1688.com/offer/955079008740.html,held,product-identification-or-relevance-review
954561968700,baby-care,跨境孕妇护腰大抱枕侧睡多功能u型可拆洗靠垫全阶段母婴用品枕头,,195,,https://detail.1688.com/offer/954561968700.html,held,product-identification-or-relevance-review
951392229483,baby-care,ins母婴用品宝宝围嘴儿童硅胶围兜婴儿口水兜3D立体饭兜防水免洗,Baby Bib,4.6,0.67,https://detail.1688.com/offer/951392229483.html,included,
947387338594,baby-care,高级感A类母婴级纯棉长绒棉床上四件套全棉刺绣床单被套床上用品4,,178.18,,https://detail.1688.com/offer/947387338594.html,held,product-identification-or-relevance-review
945581383845,baby-care,儿童喂养餐具食品级婴儿辅食吸盘碗便携硅胶母婴小熊盘婴儿辅食碗,Baby Feeding Utensils,13.3,1.95,https://detail.1688.com/offer/945581383845.html,included,
943072809803,baby-care,婴儿硅胶围兜防水宝宝吃饭食饭兜儿童围嘴立体饭兜母婴用品批发,Baby Bib,5.9,0.87,https://detail.1688.com/offer/943072809803.html,included,
938165655373,baby-care,A类母婴级高端儿童纯棉四件套100全棉卡通风刺绣被套床单床上用品,,240,,https://detail.1688.com/offer/938165655373.html,held,product-identification-or-relevance-review
937532481052,baby-care,婴儿奶瓶儿童水杯宝宝防呛耐摔小奶瓶母婴用品新生儿带手柄奶瓶,Baby Feeding Bottle,3,0.44,https://detail.1688.com/offer/937532481052.html,included,
932695426389,baby-care,A类母婴级100s长绒棉四件套全棉床单纯棉印花被套轻奢风床上用品,,255,,https://detail.1688.com/offer/932695426389.html,held,product-identification-or-relevance-review
932355968180,baby-care,双层纱四件套a类母婴级软糯夏天夏季空调套件春秋可水洗床上用品,,24,,https://detail.1688.com/offer/932355968180.html,held,product-identification-or-relevance-review
932223949916,baby-care,A类母婴级水洗棉麻四件套床上用品ins风双层纱床单被套宿舍三件套,,55,,https://detail.1688.com/offer/932223949916.html,held,product-identification-or-relevance-review
931518793308,baby-care,集奶器手动吸奶器食品级硅胶母乳收集器便携挤奶器母婴用品批发,Breast Pump,5.5,0.81,https://detail.1688.com/offer/931518793308.html,included,
927950080324,baby-care,禾果母婴用品儿童大象卡通餐盘批发宝宝学吃饭餐具PP带盖分格餐盘,Baby Feeding Utensils,13.02,1.91,https://detail.1688.com/offer/927950080324.html,included,
924740324726,baby-care,A类母婴级四件套春夏季床上用品纯水洗棉被套罩学生三4件套床笠款,,19,,https://detail.1688.com/offer/924740324726.html,held,product-identification-or-relevance-review
921372656368,baby-care,婴儿硅胶奶瓶带手柄防呛防胀气宝宝断奶神器母乳实感奶瓶母婴用品,Baby Feeding Bottle,5.99,0.88,https://detail.1688.com/offer/921372656368.html,included,
916684640977,baby-care,奶瓶0-6个月婴幼儿宝宝奶嘴瓶防胀气宽口径吸管奶瓶母婴用品,Baby Feeding Bottle,6.9,1.01,https://detail.1688.com/offer/916684640977.html,included,
916025306477,baby-care,宝宝辅食碗母婴吃饭硅胶碗餐盘防摔吸盘碗喂养餐具儿童碗食品级,Baby Feeding Utensils,9,1.32,https://detail.1688.com/offer/916025306477.html,included,
915540065584,baby-care,纯棉a类母婴级纱布六层花瓣口水巾宝宝360度围兜按扣可调节围嘴,Baby Bib,5.63,0.83,https://detail.1688.com/offer/915540065584.html,included,
914205113936,baby-care,高端A类母婴级长绒棉全棉四件套纯棉刺绣被套罩裸睡床单床上用品,,268,,https://detail.1688.com/offer/914205113936.html,held,product-identification-or-relevance-review
914148175505,baby-care,宝宝防水纯棉口水巾婴儿a类360旋转围嘴母婴用品婴幼儿全棉放吐奶,Baby Bib,2.3,0.34,https://detail.1688.com/offer/914148175505.html,included,
913369963352,baby-care,轻奢A类母婴级长绒棉全棉四件套纯棉刺绣被套罩裸睡床单床上用品,,238,,https://detail.1688.com/offer/913369963352.html,held,product-identification-or-relevance-review
912917391642,baby-care,外贸A类母婴级柔软亲肤空调被芯棉麻10A抗菌双层纱豆豆绒夏凉被子,,80,,https://detail.1688.com/offer/912917391642.html,held,product-identification-or-relevance-review
912229792590,baby-care,ppsu奶瓶 航空杯厂防胀气160毫升广口径一次性圣诞节水杯母婴用品,Baby Feeding Bottle,68,9.97,https://detail.1688.com/offer/912229792590.html,included,
912211587309,baby-care,热销口水巾婴儿a类棉4层纱布新生儿花瓣围嘴宝宝围兜母婴用品,Baby Bib,1.68,0.25,https://detail.1688.com/offer/912211587309.html,included,
911499648489,baby-care,‌A类纯棉婴儿口水巾360度旋转围嘴新生儿防吐奶防水围兜母婴用品,Baby Bib,2.5,0.37,https://detail.1688.com/offer/911499648489.html,included,
908242728419,baby-care,A类母婴级小清新水洗棉四件套ins磨毛床单被套床笠三件套床上用品,,40,,https://detail.1688.com/offer/908242728419.html,held,product-identification-or-relevance-review
907144272355,baby-care,A类100长绒棉四件套少女心床单三件套床上用品学生宿舍A类母婴级,,238,,https://detail.1688.com/offer/907144272355.html,held,product-identification-or-relevance-review
906390930167,baby-care,A类母婴级四件套春夏季床上用品纯水洗棉被套罩学生三4件套床笠款,,20,,https://detail.1688.com/offer/906390930167.html,held,product-identification-or-relevance-review
906125315028,baby-care,A类母婴级全棉双层纱四件套2025新款纯棉儿童被套罩床单床上用品4,,143.1,,https://detail.1688.com/offer/906125315028.html,held,product-identification-or-relevance-review
901498592952,baby-care,禾果母婴用品儿童学饮吸管杯宝宝喝水鸭嘴杯6个月以上250ml斜口杯,Baby Drinking Cup,9.07,1.33,https://detail.1688.com/offer/901498592952.html,included,
901198158056,baby-care,A类母婴级兰精天丝被套四件套高端刺绣冰丝被罩床单夏季床上用品,,320,,https://detail.1688.com/offer/901198158056.html,held,product-identification-or-relevance-review
901064603736,baby-care,A类母婴级全棉磨毛色织提花三层纱四件套 纯棉床单被套床上用品,,155,,https://detail.1688.com/offer/901064603736.html,held,product-identification-or-relevance-review
900767847153,baby-care,A类母婴级全棉双层纱四件套2025新款纯棉儿童被套罩床单床上用品4,,169,,https://detail.1688.com/offer/900767847153.html,held,product-identification-or-relevance-review
900546173344,baby-care,帅童盒装婴儿奶瓶母乳实感全硅胶奶瓶断奶神器母婴用品,Baby Feeding Bottle,13.3,1.95,https://detail.1688.com/offer/900546173344.html,included,
899505739032,baby-care,A类母婴级全棉四件套4轻奢高级感纯棉被套床单春夏季床上用品南通,,160,,https://detail.1688.com/offer/899505739032.html,held,product-identification-or-relevance-review
897249477363,baby-care,A类母婴水洗棉四件套ins奶油风纯棉小清新床笠款床单被套床上用品,,18.9,,https://detail.1688.com/offer/897249477363.html,held,product-identification-or-relevance-review
895873467694,baby-care,棉加绒加厚柔软婴儿哺乳枕 手臂枕 喂奶枕 母婴用品,,7.9,,https://detail.1688.com/offer/895873467694.html,held,product-identification-or-relevance-review
895781916291,baby-care,A类母婴级三层纱四件套色织提花全棉纯棉床单被套高级感床上用品4,,176.22,,https://detail.1688.com/offer/895781916291.html,held,product-identification-or-relevance-review
895599443392,baby-care,夏天60支兰精天丝四件套a类母婴级夏季冰丝凉感床单被套床上用品,,228,,https://detail.1688.com/offer/895599443392.html,held,product-identification-or-relevance-review
895302738990,baby-care,A类全棉母婴级有氧双层纱三四件套  亲子卡通可爱纱布床上用品,,132,,https://detail.1688.com/offer/895302738990.html,held,product-identification-or-relevance-review
894883178573,baby-care,母婴用品品牌 ppsu奶瓶宽口径婴儿胀气耐摔吸管奶瓶一杯两用,Baby Feeding Bottle,16,2.35,https://detail.1688.com/offer/894883178573.html,included,
892559836179,baby-care,母婴用品儿童餐盘硅胶餐具婴儿勺子吸盘碗辅食盘吸盘式带吸盘,Baby Feeding Utensils,5.5,0.81,https://detail.1688.com/offer/892559836179.html,included,
891271311931,baby-care,剑龙辅食碗带吸盘硅胶餐具食品级母婴用品货源辅食勺喂饭吸盘款,Baby Feeding Utensils,5.9,0.87,https://detail.1688.com/offer/891271311931.html,included,
890844494288,baby-care,A类母婴级100S莱赛尔天丝夏被四件套空调被冰丝夏季单人双人被子%,,99,,https://detail.1688.com/offer/890844494288.html,held,product-identification-or-relevance-review
890802754472,baby-care,多功能妈咪包2026新款韩版大容量双肩包便携宝宝用品收纳母婴包,Baby Changing Bag,33,4.84,https://detail.1688.com/offer/890802754472.html,included,
888564345276,baby-care,A类母婴级柔软40S全棉水洗棉立体绣花卡通儿童床上用品少女心被套,,260,,https://detail.1688.com/offer/888564345276.html,held,product-identification-or-relevance-review
886652229404,baby-care,A类母婴级纯棉提花四件套裸睡床上用品全棉三件套被套床单床笠款4,,148,,https://detail.1688.com/offer/886652229404.html,held,product-identification-or-relevance-review
872035229126,baby-care,防水u型围嘴围兜婴儿口水巾纯棉A类新生男女宝纱布批发母婴用品,Baby Bib,1.81,0.27,https://detail.1688.com/offer/872035229126.html,included,
871866762741,baby-care,亚马逊304不锈钢儿童餐具叉勺盒三件套装宝宝母婴礼品勺叉可定制,Baby Clothing Set,1.36,0.2,https://detail.1688.com/offer/871866762741.html,included,
868292177724,baby-care,秋冬母婴级A类加厚纯棉磨毛四件套简约提花被套日式全棉床上用品,,258,,https://detail.1688.com/offer/868292177724.html,held,product-identification-or-relevance-review
868290341709,baby-care,母婴级A类纯棉加厚磨毛四件套冬季保暖床单被套轻奢全棉床上用品,,288,,https://detail.1688.com/offer/868290341709.html,held,product-identification-or-relevance-review
867398980580,baby-care,A类母婴级加厚保暖全棉磨毛四件套纯棉重工被子轻奢风床单被,,360,,https://detail.1688.com/offer/867398980580.html,held,product-identification-or-relevance-review
861434315436,baby-care,一体式电动吸奶器母婴用品 吸力大 自动吸乳器集奶器孕产妇拨奶器,Breast Pump,55,8.06,https://detail.1688.com/offer/861434315436.html,included,
860443486848,baby-care,母婴级A类60支纯棉四件套100%全棉床单被套裸睡被罩简约床上用品,,265,,https://detail.1688.com/offer/860443486848.html,held,product-identification-or-relevance-review
858874603580,baby-care,母婴级硅胶防烫防滑 纯色宝宝双耳餐具跨境新品食品级硅胶碗,Baby Feeding Utensils,7.3,1.07,https://detail.1688.com/offer/858874603580.html,included,
858852455014,baby-care,多功能妈咪包袋外出儿童用品收纳包厂家折叠婴儿床母婴妈咪外出包,Baby Changing Bag,69.8,10.23,https://detail.1688.com/offer/858852455014.html,included,
857722469795,baby-care,宝宝辅食喂药米糊瓶 母婴用品硅胶米糊勺 挤压式婴儿辅食奶瓶,,5.8,,https://detail.1688.com/offer/857722469795.html,held,product-identification-or-relevance-review
855455739895,baby-care,A类母婴秋冬季云芙绒四件套烂花牛奶绒加厚保暖床单被套床上用品4,,178,,https://detail.1688.com/offer/855455739895.html,held,product-identification-or-relevance-review
853390299199,baby-care,厂家直销 玉米牙胶 香蕉牙胶 婴儿磨牙棒 硅胶咬咬乐 母婴用品,Baby Teether,1,0.15,https://detail.1688.com/offer/853390299199.html,included,
852900360888,baby-care,IUU婴儿洗澡盆宝宝浴盆幼儿坐躺折叠大号浴桶家用新生儿童用品,Baby Bath Tub,59.9,8.78,https://detail.1688.com/offer/852900360888.html,included,
851288818376,baby-care,母婴用品婴儿勺子硅胶辅食汤勺食品级宝宝米糊果泥勺儿童喂养餐具,Baby Feeding Utensils,1.2,0.18,https://detail.1688.com/offer/851288818376.html,included,
850382380226,baby-care,儿童礼盒套装喂养餐具宝宝叉勺辅食碗婴儿牛奶杯婴童用品母婴货源,Baby Feeding Utensils,5.1,0.75,https://detail.1688.com/offer/850382380226.html,included,
848011425319,baby-care,宝宝棉纱布手帕婴儿双层纯色喂奶巾口水防吐奶母婴用品手绢,,0.6,,https://detail.1688.com/offer/848011425319.html,held,product-identification-or-relevance-review
847172782522,baby-care,新生儿背巾前抱式包裹式抱巾背袋多功能背带母婴出行用品跨境工厂,Baby Carrier,59,8.65,https://detail.1688.com/offer/847172782522.html,included,
846724938139,baby-care,床上用品牛奶绒四件套a类母婴级秋冬季被套双面加绒高级感床笠款,,120,,https://detail.1688.com/offer/846724938139.html,held,product-identification-or-relevance-review
845933910304,baby-care,秋冬季A类母婴级牛奶绒四件套加厚保暖绣花床单被套家用床上用品,,150,,https://detail.1688.com/offer/845933910304.html,held,product-identification-or-relevance-review
843703251441,baby-care,婴儿牙胶防吃手磨牙棒儿童咬咬乐宝宝玩具母婴用品安抚食品级固齿,Baby Teether,2.6,0.38,https://detail.1688.com/offer/843703251441.html,included,
842618944519,baby-care,美婴堂新款婴儿宽口奶瓶耐摔防胀气吸管杯宝宝皇冠母婴用品学饮杯,Baby Drinking Cup,7.8,1.14,https://detail.1688.com/offer/842618944519.html,included,
841874833877,baby-care,新款婴儿哺乳枕纯棉柔软婴儿哺乳枕 手臂枕喂奶枕 母婴用品,,7.9,,https://detail.1688.com/offer/841874833877.html,held,product-identification-or-relevance-review
839365253373,baby-care,A类母婴级雕花牛奶绒 绣花拼接款四件套加厚被套床单保暖床上用品,,238,,https://detail.1688.com/offer/839365253373.html,held,product-identification-or-relevance-review
836768388769,baby-care,A类母婴级超柔水洗棉印花四件套床单被套学生宿舍床上用品三件套,,19,,https://detail.1688.com/offer/836768388769.html,held,product-identification-or-relevance-review
832806843985,baby-care,新款加绒加厚柔软婴儿哺乳枕手臂枕喂奶枕 母婴用品,,7.9,,https://detail.1688.com/offer/832806843985.html,held,product-identification-or-relevance-review
832228892228,baby-care,纯棉口水巾婴儿a类360旋转围嘴母婴用品婴幼儿宝宝围兜全棉护颈,Baby Bib,1.85,0.27,https://detail.1688.com/offer/832228892228.html,included,
831788751267,baby-care,亚马逊爆款婴儿磨牙棒 遥控器宝宝牙胶母婴用品牙胶 婴儿硅胶牙胶,Baby Teether,5.3,0.78,https://detail.1688.com/offer/831788751267.html,included,
831675944825,baby-care,A类母婴级双层纱四件套床单被套被罩学生宿舍三件套床笠床上用品a,,18,,https://detail.1688.com/offer/831675944825.html,held,product-identification-or-relevance-review
830975371319,baby-care,2026亚马逊婴儿食品级磨牙棒安抚母婴用品宝宝咬咬乐硅胶手机牙胶,Baby Teether,4.73,0.69,https://detail.1688.com/offer/830975371319.html,included,
830359624032,baby-care,母婴用品硅胶奶嘴 水嘴鸭嘴吸水配件吸管奶瓶重力球 水杯餐具套装,Baby Feeding Bottle,11.76,1.72,https://detail.1688.com/offer/830359624032.html,included,
828931537614,baby-care,新款儿童拍痰器宝宝拍嗝神器防吐奶 硅胶鼓压婴儿拍嗝器母婴用品,,2,,https://detail.1688.com/offer/828931537614.html,held,product-identification-or-relevance-review
827974209376,baby-care,跨境硅胶儿童餐具恐龙餐盘吸盘式叉勺套装母婴用品宝宝训练辅食碗,Baby Feeding Utensils,8.5,1.25,https://detail.1688.com/offer/827974209376.html,included,
827555817658,baby-care,厂家批发妈咪包新款潮流印花大容量母婴用品包多功能双肩孕妇背包,Printed Baby Changing Bag,29,4.25,https://detail.1688.com/offer/827555817658.html,included,
824118370997,baby-care,A类母婴级高档新疆长绒棉四件套纯棉被套 全棉床单床笠款床上用品,,258,,https://detail.1688.com/offer/824118370997.html,held,product-identification-or-relevance-review
823375385139,baby-care,训练筷辅助学习训练筷自动回弹母婴喂养餐具早教筷儿童筷子1-3岁,Baby Feeding Utensils,2.5,0.37,https://detail.1688.com/offer/823375385139.html,included,
823030343800,baby-care,儿童餐具套装纯硅胶餐盘带叉勺宝宝勺子辅食碗喂养母婴用品六件套,Baby Feeding Utensils,29,4.25,https://detail.1688.com/offer/823030343800.html,included,
821004329973,baby-care,夏季A类母婴级真丝裸睡四件套凉感刺绣天丝被套冰丝床笠床上用品,,198,,https://detail.1688.com/offer/821004329973.html,held,product-identification-or-relevance-review
820949384468,baby-care,婴儿口水巾纱布棉四层印花按扣围兜宝宝围巾三角巾围嘴母婴用品,Printed Baby Bib,2.35,0.34,https://detail.1688.com/offer/820949384468.html,included,
818227278228,baby-care,爆款儿童硅胶餐具套装硅胶餐盘叉勺围兜学饮杯母婴用品餐具十件套,Baby Drinking Cup,27,3.96,https://detail.1688.com/offer/818227278228.html,included,
818131377586,baby-care,卡通儿童学习筷宝宝训练筷套装婴幼儿辅助吃饭筷子母婴用品练习筷,Baby Feeding Utensils,6.5,0.95,https://detail.1688.com/offer/818131377586.html,included,
815871391181,baby-care,现代轻奢风A类母婴级纯棉四件套100全棉被套60支高级感床上用品4,,215,,https://detail.1688.com/offer/815871391181.html,held,product-identification-or-relevance-review
814819969958,baby-care,咬咬乐硅胶网袋安抚奶嘴水果喂养辅食器儿童果蔬乐母婴用品批发,Baby Pacifier,0.95,0.14,https://detail.1688.com/offer/814819969958.html,included,
812783856087,baby-care,母婴用品宝宝硅胶勺新生婴儿童喂奶吃饭勺婴幼儿童餐具喂水辅食勺,Baby Feeding Utensils,3.6,0.53,https://detail.1688.com/offer/812783856087.html,included,
810807025668,baby-care,胡萝卜儿童硅胶餐盘创意辅食盘子母婴用品婴幼儿跨境喂养餐具套装,Baby Feeding Utensils,3.2,0.47,https://detail.1688.com/offer/810807025668.html,included,
809823498036,baby-care,软柄304不锈钢儿童餐具叉勺盒两件套装宝宝母婴礼品勺叉圆柄喂饭,Baby Clothing Set,6.6,0.97,https://detail.1688.com/offer/809823498036.html,included,
809804484599,baby-care,紫莓兔穿戴式吸奶器免手扶电动吸乳器集奶挤乳器跨境电商母婴用品,Breast Pump,128,18.77,https://detail.1688.com/offer/809804484599.html,included,
809611646983,baby-care,A类100支长绒棉床上四件套纯棉轻奢母婴全棉贡缎床单被套床上用品,,360,,https://detail.1688.com/offer/809611646983.html,held,product-identification-or-relevance-review
809603194102,baby-care,穿戴式吸奶器 大吸力免手扶集奶吸乳挤奶器 非手动 母婴用品 跨境,Breast Pump,70,10.26,https://detail.1688.com/offer/809603194102.html,included,
809470179853,baby-care,紫莓兔免手扶穿戴式电动吸奶器 吸乳挤奶集奶器婴儿母婴用品跨境,Breast Pump,128,18.77,https://detail.1688.com/offer/809470179853.html,included,
807003552219,baby-care,源头工厂批发婴儿Tritan学饮杯6个月吸管杯儿童鸭嘴水杯母婴用品,Baby Drinking Cup,14.9,2.18,https://detail.1688.com/offer/807003552219.html,included,
802874308080,baby-care,不锈钢儿童餐具卡通创意恐龙勺元宝勺叉子筷子套装母婴礼品勺子,Baby Feeding Utensils,5.6,0.82,https://detail.1688.com/offer/802874308080.html,included,
797278271198,baby-care,"穿戴吸奶器配件硅胶鸭嘴阀用品母婴奶瓶手动电动新贝优合
通用",Baby Feeding Bottle,0.96,0.14,https://detail.1688.com/offer/797278271198.html,included,
797102322959,baby-care,婴儿口水巾婴幼儿母婴围嘴用品360度口水饭兜新生儿婴童,Baby Bib,4.8,0.7,https://detail.1688.com/offer/797102322959.html,included,
796128959745,baby-care,背带腰凳多功能透气宝宝便携出行抱娃腰带母婴用品跨境透气腰凳,Baby Carrier,47,6.89,https://detail.1688.com/offer/796128959745.html,included,
794870696334,baby-care,现货可爱儿童 卡通不锈钢餐具套装母婴用品宝宝训练叉勺便携餐具,Baby Feeding Utensils,1.2,0.18,https://detail.1688.com/offer/794870696334.html,included,
792998637961,baby-care,天才一叮多功能腰凳婴儿背带宝宝前抱式母婴儿童用品工厂直销,Baby Carrier,43,6.3,https://detail.1688.com/offer/792998637961.html,included,
788557061045,baby-care,母婴用品 电动吸奶器 挤奶吸乳器 全自动便携式一体式孕产妇产后,Breast Pump,88,12.9,https://detail.1688.com/offer/788557061045.html,included,
783056284637,baby-care,A类LF母婴级纯兰精天丝四件套高端简约风丝滑裸睡床单被套床用品4,,438,,https://detail.1688.com/offer/783056284637.html,held,product-identification-or-relevance-review
780935362179,baby-care,夏季高端Ａ类母婴级凉感真丝绸四件套裸睡180支天丝冰丝床上用品4,,208,,https://detail.1688.com/offer/780935362179.html,held,product-identification-or-relevance-review
779975912079,baby-care,可爱小黄鸭硅胶餐盘套装儿童叉勺分格式辅食碗宝宝创意母婴用品,Baby Feeding Utensils,4.5,0.66,https://detail.1688.com/offer/779975912079.html,included,
779244399799,baby-care,新款母婴级云朵棉四件套小清新柔软亲肤卡通学生宿舍床用品三件套,,36,,https://detail.1688.com/offer/779244399799.html,held,product-identification-or-relevance-review
776323552834,baby-care,A类母婴级全棉60支长绒棉四件套纯棉床单被套家用民宿床上用品,,245,,https://detail.1688.com/offer/776323552834.html,held,product-identification-or-relevance-review
776084093746,baby-care,北欧卡通304不锈钢儿童勺叉盒三件套装 宝宝餐具母婴礼品圆柄勺叉,Baby Clothing Set,1.25,0.18,https://detail.1688.com/offer/776084093746.html,included,
775705894696,baby-care,母婴级A类200支长绒棉全棉四件套高档纯棉刺绣被罩套床笠床上用品,,228,,https://detail.1688.com/offer/775705894696.html,held,product-identification-or-relevance-review
769928603825,baby-care,2024新款潮妈双肩包多功能待产包大容量母婴用品包印花妈咪包,Printed Baby Changing Bag,31,4.55,https://detail.1688.com/offer/769928603825.html,included,
768721570662,baby-care,婴儿豆豆标签安抚巾陪睡安抚玩具新生儿豆豆手帕安抚手帕母婴用品,Baby Toy,5,0.73,https://detail.1688.com/offer/768721570662.html,included,
768095259110,baby-care,新款母婴用品穿戴式电动吸奶器便携式单双边吸乳器一体机免手扶,Breast Pump,120,17.6,https://detail.1688.com/offer/768095259110.html,included,
766397526837,baby-care,A类现代简约100支母婴级兰精天丝四件套丝滑裸睡被套床单床上用品,,378,,https://detail.1688.com/offer/766397526837.html,held,product-identification-or-relevance-review
758983340379,baby-care,母婴用品儿童餐具套装食品级硅胶餐盘带防尘盖底部吸盘款吸盘防摔,Baby Feeding Utensils,28.8,4.22,https://detail.1688.com/offer/758983340379.html,included,
758717346524,baby-care,卡通304不锈钢儿童餐具勺叉盒三件套装宝宝餐具母婴礼物礼品叉勺,Baby Clothing Set,3.8,0.56,https://detail.1688.com/offer/758717346524.html,included,
758211049708,baby-care,安贝熊电动吸奶器双边吸乳挤奶器大吸力产后母乳集乳器母婴用品,Breast Pump,96,14.08,https://detail.1688.com/offer/758211049708.html,included,
756035752396,baby-care,跨境304不锈钢儿童餐具勺叉盒三件套装宝宝餐具母婴礼物礼品叉勺,Baby Clothing Set,1.3,0.19,https://detail.1688.com/offer/756035752396.html,included,
755011918835,baby-care,母婴用品 土豪金奶嘴夹 高贵金色奶嘴链 牙胶绳,Baby Teether,4.8,0.7,https://detail.1688.com/offer/755011918835.html,included,
754317360465,baby-care,跨境304不锈钢儿童餐具勺叉盒三件套装宝宝喂食餐具母婴礼物礼品,Baby Clothing Set,1.1,0.16,https://detail.1688.com/offer/754317360465.html,included,
751994051515,baby-care,亚马逊爆款拖鞋牙胶婴儿0-3岁硅胶咬胶磨牙玩具母婴用品源头工厂,Baby Teether,3.8,0.56,https://detail.1688.com/offer/751994051515.html,included,
749930114138,baby-care,围嘴 婴幼儿花瓣防水母婴宝宝纯棉围兜纱布儿童口水巾厂家批发,Baby Bib,2.1,0.31,https://detail.1688.com/offer/749930114138.html,included,
749401127056,baby-care,母婴包多功能大容量双肩背包保温便携外出旅行婴儿用品收纳妈咪包,Baby Changing Bag,28.5,4.18,https://detail.1688.com/offer/749401127056.html,included,
749332051496,baby-care,现货时尚韩版双肩妈咪包多功能待产包大容量母婴用品收纳包储奶包,Baby Changing Bag,30,4.4,https://detail.1688.com/offer/749332051496.html,included,
746272468548,baby-care,跨境硅胶儿童餐具恐龙餐盘吸盘式叉勺套装母婴用品宝宝辅食碗吃饭,Baby Feeding Utensils,8.5,1.25,https://detail.1688.com/offer/746272468548.html,included,
746108480314,baby-care,304餐具儿童不锈钢勺子叉子婴儿吃饭训练筷子幼儿辅食母婴用品,Baby Feeding Utensils,2,0.29,https://detail.1688.com/offer/746108480314.html,included,
742877805604,baby-care,南通四件套a类母婴级长绒棉结婚庆多件套纯棉被套高级感床上用品,,458,,https://detail.1688.com/offer/742877805604.html,held,product-identification-or-relevance-review
742614235697,baby-care,儿童餐具套装硅胶宝宝辅食盘叉勺餐垫四件套婴儿分格餐盘母婴用品,,21.5,,https://detail.1688.com/offer/742614235697.html,held,product-identification-or-relevance-review
740250336119,baby-care,宝宝勺子高颜值可弯曲训练叉勺套装婴儿辅食勺儿童餐具母婴用品,Baby Feeding Utensils,6.9,1.01,https://detail.1688.com/offer/740250336119.html,included,
737085733647,baby-care,婴儿洗脸盆宝宝专用脸盆折叠盆新生婴幼儿童小盆子可折叠母婴用品,,3.5,,https://detail.1688.com/offer/737085733647.html,held,product-identification-or-relevance-review
736864687019,baby-care,婴儿吸盘辅食碗勺子套装 儿童吃饭餐具宝宝PP吸力训练碗母婴用品,Baby Feeding Utensils,2.6,0.38,https://detail.1688.com/offer/736864687019.html,included,
735940895387,baby-care,儿童学习筷子婴儿宝宝训练筷二段辅助练习筷便携喂养餐具母婴用品,Baby Feeding Utensils,1.18,0.17,https://detail.1688.com/offer/735940895387.html,included,
734863658186,baby-care,儿童虎口训练筷宝宝练习筷学习卡通筷子304勺叉餐具套装吃饭母婴,Baby Feeding Utensils,3.2,0.47,https://detail.1688.com/offer/734863658186.html,included,
734734656757,baby-care,Dr.tiancai宽口径PP奶瓶一瓶三用大宝宝防摔奶瓶母婴用品奶瓶批发,Baby Feeding Bottle,9.9,1.45,https://detail.1688.com/offer/734734656757.html,included,
731066589014,baby-care,欢迎定制OEM食品级硅胶儿童牙胶 婴儿咬咬乐  磨牙棒 母婴用品,Baby Teether,1,0.15,https://detail.1688.com/offer/731066589014.html,included,
731064167878,baby-care,卡通儿童自动回弹虎口训练筷宝宝练习筷学习筷餐具套装母婴用品,Baby Feeding Utensils,2.8,0.41,https://detail.1688.com/offer/731064167878.html,included,
730627727074,baby-care,儿童罩衣夏男女宝宝吃饭围兜防水饭兜婴儿丹麦反穿衣母婴用品批发,Baby Bib,7.5,1.1,https://detail.1688.com/offer/730627727074.html,included,
730025674450,baby-care,A类母婴100支新疆长绒棉四件套纯棉简约纯色全棉被套床单床上用品,,197,,https://detail.1688.com/offer/730025674450.html,held,product-identification-or-relevance-review
729594418089,baby-care,母婴用品跨境 创意米糊瓶挤压辅食勺奶瓶 米糊儿童辅食瓶加工厂,Baby Feeding Bottle,13.45,1.97,https://detail.1688.com/offer/729594418089.html,included,
728485858965,baby-care,厂家直销感温变色宽口径PP奶瓶婴儿喂养奶瓶批发母婴用品会员专属,Baby Feeding Bottle,3.99,0.59,https://detail.1688.com/offer/728485858965.html,included,
726612811136,baby-care,批发儿童喂养辅食碗吃饭训练餐盘 硅胶碗叉勺子宝宝防摔餐具套装,Baby Feeding Utensils,55.6,8.15,https://detail.1688.com/offer/726612811136.html,included,
725042516787,baby-care,硅胶餐盘套装一体式分格恐龙吸盘儿童餐具母婴辅食喂饭喂食婴童,Baby Feeding Utensils,5,0.73,https://detail.1688.com/offer/725042516787.html,included,
723682721489,baby-care,304不锈钢勺子可爱叉子儿童餐具卡通便携高颜值筷子母婴吃饭全套,Baby Feeding Utensils,1.8,0.26,https://detail.1688.com/offer/723682721489.html,included,
718972902329,baby-care,5cm宽口径pp硅胶吸管奶瓶 新生婴儿断奶带手柄防胀气奶瓶母婴神器,Baby Feeding Bottle,12.5,1.83,https://detail.1688.com/offer/718972902329.html,included,
718842296892,baby-care,亚马逊新款婴儿硅胶餐盘宝宝分格南瓜餐盘儿童吸盘辅食碗母婴用品,Baby Feeding Utensils,11,1.61,https://detail.1688.com/offer/718842296892.html,included,
718659108899,baby-care,妈咪包多功能水果印花潮妈双肩包包女大容量婴儿用品收纳母婴背包,Printed Baby Changing Bag,29,4.25,https://detail.1688.com/offer/718659108899.html,included,
718603540984,baby-care,小清新双层纱四件套床上用品水洗棉床单被套母婴级床笠宿舍三件套,,32,,https://detail.1688.com/offer/718603540984.html,held,product-identification-or-relevance-review
718183406708,baby-care,现货硅胶勺叉宝宝学吃饭勺 儿童防烫木柄勺叉宝宝训练勺母婴用品,,2,,https://detail.1688.com/offer/718183406708.html,held,product-identification-or-relevance-review
716470570105,baby-care,儿童筷子宝宝训练筷婴儿用品吃饭可爱母婴卡通餐具学习筷练习筷,Baby Feeding Utensils,1,0.15,https://detail.1688.com/offer/716470570105.html,included,
711585703209,baby-care,新生儿120ml玻璃奶瓶批发婴儿宝宝喝奶喝水喂养奶瓶母婴用品厂家,Baby Feeding Bottle,7.2,1.06,https://detail.1688.com/offer/711585703209.html,included,
710110248357,baby-care,母婴用品婴儿宝宝喝水喂养奶瓶食品级pp防摔150ml奶瓶批发厂家,Baby Feeding Bottle,2.3,0.34,https://detail.1688.com/offer/710110248357.html,included,
706105329680,baby-care,卡通小熊餐盘套装十六件套硅胶儿童餐具套装婴儿辅食吸盘碗勺母婴,Baby Feeding Utensils,110.63,16.22,https://detail.1688.com/offer/706105329680.html,included,
704065084272,baby-care,儿童学习筷训练筷3岁练习学吃饭勺子餐具套装2岁母婴儿童学习筷子,Baby Feeding Utensils,1.2,0.18,https://detail.1688.com/offer/704065084272.html,included,
703163229574,baby-care,厂家直销布比熊手动吸奶器无痛吸乳大吸力按摩吸乳器孕妇母婴用品,Breast Pump,16.5,2.42,https://detail.1688.com/offer/703163229574.html,included,
695105281460,baby-care,宝宝婴儿餐椅带防护带母婴用品儿童座椅安全背带吃饭就餐腰带,Baby Carrier,33,4.84,https://detail.1688.com/offer/695105281460.html,included,
694460356867,baby-care,宽口径一口吸奶嘴吸管重力球配件 婴幼儿宽口径通用奶嘴母婴用品,Baby Bottle Teat,1.8,0.26,https://detail.1688.com/offer/694460356867.html,included,
693911324121,baby-care,2024年新款婴儿肚围护肚子仿着凉儿童腹围弹性好不紧勒母婴用品,,7.4,,https://detail.1688.com/offer/693911324121.html,held,product-identification-or-relevance-review
693567526680,baby-care,小清新A类母婴级全棉双层纱印花四件套小碎花纯棉三件套床上用品,,275,,https://detail.1688.com/offer/693567526680.html,held,product-identification-or-relevance-review
689395485592,baby-care,新款ins小熊硅胶碗儿童碗婴儿辅食碗套装母婴用品 宝宝辅食硅胶碗,Baby Feeding Utensils,3.9,0.57,https://detail.1688.com/offer/689395485592.html,included,
685120874309,baby-care,儿童喂养餐具食品级婴儿辅食吸盘碗耐高温防摔便携硅胶母婴小熊盘,Baby Feeding Utensils,11.6,1.7,https://detail.1688.com/offer/685120874309.html,included,
684352126751,baby-care,母婴304不锈钢儿童筷子训练筷宝宝吃饭辅食食品级餐具叉勺筷套装,Baby Feeding Utensils,2.5,0.37,https://detail.1688.com/offer/684352126751.html,included,
684201876855,baby-care,母婴用品婴儿果蔬乐硅胶咬咬乐宝宝网袋辅食喂养器工厂直发牙胶,Baby Teether,2.4,0.35,https://detail.1688.com/offer/684201876855.html,included,
683309343668,baby-care,母婴用品硅胶餐盘 一体式儿童餐具卡通熊猫婴幼儿辅食碗叉勺套装,Baby Feeding Utensils,4.6,0.67,https://detail.1688.com/offer/683309343668.html,included,
683100651013,baby-care,厂家直销穿戴式一体式免手扶电动静音便携吸奶器母婴用品柔护,Breast Pump,94,13.78,https://detail.1688.com/offer/683100651013.html,included,
681649450229,baby-care,定制304不锈钢儿童叉勺带收纳盒多彩颜色母婴礼品户外便携餐具,Baby Feeding Utensils,4.4,0.65,https://detail.1688.com/offer/681649450229.html,included,
679915332045,baby-care,现货硅胶儿童双耳碗宝宝防烫防摔吸盘辅食碗 母婴喂养餐具零食碗,Baby Feeding Utensils,5.8,0.85,https://detail.1688.com/offer/679915332045.html,included,
679018164830,baby-care,跨境母婴用品 婴儿宝宝感温叉勺儿童软头汤喂药喂养 塑胶制品工厂,,16.84,,https://detail.1688.com/offer/679018164830.html,held,product-identification-or-relevance-review
678390455210,baby-care,母婴产品定制食品级婴儿用品设计硅胶奶嘴 防呛奶 60口径宽口奶瓶,Baby Feeding Bottle,15,2.2,https://detail.1688.com/offer/678390455210.html,included,
677510906664,baby-care,孕贝 母婴用品 新款食品级 耐摔300毫升带吸管防胀气ppsu塑料奶瓶,Baby Feeding Bottle,28.67,4.2,https://detail.1688.com/offer/677510906664.html,included,
677135017416,baby-care,母婴A类刺绣花被套140支长绒棉四件套轻奢风全棉床单纯棉床上用品,,418,,https://detail.1688.com/offer/677135017416.html,held,product-identification-or-relevance-review
676985484130,baby-care,奶瓶母婴用品高级强力手动简易吸奶器橡胶材质手捏式吸奶器礼盒装,Baby Feeding Bottle,9.3,1.36,https://detail.1688.com/offer/676985484130.html,included,
676795585345,baby-care,一瓶三用PP奶瓶宝宝婴儿奶瓶新生儿母婴用品批发babybottle,Baby Feeding Bottle,7.98,1.17,https://detail.1688.com/offer/676795585345.html,included,
676337578900,baby-care,纱布小围嘴纯棉宝宝围兜新生儿口水巾母婴厂家一手货源01岁,Baby Bib,1.4,0.21,https://detail.1688.com/offer/676337578900.html,included,
675854280137,baby-care,母婴用品婴儿牙胶玩具宝宝磨牙棒防吃手小猫咪咬胶安抚神器软硅胶,Baby Teether,3.5,0.51,https://detail.1688.com/offer/675854280137.html,included,
671962688941,baby-care,厂家直供新生小婴儿标准口径50ml奶瓶水平防摔 宠物奶瓶母婴用品,Baby Feeding Bottle,1.45,0.21,https://detail.1688.com/offer/671962688941.html,included,
671907323821,baby-care,新生儿奶瓶婴儿防胀气母婴用品批发密封盖仿母乳实感耐摔断奶神器,Baby Feeding Bottle,12.9,1.89,https://detail.1688.com/offer/671907323821.html,included,
671227809759,baby-care,定制多功能母婴包 可拆卸内胆母婴用品包 时尚妈咪手提包BSCI工厂,Baby Changing Bag,70.76,10.38,https://detail.1688.com/offer/671227809759.html,included,
671105844467,baby-care,300ml塑料奶瓶水杯儿童奶瓶宝宝带刻带刻度奶瓶配件批发母婴用品,Baby Feeding Bottle,2.8,0.41,https://detail.1688.com/offer/671105844467.html,included,
670714768761,baby-care,亚马逊热卖婴儿吸盘碗硅胶防摔儿童餐具辅食碗训练碗母婴用品批发,Baby Feeding Utensils,2.8,0.41,https://detail.1688.com/offer/670714768761.html,included,
670244784010,baby-care,可爱儿童卡通学习筷勺子304餐具套装母婴用品批发宝宝训练筷子,Baby Feeding Utensils,3,0.44,https://detail.1688.com/offer/670244784010.html,included,
665847187945,baby-care,定制亚马逊婴儿床包双肩妈咪包 大容量母婴用品收纳妈咪包背包,Baby Changing Bag,89.99,13.2,https://detail.1688.com/offer/665847187945.html,included,
665357895016,baby-care,母婴用品 批发级液态全硅胶婴儿60口径奶嘴 新款宽口径喝奶瓶工厂,Baby Feeding Bottle,1.86,0.27,https://detail.1688.com/offer/665357895016.html,included,
660535352866,baby-care,婴幼儿宝宝纯棉围兜母婴用品按扣防水围嘴全棉儿童婴幼儿口水巾,Baby Bib,1.7,0.25,https://detail.1688.com/offer/660535352866.html,included,
660491380811,baby-care,婴幼儿宝宝纯棉围兜母婴用品按扣防水围嘴全棉儿童婴幼儿口水巾,Baby Bib,1.88,0.28,https://detail.1688.com/offer/660491380811.html,included,
659833049815,baby-care,硅胶围兜宝宝防水吃饭口水儿童餐具婴幼儿辅食碗母婴用品喂饭喂食,Baby Feeding Utensils,11,1.61,https://detail.1688.com/offer/659833049815.html,included,
658916240349,baby-care,硅胶训练餐具宝宝螃蟹餐盘婴儿儿童餐具吸盘式辅食碗学饮母婴用品,Baby Feeding Utensils,3,0.44,https://detail.1688.com/offer/658916240349.html,included,
658348328144,baby-care,婴儿花椒木磨牙棒6个月4宝宝母婴用品牙胶可水煮原木树防吃手神器,Baby Teether,6,0.88,https://detail.1688.com/offer/658348328144.html,included,
655725439733,baby-care,创意母婴用品咬咬乐 婴儿硅胶棒棒糖牙胶 安抚宝宝创意玩具定制,Baby Teether,3.5,0.51,https://detail.1688.com/offer/655725439733.html,included,
655306645049,baby-care,批发母婴用品宝宝婴儿餐具套装儿童勺子 学吃饭训练辅食叉勺子,Baby Feeding Utensils,2.8,0.41,https://detail.1688.com/offer/655306645049.html,included,
652848398389,baby-care,儿童餐具套装母婴304不锈钢卡通牛牛勺叉宝宝训练筷ABS材质男女孩,Baby Feeding Utensils,2.5,0.37,https://detail.1688.com/offer/652848398389.html,included,
651106240221,baby-care,铂佳304不锈钢刮泥勺宝宝辅食勺母婴用品创意苹果挖泥勺汤匙勺子,Baby Feeding Utensils,2.1,0.31,https://detail.1688.com/offer/651106240221.html,included,
649711019897,baby-care,新款婴儿奶瓶防胀气PP奶瓶330ml 婴儿硅胶奶瓶带柄母婴用品批发,Baby Feeding Bottle,7.5,1.1,https://detail.1688.com/offer/649711019897.html,included,
647840583817,baby-care,轻奢风A类母婴级60支长绒棉四件套全棉纯棉床单印花被套床上用品4,,205,,https://detail.1688.com/offer/647840583817.html,held,product-identification-or-relevance-review
644850859609,baby-care,紫莓兔充电式电动吸奶器 静音挤奶吸乳器集奶器母婴用品非手动FDA,Breast Pump,85,12.46,https://detail.1688.com/offer/644850859609.html,included,
644657064585,baby-care,美婴堂 婴儿带手柄玻璃奶瓶宝宝260ml宽口奶嘴瓶母婴用品货源批发,Baby Feeding Bottle,12,1.76,https://detail.1688.com/offer/644657064585.html,included,
643771728190,baby-care,紫莓兔 双边电动吸奶器 静音吸乳自动挤奶器 母婴用品厂家 FDA CE,Breast Pump,43,6.3,https://detail.1688.com/offer/643771728190.html,included,
643715875663,baby-care,baby婴儿奶瓶代工 母婴用品PPSU奶瓶丝印学饮杯 一杯两用吸管水杯,Baby Drinking Cup,10,1.47,https://detail.1688.com/offer/643715875663.html,included,
642960827332,baby-care,出口欧亚母婴外贸围嘴PEVA防水口水巾婴儿立体免洗工厂吃饭衣围兜,Baby Bib,1.3,0.19,https://detail.1688.com/offer/642960827332.html,included,
642736952069,baby-care,跨境新款多功能妈咪包双肩待产包大容量母婴包孕妇用品便携外出包,Baby Changing Bag,41,6.01,https://detail.1688.com/offer/642736952069.html,included,
642408434229,baby-care,婴儿洗屁股神器宝宝洗屁屁盆新生儿洗PP浴盆洗澡盆用品儿童坐便器,Baby Bath Tub,18,2.64,https://detail.1688.com/offer/642408434229.html,included,
639034582058,baby-care,儿童餐具套装母婴产品316不锈钢注水婴儿宝宝碗吸盘碗 辅食碗批发,Baby Feeding Utensils,2.3,0.34,https://detail.1688.com/offer/639034582058.html,included,
631564542479,baby-care,厂家婴儿背带腰凳宝宝背袋母婴用品,Baby Carrier,11.4,1.67,https://detail.1688.com/offer/631564542479.html,included,
630914100961,baby-care,母婴用品跨境 外贸厂家 背带婴儿 自带网兜,Baby Carrier,18,2.64,https://detail.1688.com/offer/630914100961.html,included,
626611750537,baby-care,亚马逊婴儿硅胶牙胶手机磨牙棒口欲期安抚母婴用品宝宝咬咬乐,Baby Teether,8.8,1.29,https://detail.1688.com/offer/626611750537.html,included,
624180151274,baby-care,2026新款婴儿围嘴口水巾母婴宝宝围嘴宝宝用品纯棉系列厂家直供,Baby Bib,21.5,3.15,https://detail.1688.com/offer/624180151274.html,included,
624089223417,baby-care,婴儿口水巾 母婴用品棉印花口水巾儿童用品柔软舒适卡通口水巾,Printed Baby Bib,1.5,0.22,https://detail.1688.com/offer/624089223417.html,included,
623098772153,baby-care,儿童筷子宝宝训练筷玉米学习筷喂养餐具母婴辅食现货批发食品级,Baby Feeding Utensils,6.7,0.98,https://detail.1688.com/offer/623098772153.html,included,
621676076642,baby-care,婴儿花椒木磨牙棒花椒树磨牙棒婴儿磨牙棒牙胶PICC承保母婴用品,Baby Teether,3.95,0.58,https://detail.1688.com/offer/621676076642.html,included,
618976140736,baby-care,新款创意标口PP宝宝奶嘴瓶子婴儿喂养奶瓶母婴用品厂家直供XD,Baby Feeding Bottle,4.8,0.7,https://detail.1688.com/offer/618976140736.html,included,
618924194272,baby-care,紫莓兔双边电动吸奶器 挤奶器吸乳器 静音吸力大母婴用品,Breast Pump,110,16.13,https://detail.1688.com/offer/618924194272.html,included,
617457809522,baby-care,一体式电动吸奶器 无线挤奶集奶器吸力大充电按摩 孕产妇母婴用品,Breast Pump,95,13.93,https://detail.1688.com/offer/617457809522.html,included,
614996739237,baby-care,婴儿PP塑料奶瓶宽口带手柄婴儿奶瓶母婴用品,Baby Feeding Bottle,3.8,0.56,https://detail.1688.com/offer/614996739237.html,included,
610951793783,baby-care,婴儿口水巾卡通儿童双按扣三角巾 宝宝围嘴围兜母婴用品批发,Baby Bib,1.2,0.18,https://detail.1688.com/offer/610951793783.html,included,
610944485050,baby-care,美婴堂 创意宽口PP奶瓶240ml弧形带手柄喂养奶瓶 母婴用品厂家XD,Baby Feeding Bottle,3.8,0.56,https://detail.1688.com/offer/610944485050.html,included,
609598763155,baby-care,INS爆款母婴用品安抚奶嘴链 榉木硅胶奶嘴链 亚马逊外贸防掉链子,Baby Pacifier,5.7,0.84,https://detail.1688.com/offer/609598763155.html,included,
606651889496,baby-care,美婴堂创意奶瓶礼盒套装 pp奶瓶配件吸奶器母婴用品礼盒厂家批发,Baby Feeding Bottle,26,3.81,https://detail.1688.com/offer/606651889496.html,included,
605035296101,baby-care,新款防吃手蔬菜硅胶牙胶婴儿咬咬乐宝宝长牙磨牙硅胶玩具母婴用品,Baby Teether,7,1.03,https://detail.1688.com/offer/605035296101.html,included,
599928083741,baby-care,奶瓶母婴用品高级强力手动简易吸奶器橡胶材质手捏式吸奶器礼盒装,Baby Feeding Bottle,9.7,1.42,https://detail.1688.com/offer/599928083741.html,included,
599760010619,baby-care,亚马逊婴儿硅胶牙胶长颈鹿宝宝安抚咬咬乐儿童磨牙玩具母婴用品,Baby Teether,4.5,0.66,https://detail.1688.com/offer/599760010619.html,included,
597810179220,baby-care,婴儿洗屁股神器宝宝屁屁新生儿PP浴盆脸盆洗澡盆用品儿童坐便器,Baby Bath Tub,18,2.64,https://detail.1688.com/offer/597810179220.html,included,
595469494036,baby-care,哆拉哆布婴儿广口硅胶奶瓶大口径硅胶奶瓶母婴用品批发250ml150ml,Baby Feeding Bottle,3.8,0.56,https://detail.1688.com/offer/595469494036.html,included,
594398764833,baby-care,儿童硅胶围嘴免洗围兜 宝宝食品级硅胶母婴用品厂家批发,Baby Bib,17,2.49,https://detail.1688.com/offer/594398764833.html,included,
588165212120,baby-care,欧贝妮婴儿舒软硅胶安抚奶嘴圆头母婴店婴儿用品批发安抚入睡哭闹,Baby Pacifier,15,2.2,https://detail.1688.com/offer/588165212120.html,included,
585197196748,baby-care,母婴用品现货批发新生儿四季吸水围嘴纯棉双层夹纱婴儿口水巾透气,Baby Bib,0.43,0.06,https://detail.1688.com/offer/585197196748.html,included,
585111296441,baby-care,母婴用品2019新款口径硅胶奶瓶防摔婴儿奶瓶米糊勺一件代发,Baby Feeding Bottle,2.59,0.38,https://detail.1688.com/offer/585111296441.html,included,
584522064464,baby-care,母婴用品婴儿安抚奶嘴链夹 牙胶防掉链 安抚奶嘴夹 奶嘴带,Baby Teether,2.2,0.32,https://detail.1688.com/offer/584522064464.html,included,
583639096241,baby-care,哆拉哆布母婴用品全硅胶乳头保护罩奶嘴式护乳罩护乳贴护乳垫6201,Baby Bottle Teat,3.9,0.57,https://detail.1688.com/offer/583639096241.html,included,
583274596402,baby-care,宽口径防摔婴幼儿PPSU奶瓶母婴用品新生儿奶瓶厂家批发礼盒,Baby Feeding Bottle,19.9,2.92,https://detail.1688.com/offer/583274596402.html,included,
574756749227,baby-care,爱蓓优母婴用品婴儿背带腰凳背婴带四季款多功能可收纳抱娃神器,Baby Carrier,50,7.33,https://detail.1688.com/offer/574756749227.html,included,
564502709070,baby-care,紫莓兔一体机电动吸奶器 吸乳催乳按摩挤奶器 大吸力静声母婴用品,Breast Pump,59.9,8.78,https://detail.1688.com/offer/564502709070.html,included,
564422035387,baby-care,硅胶勺子婴儿勺新生儿硅胶软勺儿童辅食工具辅食餐具母婴用品批发,Baby Feeding Utensils,1.5,0.22,https://detail.1688.com/offer/564422035387.html,included,
563655020453,baby-care,薯条婴儿牙胶食品级硅胶安抚咬咬乐宝宝磨牙棒防吃手玩具母婴用品,Baby Teether,4.3,0.63,https://detail.1688.com/offer/563655020453.html,included,
557776817979,baby-care,大号加厚婴儿浴盆 宝宝洗澡盆 新生儿母婴用品 儿童沐浴桶,Baby Bath Tub,21.17,3.1,https://detail.1688.com/offer/557776817979.html,included,
545304322902,baby-care,佳宝创意奶瓶礼盒套装 pp奶瓶配件吸奶器母婴用品礼盒厂家批发,Baby Feeding Bottle,10.4,1.52,https://detail.1688.com/offer/545304322902.html,included,
540012386788,baby-care,婴儿硅胶勺训练勺宝宝喂养软头勺硅胶勺子餐具套装母婴用品厂家,Baby Feeding Utensils,1.8,0.26,https://detail.1688.com/offer/540012386788.html,included,
521782595340,baby-care,婴儿方形绑手生态棉口水巾围嘴围兜 母婴用品 防水围嘴,Baby Bib,0.9,0.13,https://detail.1688.com/offer/521782595340.html,included,
521107596676,baby-care,天才一叮婴儿腰凳宝宝腰凳多功能婴儿抱凳母婴用品批发厂价直销,Baby Carrier,25.9,3.8,https://detail.1688.com/offer/521107596676.html,included,
1090324672714,baby-care,新款加厚全棉磨毛四件套纯棉被罩三件套a类母婴级秋冬床笠床品1.2,,260,,https://detail.1688.com/offer/1090324672714.html,held,product-identification-or-relevance-review
1090150796819,baby-care,跨境妈咪包外出轻便收纳手提包 高颜值双肩背包大容量时尚母婴包,Baby Changing Bag,57.9,8.49,https://detail.1688.com/offer/1090150796819.html,included,
1090127432094,baby-care,A类母婴冬季牛奶绒四件套加厚双面加绒珊瑚绒床单被套床上三件套,,0.01,,https://detail.1688.com/offer/1090127432094.html,held,product-identification-or-relevance-review
1090110848085,baby-care,A类母婴级牛奶绒四件套加厚被罩加绒被套床单床笠学生宿舍三件套,,0.01,,https://detail.1688.com/offer/1090110848085.html,held,product-identification-or-relevance-review
1090084212136,baby-care,A类纯色加厚无印ins风四件套纯棉正品裸睡提花床单被套宿舍三件套,,15,,https://detail.1688.com/offer/1090084212136.html,held,product-identification-or-relevance-review
1089820556885,baby-care,A类母婴级牛奶绒四件套少女心宝宝绒床单被套女孩三件套冬季加绒4,,47.52,,https://detail.1688.com/offer/1089820556885.html,held,product-identification-or-relevance-review
1089810100664,baby-care,100%全棉加厚磨毛四件套ins轻奢风纯棉床笠被罩碎花三件床上用品4,,129.9,,https://detail.1688.com/offer/1089810100664.html,held,product-identification-or-relevance-review
1089643196979,baby-care,冬季加厚保暖轻奢雕花绒牛奶绒床上四件套珊瑚绒被套床单床笠用品,,114,,https://detail.1688.com/offer/1089643196979.html,held,product-identification-or-relevance-review
1089511208630,baby-care,卡通冬季双面加厚牛奶绒床上毛巾绣四件套珊瑚床单款被套床上用品,,148,,https://detail.1688.com/offer/1089511208630.html,held,product-identification-or-relevance-review
1089382932403,baby-care,超保暖高克重兔绒四件套a类母婴级加厚珊瑚绒床单被套牛奶绒套件,,138,,https://detail.1688.com/offer/1089382932403.html,held,product-identification-or-relevance-review
1089381245533,baby-care,A类高克重全消光雕花牛奶绒四件套冬季加绒床盖被套保暖床上用品1,,179,,https://detail.1688.com/offer/1089381245533.html,held,product-identification-or-relevance-review
1089341957787,baby-care,A类田园风母婴级双层纱全棉四件套100纯棉床上三件套儿童被套直播,,41,,https://detail.1688.com/offer/1089341957787.html,held,product-identification-or-relevance-review
1089202593859,baby-care,冬季加厚母婴级A类牛奶绒四件套双面保暖床单被套罩毛巾绣三4件套,,95.9,,https://detail.1688.com/offer/1089202593859.html,held,product-identification-or-relevance-review
1089183789722,baby-care,A类母婴级牛奶绒四件套秋冬季加厚床单被套双面加绒纯色床上套件,,108,,https://detail.1688.com/offer/1089183789722.html,held,product-identification-or-relevance-review
1089150316221,baby-care,轻奢雕花牛奶绒四件套冬季加厚保暖床单被套A类母婴级秋冬季床品,,180,,https://detail.1688.com/offer/1089150316221.html,held,product-identification-or-relevance-review
1088980845695,baby-care,可爱多功能单肩斜挎妈咪包防水母婴外出包手提待产包妈妈包跨境,Baby Changing Bag,29,4.25,https://detail.1688.com/offer/1088980845695.html,included,
1088833601707,baby-care,2026新款秋冬加厚保暖A类母婴级牛奶绒拼布毛巾绣四件套家用卡通,,145.04,,https://detail.1688.com/offer/1088833601707.html,held,product-identification-or-relevance-review
1088833509697,baby-care,秋冬季新保暖速热牛奶绒床上四件套防静电雕花绒被套加厚用品床笠,,215,,https://detail.1688.com/offer/1088833509697.html,held,product-identification-or-relevance-review
1088821137062,baby-care,轻奢A类母婴级秋冬保暖牛奶绒四件套2026新款加厚双面珊瑚绒被套,,173.19,,https://detail.1688.com/offer/1088821137062.html,held,product-identification-or-relevance-review
1088795745136,baby-care,萌萌小兔全消光牛奶绒四件套加厚保暖a类母婴级双面加绒卡通床品3,,238.66,,https://detail.1688.com/offer/1088795745136.html,held,product-identification-or-relevance-review
1088785256546,baby-care,卡通印花妈咪包批发新款轻便大容量储奶母婴包外出遛娃双肩妈妈包,Printed Baby Changing Bag,25,3.67,https://detail.1688.com/offer/1088785256546.html,included,
1088639873023,baby-care,2026秋冬新款A类母婴级全棉牛奶绒卡通碎花床单床盖四件套加厚保,,60.8,,https://detail.1688.com/offer/1088639873023.html,held,product-identification-or-relevance-review
1088639753101,baby-care,2026秋冬新款A类母婴级全棉牛奶绒卡通碎花床单床盖四件套加厚保,,60.8,,https://detail.1688.com/offer/1088639753101.html,held,product-identification-or-relevance-review
1088626856622,baby-care,A类母婴卡通加厚牛奶绒四件套冬季珊瑚双面加绒被套床单床笠三件,,51.76,,https://detail.1688.com/offer/1088626856622.html,held,product-identification-or-relevance-review
1088618585002,baby-care,A类母婴级泡芙纱纯棉四件套ins小清新床单床笠宿舍卡通床上三件套,,17.8,,https://detail.1688.com/offer/1088618585002.html,held,product-identification-or-relevance-review
1088617289472,baby-care,冬季高级感公主风加厚牛奶绒保暖床盖床上四件套被套床单床笠用品,,196,,https://detail.1688.com/offer/1088617289472.html,held,product-identification-or-relevance-review
1088516308281,baby-care,口水巾婴儿a类围嘴纯棉纱布防水薄款儿童宝宝用品围兜防吐奶代发,Baby Bib,1.5,0.22,https://detail.1688.com/offer/1088516308281.html,included,
1088493080047,baby-care,ins风冬季牛奶绒床上四件套花边加绒被套床单床笠三件套4床上用品,,115.9,,https://detail.1688.com/offer/1088493080047.html,held,product-identification-or-relevance-review
1088383762415,baby-care,冬季加厚兔兔雕花绒四件套条纹床上用品格子简约牛奶绒床单珊瑚绒,,155,,https://detail.1688.com/offer/1088383762415.html,held,product-identification-or-relevance-review
1088329241907,baby-care,妈咪包新款时尚印花轻便大容量双肩母婴包多功能外出旅行妈妈包,Printed Baby Changing Bag,25.5,3.74,https://detail.1688.com/offer/1088329241907.html,included,
1088301844065,baby-care,A类母婴级牛奶绒曲线雕花四件套纯色床单被套秋冬加厚保暖三件套,,139,,https://detail.1688.com/offer/1088301844065.html,held,product-identification-or-relevance-review
1088292116497,baby-care,A类母婴级全棉双层纱床盖四件套韩式纯棉花边棉纱单床盖南通厂家,,40,,https://detail.1688.com/offer/1088292116497.html,held,product-identification-or-relevance-review
1088285996151,baby-care,全棉A类母婴级床上四件套纯棉爆款裸睡提花床单被套罩宿舍三4件套,,14,,https://detail.1688.com/offer/1088285996151.html,held,product-identification-or-relevance-review
1088276984408,baby-care,母婴级A类加厚贝贝绒四件套牛奶绒冬季双面毛绒单被套珊瑚绒床单4,,68,,https://detail.1688.com/offer/1088276984408.html,held,product-identification-or-relevance-review
1088274900473,baby-care,A类母婴级100全棉加厚磨毛床上四件套纯棉被套床笠学生宿舍三件套,,128,,https://detail.1688.com/offer/1088274900473.html,held,product-identification-or-relevance-review
1088270532658,baby-care,母婴级A类轻奢高级感纯棉磨毛四件套冬季加厚保暖纯色全棉被套罩4,,158,,https://detail.1688.com/offer/1088270532658.html,held,product-identification-or-relevance-review
1088267864822,baby-care,轻奢100长绒棉四件套A类母婴级全棉双拼色被套床单纯棉学生三件套,,98,,https://detail.1688.com/offer/1088267864822.html,held,product-identification-or-relevance-review
1088220728790,baby-care,妈咪包高级感母婴背包外出遛娃轻便小背包时尚妈妈手提双肩包女,Baby Changing Bag,27,3.96,https://detail.1688.com/offer/1088220728790.html,included,
1088179261968,baby-care,智能大吸力隐藏式穿戴式免手扶智能电动吸奶器母婴产品智能吸奶器,Breast Pump,65,9.53,https://detail.1688.com/offer/1088179261968.html,included,
1088169574133,baby-care,a类母婴级100全棉加厚磨毛四件套宿舍纯棉三件套床单被套枕套批发,,125,,https://detail.1688.com/offer/1088169574133.html,held,product-identification-or-relevance-review
1088164010053,baby-care,A类母婴级牛奶绒四件套高克重加厚 宽边刺绣被套床单款双面加绒保,,170,,https://detail.1688.com/offer/1088164010053.html,held,product-identification-or-relevance-review
1088150530146,baby-care,a类母婴级冬季加厚牛奶绒床上四件套双面加绒被套珊瑚绒冬天保暖4,,103.8,,https://detail.1688.com/offer/1088150530146.html,held,product-identification-or-relevance-review
1088108337896,baby-care,A类ins母婴级冬季牛奶绒床品四件套珊瑚绒加厚被套床单加绒法兰绒,,65,,https://detail.1688.com/offer/1088108337896.html,held,product-identification-or-relevance-review
1088064906111,baby-care,230g绵羊绒毛巾绣牛奶绒四件套a类母婴级学生宿舍三件套保暖床品,,122.1,,https://detail.1688.com/offer/1088064906111.html,held,product-identification-or-relevance-review
1088054750442,baby-care,a类母婴级全棉磨毛四件套秋冬加厚保暖床单床笠款床上纯棉三件套,,150,,https://detail.1688.com/offer/1088054750442.html,held,product-identification-or-relevance-review
1088001324860,baby-care,a类母婴级纯棉云感双层纱四件套卡通碎花床单床笠被套床上三件套~,,15.9,,https://detail.1688.com/offer/1088001324860.html,held,product-identification-or-relevance-review
1086976637786,baby-care,超柔软母婴级A类床上用品四件套被罩亲肤棉学生宿舍水洗棉三件套,,54,,https://detail.1688.com/offer/1086976637786.html,held,product-identification-or-relevance-review
1057768827554,baby-care,婴儿背带新生儿横抱背巾前抱式轻便抱娃神器外出简易腰凳母婴用品,Baby Carrier,6.9,1.01,https://detail.1688.com/offer/1057768827554.html,included,
1046039289795,baby-care,卡通不锈钢硅胶碗 宝宝吸盘碗 儿童防烫防摔碗 喂养餐具母婴用品,Baby Feeding Utensils,2.4,0.35,https://detail.1688.com/offer/1046039289795.html,included,
959574986074,baby-care,a类竹棉新生儿口水兜婴儿口水巾天竹棉纱布母婴围兜360度围嘴超软,Baby Bib,10.5,1.54,https://detail.1688.com/offer/959574986074.html,included,
916809359252,baby-care,婴幼儿硅胶米糊勺奶瓶挤压式喂养软勺母婴用品喂养餐具喂液器网袋,Baby Feeding Bottle,2,0.29,https://detail.1688.com/offer/916809359252.html,included,
860557603257,baby-care,六层口水巾纱布围兜儿童围嘴母婴用品宝宝饭兜婴儿纱布可旋转脖围,Baby Bib,5.3,0.78,https://detail.1688.com/offer/860557603257.html,included,
40289998237,baby-care,婴儿纱布口水巾纯棉擦汗巾母婴用品宝宝高密小方巾打嗝巾厂家直销,Baby Bib,0.4,0.06,https://detail.1688.com/offer/40289998237.html,included,
1089493960245,baby-care,新款秋冬加厚保暖卡通印花A类母婴级牛奶绒毛巾绣四件套柔软亲肤,,148,,https://detail.1688.com/offer/1089493960245.html,held,product-identification-or-relevance-review
1090179732474,baby-care,亚马逊硅胶餐具儿童辅食碗宝宝餐具母婴餐盘婴儿围兜叉勺六件套装,Baby Feeding Utensils,14.9,2.18,https://detail.1688.com/offer/1090179732474.html,included,
1089190652649,baby-care,水晶家纺A类母婴级加厚全棉磨毛四件套纯棉花卉刺绣被套床上用品,,358,,https://detail.1688.com/offer/1089190652649.html,held,product-identification-or-relevance-review
1088551552380,baby-care,A类母婴100全棉双层纱四件套纯棉被套床单宿舍寝室床上用品四季款,,89,,https://detail.1688.com/offer/1088551552380.html,held,product-identification-or-relevance-review
1088428593880,baby-care,230克全消光牛奶绒四件套双拼色秋冬床笠三件套床上用品a类母婴级,,139,,https://detail.1688.com/offer/1088428593880.html,held,product-identification-or-relevance-review
1088237129742,baby-care,A类母婴级床上用品四件套纯棉全棉床单被套罩床笠学生宿舍三件套4,,40,,https://detail.1688.com/offer/1088237129742.html,held,product-identification-or-relevance-review
1088228329228,baby-care,电动吸奶器全自动便携一体大吸力硅胶集奶器吸乳器母婴用品便携式,Breast Pump,28,4.11,https://detail.1688.com/offer/1088228329228.html,included,
1087800474466,baby-care,A类母婴级加厚牛奶绒四件套秋冬款保暖床上用品学生宿舍三件套件,,68,,https://detail.1688.com/offer/1087800474466.html,held,product-identification-or-relevance-review
1087744101535,baby-care,牛奶绒加厚保暖四件套床上用品毛绒被套珊瑚绒三件套宿舍双面绒3,,99,,https://detail.1688.com/offer/1087744101535.html,held,product-identification-or-relevance-review
1087731150432,baby-care,A类母婴级全棉四件套纯棉床单被套床笠款简约宿舍家用床上用品,,109,,https://detail.1688.com/offer/1087731150432.html,held,product-identification-or-relevance-review
1087480332801,baby-care,A类母婴级云芙绒牛奶绒床上四件套加绒床单床笠冬季保暖床上用品,,225,,https://detail.1688.com/offer/1087480332801.html,held,product-identification-or-relevance-review
1087448573317,baby-care,田园风花卉妈咪包手提尿布收纳袋大容量便携婴儿用品整理包母婴外,Baby Nappies,18.5,2.71,https://detail.1688.com/offer/1087448573317.html,included,
1087193514594,baby-care,硅胶吸奶器喇叭罩穿戴式便携母婴用品吸奶器配件免手扶现货货源,Breast Pump,3.6,0.53,https://detail.1688.com/offer/1087193514594.html,included,
1087069106823,baby-care,高级感母婴级A类100全棉磨毛四件套刺绣宽边被套纯棉轻奢床上用品,,206,,https://detail.1688.com/offer/1087069106823.html,held,product-identification-or-relevance-review
1086798793401,baby-care,ins风A类亲肤棉四件套母婴超软糯被套床单床上用品学生宿舍三件套,,41,,https://detail.1688.com/offer/1086798793401.html,held,product-identification-or-relevance-review
1086488736204,baby-care,A类100支新疆长绒棉全棉防螨四件套纯棉床单笠被套2026床上用品三,,239,,https://detail.1688.com/offer/1086488736204.html,held,product-identification-or-relevance-review
1086249157627,baby-care,冬季保暖A类母婴级牛奶绒四件套双面加厚珊瑚绒被套加绒床上用品,,216,,https://detail.1688.com/offer/1086249157627.html,held,product-identification-or-relevance-review
1085858403870,baby-care,A类超软纯棉斜纹四件套母婴纯色床单被套床上用品学生宿舍三件套,,111,,https://detail.1688.com/offer/1085858403870.html,held,product-identification-or-relevance-review
1085589201320,baby-care,母婴儿童硅胶不锈钢餐盘套装7件套喂养餐盘一体式 宝宝辅食餐具,Baby Feeding Utensils,38.5,5.65,https://detail.1688.com/offer/1085589201320.html,included,
1085580604422,baby-care,A类母婴级四件套纯棉100全棉四季通用床笠款床单提花被套床上用品,,135,,https://detail.1688.com/offer/1085580604422.html,held,product-identification-or-relevance-review
1084175756268,baby-care,水晶家纺母婴级A类200支长绒棉四件套纯棉镂空被套全棉床上用品4,,418,,https://detail.1688.com/offer/1084175756268.html,held,product-identification-or-relevance-review
1087993210071,baby-care,A类母婴级牛奶绒四件套加厚被套加绒床单被罩床笠学生宿舍三件套,,0.01,,https://detail.1688.com/offer/1087993210071.html,held,product-identification-or-relevance-review
1087936046499,baby-care,A类母婴高端简约刺绣全消光牛奶绒四件套珊瑚绒被套床单家用床品a,,140,,https://detail.1688.com/offer/1087936046499.html,held,product-identification-or-relevance-review
1087915662591,baby-care,婴儿围嘴纯棉a类6层可爱男女生新生儿宝宝吸水全棉六层纱布口水巾,Baby Bib,1.4,0.21,https://detail.1688.com/offer/1087915662591.html,included,
1087888222200,baby-care,A类母婴级泡芙棉四件套被罩水洗棉单双人床单被套学生宿舍三件套,,36,,https://detail.1688.com/offer/1087888222200.html,held,product-identification-or-relevance-review
1087856710176,baby-care,A类母婴级床上四件套水洗棉床单被罩被套大学生宿舍床笠款三件套,,6,,https://detail.1688.com/offer/1087856710176.html,held,product-identification-or-relevance-review
1087854198279,baby-care,A类母婴级冬季加厚牛奶绒四件套加绒被套床单床笠宿舍学生三件套,,5,,https://detail.1688.com/offer/1087854198279.html,held,product-identification-or-relevance-review
1087848094130,baby-care,A类母婴级高克重牛奶绒贝壳边四件套加厚保暖珊瑚绒床单被套3件套,,75.6,,https://detail.1688.com/offer/1087848094130.html,held,product-identification-or-relevance-review
1087811634042,baby-care,A类母婴级高克重牛奶绒贝壳边四件套加厚保暖珊瑚绒床单被套3件套,,75.6,,https://detail.1688.com/offer/1087811634042.html,held,product-identification-or-relevance-review
1087768320804,baby-care,定制轻便妈咪包时尚尼龙印花多功能母婴包大容量收纳保温双肩包,Printed Baby Changing Bag,45,6.6,https://detail.1688.com/offer/1087768320804.html,included,
1087760842865,baby-care,冬季防静电保暖法兰绒床上四件套加厚双面牛奶绒被套高档用品床笠,,184,,https://detail.1688.com/offer/1087760842865.html,held,product-identification-or-relevance-review
1087748096670,baby-care,跨境大容量妈咪包2026新款多功能旅行母婴包宝妈带娃出行双肩包包,Baby Changing Bag,45.9,6.73,https://detail.1688.com/offer/1087748096670.html,included,
1087738064204,baby-care,A类母婴级纯棉加厚磨毛四件套秋冬季全棉100新疆棉床单被套床笠款,,128,,https://detail.1688.com/offer/1087738064204.html,held,product-identification-or-relevance-review
1087712784898,baby-care,A类母婴级纯色刺绣牛奶绒四件套加厚保暖珊瑚绒三件套法兰绒被套,,149,,https://detail.1688.com/offer/1087712784898.html,held,product-identification-or-relevance-review
1087702778422,baby-care,高级雕花牛奶绒四件套加厚珊瑚绒被套床单床笠冬季法兰绒床上用品,,109.9,,https://detail.1688.com/offer/1087702778422.html,held,product-identification-or-relevance-review
1087568398329,baby-care,2026秋冬新款A类母婴级全棉牛奶绒卡通碎花床单床盖四件套加厚保,,60.8,,https://detail.1688.com/offer/1087568398329.html,held,product-identification-or-relevance-review
1087550745579,baby-care,母婴级A类纽扣四件套纯棉裸睡复古床单被套罩全棉碎花宿舍三4件套,,19.9,,https://detail.1688.com/offer/1087550745579.html,held,product-identification-or-relevance-review
1087524836069,baby-care,双面牛奶绒四件套冬季加厚保暖双面绒提花被套床单法莱绒床上用品,,125,,https://detail.1688.com/offer/1087524836069.html,held,product-identification-or-relevance-review
1087479289395,baby-care,A类防静电雕花牛奶绒四件套加厚珊瑚绒床单被套冬季保暖床上用品,,150,,https://detail.1688.com/offer/1087479289395.html,held,product-identification-or-relevance-review
1087452044024,baby-care,A类床盖款牛奶绒四件套母婴级加厚宝宝绒被套冬季珊瑚绒加绒公主4,,88,,https://detail.1688.com/offer/1087452044024.html,held,product-identification-or-relevance-review
1087433795716,baby-care,A类母婴级双层纱四件套小清新卡通床单被套水洗棉学生宿舍三件套,,35,,https://detail.1688.com/offer/1087433795716.html,held,product-identification-or-relevance-review
1087430473088,baby-care,A类母婴级简约波点条纹四件套纯棉全棉床单被套小清新宿舍三4件套,,10.08,,https://detail.1688.com/offer/1087430473088.html,held,product-identification-or-relevance-review
1087423695189,baby-care,母婴级A类全棉床盖款四件套ins小清新纯棉夹棉床单贝壳花边边被罩,,98,,https://detail.1688.com/offer/1087423695189.html,held,product-identification-or-relevance-review
1087415595103,baby-care,跨境货源妈咪包大容量隔层清新印花手提双肩外出轻便母婴待产背包,Printed Baby Changing Bag,68.48,10.04,https://detail.1688.com/offer/1087415595103.html,included,
1087381824403,baby-care,床上用品三件套 礼品水洗棉床单被套床单四件套一件代发厂家批发,,27,,https://detail.1688.com/offer/1087381824403.html,held,product-identification-or-relevance-review
1087352295964,baby-care,跨境多功能大容量双肩单肩母婴包轻便妈妈背包外出便携母婴手提包,Baby Changing Bag,56,8.21,https://detail.1688.com/offer/1087352295964.html,included,
1087241444787,baby-care,不断货A类母婴级简约纯色双拼牛奶绒双面绒四件套秋冬季毛绒被套,,68,,https://detail.1688.com/offer/1087241444787.html,held,product-identification-or-relevance-review
1087234525546,baby-care,A类母婴级100支长绒棉提花四件套纯棉被套高级感纯色床单轻奢北欧,,377.2,,https://detail.1688.com/offer/1087234525546.html,held,product-identification-or-relevance-review
1087166726410,baby-care,厂家现货婴儿奶嘴标准口径通用奶瓶硅胶奶嘴柔软嘴配件用品,Baby Feeding Bottle,0.3,0.04,https://detail.1688.com/offer/1087166726410.html,included,
1087148012880,baby-care,ins风花边高克重牛奶绒四件套母婴级亲肤被套宿舍加厚保暖三件套,,110,,https://detail.1688.com/offer/1087148012880.html,held,product-identification-or-relevance-review
1087096287186,baby-care,牛奶绒四件套A类母婴级加绒双面加厚被套床单床笠学生宿舍三件套,,15,,https://detail.1688.com/offer/1087096287186.html,held,product-identification-or-relevance-review
1087090315410,baby-care,牛奶绒四件套A类母婴级加绒双面加厚被套床单床笠学生宿舍三件套,,15,,https://detail.1688.com/offer/1087090315410.html,held,product-identification-or-relevance-review
766486739538,baby-clothing,外贸宝宝连体衣坑条布爬服针织哈衣有机棉宝宝爬服包脚婴儿连体衣,Baby Romper,33.7,4.94,https://detail.1688.com/offer/766486739538.html,included,
1074918704725,baby-clothing,跨境批发秋季纯色长袖棉质信封领三角哈新生儿包屁衣婴儿连体爬服,Long-Sleeve Baby Romper,7,1.03,https://detail.1688.com/offer/1074918704725.html,included,
1001826820419,baby-clothing,跨境婴儿连体衣印花三角爬衣信封领短袖哈衣新生儿棉质包屁衣批发,Short-Sleeve Printed Baby Romper,3.2,0.47,https://detail.1688.com/offer/1001826820419.html,included,
875799614600,baby-clothing,新生儿衣服初生儿春秋蝴蝶衣和尚服纯棉无骨宝宝婴儿连体衣哈衣,Baby Romper,17.8,2.61,https://detail.1688.com/offer/875799614600.html,included,
709258138467,baby-clothing,婴幼童春秋礼服套装男宝宝春装棉质连体衣超萌婴幼儿春季外出爬服,Baby Romper,39.39,,https://detail.1688.com/offer/709258138467.html,held,image-or-price-verification-failed
1063800271208,baby-clothing,婴儿春秋款连体衣纯棉卡通宝宝衣服男女宝百搭秋季外出服长袖哈衣,Long-Sleeve Baby Romper,23.9,3.5,https://detail.1688.com/offer/1063800271208.html,included,
1073187563083,baby-clothing,【胎柔·莫棉】宝宝长袖连体衣莫代尔新生儿爬服套头婴儿衣服,Long-Sleeve Baby Romper,45.8,6.72,https://detail.1688.com/offer/1073187563083.html,included,
878203261107,baby-clothing,包手包脚连体衣婴儿纯棉蝴蝶衣新生儿衣服初生宝宝和尚服哈衣爬服,Baby Romper,15,2.2,https://detail.1688.com/offer/878203261107.html,included,
987893480374,baby-clothing,宝宝连体衣秋冬季新生婴儿加绒保暖连帽哈衣男女宝宝外出哈衣爬服,Hooded Baby Romper,35.8,5.25,https://detail.1688.com/offer/987893480374.html,included,
706993757054,baby-clothing,无骨纯棉婴儿连体衣春秋男女宝宝衣服四季新生儿哈衣爬服0-12个月,Baby Romper,14.5,2.13,https://detail.1688.com/offer/706993757054.html,included,
832745572027,baby-clothing,新生婴儿连体衣无骨哈衣春秋纯棉初生和尚服爬服男女宝宝春秋衣服,Baby Romper,12.5,1.83,https://detail.1688.com/offer/832745572027.html,included,
968045413329,baby-clothing,2025新款春秋女童运动套装蝴蝶结衣中大童女时尚花边蝴蝶套装,,35,,https://detail.1688.com/offer/968045413329.html,held,product-identification-or-relevance-review
763164615907,baby-clothing,外贸爬服有机棉哈衣短爬婴儿连体衣信封肩短爬 包屁衣 宝宝连体衣,Baby Romper,15.8,2.32,https://detail.1688.com/offer/763164615907.html,included,
1002929109247,baby-clothing,春秋季中小童连衣裙韩版碎花长袖公主裙婴儿爬服女宝宝裙子连体衣,Long-Sleeve Printed Baby Romper,28.9,4.24,https://detail.1688.com/offer/1002929109247.html,included,
999778219236,baby-clothing,婴儿无骨得绒棉高腰护肚屁屁裤套装宝宝秋衣秋裤男女童打底衣,Baby Clothing Set,15.5,2.27,https://detail.1688.com/offer/999778219236.html,included,
972279362680,baby-clothing,婴儿保暖连体衣春秋季提花夹棉宝宝哈衣新生儿无骨爬服安阳童装,Baby Romper,29.9,4.38,https://detail.1688.com/offer/972279362680.html,included,
1063351395713,baby-clothing,婴儿春秋连体衣纯棉女宝宝长袖衣服可爱娃娃领哈衣秋季外出服爬服,Long-Sleeve Baby Romper,21.9,3.21,https://detail.1688.com/offer/1063351395713.html,included,
523400281175,baby-clothing,跨境童装宝宝衣服生日服黑白色短袖爬服公主裙套装夏季婴儿周岁,Short-Sleeve Baby Romper,26.5,3.89,https://detail.1688.com/offer/523400281175.html,included,
964241353065,baby-clothing,婴儿连体衣纯棉四季哈衣长袖家居服波点兔耳朵宝宝爬服安阳婴童装,Long-Sleeve Baby Romper,9.9,1.45,https://detail.1688.com/offer/964241353065.html,included,
819590587487,baby-clothing,婴儿衣服秋季a类女宝宝满月服连体衣baby夹丝保暖新生儿包屁衣,Baby Romper,25.6,3.75,https://detail.1688.com/offer/819590587487.html,included,
930944713554,baby-clothing,婴儿分体套装绑带和尚服0-6月新生儿四季无骨纯棉衣服春秋款,Baby Wrap Top,12.5,1.83,https://detail.1688.com/offer/930944713554.html,included,
715838899294,baby-clothing,新生连体衣A类纯棉无骨哈衣男女宝宝春秋和尚爬服魔术贴婴儿衣服,Baby Romper,18.9,2.77,https://detail.1688.com/offer/715838899294.html,included,
1034362305271,baby-clothing,夏季婴儿短袖爬服套装 0-1岁男女宝宝可爱包屁衣四件套批发外贸,,25.5,,https://detail.1688.com/offer/1034362305271.html,held,product-identification-or-relevance-review
680840910423,baby-clothing,新生儿a类衣服秋冬加厚夹棉和尚服初生儿新生儿宝宝衣服婴儿衣服,Baby Wrap Top,29.9,4.38,https://detail.1688.com/offer/680840910423.html,included,
903857226232,baby-clothing,JQ婧麒婴儿连体衣秋季衣服秋装纯棉薄款外出长袖新生儿宝宝和尚服,Long-Sleeve Baby Romper,28.9,4.24,https://detail.1688.com/offer/903857226232.html,included,
945202756497,baby-clothing,新生婴儿衣服打底初生宝宝蝴蝶衣春秋纯棉护肚a类哈衣四季连体衣,Baby Romper,21.6,3.17,https://detail.1688.com/offer/945202756497.html,included,
601508903352,baby-clothing,童装亚马逊宝宝套装婴儿秋装长袖哈衣tutu裙圣诞儿童衣服IP授权,Long-Sleeve Baby Romper,26,3.81,https://detail.1688.com/offer/601508903352.html,included,
831203973777,baby-clothing,ins新生婴儿衣服春秋季满月百天女宝宝连体衣抓周岁包屁衣a类纯棉,Baby Romper,38.8,5.69,https://detail.1688.com/offer/831203973777.html,included,
966552935356,baby-clothing,新生儿衣服a类纯棉春秋新款女宝宝连体衣百天满月婴儿爬服包屁衣,Baby Romper,40.5,5.94,https://detail.1688.com/offer/966552935356.html,included,
834610540614,baby-clothing,婴儿衣服冬季宝宝加厚连体衣可爱洋气爬爬服外出夹棉棉衣冬季加厚,Baby Romper,72,10.56,https://detail.1688.com/offer/834610540614.html,included,
730114800900,baby-clothing,2023婴儿衣服春秋女宝宝ins风针织背带裤套装女婴童秋季套装外出,Baby Clothing Set,39.8,5.84,https://detail.1688.com/offer/730114800900.html,included,
870258818878,baby-clothing,2026春秋新品婴儿衣服可爱小兔背带裤条纹T恤两件套1-3岁宝宝套装,Striped Baby Clothing Set,58,8.5,https://detail.1688.com/offer/870258818878.html,included,
891823238569,baby-clothing,贝肽斯婴儿衣服春装宝宝连体衣纯棉男女新生儿小月龄开春睡衣爬服,Baby Romper,46.9,6.88,https://detail.1688.com/offer/891823238569.html,included,
961110875168,baby-clothing,婴儿春季衣服无骨纯棉蝴蝶衣a类新生儿连体衣四季宝宝包屁衣睡衣,Baby Romper,20.6,3.02,https://detail.1688.com/offer/961110875168.html,included,
973895596845,baby-clothing,SXbebe万圣节儿童帽衫ins款节日主题造型长袖婴幼儿毛绒披风上衣,Long-Sleeve Baby Top,15,2.2,https://detail.1688.com/offer/973895596845.html,included,
794071916165,baby-clothing,婴儿夏季衣服a类童装a类新生儿婴儿连体衣连体衣婴儿a类夏包屁衣,Baby Romper,14.5,2.13,https://detail.1688.com/offer/794071916165.html,included,
972668570109,baby-clothing,JQ婧麒宝宝蚕丝羊绒保暖内衣套装冬季婴儿加绒高腰秋衣裤儿童睡衣,Baby Clothing Set,47.8,7.01,https://detail.1688.com/offer/972668570109.html,included,
894024832374,baby-clothing,贝肽斯婴儿衣服新生儿礼盒春秋季宝宝初生见面礼满月周岁必备用品,,184.9,,https://detail.1688.com/offer/894024832374.html,held,product-identification-or-relevance-review
937550694618,baby-clothing,INS婴儿连体衣秋季长袖韩版儿童条纹新款宝宝外穿新生儿爬服衣服,Long-Sleeve Striped Baby Romper,25,3.67,https://detail.1688.com/offer/937550694618.html,included,
957639395118,baby-clothing,JQ婧麒婴儿衣服春秋季连体衣小月龄纯棉宝宝爬服新生儿哈衣空调服,Baby Romper,33.9,4.97,https://detail.1688.com/offer/957639395118.html,included,
968322972091,baby-clothing,中国风周岁喜庆包屁衣婴儿百天满月儿童连体衣抓周生日宴中式哈衣,Baby Romper,48.9,7.17,https://detail.1688.com/offer/968322972091.html,included,
1075630713642,baby-clothing,冬季新款童装婴儿连体衣  可爱星星月亮造型宝宝加绒加棉哈衣爬服,Baby Romper,60,8.8,https://detail.1688.com/offer/1075630713642.html,included,
842104739414,baby-clothing,百天宝宝可爱连体衣婴幼儿冬季加厚夹棉哈衣满月加绒冬装棉服透气,Baby Romper,61,8.94,https://detail.1688.com/offer/842104739414.html,included,
762935462482,baby-clothing,婴儿连体衣喜庆棉服秋冬季加厚夹棉新生儿棉服冬装棉袄帽秋冬外出,Baby Romper,47,6.89,https://detail.1688.com/offer/762935462482.html,included,
1088342497928,baby-clothing,定制跨境CPC认证竹纤维婴儿连体衣亚马逊2026新款新生儿宝宝爬服,Baby Romper,43,6.3,https://detail.1688.com/offer/1088342497928.html,included,
1088283341732,baby-clothing,定制跨境CPC认证竹纤维婴儿连体衣亚马逊2026新款新生儿爬服用品,Baby Romper,43,6.3,https://detail.1688.com/offer/1088283341732.html,included,
1032733959650,baby-clothing,2025年跨境婴儿衣服三件套包屁衣 短袖夏季外贸童装宝宝可爱连体,Short-Sleeve Baby Romper,23,3.37,https://detail.1688.com/offer/1032733959650.html,included,
704254230020,baby-clothing,新生婴儿夏季薄款纯棉连体衣初生新儿哈衣男女宝宝外出爬服和尚服,Baby Romper,26,3.81,https://detail.1688.com/offer/704254230020.html,included,
892470335393,baby-clothing,安阳童装无骨纯棉婴儿连体衣春秋新生儿哈衣爬服0-12个月宝宝打底,Baby Romper,14.5,2.13,https://detail.1688.com/offer/892470335393.html,included,
975737111727,baby-clothing,儿童卫衣套装女童春秋新款中大童女孩蕾丝时髦印花休闲宝宝两件套,Printed Baby Clothing Set,25,3.67,https://detail.1688.com/offer/975737111727.html,included,
983289894262,baby-clothing,2026北欧风婴幼儿秋季款针织连体衣男女宝宝秋冬季连帽毛衣长爬,Hooded Baby Romper,45.9,6.73,https://detail.1688.com/offer/983289894262.html,included,
915554588168,baby-clothing,婴儿爬服批发素色哈衣 新生儿衣服0-1岁纯色包屁衣可印花加LOGO,Printed Baby Romper,5.99,0.88,https://detail.1688.com/offer/915554588168.html,included,
941020255347,baby-clothing,MICHLEY婴幼童法兰绒动物连体衣跨境儿童爬服宝宝卡通造型演出服,Baby Romper,36,5.28,https://detail.1688.com/offer/941020255347.html,included,
737849374512,baby-clothing,MICHLEY法兰绒儿童动物连体衣动物造型连体衣跨境宝宝爬爬服,Baby Romper,35,5.13,https://detail.1688.com/offer/737849374512.html,included,
914301231750,baby-clothing,婴儿衣服纯棉a类初生宝宝无骨包屁衣三角哈衣服春秋新生儿连体衣,Baby Romper,12.5,1.83,https://detail.1688.com/offer/914301231750.html,included,
1067313668335,baby-clothing,婴儿包屁衣纯棉a类四季款新生儿信封领爬爬服宝宝衣服安阳婴童装,Baby Romper,14.9,2.18,https://detail.1688.com/offer/1067313668335.html,included,
891514782483,baby-clothing,婴儿衣服a类服装宝宝秋衣裤分体套装儿童纯棉睡衣安阳婴童装小童,Baby Clothing Set,16.5,2.42,https://detail.1688.com/offer/891514782483.html,included,
1021010441304,baby-clothing,源头工厂婴儿连体衣春季新款新生儿衣服男女宝宝纯棉哈衣外出,Baby Romper,17.5,2.57,https://detail.1688.com/offer/1021010441304.html,included,
891542288855,baby-clothing,婴儿保暖内衣春秋套装纯棉男女宝宝秋衣秋裤打底衣儿童全棉两件套,Baby Clothing Set,26,3.81,https://detail.1688.com/offer/891542288855.html,included,
862961558721,baby-clothing,女童背心裙韩版洋气中小童套装宝宝春秋复古灯芯绒连衣裙跨境,Baby Dress,21.9,3.21,https://detail.1688.com/offer/862961558721.html,included,
1001515651207,baby-clothing,跨境外贸圣诞婴儿新生儿四件套连体衣冬季新款爬服男女宝宝包屁衣,,20,,https://detail.1688.com/offer/1001515651207.html,held,product-identification-or-relevance-review
812236805862,baby-clothing,跨境亚马逊秋冬新款女童宝宝圣诞节长袖哈衣满印头带半身裙三件套,Long-Sleeve Baby Romper,23.9,3.5,https://detail.1688.com/offer/812236805862.html,included,
525547580624,baby-clothing,新生儿衣服包屁衣童裙 婴儿生日装短袖哈衣裙两件套女宝宝连身裙,Short-Sleeve Baby Romper,20.3,2.98,https://detail.1688.com/offer/525547580624.html,included,
788208319134,baby-clothing,包屁衣婴儿a类夏季薄款连体衣婴儿a类纯棉新生儿夏季服装a类哈衣,Baby Romper,25,3.67,https://detail.1688.com/offer/788208319134.html,included,
1089398068083,baby-clothing,定制跨境CPC认证竹纤维婴儿连体衣亚马逊2026新款新生儿宝宝爬服,Baby Romper,43,6.3,https://detail.1688.com/offer/1089398068083.html,included,
1086394343128,baby-clothing,定制跨境CPC认证竹纤维婴儿连体衣亚马逊2026新款新生儿宝宝爬服,Baby Romper,43,6.3,https://detail.1688.com/offer/1086394343128.html,included,
1060049625462,baby-clothing,童泰连体衣新生婴儿衣服0-3个月初生宝宝和尚服莫代尔棉A类蝴蝶衣,Baby Romper,49.9,7.32,https://detail.1688.com/offer/1060049625462.html,included,
1031257629741,baby-clothing,童泰跨境源头工厂婴儿包屁衣薄款透气莫代棉尔长袖三角连体亚马逊,Long-Sleeve Baby Romper,35.9,5.26,https://detail.1688.com/offer/1031257629741.html,included,
884959090500,baby-clothing,婴幼儿衣服童装新生儿四季款a类纯棉春秋长袖哈衣宝宝连体衣爬服,Long-Sleeve Baby Romper,23.5,3.45,https://detail.1688.com/offer/884959090500.html,included,
885329673935,baby-clothing,婴儿连体衣春季a类纯棉新生儿男女宝宝爬爬服四季外出安阳婴童装,Baby Romper,23.5,3.45,https://detail.1688.com/offer/885329673935.html,included,
957105558111,baby-clothing,婴儿连体衣春秋a类无骨睡衣初生宝宝四季连体哈衣爬服新生儿衣服,Baby Romper,14.5,2.13,https://detail.1688.com/offer/957105558111.html,included,
827849787871,baby-clothing,新款宝宝舒绒套装无骨卡通绣花婴儿秋衣秋裤立领束脚打底男童服装,Baby Clothing Set,25,3.67,https://detail.1688.com/offer/827849787871.html,included,
1024389964495,baby-clothing,26春秋款婴儿连体衣舒绒无骨立体卡通男童服装男女宝外穿哈衣爬服,Baby Romper,28.5,4.18,https://detail.1688.com/offer/1024389964495.html,included,
1086161077901,baby-clothing,薄款婴儿连体衣竹纤维弹力修身宝宝连体凉感透气,Baby Romper,26.9,3.94,https://detail.1688.com/offer/1086161077901.html,included,
810729379446,baby-clothing,儿童夏装新款短袖衬衫套装韩系男宝潮流时尚百搭短袖套装,,8.5,,https://detail.1688.com/offer/810729379446.html,held,product-identification-or-relevance-review
910276256456,baby-clothing,跨境热销哈衣延长片棉宝宝婴儿三角连体衣爬服包屁衣加长布垫,Baby Romper,1.5,0.22,https://detail.1688.com/offer/910276256456.html,included,
984198626188,baby-clothing,婴儿衣服冬款加厚夹棉连体衣小月龄宝宝外穿连帽加绒棉衣可爱抱衣,Hooded Baby Romper,72,10.56,https://detail.1688.com/offer/984198626188.html,included,
1070776175995,baby-clothing,2026新款婴儿秋季衣服男童宝宝帅气连体衣长袖POLO领洋气打底爬服,Long-Sleeve Baby Romper,28.9,4.24,https://detail.1688.com/offer/1070776175995.html,included,
971393238583,baby-clothing,抗菌儿童羊绒蛋白色草本保暖内衣套装打底秋衣裤男女童初中家居服,Children’s Clothing Set,19,2.79,https://detail.1688.com/offer/971393238583.html,included,
731645767446,baby-clothing,儿童西装礼服韩版男童主持合唱演出服中小童舞台走秀时尚马甲套装,,40.91,,https://detail.1688.com/offer/731645767446.html,held,product-identification-or-relevance-review
823122770413,baby-clothing,冬季儿童棉衣棉裤校服神器加绒加厚内胆套装男女童保暖衣套装批发,Children’s Clothing Set,17,2.49,https://detail.1688.com/offer/823122770413.html,included,
987562677130,baby-clothing,全棉抗菌儿童保暖内衣纯棉A类家居服男女童秋冬打底秋衣秋裤套装,Children’s Clothing Set,16,2.35,https://detail.1688.com/offer/987562677130.html,included,
588541675491,baby-clothing,清仓婴幼儿纱布爬行服连体衣高密双层纱布哈衣三个码66-73-80码,Baby Romper,6,0.88,https://detail.1688.com/offer/588541675491.html,included,
787356160494,baby-clothing,儿童西装礼服夏季新款英伦时尚马甲套装男童钢琴主持人朗诵演出服,,50,,https://detail.1688.com/offer/787356160494.html,held,product-identification-or-relevance-review
820316404505,baby-clothing,A类秋冬儿童保暖家居服男女中大童秋衣秋裤套装德绒保暖内衣批发,Children’s Clothing Set,18,2.64,https://detail.1688.com/offer/820316404505.html,included,
674519375572,baby-clothing,2026夏季新款童套装 欧美风格男童短袖T恤套装实力工厂批发代发,Short-Sleeve Children’s Clothing Set,27.8,4.08,https://detail.1688.com/offer/674519375572.html,included,
761618490413,baby-clothing,夏季男童套装欧美时尚可爱恐龙儿童短袖两件套针织棉圆领T恤套装,Short-Sleeve Round-Neck Children’s Clothing Set,27.8,4.08,https://detail.1688.com/offer/761618490413.html,included,
1027552288396,baby-clothing,婴儿连体衣春秋冬季三层保暖哈衣翻领无骨超柔女宝宝爬服安阳童装,Baby Romper,35.9,5.26,https://detail.1688.com/offer/1027552288396.html,included,
989517302451,baby-clothing,婴儿连体衣30g保暖新生儿秋冬无骨夹棉长袖哈衣宝宝爬服安阳童装,Long-Sleeve Baby Romper,29.9,4.38,https://detail.1688.com/offer/989517302451.html,included,
1075066182607,baby-clothing,跨境A类棉质连体衣婴儿夏薄款开襟短袖平角爬服男女宝宝衣服哈衣,Short-Sleeve Baby Romper,10,1.47,https://detail.1688.com/offer/1075066182607.html,included,
991568428015,baby-clothing,跨境欧美电影角色扮演服装婴童哈衣婴儿幼儿连体衣爬行衣柔软舒适,Baby Romper,48,7.04,https://detail.1688.com/offer/991568428015.html,included,
1078420097444,baby-clothing,婴儿春秋连体衣纯棉超萌女宝粉色长袖衣服可爱小兔秋季新生儿哈衣,Long-Sleeve Baby Romper,23.9,3.5,https://detail.1688.com/offer/1078420097444.html,included,
1087771484170,baby-clothing,婴儿连体衣a类无骨哈衣爬服宝宝长袖肩开衣服幼儿条纹春秋连体衣,Long-Sleeve Striped Baby Romper,33.07,4.85,https://detail.1688.com/offer/1087771484170.html,included,
1077110266604,baby-clothing,婴儿春秋款连体衣超萌宝宝秋季纯棉衣服新生儿肩开长袖哈衣外出服,Long-Sleeve Baby Romper,23.9,3.5,https://detail.1688.com/offer/1077110266604.html,included,
1089398272478,baby-clothing,定制跨境CPC认证竹纤维婴儿连体衣亚马逊2026新款新生儿宝宝爬服,Baby Romper,43,6.3,https://detail.1688.com/offer/1089398272478.html,included,
1084467971181,baby-clothing,婴儿衣服冬装连体衣女宝宝碎花洋气夹棉加厚爬服保暖棉衣外出服,Printed Baby Romper,48.05,7.05,https://detail.1688.com/offer/1084467971181.html,included,
722731456921,baby-clothing,跨境专供万圣节婴儿服饰卡通南瓜网纱哈衣裙2件套宝宝派对礼服,Baby Romper,21.3,3.12,https://detail.1688.com/offer/722731456921.html,included,
993016963056,baby-clothing,婴儿加厚连体衣秋冬季加绒女宝宝包屁衣红色中国风周岁礼服过年服,Baby Romper,57.8,8.48,https://detail.1688.com/offer/993016963056.html,included,
832349356374,baby-clothing,新生婴儿连体衣无骨哈衣长袖春秋棉初生和尚服男女宝宝衣服蝴蝶衣,Long-Sleeve Baby Romper,12.5,1.83,https://detail.1688.com/offer/832349356374.html,included,
641876235254,baby-clothing,跨境夏季婴儿套装卡通布贴蛋糕短袖哈衣生日包屁衣纯色蓬蓬裙3件,Short-Sleeve Baby Romper,29,4.25,https://detail.1688.com/offer/641876235254.html,included,
1075616033675,baby-clothing,婴儿条纹小象长袖套装A类纯棉宝宝秋装家居服新生儿透气内衣两件,,32.9,,https://detail.1688.com/offer/1075616033675.html,held,product-identification-or-relevance-review
734000103348,baby-clothing,婴儿连体衣夹棉秋冬长袖哈衣薄棉宝宝衣服秋款爬爬服初生婴儿衣服,Long-Sleeve Baby Romper,33.9,4.97,https://detail.1688.com/offer/734000103348.html,included,
961145680938,baby-clothing,婴儿春秋季衣服针织绣花哈衣宝宝春装小月龄外出服儿童背带包屁裤,Baby Romper,25.88,3.79,https://detail.1688.com/offer/961145680938.html,included,
787005381468,baby-clothing,婴儿衣服包屁衣婴儿夏季衣服a类夏季连衣薄款新生儿纱布连体衣短,Baby Romper,19.9,2.92,https://detail.1688.com/offer/787005381468.html,included,
659430233752,baby-clothing,新生儿衣服春秋哈衣长袖连体蝴蝶衣爬服韩版宝宝衣服纯棉婴儿衣服,Long-Sleeve Baby Romper,16.9,2.48,https://detail.1688.com/offer/659430233752.html,included,
893937165210,baby-clothing,婴儿纯棉连体衣女宝宝春秋汉服哈衣长袖唐装国风爬服新生儿连身衣,Long-Sleeve Baby Romper,29,4.25,https://detail.1688.com/offer/893937165210.html,included,
679692313621,baby-clothing,婴儿秋装薄款夹棉哈衣爬服宝宝衣服新生儿连体衣婴童婴儿秋冬衣服,Baby Romper,37.9,5.56,https://detail.1688.com/offer/679692313621.html,included,
774513127496,baby-clothing,女童套装春秋2024新款女宝宝公主风针织短裤+背心两件套婴儿衣服,Baby Clothing Set,19.9,2.92,https://detail.1688.com/offer/774513127496.html,included,
967203279470,baby-clothing,婴儿衣服春秋三层保暖公主风3-12月女宝宝夹棉连体衣哈衣爬服冬装,Baby Romper,26.9,3.94,https://detail.1688.com/offer/967203279470.html,included,
1062999779442,baby-clothing,婴儿连体衣春秋季纯棉无骨宝宝衣服连帽款兔耳哈衣无骨外出爬爬服,Hooded Baby Romper,22.9,3.36,https://detail.1688.com/offer/1062999779442.html,included,
908249734396,baby-clothing,婴儿连体衣服纯棉无骨哈衣婴儿a类纯棉新生儿夏季服装a类哈衣,Baby Romper,8.8,1.29,https://detail.1688.com/offer/908249734396.html,included,
1004927075441,baby-clothing,套装冬装婴儿保暖加厚分体夹棉衣服儿童秋冬季宝宝秋衣内衣拜年服,Baby Clothing Set,40.8,5.98,https://detail.1688.com/offer/1004927075441.html,included,
1068710562997,baby-clothing,童泰新生儿蝴蝶哈衣初生宝宝无骨哈衣爬服春秋款长袖婴儿连体衣A,Long-Sleeve Baby Romper,65,9.53,https://detail.1688.com/offer/1068710562997.html,included,
1051822063435,baby-clothing,童泰宝宝包屁衣26春长袖A 类婴儿衣服无骨偏开婴幼儿连体哈衣爬服,Long-Sleeve Baby Romper,39.9,5.85,https://detail.1688.com/offer/1051822063435.html,included,
683205615610,baby-clothing,阿宝囡囡秋冬韩版婴幼儿条纹包屁衣 ins宝宝抓绒加厚小熊公仔爬服,Striped Baby Romper,36.1,5.29,https://detail.1688.com/offer/683205615610.html,included,
897842199631,baby-clothing,【专柜货】棉婴儿连体衣四季男女宝宝衣服新生儿哈衣满月礼洋气,Baby Romper,11.5,1.69,https://detail.1688.com/offer/897842199631.html,included,
1002543684081,baby-clothing,跨境婴儿连体衣包脚爬衣新生儿男女宝宝棉质纯色信封领长袖爬爬服,Long-Sleeve Baby Romper,9.6,1.41,https://detail.1688.com/offer/1002543684081.html,included,
1077778231848,baby-clothing,跨境新生儿宝宝秋季棉质纯色长爬哈衣帽子口水巾睡袋组合婴儿礼盒,Baby Romper,34,4.99,https://detail.1688.com/offer/1077778231848.html,included,
1067876204606,baby-clothing,月子中心加工定制婴儿连体衣印LOGO印图案全棉四季款无骨蝴蝶衣,Baby Romper,13,1.91,https://detail.1688.com/offer/1067876204606.html,included,
1078908798533,baby-clothing,婴儿春秋连体衣纯棉女宝宝粉色衣服公主风长袖哈衣爬服秋季外出服,Long-Sleeve Baby Romper,23.9,3.5,https://detail.1688.com/offer/1078908798533.html,included,
1079705277169,baby-clothing,婴儿春秋连体衣长袖碎花女宝宝秋季衣服娃娃领新生儿公主风外出服,Long-Sleeve Printed Baby Romper,23.9,3.5,https://detail.1688.com/offer/1079705277169.html,included,
830946498351,baby-clothing,INS婴儿连体衣春秋季女宝宝衣服新生儿假两件满月百天公主包屁衣,Baby Romper,38,5.57,https://detail.1688.com/offer/830946498351.html,included,
966572161120,baby-clothing,婴儿连体衣长袖对开扣爬服纯棉a类无骨哈衣新生儿衣服宝宝外出服,Long-Sleeve Baby Romper,14.5,2.13,https://detail.1688.com/offer/966572161120.html,included,
1032762521754,baby-clothing,婴儿连体衣秋冬季40g夹棉宝宝柔软爬爬服无骨新生儿哈衣安阳童装,Baby Romper,35.9,5.26,https://detail.1688.com/offer/1032762521754.html,included,
997335849855,baby-clothing,婴儿衣服秋冬季女宝宝夹棉连体衣加厚爬服新生儿外出哈衣安阳童装,Baby Romper,42.9,6.29,https://detail.1688.com/offer/997335849855.html,included,
957465355360,baby-clothing,JQ婧麒婴儿连体衣保暖秋装夹棉婴幼儿宝宝衣服秋冬哈衣薄棉套装,Baby Romper,41.8,6.13,https://detail.1688.com/offer/957465355360.html,included,
824527365927,baby-clothing,婴幼儿a类衣服新生儿四季款包屁衣纯棉宝宝衣服长婴儿包屁衣,Baby Romper,23,3.37,https://detail.1688.com/offer/824527365927.html,included,
1073459270687,baby-clothing,婴儿衣服秋冬季新生儿连体衣a类纯棉宝宝秋装长袖对开哈衣,Long-Sleeve Baby Romper,39,5.72,https://detail.1688.com/offer/1073459270687.html,included,
887395428509,baby-clothing,贝肽斯婴儿衣服夏季透气薄款网眼宝宝连体衣七分袖纯棉a类空调服,Baby Romper,46.9,6.88,https://detail.1688.com/offer/887395428509.html,included,
897095989964,baby-clothing,贝肽斯婴儿衣服春秋新款透气男女宝宝连体衣九分袖新生儿睡衣新款,Baby Romper,53.9,7.9,https://detail.1688.com/offer/897095989964.html,included,
1088358041008,baby-clothing,定制跨境CPC认证竹纤维婴儿连体衣亚马逊2026新款新生儿宝宝爬服,Baby Romper,43,6.3,https://detail.1688.com/offer/1088358041008.html,included,
1079309629597,baby-clothing,冬季儿童羽绒服中小童90白鸭绒外套冬天超时髦保暖上衣男宝宝冬装,Baby Jacket,30,4.4,https://detail.1688.com/offer/1079309629597.html,included,
1079279284503,baby-clothing,婴儿衣服春秋女宝宝洋气连体衣可爱超萌哈衣爬爬服满月百天哈衣服,Baby Romper,55,8.06,https://detail.1688.com/offer/1079279284503.html,included,
1079174528232,baby-clothing,春秋新款男女宝宝背带裤婴童卡通可爱小恐龙连帽爬服套装0153A099,Hooded Baby Romper,44.9,6.58,https://detail.1688.com/offer/1079174528232.html,included,
1079123601283,baby-clothing,秋冬季婴儿连体衣长袖保暖内穿家居服新生儿宝宝纯棉A类哈衣爬服,Long-Sleeve Baby Romper,8,1.17,https://detail.1688.com/offer/1079123601283.html,included,
1079093453498,baby-clothing,秋装连体婴儿爬服洋气网纱女童包屁裙甜美可爱高颜值超仙公主裙,Baby Romper,42,6.16,https://detail.1688.com/offer/1079093453498.html,included,
1079008991383,baby-clothing,婴儿纯棉连体衣春秋季无骨长袖爬服新生儿95棉哈衣男女宝打底睡衣,Long-Sleeve Baby Romper,16,2.35,https://detail.1688.com/offer/1079008991383.html,included,
1078954644868,baby-clothing,韩系女宝春秋新款碎花连帽连体衣女宝宝蕾丝兔耳帽洋气外出爬服,Printed Hooded Baby Romper,40,5.87,https://detail.1688.com/offer/1078954644868.html,included,
1078841073859,baby-clothing,婴儿薄棉连体衣秋冬款洋气女宝宝可爱冬装哈衣新生儿夹棉保暖衣服,Baby Romper,22,3.23,https://detail.1688.com/offer/1078841073859.html,included,
1078836534845,baby-clothing,儿童秋衣秋裤加绒加厚冬季2026新款男童保暖内衣套装宝宝女孩宝宝,Baby Clothing Set,12.9,1.89,https://detail.1688.com/offer/1078836534845.html,included,
1078833733866,baby-clothing,女童宝宝秋款法式学院风针织哈衣,Baby Romper,42.9,6.29,https://detail.1688.com/offer/1078833733866.html,included,
1078816269377,baby-clothing,新生婴幼儿衣服冬季宝宝加绒哈衣男女童连体衣套装外穿抱衣,Baby Romper,41,6.01,https://detail.1688.com/offer/1078816269377.html,included,
1078798169708,baby-clothing,秋冬加绒保暖连帽连体衣拉链爬服双面丹麦绒小雨伞婴儿衣服,Hooded Baby Romper,51.5,7.55,https://detail.1688.com/offer/1078798169708.html,included,
1078733038487,baby-clothing,男宝宝连体衣秋装超萌婴儿衣服秋季外套男婴冲锋衣秋天外出服爬服,Baby Romper,46.68,6.84,https://detail.1688.com/offer/1078733038487.html,included,
1078647718485,baby-clothing,夹棉连体衣婴儿秋冬纯棉a类居家贴身偏开护肚爬爬服初生宝宝衣服,Baby Romper,47.9,7.02,https://detail.1688.com/offer/1078647718485.html,included,
1078525493178,baby-clothing,婴儿春秋新款牛仔连体衣男宝时尚卡通可爱长袖连帽牛仔哈衣外出服,Long-Sleeve Hooded Baby Romper,47,6.89,https://detail.1688.com/offer/1078525493178.html,included,
1078486282194,baby-clothing,男童秋装套装2026新款男孩酷帅运动polo衫儿童宝宝卫衣洋气春秋款,Baby Clothing Set,37,5.43,https://detail.1688.com/offer/1078486282194.html,included,
1078215093761,baby-clothing,婴儿周岁连体衣纯棉宝宝哈衣百天满月喜庆拜年服中国风新生儿衣服,Baby Romper,57,8.36,https://detail.1688.com/offer/1078215093761.html,included,
1078149312326,baby-clothing,婴儿分体套装秋冬保暖a类男女宝宝夹棉内衣高腰护肚免脱秋衣秋裤,Baby Clothing Set,25.9,3.8,https://detail.1688.com/offer/1078149312326.html,included,
1078132180797,baby-clothing,茉茉哩2026秋季男女宝宝套装洋气韩版休闲两件套外出卫衣套装9099,Baby Clothing Set,85,12.46,https://detail.1688.com/offer/1078132180797.html,included,
1078124688605,baby-clothing,婴儿衣服春秋女宝宝洋气连体衣可爱超萌公主哈衣爬爬服外出长袖衣,Long-Sleeve Baby Romper,52,7.62,https://detail.1688.com/offer/1078124688605.html,included,
1077955869223,baby-clothing,满月宝宝周岁礼服中式衣服红色喜庆春秋百天婴儿春装连体衣爬服,Baby Romper,49.04,7.19,https://detail.1688.com/offer/1077955869223.html,included,
1077938666125,baby-clothing,男宝宝带领结小熊连体衣婴幼儿假两件衬衫领哈衣新生儿周岁宴礼服,Baby Romper,48.9,7.17,https://detail.1688.com/offer/1077938666125.html,included,
1077763044048,baby-clothing,男童秋装套装2026新款酷帅潮流儿童奥特曼衣服男宝宝春秋季两件套,Baby Clothing Set,78,11.44,https://detail.1688.com/offer/1077763044048.html,included,
1077709866578,baby-clothing,纯棉长袖a类连体衣衣婴儿春秋纯色新生儿棉质无骨四季款连体衣,Long-Sleeve Baby Romper,16,2.35,https://detail.1688.com/offer/1077709866578.html,included,
1077377739737,baby-clothing,男宝宝春装套装儿童洋气小童帅气2婴儿衣服1-3岁挂件毛衣三件套潮,Baby Clothing Set,57,8.36,https://detail.1688.com/offer/1077377739737.html,included,
1077270467402,baby-clothing,新生婴儿衣服秋冬季保暖连体衣男女宝宝满月抱衣厂家直销一件代发,Baby Romper,41,6.01,https://detail.1688.com/offer/1077270467402.html,included,
1077171024926,baby-clothing,婴儿衣服春秋女宝宝外出连体衣可爱超萌公主哈衣爬爬服满月百天服,Baby Romper,55,8.06,https://detail.1688.com/offer/1077171024926.html,included,
1077127912123,baby-clothing,女童春秋款蓬蓬裙子秋装2026新款儿童秋季连衣裙套装女宝宝公主裙,Baby Dress,66.5,9.75,https://detail.1688.com/offer/1077127912123.html,included,
1077055712826,baby-clothing,工厂直销婴幼儿春秋绣花插肩卫衣套装宝宝日常百搭外出两件套,Baby Clothing Set,39,5.72,https://detail.1688.com/offer/1077055712826.html,included,
1077036502991,baby-clothing,婴儿衣服秋季哈衣连体衣满月公主百天宝宝春秋女新生儿外出爬爬服,Baby Romper,48.16,7.06,https://detail.1688.com/offer/1077036502991.html,included,
1076968352499,baby-clothing,春秋跨境婴儿针织连体衣四道杠学院风宝宝毛线哈衣新生儿长袖爬服,Long-Sleeve Baby Romper,55,8.06,https://detail.1688.com/offer/1076968352499.html,included,
1076962883081,baby-clothing,暖心猫秋冬小童薄棉立领套装线条小狗宝宝二件套套装73-90码,,46,,https://detail.1688.com/offer/1076962883081.html,held,product-identification-or-relevance-review
1076952922302,baby-clothing,a类舒绒棉磨毛抗菌新生婴儿分体套装长袖宝宝秋衣秋裤儿童家居服,Long-Sleeve Baby Clothing Set,25.8,3.78,https://detail.1688.com/offer/1076952922302.html,included,
1076847062613,baby-clothing,JQ婧麒女宝宝秋衣套装纯棉衣服春秋斜襟免脱裤子无骨婴儿秋衣秋裤,Baby Clothing Set,39.9,5.85,https://detail.1688.com/offer/1076847062613.html,included,
1076830004629,baby-clothing,女童春秋新款花边领长袖套装女宝宝连体衣外出哈衣爬服可爱两件套,Long-Sleeve Baby Romper,38,5.57,https://detail.1688.com/offer/1076830004629.html,included,
1076740524424,baby-clothing,婴儿连体衣早春款加绒温感打底小童衣服春秋外出新生儿衣服哈衣,Baby Romper,15.3,2.24,https://detail.1688.com/offer/1076740524424.html,included,
1076720696094,baby-clothing,A类纯棉秋季婴儿长袖连体衣宝宝哈衣爬服柔软舒适双层护肚和尚服,Long-Sleeve Baby Romper,23,3.37,https://detail.1688.com/offer/1076720696094.html,included,
1076711445968,baby-clothing,宝宝百天满月周岁礼服月龄外出爬服哈衣婴儿秋季衣服婴幼儿连体衣,Baby Romper,49,7.18,https://detail.1688.com/offer/1076711445968.html,included,
1076673615240,baby-clothing,INS婴儿衣服秋季新款女宝宝气质包屁衣公主礼服裙连体衣新生儿a类,Baby Romper,41.8,6.13,https://detail.1688.com/offer/1076673615240.html,included,
1076655906831,baby-clothing,多巴胺女童花朵卫衣时髦套装女宝宝春秋装26洋气休闲打底裤两件套,Baby Clothing Set,55.5,8.14,https://detail.1688.com/offer/1076655906831.html,included,
1076651458115,baby-clothing,秋冬抗菌儿童内衣套装纯棉宝宝秋衣女童秋衣秋裤保暖a类睡衣无骨,Baby Clothing Set,39,5.72,https://detail.1688.com/offer/1076651458115.html,included,
1076623904648,baby-clothing,婴儿连体衣舒绒加厚保暖贴身哈衣柔软亲肤纯棉秋冬长袖连体衣,Long-Sleeve Baby Romper,25.6,3.75,https://detail.1688.com/offer/1076623904648.html,included,
1076619516858,baby-clothing,女宝秋装套装洋气儿童女孩春秋婴儿衣服蝴蝶结吊带三件套2026新款,Baby Clothing Set,52,7.62,https://detail.1688.com/offer/1076619516858.html,included,
1076600430847,baby-clothing,婴儿秋冬保暖连体衣夹棉宝宝薄棉连身哈衣A类新生婴儿外出服爬服,Baby Romper,19,2.79,https://detail.1688.com/offer/1076600430847.html,included,
1076588487612,baby-clothing,童装女童秋季衣服公主风时尚粉色外穿套装两件套1一3岁女宝宝秋装,Baby Clothing Set,68.9,10.1,https://detail.1688.com/offer/1076588487612.html,included,
1076500561781,baby-clothing,男女宝宝春秋婴幼简约北欧风韩系ins时髦穿搭举重裤套装三件套,Baby Clothing Set,51.9,7.61,https://detail.1688.com/offer/1076500561781.html,included,
1076438522540,baby-clothing,婴儿秋冬款连体衣男女宝宝秋季a类无骨暖姜保暖爬爬服新生儿衣服,Baby Romper,55,8.06,https://detail.1688.com/offer/1076438522540.html,included,
1076371543286,baby-clothing,JQ婧麒婴儿长袖连体衣春秋季男女纯棉蝴蝶衣秋装小月龄宝宝哈衣服,Long-Sleeve Baby Romper,47.9,7.02,https://detail.1688.com/offer/1076371543286.html,included,
1076353780729,baby-clothing,男童秋装套装小新款三件套秋季2026长袖帅气童装帅气宝宝牛仔外套,Long-Sleeve Baby Clothing Set,52.49,7.7,https://detail.1688.com/offer/1076353780729.html,included,
1076149380325,baby-clothing,婴儿连体衣春秋季无骨男女宝宝哈衣打底爬服莱赛尔棉简约纯色睡衣,Baby Romper,27.9,4.09,https://detail.1688.com/offer/1076149380325.html,included,
1076135867361,baby-clothing,女宝宝套装秋季新款婴幼儿背带裤连体衣打底衫婴儿装两件套,Baby Romper,50.96,7.47,https://detail.1688.com/offer/1076135867361.html,included,
1076128236468,baby-clothing,婴儿桑蚕丝羊毛连体衣宝宝保暖秋装衣服拉链新生儿打底衫哈衣爬服,Baby Romper,29.8,4.37,https://detail.1688.com/offer/1076128236468.html,included,
1076127225589,baby-clothing,斑点小狗印花婴儿连体衣秋冬季款新生儿亲肤保暖宝宝外出长袖哈衣,Long-Sleeve Printed Baby Romper,23.9,3.5,https://detail.1688.com/offer/1076127225589.html,included,
1076061834115,baby-clothing,新生婴儿衣服a类有机棉无骨四层护肚纯棉春秋7A抗菌宝宝连体衣服,Baby Romper,45.8,6.72,https://detail.1688.com/offer/1076061834115.html,included,
1075842748441,baby-clothing,安吉小鸭宝宝秋衣秋裤套装卡通满印舒绒睡衣贴身婴儿分体家居服,Baby Clothing Set,25.9,3.8,https://detail.1688.com/offer/1075842748441.html,included,
1075694465527,baby-clothing,韩系婴儿灯芯绒连体衣翻领按扣宝宝爬服春秋款婴幼儿外出哈衣跨境,Baby Romper,45,6.6,https://detail.1688.com/offer/1075694465527.html,included,
1075659654823,baby-clothing,安阳婴童装婴儿连体衣春秋新款肩扣爬服男女宝宝睡衣卡通套头打底,Baby Romper,28.9,4.24,https://detail.1688.com/offer/1075659654823.html,included,
1075655713750,baby-clothing,新生婴儿衣服宝宝秋冬款暖姜保暖贴身衣春秋季婴幼儿连体衣爬服,Baby Romper,55,8.06,https://detail.1688.com/offer/1075655713750.html,included,
1075513419025,baby-clothing,【上衣+背带裤套装】婴儿背带裤春秋新款儿童裤子男女童宝宝连体,Baby Clothing Set,37.9,5.56,https://detail.1688.com/offer/1075513419025.html,included,
1075487736034,baby-clothing,清仓合集】婴儿棉服秋冬a类夹棉服新生儿衣服保暖国风宝宝连体衣,Baby Romper,9.9,1.45,https://detail.1688.com/offer/1075487736034.html,included,
1075487194446,baby-clothing,婴幼儿a类内衣套装春秋纯棉宝宝秋衣秋裤无骨分体睡衣小童家居服,Baby Clothing Set,24.9,3.65,https://detail.1688.com/offer/1075487194446.html,included,
1075481358299,baby-clothing,新生婴儿连体衣纯棉A类无骨初生衣服春秋和尚服宝宝哈衣爬服四季,Baby Romper,17.5,2.57,https://detail.1688.com/offer/1075481358299.html,included,
1075413677178,baby-clothing,春秋新款女宝宝连体衣A类小香风针织公主毛衣满月婴儿爬爬服哈衣,Baby Romper,48,7.04,https://detail.1688.com/offer/1075413677178.html,included,
1075350425698,baby-clothing,儿童彩棉秋衣秋裤套装纯棉无骨A类男女童保暖家居服宝宝打底睡衣,Baby Clothing Set,8.5,1.25,https://detail.1688.com/offer/1075350425698.html,included,
1075337413135,baby-clothing,婴童摇粒绒爬服2026秋冬韩版宝宝连帽外套女童男童保暖衣服连体衣,Hooded Baby Romper,45,6.6,https://detail.1688.com/offer/1075337413135.html,included,
1075240921243,baby-clothing,立暖同心秋冬120克薄棉儿童小棉袄宝宝单件衣73-100码,,26,,https://detail.1688.com/offer/1075240921243.html,held,product-identification-or-relevance-review
1075213994682,baby-clothing,婴儿分体套装纯棉女宝宝春秋衣秋裤甜美家居服秋装洋气衣服两件套,Baby Clothing Set,22,3.23,https://detail.1688.com/offer/1075213994682.html,included,
1075183915984,baby-clothing,【上衣+背带裤套装】男女宝秋季帅气时髦婴儿衣服春秋两件套外出,Baby Clothing Set,36.9,5.41,https://detail.1688.com/offer/1075183915984.html,included,
1075022693189,baby-clothing,婴儿红色喜庆连体衣翻领花边刺绣百天满月礼服宝宝蝴蝶结外出爬服,Baby Romper,45.9,6.73,https://detail.1688.com/offer/1075022693189.html,included,
1074918482399,baby-clothing,童装女童秋季衣服儿童纯棉长袖休闲韩系套装一岁半女宝宝幼儿秋装,,28.9,,https://detail.1688.com/offer/1074918482399.html,held,product-identification-or-relevance-review
1074873289191,baby-clothing,童装男童秋季儿童酷帅纯棉长袖卫衣卫裤套装两件套一岁男宝宝秋装,Long-Sleeve Baby Clothing Set,48.9,7.17,https://detail.1688.com/offer/1074873289191.html,included,
1074789813719,baby-clothing,童装女童秋冬加绒保暖卫衣喇叭裤洋气小公主套装1一3岁女宝宝冬装,Baby Clothing Set,58.9,8.64,https://detail.1688.com/offer/1074789813719.html,included,
1074784092607,baby-clothing,女小童套装2026秋季新款儿童时髦针织开衫女宝宝黑色波点裤两件套,Baby Clothing Set,52,7.62,https://detail.1688.com/offer/1074784092607.html,included,
1074734024773,baby-clothing,婴儿连体衣春秋韩版女宝宝三角包屁衣新生儿满月百天红色长袖哈衣,Long-Sleeve Baby Romper,42.8,6.28,https://detail.1688.com/offer/1074734024773.html,included,
1074713536243,baby-clothing,定制英国风婴儿豹纹连体衣冬季加绒加厚宝宝外出哈衣新生儿爬服,Baby Romper,53.99,7.92,https://detail.1688.com/offer/1074713536243.html,included,
1074699224295,baby-clothing,小叮当新生儿长袖三角爬服兰精莫代尔包屁衣男女宝宝套头打底哈衣,Long-Sleeve Baby Romper,31.8,4.66,https://detail.1688.com/offer/1074699224295.html,included,
1074689840694,baby-clothing,婴儿秋衣秋裤纯棉高腰护肚内衣套装分体男女宝宝春秋打底家居睡衣,Baby Clothing Set,18.5,2.71,https://detail.1688.com/offer/1074689840694.html,included,
1074647116870,baby-clothing,婴儿套头纯棉秋衣秋裤套装春秋男女童无骨分体a类内衣宝宝两件套,Baby Clothing Set,17,2.49,https://detail.1688.com/offer/1074647116870.html,included,
1074609073705,baby-clothing,婴儿分体套装春秋款纯棉无骨秋衣秋裤子偏扣男幼女宝宝春装两件套,Baby Clothing Set,19.9,2.92,https://detail.1688.com/offer/1074609073705.html,included,
1074405774751,baby-clothing,婴儿保暖马甲春秋季宝宝夹棉背心儿童坎肩马夹新生儿护肚上衣安阳,Baby Top,12.4,1.82,https://detail.1688.com/offer/1074405774751.html,included,
1074322239144,baby-clothing,婴儿衣服莱赛尔棉长袖幼儿爬服内搭弹力四季款哈衣男女宝宝连体衣,Long-Sleeve Baby Romper,23.9,3.5,https://detail.1688.com/offer/1074322239144.html,included,
1074303789297,baby-clothing,点兮秋季新款女宝甜美碎花连体衣婴幼儿卡通贴布披肩洋气长爬爬服,Printed Baby Romper,56.9,8.34,https://detail.1688.com/offer/1074303789297.html,included,
1074296949157,baby-clothing,婴儿衣服2026新款小月龄女宝宝红色百天爬服可爱草莓娃娃领连体衣,Baby Romper,49,7.18,https://detail.1688.com/offer/1074296949157.html,included,
1074288492748,baby-clothing,【胎柔·莫棉】新生儿连体衣宝宝爬服兰精莫代尔包屁衣婴儿衣服,Baby Romper,29.8,4.37,https://detail.1688.com/offer/1074288492748.html,included,
1074284881299,baby-clothing,秋冬季新款婴儿加绒保暖连体衣男女宝宝外出服无骨哈衣加厚爬爬服,Baby Romper,15,2.2,https://detail.1688.com/offer/1074284881299.html,included,
1074284547925,baby-clothing,婴儿衣服女宝宝外出连体衣春秋可爱超萌爬爬服长袖满月百天哈衣服,Long-Sleeve Baby Romper,55,8.06,https://detail.1688.com/offer/1074284547925.html,included,
1074207922016,baby-clothing,花田糖秋冬婴幼儿舒绒棉肩扣内衣套装卡通拼色宝宝二件套73-90码,Baby Clothing Set,23,3.37,https://detail.1688.com/offer/1074207922016.html,included,
1074182221219,baby-clothing,婴儿衣服男女宝宝秋季翻领连体衣纯棉a类新生儿外出哈衣长袖爬服,Long-Sleeve Baby Romper,45.9,6.73,https://detail.1688.com/offer/1074182221219.html,included,
1074119640784,baby-clothing,童装春秋儿童内衣套装纯棉秋衣男童女宝宝秋衣秋裤睡衣家居服批发,Baby Clothing Set,9.3,1.36,https://detail.1688.com/offer/1074119640784.html,included,
1074063905522,baby-clothing,男童户外套装长袖长裤春秋装休闲运动装童装儿童宝宝扎染卫衣套装,Long-Sleeve Baby Clothing Set,38.5,5.65,https://detail.1688.com/offer/1074063905522.html,included,
1074039089080,baby-clothing,2026秋款女宝宝周岁生日宴哈衣甜美女童公主裙包屁衣抓周缎面爬服,Baby Romper,46,6.74,https://detail.1688.com/offer/1074039089080.html,included,
1074024969567,baby-clothing,26童装衣服包屁衣女童秋款长袖连衣裙子姐妹装纯棉女宝宝A类纯棉,Long-Sleeve Baby Romper,45,6.6,https://detail.1688.com/offer/1074024969567.html,included,
1073980848181,baby-clothing,跨境儿童马甲套装2026秋季男童卡通连帽马夹女宝宝中小童背心坎肩,Hooded Baby Hat,19.9,2.92,https://detail.1688.com/offer/1073980848181.html,included,
1073935131138,baby-clothing,婴儿按扣保暖内衣套装无骨高腰护肚分体睡衣新生儿偏开襟秋衣秋裤,Baby Clothing Set,21.9,3.21,https://detail.1688.com/offer/1073935131138.html,included,
1073901081755,baby-clothing,2026秋韩男女款背带裤袜松紧纯色潮款婴儿连裤袜宝宝春大PP打底裤,Baby Trousers,24.8,3.64,https://detail.1688.com/offer/1073901081755.html,included,
1073789855670,baby-clothing,男女宝宝连体衣春秋季纯棉婴儿衣服冬天打底无骨哈衣爬服外出秋装,Baby Romper,19.5,2.86,https://detail.1688.com/offer/1073789855670.html,included,
1073776403324,baby-clothing,40克薄棉高腰分体套装宝宝春秋无骨护肚衣儿童家居衣婴儿保暖衣,,26.9,,https://detail.1688.com/offer/1073776403324.html,held,product-identification-or-relevance-review
1073746529908,baby-clothing,婴幼儿衣服韩版秋季洋气蕾丝包屁衣女宝宝连体衣满月百日宴公主裙,Baby Romper,41.8,6.13,https://detail.1688.com/offer/1073746529908.html,included,
1073729665458,baby-clothing,A类婴儿秋衣秋裤a类纯棉春秋宝宝衣服女童打底内衣套装家居服睡衣,Baby Clothing Set,22.9,3.36,https://detail.1688.com/offer/1073729665458.html,included,
1073724697165,baby-clothing,婴儿秋装衣服男宝宝针织衫外套秋季男童分体两件套早秋儿童外出服,Baby Clothing Set,49,7.18,https://detail.1688.com/offer/1073724697165.html,included,
1073646458418,baby-clothing,女童哈衣2026秋冬款女宝宝蝴蝶结长袖小女孩法式甜美白色公主哈衣,Long-Sleeve Baby Romper,53,7.77,https://detail.1688.com/offer/1073646458418.html,included,
1073554694187,baby-clothing,网红婴儿牛仔连体衣秋装韩版洋气0一1岁男女宝宝衣服春秋哈衣爬服,Baby Romper,45.32,6.65,https://detail.1688.com/offer/1073554694187.html,included,
1073552579725,baby-clothing,婴幼儿舒绒棉内衣套装秋季宝宝秋衣秋裤a类无骨中小童睡衣家居服,Baby Clothing Set,25.9,3.8,https://detail.1688.com/offer/1073552579725.html,included,
1073522781999,baby-clothing,婴儿宝宝秋装2026新款套装儿童牛仔连体衣洋气条纹上衣背带套装,Striped Baby Romper,41,6.01,https://detail.1688.com/offer/1073522781999.html,included,
1073510881016,baby-clothing,马年婴儿连体衣满月百天周岁衣服纯棉春秋季长袖哈衣国潮爬服5655,Long-Sleeve Baby Romper,49,7.18,https://detail.1688.com/offer/1073510881016.html,included,
1073495135017,baby-clothing,婴儿衣服春秋女宝宝外出连体衣可爱超萌满月百天公主哈衣长袖爬服,Long-Sleeve Baby Romper,55,8.06,https://detail.1688.com/offer/1073495135017.html,included,
1073493206823,baby-clothing,婴儿四季有机棉长袖对开a类纯棉无骨宝宝连体衣爬服春秋送婴儿帽,Long-Sleeve Baby Romper,55.9,8.2,https://detail.1688.com/offer/1073493206823.html,included,
1073355982879,baby-clothing,宝宝内衣套装春秋纯棉儿童秋衣秋裤男女童A类分体睡衣保暖家居服,Baby Clothing Set,10.5,1.54,https://detail.1688.com/offer/1073355982879.html,included,
1073306338949,baby-clothing,婴儿连体衣纯棉衣服40克薄棉秋冬款保暖新生儿宝宝夹棉初生儿哈衣,Baby Romper,20.5,3.01,https://detail.1688.com/offer/1073306338949.html,included,
1073293562675,baby-clothing,2026秋季衣服宝宝包屁衣女童长袖连衣裙子姐妹款纯棉童装纯棉A类,Long-Sleeve Baby Romper,44,6.45,https://detail.1688.com/offer/1073293562675.html,included,
1073286726224,baby-clothing,点兮婴幼儿洋气条纹假两件连体衣男宝宝秋季新款韩版长袖长爬爬服,Long-Sleeve Striped Baby Romper,49.9,7.32,https://detail.1688.com/offer/1073286726224.html,included,
1073271123579,baby-clothing,儿童毛衣套装2026秋季新款针织开衫痞帅豹纹外套宝宝洋气两件套,Baby Clothing Set,54,7.92,https://detail.1688.com/offer/1073271123579.html,included,
1073254894798,baby-clothing,女童宝宝新款白色飞袖秋季时髦洋气周岁礼服公主连体衣哈衣爬服,Baby Romper,46,6.74,https://detail.1688.com/offer/1073254894798.html,included,
1073239202789,baby-clothing,秋冬保暖连体衣婴儿夹棉哈衣爬服新生儿打底内衣三层保暖家居服,Baby Romper,17,2.49,https://detail.1688.com/offer/1073239202789.html,included,
1073210097195,baby-clothing,嘟嘟家宝宝内衣套装纯棉儿童秋季家居服女童秋衣秋裤男童衣服新款,Baby Clothing Set,37.9,5.56,https://detail.1688.com/offer/1073210097195.html,included,
1073191310150,baby-clothing,婴儿连体衣a类秋季新生儿衣服春秋款宝宝爬服无骨套头宝宝连体衣,Baby Romper,46.9,6.88,https://detail.1688.com/offer/1073191310150.html,included,
1073186943144,baby-clothing,新生儿A类连身衣连体衣爬服男女宝宝哈衣春秋季0-1岁麻花针织爬服,Baby Romper,45,6.6,https://detail.1688.com/offer/1073186943144.html,included,
1073134530915,baby-clothing,婴儿连体衣秋款纯棉a类新生儿衣服秋季男女宝宝长袖哈衣外出爬服,Long-Sleeve Baby Romper,45.9,6.73,https://detail.1688.com/offer/1073134530915.html,included,
1073118356591,baby-clothing,婴幼儿春秋款连体衣中国风双层爬服新中式山水古风哈衣满月周岁服,Baby Romper,50,7.33,https://detail.1688.com/offer/1073118356591.html,included,
1073014743480,baby-clothing,婴儿连体衣春秋季宝宝衣服连帽款印花外出爬服对开保暖安阳婴童装,Printed Hooded Baby Romper,28.9,4.24,https://detail.1688.com/offer/1073014743480.html,included,
1073002679714,baby-clothing,婴儿60g加厚连体衣保暖夹棉秋冬季宝宝衣服新生儿棉服秋冬款棉衣,Baby Romper,18.5,2.71,https://detail.1688.com/offer/1073002679714.html,included,
1072969102298,baby-clothing,2026新款婴儿秋装连体衣连帽双层哈衣男宝宝可爱卡通爬服长袖外套,Long-Sleeve Hooded Baby Romper,51,7.48,https://detail.1688.com/offer/1072969102298.html,included,
1072968750256,baby-clothing,新生婴儿春秋款a类纯棉连体衣宝宝睡衣无骨爬爬服新生儿衣服,Baby Romper,20,2.93,https://detail.1688.com/offer/1072968750256.html,included,
1072951966349,baby-clothing,定制婴幼儿冬季外出服连帽保暖连体衣男女宝宝洋气可爱婴儿爬爬服,Hooded Baby Romper,51.99,7.62,https://detail.1688.com/offer/1072951966349.html,included,
1072900659365,baby-clothing,冬季婴儿60g加厚连体衣宝宝纯棉新生保暖棉衣服爬服夹棉外出衣服,Baby Romper,18.5,2.71,https://detail.1688.com/offer/1072900659365.html,included,
1072898795533,baby-clothing,莱卡儿童内衣套装A类秋衣裤小学生圆领家居服睡衣宝宝套装,Round-Neck Baby Clothing Set,12.9,1.89,https://detail.1688.com/offer/1072898795533.html,included,
1072819943082,baby-clothing,26款秋天衣服婴幼儿坑条荷叶领长袖上衣裙裤两件套女宝宝酷辣套装,Long-Sleeve Baby Clothing Set,49,7.18,https://detail.1688.com/offer/1072819943082.html,included,
1072778801859,baby-clothing,韩版女宝宝衣服秋季婴儿连体衣蕾丝碎花公主裙新生儿包屁衣棉a类,Printed Baby Romper,41.5,6.09,https://detail.1688.com/offer/1072778801859.html,included,
1072731265503,baby-clothing,婴儿60克高腰护肚套装春秋新生儿保暖内衣0-3岁宝宝无骨缝制睡衣,Baby Clothing Set,29.9,4.38,https://detail.1688.com/offer/1072731265503.html,included,
1072729413505,baby-clothing,女童春秋季套装甜美新款小童女宝宝连帽长袖上衣裤子两件套,Long-Sleeve Hooded Baby Clothing Set,25.74,3.77,https://detail.1688.com/offer/1072729413505.html,included,
1072715309025,baby-clothing,婴儿无骨高腰秋衣宝宝纯棉护肚秋裤儿童秋冬内衣套装男童睡衣保暖,Baby Clothing Set,38,5.57,https://detail.1688.com/offer/1072715309025.html,included,
1072701338190,baby-clothing,定制婴儿冬季外出服连体衣男宝宝洋气可爱包屁衣婴儿保暖加厚爬服,Baby Romper,43.99,6.45,https://detail.1688.com/offer/1072701338190.html,included,
1072688743600,baby-clothing,2026新款幼婴儿针织连体衣带帽子爬服女宝宝花边领哈衣外出包屁衣,Baby Romper,43,6.3,https://detail.1688.com/offer/1072688743600.html,included,
1072640231466,baby-clothing,婴儿衣服春秋纯棉婴幼儿分体睡衣高腰护肚小月龄宝宝秋衣秋裤套装,Baby Clothing Set,17,2.49,https://detail.1688.com/offer/1072640231466.html,included,
1072539156703,baby-clothing,婴幼儿春秋女宝宝小兔长爬纯棉可爱爬服连体衣帽子套装,Baby Romper,44.9,6.58,https://detail.1688.com/offer/1072539156703.html,included,
1072530373324,baby-clothing,婴儿连体衣新款长袖宝宝卡通哈衣新生儿爬服外出衣服帅气开春超萌,Long-Sleeve Baby Romper,37.16,5.45,https://detail.1688.com/offer/1072530373324.html,included,
1072456927486,baby-clothing,可爱淘儿童爬爬服户外婴儿爬行服连体衣宝宝外出纯棉罩衣A类透气,Baby Romper,28.8,4.22,https://detail.1688.com/offer/1072456927486.html,included,
1072307907004,baby-clothing,2026新款可爱淘儿童连体罩衣外穿防脏爬行服宝宝护衣纯棉长袖外套,Long-Sleeve Baby Jacket,28.8,4.22,https://detail.1688.com/offer/1072307907004.html,included,
1072279034662,baby-clothing,点兮婴幼儿花边蝴蝶结胎帽简约毛线连体衣女宝宝秋季爱心长爬爬服,Baby Romper,51.9,7.61,https://detail.1688.com/offer/1072279034662.html,included,
1072201968106,baby-clothing,（舒绒棉无骨）韩系ins婴儿连体衣秋季新品男女宝爬服外出服潮公,Baby Romper,26.9,3.94,https://detail.1688.com/offer/1072201968106.html,included,
1071949756479,baby-clothing,春秋季婴幼儿长袖包屁衣简约连体衣莫兰迪三角哈衣爬服纯色家居睡,Long-Sleeve Baby Romper,22,3.23,https://detail.1688.com/offer/1071949756479.html,included,
1071898502397,baby-clothing,婴儿春秋新款长袖哈衣男女宝卡通可爱连帽双层牛仔外穿连体爬服,Long-Sleeve Hooded Baby Romper,43,6.3,https://detail.1688.com/offer/1071898502397.html,included,
1071879707749,baby-clothing,韩版婴儿衣服秋装女宝宝公主连体衣满月百天新生儿包屁衣周岁礼服,Baby Romper,41.8,6.13,https://detail.1688.com/offer/1071879707749.html,included,
1071843107166,baby-clothing,婴幼儿2026连体衣春秋新生幼儿外穿可爱中国风宝宝保暖哈衣爬爬服,Baby Romper,56,8.21,https://detail.1688.com/offer/1071843107166.html,included,
1071833899448,baby-clothing,婴幼儿2026连体衣秋季新生幼儿外穿可爱小宝宝国风哈衣春秋爬爬服,Baby Romper,56,8.21,https://detail.1688.com/offer/1071833899448.html,included,
1071802003385,baby-clothing,宝宝A类衣服新生儿全柔棉连体衣婴幼儿春秋款长袖哈衣宝宝秋装,Long-Sleeve Baby Romper,69,10.12,https://detail.1688.com/offer/1071802003385.html,included,
1071752172545,baby-clothing,2026春秋婴儿包屁衣公主网纱花朵女宝宝周岁宴百天连体衣裙爬服棉,Baby Romper,40.8,5.98,https://detail.1688.com/offer/1071752172545.html,included,
1071739610868,baby-clothing,婴儿秋衣秋裤分体套装高腰护肚新生儿内衣无骨纯棉宝宝秋冬打底衣,Baby Clothing Set,21.8,3.2,https://detail.1688.com/offer/1071739610868.html,included,
1071708036670,baby-clothing,女童春秋季套装2026新款儿童洋气韩版花边开衫长袖宝宝波点弯刀裤,Long-Sleeve Baby Clothing Set,26,3.81,https://detail.1688.com/offer/1071708036670.html,included,
1071652180993,baby-clothing,婴儿秋冬绗线夹棉连体衣40克无骨薄棉新生儿保暖衣服宝宝a类爬服,Baby Romper,21,3.08,https://detail.1688.com/offer/1071652180993.html,included,
1071521713312,baby-clothing,奥特曼衣服男童春秋装套装2026新款儿童春季时髦衣服男宝宝两件套,Baby Clothing Set,62,9.09,https://detail.1688.com/offer/1071521713312.html,included,
1071487269204,baby-clothing,男童蜘蛛侠童装春秋款两件套儿童运动套装小孩春装宝宝奥特曼衣服,Baby Clothing Set,45,6.6,https://detail.1688.com/offer/1071487269204.html,included,
1071458640978,baby-clothing,点兮婴幼儿秋季新款格纹连帽外出服男宝洋气字母可开档保暖连体衣,Checked Hooded Baby Romper,53.9,7.9,https://detail.1688.com/offer/1071458640978.html,included,
1071395220792,baby-clothing,秋款十分甜双层连体衣蕾丝满月外出服婴儿衣服保暖幼儿宝宝蝴,Baby Romper,54,7.92,https://detail.1688.com/offer/1071395220792.html,included,
1071353618132,baby-clothing,2026秋季婴儿衣服棉质公主蕾丝花边裙摆包屁衣长袖哈裙外出爬服,Long-Sleeve Baby Romper,44,6.45,https://detail.1688.com/offer/1071353618132.html,included,
1071316682633,baby-clothing,男童秋装套装2026新款一岁男宝宝外套裤子秋季儿童分体衣服外出服,Baby Clothing Set,39,5.72,https://detail.1688.com/offer/1071316682633.html,included,
1071222773554,baby-clothing,minizone童装连体衣秋冬新品宝宝长袖爬爬服a类保暖婴儿连身哈衣,Long-Sleeve Baby Romper,49.4,7.24,https://detail.1688.com/offer/1071222773554.html,included,
1071139355641,baby-clothing,婴儿保暖连体衣小月龄宝宝秋冬款外出服婴幼儿夹棉哈衣爬爬服冬装,Baby Romper,20.5,3.01,https://detail.1688.com/offer/1071139355641.html,included,
1071082165846,baby-clothing,春秋婴幼儿女宝宝针织粉色黄色包屁可爱针织毛球哈衣包屁衣,Baby Romper,42.9,6.29,https://detail.1688.com/offer/1071082165846.html,included,
1071006937242,baby-clothing,2026婴儿连体衣秋季保暖桑蚕丝羊绒男女宝宝衣服斜襟拉链长袖爬服,Long-Sleeve Baby Romper,49.9,7.32,https://detail.1688.com/offer/1071006937242.html,included,
1070956557669,baby-clothing,2026年秋冬季新款婴幼儿卡通无骨肩扣套装两用裆秋衣秋裤套头套装,Baby Clothing Set,21,3.08,https://detail.1688.com/offer/1070956557669.html,included,
1070903001782,baby-clothing,帅气小绅士婴儿连体衣秋季亲肤按扣开裆设计爬服宽松长袖宝宝衣服,Long-Sleeve Relaxed-Fit Baby Romper,44.9,6.58,https://detail.1688.com/offer/1070903001782.html,included,
1070836530850,baby-clothing,女宝中国风秋款哈衣宝宝周岁服满月拍照衣服花香蝶飞刺绣旗袍姐妹,Baby Romper,55,8.06,https://detail.1688.com/offer/1070836530850.html,included,
1070825879282,baby-clothing,婴幼童打底套装春秋新款婴儿新生宝宝长袖打底三角包屁衣裤袜套装,Long-Sleeve Baby Romper,35.15,5.15,https://detail.1688.com/offer/1070825879282.html,included,
1070792707549,baby-clothing,小象逗叮薯条派对男童秋衣秋裤套装纯棉a类衣服婴儿长袖长裤睡衣,Long-Sleeve Baby Clothing Set,23.9,3.5,https://detail.1688.com/offer/1070792707549.html,included,
1070710037405,baby-clothing,跨境婴幼儿冬季外出服保暖爬爬服儿童宝宝可爱加厚保暖考拉连体衣,Baby Romper,51.99,7.62,https://detail.1688.com/offer/1070710037405.html,included,
1070704592632,baby-clothing,2026女宝宝衣服秋季蕾丝花边公主包屁衣裙婴儿长袖连体衣三角爬服,Long-Sleeve Baby Romper,42.8,6.28,https://detail.1688.com/offer/1070704592632.html,included,
1070586013516,baby-clothing,婴儿衣服春秋学院风条纹ins风新生男宝宝连身衣长袖帅气可爱爬服,Long-Sleeve Striped Baby Romper,43.9,6.44,https://detail.1688.com/offer/1070586013516.html,included,
1070575046591,baby-clothing,纯棉灯芯绒背带裤儿童卷边2026宝宝秋款裤子韩版长裤小童裤连体衣,Baby Romper,46,6.74,https://detail.1688.com/offer/1070575046591.html,included,
1070563126157,baby-clothing,外贸婴儿秋季套装欧美女宝宝飞袖长袖哈衣三角裤裙袜子头饰三件套,Long-Sleeve Baby Romper,23,3.37,https://detail.1688.com/offer/1070563126157.html,included,
1070521663725,baby-clothing,婴儿连体衣保暖无骨a类春秋宝宝衣服透气百搭外出服哈衣贴身睡衣,Baby Romper,21.8,3.2,https://detail.1688.com/offer/1070521663725.html,included,
1070434407683,baby-clothing,新生儿纯棉连体衣四季款a类长袖爬服春秋季婴儿哈衣无骨外出衣服,Long-Sleeve Baby Romper,16,2.35,https://detail.1688.com/offer/1070434407683.html,included,
1070401718351,baby-clothing,秋冬婴儿套装a类全棉宝宝秋衣秋裤打底内衣儿童分体睡衣婴儿衣服,Baby Clothing Set,18,2.64,https://detail.1688.com/offer/1070401718351.html,included,
1070290899569,baby-clothing,男童套装2026春秋季新款洋气儿童韩版冲锋衣外套宝宝炸街两件套潮,Baby Clothing Set,34.9,5.12,https://detail.1688.com/offer/1070290899569.html,included,
1070287525096,baby-clothing,婴幼儿衣服秋季男女宝宝睡衣新生婴儿长袖连体衣春秋款纯棉打底衣,Long-Sleeve Baby Romper,16.5,2.42,https://detail.1688.com/offer/1070287525096.html,included,
1070279217732,baby-clothing,宝宝彩棉秋衣秋裤套装A类纯棉婴幼儿无染棉儿童居家打底内衣睡衣,Baby Clothing Set,25.9,3.8,https://detail.1688.com/offer/1070279217732.html,included,
1070215982554,baby-clothing,婴儿衣服春秋宝宝外出连体衣可爱超萌爬爬服满月百天哈衣长袖衣服,Long-Sleeve Baby Romper,57,8.36,https://detail.1688.com/offer/1070215982554.html,included,
1070206703071,baby-clothing,2026年新款婴儿洋气春秋装豹纹背带裤套装男女童洋气时髦两件套装,Baby Clothing Set,44.8,6.57,https://detail.1688.com/offer/1070206703071.html,included,
1070204315649,baby-clothing,2026秋季新款婴幼儿花边甜美公主连体衣包屁衣女宝宝长袖棉纱哈衣,Long-Sleeve Baby Romper,44.9,6.58,https://detail.1688.com/offer/1070204315649.html,included,
1070174307506,baby-clothing,2026秋季新款法式宫廷风婴幼儿纱包屁裙女宝宝满月百日宴公主哈衣,Baby Romper,42,6.16,https://detail.1688.com/offer/1070174307506.html,included,
1070168149169,baby-clothing,2026秋款婴儿女宝宝针织哈衣裙娃娃领包屁衣INS百天满月周岁爬服,Baby Romper,46.9,6.88,https://detail.1688.com/offer/1070168149169.html,included,
1070104765914,baby-clothing,2026年秋冬卡通无骨桃心兔宝连体衣女宝宝外出哈衣爬服小翻领洋气,Baby Romper,41,6.01,https://detail.1688.com/offer/1070104765914.html,included,
1070013374607,baby-clothing,宝宝秋衣秋裤套装高腰舒绒分体保暖内衣秋冬家居服婴幼儿睡衣,Baby Clothing Set,20,2.93,https://detail.1688.com/offer/1070013374607.html,included,
1069995289028,baby-clothing,婴儿内衣套装儿童秋冬打底偏开扣秋衣裤男女宝宝纯棉开裆高腰秋裤,Baby Clothing Set,19.9,2.92,https://detail.1688.com/offer/1069995289028.html,included,
1069979062350,baby-clothing,nebeans秋针织毛线衣婴儿连身衣外出服可爱草莓米色女宝哈衣爬服,Baby Romper,41.9,6.14,https://detail.1688.com/offer/1069979062350.html,included,
1069974183413,baby-clothing,女童秋装套装2026新款婴童两件套洋气女宝宝灯芯绒背带裤网红衣服,Baby Clothing Set,32,4.69,https://detail.1688.com/offer/1069974183413.html,included,
1069974183146,baby-clothing,韩版ins童装婴幼童秋女婴小童洋气时尚碎花爬服简约哈衣,Printed Baby Romper,43,6.3,https://detail.1688.com/offer/1069974183146.html,included,
1069968083430,baby-clothing,新生儿夹棉衣服初生宝宝40g加厚蝴蝶衣婴儿抗菌纯棉a类连体衣睡衣,Baby Romper,22.9,3.36,https://detail.1688.com/offer/1069968083430.html,included,
1069905810460,baby-clothing,婴儿春秋季绅士风连体衣可爱小狗条纹翻领哈衣宝宝软糯不勒肚哈衣,Striped Baby Romper,44.9,6.58,https://detail.1688.com/offer/1069905810460.html,included,
1069819480200,baby-clothing,宝宝夹棉保暖连体衣婴儿长袖哈衣新生儿爬爬服宝宝衣服秋冬装睡衣,Long-Sleeve Baby Romper,18.5,2.71,https://detail.1688.com/offer/1069819480200.html,included,
1069803876111,baby-clothing,德绒A类婴儿衣服秋冬长袖无骨家居爬服新生儿羊绒蚕丝保暖连体衣,Long-Sleeve Baby Romper,13,1.91,https://detail.1688.com/offer/1069803876111.html,included,
1069745651037,baby-clothing,儿童A类纯棉内衣套装男女童无骨莱卡秋衣秋裤宝宝家居服春秋睡衣,Baby Clothing Set,14,2.05,https://detail.1688.com/offer/1069745651037.html,included,
1069711450851,baby-clothing,宝宝连体衣秋装婴幼儿衣服秋季洋气小月龄爬服幼儿早秋外出服外套,Baby Romper,48,7.04,https://detail.1688.com/offer/1069711450851.html,included,
1069691329501,baby-clothing,现货日系男女儿童卡通小熊字母刺绣拼色连体衣 宝宝可爱长袖爬服,Long-Sleeve Baby Romper,55.8,8.18,https://detail.1688.com/offer/1069691329501.html,included,
1069686383637,baby-clothing,宝宝秋衣秋裤套装纯棉婴儿分体高腰护肚保暖内衣服女童打底衫秋冬,Baby Clothing Set,23.8,3.49,https://detail.1688.com/offer/1069686383637.html,included,
1069646267854,baby-clothing,婴儿内衣套装春秋季新生儿纯棉高腰护肚分体衣服宝宝打底秋衣秋裤,Baby Clothing Set,22.5,3.3,https://detail.1688.com/offer/1069646267854.html,included,
1069475094131,baby-clothing,Galakoko秋季婴童连体三角哈衣纱纱裙爬服节日外出公主裙女孩长袖,Long-Sleeve Baby Romper,45,6.6,https://detail.1688.com/offer/1069475094131.html,included,
1069469346720,baby-clothing,点兮婴儿韩系撞色翻领毛线连体衣女宝宝秋季新款休闲立体卡通哈衣,Baby Romper,42.9,6.29,https://detail.1688.com/offer/1069469346720.html,included,
1069403089542,baby-clothing,春秋婴儿分体纯棉衣服 A 类无骨缝制卡通套装 新生儿长袖长裤,Long-Sleeve Baby Clothing Set,17.5,2.57,https://detail.1688.com/offer/1069403089542.html,included,
1069398775302,baby-clothing,新款春秋男女童宝宝儿童韩版卡通马甲套装洋气休闲卫衣春秋三件套,Baby Clothing Set,34,4.99,https://detail.1688.com/offer/1069398775302.html,included,
1069242110547,baby-clothing,婴儿包屁衣秋冬季纯棉40g三层夹棉保暖三角爬服男女宝宝连体棉衣,Baby Romper,19.5,2.86,https://detail.1688.com/offer/1069242110547.html,included,
1069211520687,baby-clothing,婴丽朵春秋婴儿云柔舒绒绑带套装狮子乐比宝宝两件套52-59码,Baby Clothing Set,20,2.93,https://detail.1688.com/offer/1069211520687.html,included,
1069194931569,baby-clothing,暖心猫春秋婴幼儿棉毛立领套装心愿时钟旅行宝宝两件套73-90码,Baby Clothing Set,19.5,2.86,https://detail.1688.com/offer/1069194931569.html,included,
1069151515430,baby-clothing,伊日婴儿秋冬包屁衣长袖衣服宝宝全柔棉三角哈衣秋季连体衣爬服,Long-Sleeve Baby Romper,32,4.69,https://detail.1688.com/offer/1069151515430.html,included,
1069131236886,baby-clothing,秋季A类纯棉男童套装1岁男宝宝韩系风格子长袖衬衫两件套小童裤子,Long-Sleeve Checked Baby Clothing Set,52,7.62,https://detail.1688.com/offer/1069131236886.html,included,
1069127977448,baby-clothing,秋季新款童装婴儿连体衣  甜美公主粉女宝宝百搭长袖三角哈衣爬服,Long-Sleeve Baby Romper,43,6.3,https://detail.1688.com/offer/1069127977448.html,included,
1069117701629,baby-clothing,秋季新款童装婴儿连体衣    柔棉舒适女宝宝蕾丝长袖三角哈衣爬服,Long-Sleeve Baby Romper,45,6.6,https://detail.1688.com/offer/1069117701629.html,included,
1068904734582,baby-clothing,秋季新款婴儿开裆连体衣新生儿哈衣棉毛长袖宝宝爬服A类纯棉无骨,Long-Sleeve Baby Romper,15,2.2,https://detail.1688.com/offer/1068904734582.html,included,
1068893084068,baby-clothing,儿童秋衣秋裤套装宝宝分体纯棉保暖内衣春秋婴儿打底睡衣服两件套,Baby Clothing Set,18,2.64,https://detail.1688.com/offer/1068893084068.html,included,
1068881610354,baby-clothing,宝宝新款秋衣保暖秋裤纯棉男女童莱卡内衣套装儿童家居服春秋睡衣,Baby Clothing Set,12.5,1.83,https://detail.1688.com/offer/1068881610354.html,included,
1068880135007,baby-clothing,2026宝宝秋装甜美内搭洋气闭裆连体衣婴儿衣服秋冬可爱女宝外出服,Baby Romper,41,6.01,https://detail.1688.com/offer/1068880135007.html,included,
1068710562425,baby-clothing,宝宝衣服秋季婴儿连体衣春秋洋气婴幼儿外出爬服周岁连体冲锋衣,Baby Romper,56,8.21,https://detail.1688.com/offer/1068710562425.html,included,
1068710562175,baby-clothing,宝宝衣服秋季婴幼儿洋气连体衣宝宝公主包屁衣裙子春秋外出包屁裙,Baby Romper,40.8,5.98,https://detail.1688.com/offer/1068710562175.html,included,
1068649339214,baby-clothing,婴儿衣服春秋分体秋衣套装宝宝春装女宝贴身内衣婴幼儿两件套纯棉,Baby Clothing Set,18,2.64,https://detail.1688.com/offer/1068649339214.html,included,
1068645622999,baby-clothing,婴幼儿秋冬打底连体衣男女宝宝秋季全柔棉a类无骨爬服新生儿衣服,Baby Romper,39,5.72,https://detail.1688.com/offer/1068645622999.html,included,
1068633486797,baby-clothing,2026秋季外贸新款男童毛衣马甲长袖三件套男宝宝休闲长裤套装代发,Long-Sleeve Baby Clothing Set,50.5,7.4,https://detail.1688.com/offer/1068633486797.html,included,
1068574203396,baby-clothing,2026婴儿秋装新款纯棉连体衣男女宝宝长袖a类秋季爬服新生儿衣服,Long-Sleeve Baby Romper,29.9,4.38,https://detail.1688.com/offer/1068574203396.html,included,
1068554419641,baby-clothing,宝宝40g轻暖薄棉两件套卡通斜襟夹棉上衣格子束脚长裤套装37005,Checked Baby Clothing Set,29.8,4.37,https://detail.1688.com/offer/1068554419641.html,included,
1068542191644,baby-clothing,蓝白条纹假两件婴幼儿连体衣背带小熊海军领开裆爬服透气长袖哈衣,Long-Sleeve Striped Baby Romper,45.9,6.73,https://detail.1688.com/offer/1068542191644.html,included,
1068520460247,baby-clothing,女宝宝婴儿连体衣四季纯棉长袖无骨婴儿可爱哈衣爬服翻领外出服,Long-Sleeve Baby Romper,25,3.67,https://detail.1688.com/offer/1068520460247.html,included,
1068512349433,baby-clothing,婴儿衣服春秋小月龄女宝宝连体衣a类新中式公主满月百天周岁礼服,Baby Romper,46.9,6.88,https://detail.1688.com/offer/1068512349433.html,included,
1068453012557,baby-clothing,婴儿衣服可爱洋气春秋长袖连体衣满月周岁爬爬服超萌外出长袖哈衣,Long-Sleeve Baby Romper,56,8.21,https://detail.1688.com/offer/1068453012557.html,included,
1068434753281,baby-clothing,新生婴儿衣服2026新款秋季薄款小月龄多巴胺宝宝假两件连体衣5765,Baby Romper,45,6.6,https://detail.1688.com/offer/1068434753281.html,included,
1068213216594,baby-clothing,法式蕾丝领纯棉婴儿长袖连体衣 女宝宝公主风爬服 新生儿满月衣服,Long-Sleeve Baby Romper,42.5,6.23,https://detail.1688.com/offer/1068213216594.html,included,
1068157421789,baby-clothing,新款宝宝护肚秋衣套装 全棉亲肤无骨缝制 男女婴居家打底童装,,15.5,,https://detail.1688.com/offer/1068157421789.html,held,product-identification-or-relevance-review
1068142512287,baby-clothing,婴儿分体睡衣纯棉秋衣秋裤两件套衣服男女宝宝打底保暖内衣套装,Baby Clothing Set,16,2.35,https://detail.1688.com/offer/1068142512287.html,included,
1068139525903,baby-clothing,婴幼儿长袖连体哈衣男女宝宝春秋装新生儿衣服纯棉卡通爬服外出服,Long-Sleeve Baby Romper,23,3.37,https://detail.1688.com/offer/1068139525903.html,included,
1068126766902,baby-clothing,小六喜新生儿韩系波点包屁衣女宝宝秋季新款针织拼接网纱长袖哈衣,Long-Sleeve Baby Romper,45,6.6,https://detail.1688.com/offer/1068126766902.html,included,
1068102682154,baby-clothing,26秋季韩版格子百搭包屁衣新款婴童薄款婴儿衣服Ins风爬服,Checked Baby Romper,49,7.18,https://detail.1688.com/offer/1068102682154.html,included,
1068077795593,baby-clothing,秋上新 A 类无骨婴儿连体衣 纯棉棉毛长袖开裆新生儿哈衣爬服,Long-Sleeve Baby Romper,15,2.2,https://detail.1688.com/offer/1068077795593.html,included,
1068077795562,baby-clothing,无骨工艺婴儿棉毛长袖爬服 秋款 A 类纯棉新生儿开裆连体哈衣,Long-Sleeve Baby Romper,15,2.2,https://detail.1688.com/offer/1068077795562.html,included,
1068009054061,baby-clothing,婴儿衣服秋装纯棉满月宝宝连体衣哈衣10A抗菌爬服春秋季外出服,Baby Romper,20,2.93,https://detail.1688.com/offer/1068009054061.html,included,
1067989640141,baby-clothing,2026新款婴幼儿哈衣春秋女娃复古蝴蝶结波点假两件包屁三角爬服,Baby Romper,49.5,7.26,https://detail.1688.com/offer/1067989640141.html,included,
1067988945613,baby-clothing,暖心猫春秋婴幼儿舒绒立领套装玫瑰鸭鸭公主宝宝两件套73-90码,Baby Clothing Set,26,3.81,https://detail.1688.com/offer/1067988945613.html,included,
1067904376333,baby-clothing,婴儿春秋假两件背带连体衣小熊领结全开裆透气爬爬服长袖外出哈衣,Long-Sleeve Baby Romper,46.9,6.88,https://detail.1688.com/offer/1067904376333.html,included,
1067904376332,baby-clothing,婴儿春秋亲肤假两件背带连体衣带领结前开扣长袖哈衣居家外穿爬服,Long-Sleeve Baby Romper,46.9,6.88,https://detail.1688.com/offer/1067904376332.html,included,
1067893771838,baby-clothing,小叮当婴幼儿秋衣秋裤套装宝宝高腰护肚家居服男女宝宝长袖打底套,Long-Sleeve Baby Clothing Set,45.8,6.72,https://detail.1688.com/offer/1067893771838.html,included,
1067890979078,baby-clothing,抓周婴儿礼服2025秋季新款宝宝秋装连体衣满月百天红色喜庆哈衣,Baby Romper,60,8.8,https://detail.1688.com/offer/1067890979078.html,included,
1067875304501,baby-clothing,A类蕾丝花边婴儿连体衣春秋女宝蝴蝶结公主爬服满月百天纯棉衣服,Baby Romper,42.5,6.23,https://detail.1688.com/offer/1067875304501.html,included,
1067840322274,baby-clothing,女宝宝爬服连体哈衣蕾丝大翻领春秋长袖包屁衣洋气外出服婴儿衣服,Long-Sleeve Baby Romper,54.9,8.05,https://detail.1688.com/offer/1067840322274.html,included,
1067819751960,baby-clothing,婴儿衣服春秋装小月龄男宝宝帅气假两件英伦绅士领带哈衣爬服跨境,Baby Romper,52.9,7.76,https://detail.1688.com/offer/1067819751960.html,included,
1067800610725,baby-clothing,婴儿纯棉套装春秋分体无骨秋衣秋裤宝宝家居服男女童高腰免脱秋装,Baby Clothing Set,17,2.49,https://detail.1688.com/offer/1067800610725.html,included,
1067796313242,baby-clothing,婴儿短袖纯棉连体衣新生儿无骨短爬a类宝宝薄款哈衣睡衣秋季早晚,Short-Sleeve Baby Romper,12,1.76,https://detail.1688.com/offer/1067796313242.html,included,
1067794105315,baby-clothing,女童秋装套装2026新款儿童洋气宝宝春秋连帽运动莓熊休闲两件套,Hooded Baby Clothing Set,71,10.41,https://detail.1688.com/offer/1067794105315.html,included,
1067696097999,baby-clothing,新款婴儿春秋季衣服宝宝帅气连体衣长袖POLO领洋气外出休闲爬服,Long-Sleeve Baby Romper,49,7.18,https://detail.1688.com/offer/1067696097999.html,included,
1067516883078,baby-clothing,婴儿衣服秋季新款满月百天宝宝连体衣幼儿新生儿衣服可爱外出服秋,Baby Romper,53,7.77,https://detail.1688.com/offer/1067516883078.html,included,
1067493243551,baby-clothing,婴儿连体衣红色喜庆过年服新生儿满月百天生日礼服宝宝国风春秋款,Baby Romper,56,8.21,https://detail.1688.com/offer/1067493243551.html,included,
1067492549440,baby-clothing,婴儿衣服春秋宝宝外出长袖哈衣满月百天爬服可爱超萌春秋装连体衣,Long-Sleeve Baby Romper,57,8.36,https://detail.1688.com/offer/1067492549440.html,included,
1067278099066,baby-clothing,秋季新款童装婴儿连体衣      公主风女宝宝彩虹纱裙三角哈衣爬服,Baby Romper,45,6.6,https://detail.1688.com/offer/1067278099066.html,included,
1067269188945,baby-clothing,男童休闲假两件连体衣男宝宝韩系卡通长袖哈衣新生儿外出秋季爬服,Long-Sleeve Baby Romper,49.5,7.26,https://detail.1688.com/offer/1067269188945.html,included,
1067251291725,baby-clothing,2026秋季新款童装婴儿网纱连体衣    皇冠头饰小公主哈衣三角爬服,Baby Romper,43,6.3,https://detail.1688.com/offer/1067251291725.html,included,
1067220539774,baby-clothing,中式婴儿衣服宝宝秋装连体唐装超萌满月百天周岁礼服春秋季外出服,,54,,https://detail.1688.com/offer/1067220539774.html,held,product-identification-or-relevance-review
1067092636036,baby-clothing,男童套装秋装2026新款男宝宝马甲衬衫裤子三件套秋季婴儿外出衣服,Baby Clothing Set,81,11.88,https://detail.1688.com/offer/1067092636036.html,included,
1067032865583,baby-clothing,婴幼儿卡通印花假两件条纹上衣男宝秋季新款洋气宽松背带裤两件套,Striped Printed Relaxed-Fit Baby Clothing Set,31.9,4.68,https://detail.1688.com/offer/1067032865583.html,included,
1066982390153,baby-clothing,涵宝乐园秋冬40克南极棉婴幼儿立领套装卡通宝宝夹棉二件套73-90,,24,,https://detail.1688.com/offer/1066982390153.html,held,product-identification-or-relevance-review
1066964089149,baby-clothing,女宝宝连体衣秋款婴幼儿甜美荷叶边爬服秋季小月龄可爱外出哈衣,Baby Romper,49,7.18,https://detail.1688.com/offer/1066964089149.html,included,
1066934985111,baby-clothing,翻领卡通小狗印花婴儿连体衣长袖浅灰秋季宝宝外出爬服开裆家居服,Long-Sleeve Printed Baby Romper,45.9,6.73,https://detail.1688.com/offer/1066934985111.html,included,
1066920121642,baby-clothing,婴儿春秋香芋紫方领连体衣蝴蝶结前开扣长袖爬服居家外穿两用哈衣,Long-Sleeve Baby Romper,44.9,6.58,https://detail.1688.com/offer/1066920121642.html,included,
1066919647790,baby-clothing,婴儿四季有机棉长袖对开a类纯棉无骨宝宝连体衣爬服春秋送口水巾,Long-Sleeve Baby Romper,49.8,7.3,https://detail.1688.com/offer/1066919647790.html,included,
1066916192829,baby-clothing,婴儿衣服夹棉连体衣秋冬60克薄棉无骨A类新生儿和尚服宝宝蝴蝶衣,Baby Romper,15.5,2.27,https://detail.1688.com/offer/1066916192829.html,included,
1066902822506,baby-clothing,婴儿纯棉套装春秋分体无骨秋衣秋裤宝宝家居服男女童高腰免脱秋装,Baby Clothing Set,20.5,3.01,https://detail.1688.com/offer/1066902822506.html,included,
1066778706476,baby-clothing,婴儿衣服春秋中国风女宝宝连体衣a类百天抓周服婴幼儿服装包屁裙,Baby Romper,52.9,7.76,https://detail.1688.com/offer/1066778706476.html,included,
1066763665537,baby-clothing,点兮婴幼儿休闲简约长袖打底衫宝宝秋季新款时髦豹纹背带裤两件套,Long-Sleeve Baby Clothing Set,19.9,2.92,https://detail.1688.com/offer/1066763665537.html,included,
1066699787114,baby-clothing,2026女宝宝秋装连体衣绣花翻领包屁衣洋气婴儿周岁宴公主哈衣裙子,Baby Romper,43,6.3,https://detail.1688.com/offer/1066699787114.html,included,
1066642665310,baby-clothing,婴儿内衣套装春秋季新生纯棉打底男女童儿童分体衣服宝宝秋衣秋裤,Baby Clothing Set,19.5,2.86,https://detail.1688.com/offer/1066642665310.html,included,
1066612249324,baby-clothing,婴儿内衣服男女宝宝秋衣秋裤套装幼儿春秋装早春纯棉分体高腰护肚,Baby Clothing Set,18.5,2.71,https://detail.1688.com/offer/1066612249324.html,included,
1066597260500,baby-clothing,嘟嘟家男童内衣套装秋季儿童睡衣女童秋衣秋裤宝宝保暖衣童装秋款,Baby Clothing Set,37.9,5.56,https://detail.1688.com/offer/1066597260500.html,included,
1066464202810,baby-clothing,婴儿衣服满月百天宝宝连体衣春秋可爱洋气哈衣外出国风长袖爬爬服,Long-Sleeve Baby Romper,55,8.06,https://detail.1688.com/offer/1066464202810.html,included,
1066449235619,baby-clothing,婴儿夹棉连体衣春秋冬季宝宝保暖长袖加厚空气棉哈衣无骨a类爬服,Long-Sleeve Baby Romper,20.9,3.06,https://detail.1688.com/offer/1066449235619.html,included,
1066389880439,baby-clothing,威尔贝鲁婴儿秋冬内衣套装宝宝a类纯棉秋衣秋裤睡衣家居服睡衣,Baby Clothing Set,44.9,6.58,https://detail.1688.com/offer/1066389880439.html,included,
1066279705742,baby-clothing,春秋浅粉泡泡格婴儿长袖包屁衣 甜美荷叶领哈衣 粉色蝴蝶结女爬服,Long-Sleeve Baby Romper,44.5,6.52,https://detail.1688.com/offer/1066279705742.html,included,
1066258294885,baby-clothing,跨境婴幼儿冬季外出服保暖连体衣儿童女宝洋气可爱休闲外穿爬爬服,Baby Romper,54,7.92,https://detail.1688.com/offer/1066258294885.html,included,
1066241734493,baby-clothing,宝宝秋衣秋裤分体套装婴儿条纹高腰护肚按扣裤男童女童保暖内衣服,Striped Baby Clothing Set,21.9,3.21,https://detail.1688.com/offer/1066241734493.html,included,
1066149617137,baby-clothing,婴儿连体衣春秋款纯棉偏襟秋季装秋衣四季打底新生幼儿女宝宝衣服,Baby Romper,20,2.93,https://detail.1688.com/offer/1066149617137.html,included,
1066098273521,baby-clothing,婴儿纯棉 a类连体衣长袖类爬服新生儿四季款柔软透气马宝宝蝴蝶衣,Long-Sleeve Baby Romper,21.9,3.21,https://detail.1688.com/offer/1066098273521.html,included,
1065981134270,baby-clothing,婴儿连体衣a类舒绒棉春秋季偏开宝宝衣服贴身舒适新生儿哈衣爬服,Baby Romper,23.9,3.5,https://detail.1688.com/offer/1065981134270.html,included,
1065733141581,baby-clothing,婴儿高腰护肚分体衣春秋 A 类全棉新生儿长袖男女宝宝秋衣套装,,19,,https://detail.1688.com/offer/1065733141581.html,held,product-identification-or-relevance-review
1065710022886,baby-clothing,跨境婴幼儿冬季外出服保暖爬爬服儿童宝宝可爱加厚保暖考拉连体衣,Baby Romper,51.99,7.62,https://detail.1688.com/offer/1065710022886.html,included,
1065663551114,baby-clothing,婴儿衣服春秋男女宝宝外出卡通连体衣可爱超萌爬爬服满月百天长袖,Long-Sleeve Baby Romper,56,8.21,https://detail.1688.com/offer/1065663551114.html,included,
1065640221646,baby-clothing,嘟嘟家女童内衣套装女孩秋季纯棉秋衣秋裤宝宝保暖衣服儿童童装类,Baby Clothing Set,35.9,5.26,https://detail.1688.com/offer/1065640221646.html,included,
1065625017586,baby-clothing,新生儿婴儿童羽绒棉服耳朵款外套加绒连体服加厚爬爬服装,Baby Romper,46.9,6.88,https://detail.1688.com/offer/1065625017586.html,included,
1065577682695,baby-clothing,儿童秋衣秋裤套装宝宝分体纯棉保暖内衣春秋婴儿打底睡衣服两件套,Baby Clothing Set,18,2.64,https://detail.1688.com/offer/1065577682695.html,included,
1065419749769,baby-clothing,婴儿红色新中式连体衣女宝周岁礼服满月百天宴抓周服国风刺绣爬服,Baby Romper,57,8.36,https://detail.1688.com/offer/1065419749769.html,included,
1065345002278,baby-clothing,春秋婴幼儿精致花边领针织包屁衣哈衣新款女宝宝长袖连体三角爬服,Long-Sleeve Baby Romper,48,7.04,https://detail.1688.com/offer/1065345002278.html,included,
1065335951622,baby-clothing,婴儿纯棉秋衣秋裤套装春秋开衫a类无骨内衣服宝宝打底保暖两件套,Baby Clothing Set,16,2.35,https://detail.1688.com/offer/1065335951622.html,included,
1065291218568,baby-clothing,26春秋款新品女宝宝海军领针织毛线哈衣  多巴胺色系婴儿外出爬服,Baby Romper,42,6.16,https://detail.1688.com/offer/1065291218568.html,included,
1065282666878,baby-clothing,儿童纯棉秋衣秋裤分体套装套头A类宝宝睡衣春秋打底内衣服两件套,Baby Clothing Set,18,2.64,https://detail.1688.com/offer/1065282666878.html,included,
1065279962530,baby-clothing,2026秋款婴儿连体衣男宝宝时髦字母棒球服哈衣男童早秋洋气外出服,Baby Romper,48,7.04,https://detail.1688.com/offer/1065279962530.html,included,
1065266050566,baby-clothing,【富莱蔓】秋款婴儿女宝宝针织哈衣裙娃娃领包屁衣百天满月周岁服,Baby Romper,48.9,7.17,https://detail.1688.com/offer/1065266050566.html,included,
1065228872139,baby-clothing,秋季韩版男女宝宝学院风麻花针织连体衣婴幼儿哈衣包屁衣外出爬服,Baby Romper,46,6.74,https://detail.1688.com/offer/1065228872139.html,included,
1065225998855,baby-clothing,婴儿连体衣春秋款长袖新生儿双层护肚衣服初生宝宝纯棉外出服哈衣,Long-Sleeve Baby Romper,20.9,3.06,https://detail.1688.com/offer/1065225998855.html,included,
1065181067022,baby-clothing,秋冬季儿童秋衣秋裤纯棉a类宝宝高腰裤套装长袖男女童分体衣套装,Long-Sleeve Baby Clothing Set,17,2.49,https://detail.1688.com/offer/1065181067022.html,included,
1065144843248,baby-clothing,2026秋冬新款婴儿羽绒棉服耳朵款外套加绒连体服加厚爬爬服装,Baby Romper,46.5,6.82,https://detail.1688.com/offer/1065144843248.html,included,
1065050856113,baby-clothing,男童衬衫套装秋装时尚2026新款洋气宝宝男孩婴幼儿童春秋季两件套,Baby Clothing Set,31,4.55,https://detail.1688.com/offer/1065050856113.html,included,
1065027796823,baby-clothing,儿童内衣套装纯棉秋季新款男童家居服宝宝保暖女童秋衣秋裤童装,Baby Clothing Set,8.5,1.25,https://detail.1688.com/offer/1065027796823.html,included,
1064944130297,baby-clothing,婴幼儿春秋毛衣圆领可爱女宝宝长袖小香风毛织哈衣包屁衣三角爬服,Long-Sleeve Round-Neck Baby Romper,42,6.16,https://detail.1688.com/offer/1064944130297.html,included,
1064751848365,baby-clothing,男童毛衣套装秋装新款洋气男宝宝开衫婴幼儿韩版儿童春秋季三件套,Baby Clothing Set,25,3.67,https://detail.1688.com/offer/1064751848365.html,included,
1064742419107,baby-clothing,婴儿内衣套装春秋季新生儿衣服纯棉打底分体a类男女宝宝秋衣秋裤,Baby Clothing Set,19.5,2.86,https://detail.1688.com/offer/1064742419107.html,included,
1064453642679,baby-clothing,乐宾家潮牌婴幼儿连身衣外出服 背带裤+条纹上衣秋季哈衣爬服工厂,Striped Baby Romper,42.9,6.29,https://detail.1688.com/offer/1064453642679.html,included,
1064450330173,baby-clothing,秋冬婴儿针织连体衣洋气花边领哈衣爬服甜美婴儿衣服宝宝周岁送礼,Baby Romper,51.5,7.55,https://detail.1688.com/offer/1064450330173.html,included,
1064356656008,baby-clothing,2026年新款婴儿连体衣男宝宝双层保暖春秋款哈衣超萌可爱外出爬服,Baby Romper,53,7.77,https://detail.1688.com/offer/1064356656008.html,included,
1064345378608,baby-clothing,儿童a类四季纯棉无骨睡衣宝宝秋衣秋裤套装高腰护肚2件套家居服,Baby Clothing Set,16.8,2.46,https://detail.1688.com/offer/1064345378608.html,included,
1064288397026,baby-clothing,婴儿连体衣秋款0-2岁女宝宝超萌洋气公主哈衣娃娃领长袖连毛爬服,Long-Sleeve Baby Romper,43,6.3,https://detail.1688.com/offer/1064288397026.html,included,
1064230517873,baby-clothing,宝宝秋衣套装小月龄高腰护肚a类婴儿分体睡衣男女童秋冬保暖内衣,Baby Clothing Set,23.8,3.49,https://detail.1688.com/offer/1064230517873.html,included,
1064125074848,baby-clothing,婴儿包屁衣秋款纯棉a类肩扣长袖哈衣爬爬服a类新生儿衣服安阳童装,Long-Sleeve Baby Romper,14.9,2.18,https://detail.1688.com/offer/1064125074848.html,included,
1064105970466,baby-clothing,婴儿衣服2026春季新生儿连体衣满月男宝宝百天男孩爬服拍照D2112,Baby Romper,48,7.04,https://detail.1688.com/offer/1064105970466.html,included,
1064047673961,baby-clothing,新生婴儿包屁衣长袖春秋款宝宝三角哈衣亲肤纯棉周岁休闲爬服无骨,Long-Sleeve Baby Romper,40.7,5.97,https://detail.1688.com/offer/1064047673961.html,included,
1063949587186,baby-clothing,婴儿内衣套装春秋男童女童纯棉豹纹睡衣儿童分体衣服宝宝秋衣秋裤,Baby Clothing Set,21,3.08,https://detail.1688.com/offer/1063949587186.html,included,
1063800426905,baby-clothing,跨境婴儿夹棉连体衣冬季连帽外出服新生儿加厚保暖宝宝棉服爬爬服,Hooded Baby Romper,51,7.48,https://detail.1688.com/offer/1063800426905.html,included,
1063770629412,baby-clothing,新生儿婴儿童羽绒棉服耳朵款外套加绒连体服小熊标卡通爬爬服童装,Baby Romper,46,6.74,https://detail.1688.com/offer/1063770629412.html,included,
1063591535812,baby-clothing,童装男童套装2026新款儿童洋气宝宝春秋季帅气渐变牛仔长袖三件套,Long-Sleeve Baby Clothing Set,55,8.06,https://detail.1688.com/offer/1063591535812.html,included,
1063470615869,baby-clothing,婴儿连体衣四季款纯棉长袖哈衣睡衣新生婴儿衣服男女宝宝爬服打底,Long-Sleeve Baby Romper,14.5,2.13,https://detail.1688.com/offer/1063470615869.html,included,
1063433170526,baby-clothing,婴儿连体衣春秋款男女宝宝衣服舒绒a类外出服纯棉哈衣爬爬服,Baby Romper,24.8,3.64,https://detail.1688.com/offer/1063433170526.html,included,
1063245737647,baby-clothing,男童套装秋装宝宝2026新款洋气可爱幼童儿童春秋季韩版外出两件套,Baby Clothing Set,52,7.62,https://detail.1688.com/offer/1063245737647.html,included,
1062748119063,baby-clothing,中国风婴儿衣服秋装连体衣女宝宝秋季满月百天礼服新中式爬服外套,Baby Romper,49,7.18,https://detail.1688.com/offer/1062748119063.html,included,
1062665194384,baby-clothing,[100%棉]嘟嘟家宝宝内衣套装纯棉儿童秋季家居服男童女童秋衣秋裤,Baby Clothing Set,37.9,5.56,https://detail.1688.com/offer/1062665194384.html,included,
1062571019951,baby-clothing,ins热卖春秋冬季新款男女宝宝纯色针织木耳花边哈衣+可爱耳朵帽子,Baby Romper,43,6.3,https://detail.1688.com/offer/1062571019951.html,included,
1062509730721,baby-clothing,婴儿马年春秋男宝宝红色薄款连体衣满月百日周岁国风秋季外出礼服,Baby Romper,56,8.21,https://detail.1688.com/offer/1062509730721.html,included,
1062481558297,baby-clothing,男宝宝秋季连体衣2026新生儿简约风卡通印花爬服黑白插肩长袖哈衣,Long-Sleeve Printed Baby Romper,42,6.16,https://detail.1688.com/offer/1062481558297.html,included,
1070957129856,baby-clothing,Cutemily 跨境秋冬ins女婴童可爱手钩花毛衣 女宝短裤马甲3件套,Baby Jumper,31,4.55,https://detail.1688.com/offer/1070957129856.html,included,
1062467263152,baby-clothing,ins韩版秋季婴幼儿长袖针织连帽连体衣男女宝宝腊肠狗外出爬服,Long-Sleeve Hooded Baby Romper,46,6.74,https://detail.1688.com/offer/1062467263152.html,included,
1062450354342,baby-clothing,男宝宝婴儿红色连体衣春秋国风平安喜乐满月百天抓周秋季外出礼服,Baby Romper,57,8.36,https://detail.1688.com/offer/1062450354342.html,included,
1062343959743,baby-clothing,婴丽朵春秋婴儿舒绒绑带蝴蝶衣田园小宠宝宝无骨哈衣爬服52-59码,Baby Romper,18.5,2.71,https://detail.1688.com/offer/1062343959743.html,included,
1062171984897,baby-clothing,婴儿保暖衣夹棉连体衣秋冬新生儿衣服三层保暖哈衣宝宝爬服空气棉,Baby Romper,17.5,2.57,https://detail.1688.com/offer/1062171984897.html,included,
1062035882233,baby-clothing,婴儿连体衣男女宝宝长袖哈衣新生儿爬服 a类纯棉衣服打底内衣睡衣,Long-Sleeve Baby Romper,14.5,2.13,https://detail.1688.com/offer/1062035882233.html,included,
1062017623446,baby-clothing,宝宝秋装连体衣春秋季婴儿衣服冲锋衣洋气爬服春秋外套外出服哈衣,Baby Romper,56,8.21,https://detail.1688.com/offer/1062017623446.html,included,
1061962999061,baby-clothing,[100%棉]嘟嘟家儿童秋衣男童秋裤女童内衣套装宝宝保睡衣童装新款,Baby Clothing Set,39.9,5.85,https://detail.1688.com/offer/1061962999061.html,included,
1061948419606,baby-clothing,婴幼儿睡衣分体套装纯棉A类宝宝秋衣秋裤套装春秋款儿童打底内衣,Baby Clothing Set,19.5,2.86,https://detail.1688.com/offer/1061948419606.html,included,
1061772923609,baby-clothing,婴儿秋衣秋裤套装纯棉无骨男女宝宝高腰护肚内衣睡衣打底家居服,Baby Clothing Set,18,2.64,https://detail.1688.com/offer/1061772923609.html,included,
1061744403542,baby-clothing,男童套装秋装外套新款宝宝韩版洋气时髦男孩婴幼儿童春秋季两件套,Baby Clothing Set,32,4.69,https://detail.1688.com/offer/1061744403542.html,included,
1061638698881,baby-clothing,【富莱蔓】2026秋季韩款童装蕾丝蝴蝶结娃娃领女宝宝公主长袖爬服,Long-Sleeve Baby Romper,44,6.45,https://detail.1688.com/offer/1061638698881.html,included,
1061632182869,baby-clothing,严选婴儿包屁衣春秋简约莫兰迪长袖三角哈衣爬服纯色棉家居服睡衣,Long-Sleeve Baby Romper,23,3.37,https://detail.1688.com/offer/1061632182869.html,included,
1061479835314,baby-clothing,婴儿衣服纯棉秋装男宝开档女宝宝秋衣秋裤开裆裤a类幼儿分体套装,Baby Clothing Set,17.5,2.57,https://detail.1688.com/offer/1061479835314.html,included,
1061355951611,baby-clothing,暖心猫春秋婴幼儿棉毛立领套装小象日记无骨宝宝两件套73-80-90码,Baby Clothing Set,19.5,2.86,https://detail.1688.com/offer/1061355951611.html,included,
1060793236588,baby-clothing,新生夹棉连体衣婴儿薄棉无骨哈衣秋冬纯棉初生和尚服爬服宝宝衣服,Baby Romper,28,4.11,https://detail.1688.com/offer/1060793236588.html,included,
1060775554965,baby-clothing,跨境现货新款婴幼童睡衣卡通连体睡衣爬爬服睡衣法兰绒家居服睡衣,Baby Romper,30,4.4,https://detail.1688.com/offer/1060775554965.html,included,
1060302471717,baby-clothing,跨境专供婴幼儿卡通连体衣纯棉春秋季长袖宝宝薄款哈衣一件代发秋,Long-Sleeve Baby Romper,25.5,3.74,https://detail.1688.com/offer/1060302471717.html,included,
1060178403794,baby-clothing,【控109.9】嘟嘟家儿童套装秋装男童三件套秋季女童马甲宝宝T,Baby Clothing Set,109.9,16.11,https://detail.1688.com/offer/1060178403794.html,included,
1059850749386,baby-clothing,婴儿棉衣套装40克对开宝宝夹棉加厚秋冬开裆棉裤儿童外穿棉袄上衣,Baby Clothing Set,42,6.16,https://detail.1688.com/offer/1059850749386.html,included,
1061985359926,baby-clothing,男童秋装帅气套装2026新款洋气小童男宝宝秋季毛衣马甲休闲三件套,Baby Clothing Set,69,10.12,https://detail.1688.com/offer/1061985359926.html,included,
1059569461572,baby-clothing,婴儿40克夹棉连体衣宝宝保暖秋冬无骨哈衣薄棉加厚爬服儿童连身衣,Baby Romper,33,4.84,https://detail.1688.com/offer/1059569461572.html,included,
1059458546673,baby-clothing,婴幼儿秋季连体衣女宝宝翻领洋气小兔子爬服儿童哈衣送包包93723,Baby Romper,50.2,7.36,https://detail.1688.com/offer/1059458546673.html,included,
1059310898174,baby-clothing,儿童内衣套装装春秋纯棉秋衣男童女宝宝秋衣秋裤睡衣家居服批发,Baby Clothing Set,9.3,1.36,https://detail.1688.com/offer/1059310898174.html,included,
1059237633313,baby-clothing,婴儿衣服春秋款新生女宝宝针织连体衣哈衣外套秋装毛衣包屁衣爬服,Baby Romper,42,6.16,https://detail.1688.com/offer/1059237633313.html,included,
1059098611109,baby-clothing,Little maven工厂童装批发 欧美风秋季女童套装 可爱宝宝儿童套装,,33.3,,https://detail.1688.com/offer/1059098611109.html,held,product-identification-or-relevance-review
1058909795641,baby-clothing,Cutemily婴童针织连体衣翻领麻花爬服女宝宝秋冬长袖镂空三角哈衣,Long-Sleeve Baby Romper,43,6.3,https://detail.1688.com/offer/1058909795641.html,included,
1058494495614,baby-clothing,跨境英国风婴儿豹纹连体衣冬季加绒加厚宝宝外出爬服新生儿哈衣,Baby Romper,53.99,7.92,https://detail.1688.com/offer/1058494495614.html,included,
1058421936419,baby-clothing,暖心猫春秋新款婴儿纯棉立领套装梦幻小屋无骨宝宝两件套73--90码,Baby Clothing Set,19.5,2.86,https://detail.1688.com/offer/1058421936419.html,included,
1058381185170,baby-clothing,婴儿衣服秋装洋气蕾丝领长袖哈衣女宝宝满月百天公主风包屁衣秋季,Long-Sleeve Baby Romper,41.3,6.06,https://detail.1688.com/offer/1058381185170.html,included,
1058064543251,baby-clothing,婴儿连体衣120克加棉宝宝夹棉秋冬外出哈衣外套加厚对开爬服儿童,Baby Romper,42,6.16,https://detail.1688.com/offer/1058064543251.html,included,
1057553855128,baby-clothing,2026秋豹纹背带裤套装男宝宝韩版连体衣打底两件套潮牌婴儿连体衣,Baby Romper,37.8,5.54,https://detail.1688.com/offer/1057553855128.html,included,
1057308579475,baby-clothing,秋冬季婴儿连体衣纯棉长袖宝宝哈衣爬服A类内穿贴身新生婴儿衣服,Long-Sleeve Baby Romper,12.5,1.83,https://detail.1688.com/offer/1057308579475.html,included,
1056751346319,baby-clothing,女童套装2026秋季新款儿童洋气韩版蝴蝶结外套宝宝休闲运动两件套,Baby Clothing Set,41.5,6.09,https://detail.1688.com/offer/1056751346319.html,included,
1056339117877,baby-clothing,ins婴儿秋冬款针织粗麻花男女宝宝毛线连体爬爬服哈衣,Baby Romper,46,6.74,https://detail.1688.com/offer/1056339117877.html,included,
1056098185304,baby-clothing,秋季新款女宝宝可爱猫猫波点婴儿连体衣长袖爬服新生儿外出服,Long-Sleeve Baby Romper,55,8.06,https://detail.1688.com/offer/1056098185304.html,included,
1055811358544,baby-clothing,男女童羽绒服2026冬季新款加厚外套白鸭绒婴幼儿羽绒儿童洋气排骨,Baby Jacket,100,14.66,https://detail.1688.com/offer/1055811358544.html,included,
1055716244629,baby-clothing,女童兔子警官马甲JK三件套2026春秋新款女宝宝甜美学院风洋气套装,Baby Clothing Set,81.9,12.01,https://detail.1688.com/offer/1055716244629.html,included,
1055471380263,baby-clothing,婴儿纯棉高腰护肚分体套装春秋宝宝秋衣秋裤童装现货爆款厂家批发,Baby Clothing Set,18.5,2.71,https://detail.1688.com/offer/1055471380263.html,included,
1054791731662,baby-clothing,ins热卖秋冬新款可爱猫提花婴儿连体哈衣爬服,Baby Romper,48,7.04,https://detail.1688.com/offer/1054791731662.html,included,
1054472432035,baby-clothing,2026春秋新款婴幼儿豹纹背带裤套装宝宝韩版连体衣打底两件套潮牌,Baby Romper,48.8,7.16,https://detail.1688.com/offer/1054472432035.html,included,
1054436904925,baby-clothing,婴儿衣服2026新款a类纯棉无骨斜开护肚宝宝哈衣爬服安阳春秋款,Baby Romper,17,2.49,https://detail.1688.com/offer/1054436904925.html,included,
1054310013512,baby-clothing,婴幼儿春秋款棉毛连体衣纯棉A类无骨连体衣新款小月龄宝宝哈衣,Baby Romper,15.5,2.27,https://detail.1688.com/offer/1054310013512.html,included,
1053550809924,baby-clothing,超萌婴儿衣服春装新生女宝宝连体衣满月百天公主外出哈衣春秋爬服,Baby Romper,47,6.89,https://detail.1688.com/offer/1053550809924.html,included,
1053467632589,baby-clothing,女宝宝坑条飞袖包屁哈衣+长裤 +帽子+头巾4件套 婴儿春秋印花套装,Printed Baby Romper,29,4.25,https://detail.1688.com/offer/1053467632589.html,included,
1053460948384,baby-clothing,男童春秋季洋气套装2026新款小童二件套婴儿童休闲秋装宝宝衣服潮,,45.89,,https://detail.1688.com/offer/1053460948384.html,held,product-identification-or-relevance-review
1052798867766,baby-clothing,婴儿纯棉高腰护肚分体套装春秋宝宝秋衣秋裤童装现货爆款厂家批发,Baby Clothing Set,18.5,2.71,https://detail.1688.com/offer/1052798867766.html,included,
1052794739983,baby-clothing,婴儿纯棉高腰护肚分体套装春秋宝宝秋衣秋裤童装现货爆款厂家批发,Baby Clothing Set,18.5,2.71,https://detail.1688.com/offer/1052794739983.html,included,
1052564765062,baby-clothing,春秋婴幼儿精致花边领针主包屁衣哈衣外套2026新款女宝宝连体套装,Baby Romper,45.89,6.73,https://detail.1688.com/offer/1052564765062.html,included,
1052561447530,baby-clothing,婴幼儿春秋款棉毛连体衣纯棉A类无骨连体衣新款小月龄宝宝哈衣,Baby Romper,15.5,2.27,https://detail.1688.com/offer/1052561447530.html,included,
1052427717373,baby-clothing,暖心猫纯棉婴儿无骨偏扣套装粉梨熊熊宝宝两用档两件套59-66码,Baby Clothing Set,15.5,2.27,https://detail.1688.com/offer/1052427717373.html,included,
1052254289526,baby-clothing,儿童纯棉睡衣女童保暖内衣套装男童秋衣秋裤中小童宝宝打底棉毛衫,Baby Clothing Set,15.99,2.34,https://detail.1688.com/offer/1052254289526.html,included,
1051650363247,baby-clothing,0837男童春季套装2026新款儿童韩范春秋衣服宝宝针织毛衣三件套帅,Baby Clothing Set,99,14.52,https://detail.1688.com/offer/1051650363247.html,included,
1050829189229,baby-clothing,卡通蝙蝠婴儿连体衣 春秋款宝宝哈衣外出服,Baby Romper,47,6.89,https://detail.1688.com/offer/1050829189229.html,included,
1049081254927,baby-clothing,2026秋季外贸新款男童拼块圆领长袖套装男宝宝休闲牛仔长裤两件套,Long-Sleeve Round-Neck Baby Clothing Set,36.5,5.35,https://detail.1688.com/offer/1049081254927.html,included,
1048818801819,baby-clothing,全棉婴儿衣服新生儿爬服哈衣春款男女宝宝蝴蝶衣四季款婴儿连体衣,Baby Romper,18.9,2.77,https://detail.1688.com/offer/1048818801819.html,included,
1048245453359,baby-clothing,儿童礼服新款英伦男童马甲套装花童宝宝婚礼服摄影主持活动表演服,,40,,https://detail.1688.com/offer/1048245453359.html,held,product-identification-or-relevance-review
1047702306065,baby-clothing,春季婴儿秋衣秋裤套装春秋宝宝莫代尔内衣分体套装睡衣护肚家居服,Baby Clothing Set,27.5,4.03,https://detail.1688.com/offer/1047702306065.html,included,
1046730591963,baby-clothing,女童春装套装2025新款儿童洋气条纹花边喇叭裤女宝宝春秋款两件套,Striped Baby Clothing Set,55.9,8.2,https://detail.1688.com/offer/1046730591963.html,included,
1045984268829,baby-clothing,婴儿衣服冬季保暖棉服宝宝夹棉连体衣加厚加绒连帽哈衣新生儿抱衣,Hooded Baby Romper,44,6.45,https://detail.1688.com/offer/1045984268829.html,included,
1045726611299,baby-clothing,满月婴儿衣服春装男宝宝帅气连体衣新生儿外出服百天超萌哈衣春秋,Baby Romper,27,3.96,https://detail.1688.com/offer/1045726611299.html,included,
1045222013606,baby-clothing,新生婴儿包屁衣春秋季纯棉宝宝连体衣服长袖三角哈衣安阳婴童装,Long-Sleeve Baby Romper,14,2.05,https://detail.1688.com/offer/1045222013606.html,included,
1044733187417,baby-clothing,女童新年套装冬季新款女宝宝洋气蝴蝶结外套百褶裙两件套AWB175,Baby Clothing Set,61,8.94,https://detail.1688.com/offer/1044733187417.html,included,
1044722665707,baby-clothing,婴儿分体套装春秋款儿童内穿套装男童女童纯棉内衣全棉A类睡衣春,Baby Clothing Set,17.5,2.57,https://detail.1688.com/offer/1044722665707.html,included,
1044536036037,baby-clothing,哈衣针织包屁衣女宝宝公主连体衣百天周岁服春秋装毛衣100%棉A类,Baby Romper,48,7.04,https://detail.1688.com/offer/1044536036037.html,included,
1044423468694,baby-clothing,2026秋装新款婴幼儿女宝宝撞色针织长袖圆领甜美可爱包屁哈衣,Long-Sleeve Round-Neck Baby Romper,42.9,6.29,https://detail.1688.com/offer/1044423468694.html,included,
1044336201611,baby-clothing,婴儿棉服冬季连体衣外穿冬天外出服宝宝南瓜哈衣冬装外出衣服,Baby Romper,48,7.04,https://detail.1688.com/offer/1044336201611.html,included,
1044162524080,baby-clothing,宝宝外出服秋冬装保暖婴儿连体衣夹棉加厚满月新生儿哈衣爬服加绒,Baby Romper,47,6.89,https://detail.1688.com/offer/1044162524080.html,included,
1044149896543,baby-clothing,女童秋衣秋裤儿童分体套装纯棉a类婴儿长袖内衣男宝宝睡衣春秋装,Long-Sleeve Baby Clothing Set,28,4.11,https://detail.1688.com/offer/1044149896543.html,included,
1044025418914,baby-clothing,纯棉婴儿衣服春秋女宝宝连体衣公主风长袖婴幼儿爬服四季外出哈衣,Long-Sleeve Baby Romper,18.5,2.71,https://detail.1688.com/offer/1044025418914.html,included,
1044003294492,baby-clothing,春秋季新款婴幼儿豹纹背带裤套装宝宝韩版洋气连体衣打底两件套,Baby Romper,26,3.81,https://detail.1688.com/offer/1044003294492.html,included,
1043651841522,baby-clothing,2026秋季婴幼儿宝宝套装女宝宝爱心印花上衣+绣花背带裤两件套,Printed Baby Clothing Set,19.9,2.92,https://detail.1688.com/offer/1043651841522.html,included,
1043582748481,baby-clothing,宝宝秋衣套装婴幼儿秋裤儿童保暖内衣分体纯棉女童打底男童春秋装,Baby Clothing Set,28,4.11,https://detail.1688.com/offer/1043582748481.html,included,
1043456742387,baby-clothing,婴儿衣服冬装女童洋气连体衣新款蝴蝶结宝宝冬季加厚保暖外出爬服,Baby Romper,49.9,7.32,https://detail.1688.com/offer/1043456742387.html,included,
1043352454854,baby-clothing,儿童秋冬季时尚女宝宝可爱连帽男童个性保暖外出连体服婴儿连体衣,Hooded Baby Romper,45,6.6,https://detail.1688.com/offer/1043352454854.html,included,
1043316148677,baby-clothing,新生婴儿儿衣服初生宝宝满月拍照包屁衣秋冬季棉连体衣三角哈衣,Baby Romper,41.31,6.06,https://detail.1688.com/offer/1043316148677.html,included,
1043297229575,baby-clothing,2026秋装新款格子飞袖上衣哈衣女宝宝棉线针织长袖圆领套头毛衣,Long-Sleeve Round-Neck Checked Baby Romper,42,6.16,https://detail.1688.com/offer/1043297229575.html,included,
1043184369524,baby-clothing,婴幼儿女宝宝连体衣波浪花边牛仔哈裙春秋季洋气外出韩版长袖爬服,Long-Sleeve Baby Romper,42,6.16,https://detail.1688.com/offer/1043184369524.html,included,
1043028584242,baby-clothing,2026春款男女宝宝条纹T恤+小熊绣花背带哈衣三角爬服两件套装,Striped Baby Romper,41,6.01,https://detail.1688.com/offer/1043028584242.html,included,
1042706222301,baby-clothing,2026春装婴儿女宝宝翻领哈衣灯芯绒长袖三角包屁衣0-3岁宝宝爬服,Long-Sleeve Baby Romper,41,6.01,https://detail.1688.com/offer/1042706222301.html,included,
1042236325668,baby-clothing,婴儿秋衣秋裤分体套装新生儿内衣套无骨纯棉宝宝分体哈衣秋冬打底,Baby Romper,18.5,2.71,https://detail.1688.com/offer/1042236325668.html,included,
1041960734812,baby-clothing,婴儿衣服秋季冲锋衣长袖连体衣男女宝宝外出服洋气外套爬服哈衣,Long-Sleeve Baby Romper,55.9,8.2,https://detail.1688.com/offer/1041960734812.html,included,
1041667986092,baby-clothing,2026秋季新品 婴幼儿童女宝宝花边小裙摆三角哈衣爬用长袖包屁衣,Long-Sleeve Baby Romper,41,6.01,https://detail.1688.com/offer/1041667986092.html,included,
1041632321975,baby-clothing,婴儿衣服春秋四季女宝宝家居服棉连体爬服女童可爱猫咪哈衣透气男,Baby Romper,27.75,4.07,https://detail.1688.com/offer/1041632321975.html,included,
1041597499603,baby-clothing,新生婴儿连体衣加绒加厚宝宝外出服夹棉保暖男哈衣爬服秋冬满月女,Baby Romper,42,6.16,https://detail.1688.com/offer/1041597499603.html,included,
1041595303550,baby-clothing,儿童秋衣秋裤套装全棉a类男宝宝长袖睡衣春秋装婴儿家居服内衣女,Long-Sleeve Baby Clothing Set,28,4.11,https://detail.1688.com/offer/1041595303550.html,included,
1041567331803,baby-clothing,婴童针织毛衣0-2岁春季款女宝宝棉线连体衣手钩花朵长袖哈衣爬服,Long-Sleeve Baby Romper,45,6.6,https://detail.1688.com/offer/1041567331803.html,included,
1041428533601,baby-clothing,婴儿包屁衣春秋宝宝三角哈衣纯棉新生儿长袖连体衣无骨A类爬服,Long-Sleeve Baby Romper,14,2.05,https://detail.1688.com/offer/1041428533601.html,included,
1041311502434,baby-clothing,儿童秋衣秋裤宝宝a类睡衣婴幼儿保暖内衣套装纯棉春季无骨分体衣,Baby Clothing Set,18.5,2.71,https://detail.1688.com/offer/1041311502434.html,included,
1041217818256,baby-clothing,ins热卖 春秋装女童宝宝婴儿格子针衣毛线连体衣包屁哈衣三角爬服,Checked Baby Romper,41,6.01,https://detail.1688.com/offer/1041217818256.html,included,
1041215390606,baby-clothing,ins 2026春装婴幼儿童粗坑条男女宝宝口袋上衣+大pp长裤2件套装,Baby Clothing Set,41,6.01,https://detail.1688.com/offer/1041215390606.html,included,
1041212218428,baby-clothing,ins秋款女宝宝婴幼儿童手工球球针织毛线连体衣包屁哈衣三角爬服,Baby Romper,41,6.01,https://detail.1688.com/offer/1041212218428.html,included,
1041211978457,baby-clothing,ins春秋装女宝宝婴儿针织镂空束腰长袖哈衣三角包屁连体衣爬服,Long-Sleeve Baby Romper,41,6.01,https://detail.1688.com/offer/1041211978457.html,included,
1040924443826,baby-clothing,婴幼儿童2026秋装新款女宝宝双花边裙子棉纱印花长袖哈裙包屁衣,Long-Sleeve Printed Baby Romper,41,6.01,https://detail.1688.com/offer/1040924443826.html,included,
1040592080899,baby-clothing,万圣节cos婴儿款新生儿长袖包屁衣网纱tutu裙发带三件套装,Long-Sleeve Baby Romper,30,4.4,https://detail.1688.com/offer/1040592080899.html,included,
1040487651523,baby-clothing,ins春秋装女童宝宝婴儿格子长袖拼接棉纱连体衣包屁哈衣三角爬服,Long-Sleeve Checked Baby Romper,41,6.01,https://detail.1688.com/offer/1040487651523.html,included,
1040349462201,baby-clothing,7A抗菌舒绒棉  儿童内衣套装男童秋衣秋裤宝宝衣服保暖女童家居服,Baby Clothing Set,9.9,1.45,https://detail.1688.com/offer/1040349462201.html,included,
1040173500684,baby-clothing,婴儿包屁衣纯棉A类抽针提花初生宝宝三角哈衣四季款新生儿爬服,Baby Romper,13.8,2.02,https://detail.1688.com/offer/1040173500684.html,included,
1040107247264,baby-clothing,ins 2026春款婴幼儿女宝宝甜美背带哈裙绣花针织包屁衣连身衣,Baby Romper,47,6.89,https://detail.1688.com/offer/1040107247264.html,included,
1039877903398,baby-clothing,儿童内裤男纯棉中大童四角小学生平角宝宝卡通3-15岁儿童内裤9840,Baby Trousers,3.2,0.47,https://detail.1688.com/offer/1039877903398.html,included,
1039825442446,baby-clothing,男童春秋季韩版毛衣长袖套装早春小宝宝衣服帅气中小男孩三件套潮,Long-Sleeve Baby Clothing Set,57,8.36,https://detail.1688.com/offer/1039825442446.html,included,
1039555271895,baby-clothing,新款儿童内衣套装宝宝秋冬打底内衣婴幼儿a类卡通睡衣小孩秋衣裤,Baby Clothing Set,8.5,1.25,https://detail.1688.com/offer/1039555271895.html,included,
1037744541614,baby-clothing,男宝宝春装套装婴幼儿分体衣服2026春季新款超好看小月龄洋气穿搭,,39,,https://detail.1688.com/offer/1037744541614.html,held,product-identification-or-relevance-review
1037456166120,baby-clothing,ins韩版童装男女童卫衣套装欧美版华夫格宝宝婴儿衣服外穿两件套,Baby Clothing Set,32.99,4.84,https://detail.1688.com/offer/1037456166120.html,included,
1037440174996,baby-clothing,ins新款婴儿套装春秋款欧美男宝宝时尚太阳彩虹字母长袖卫衣长裤,Long-Sleeve Baby Clothing Set,16,2.35,https://detail.1688.com/offer/1037440174996.html,included,
1037307461344,baby-clothing,春秋宝宝衣服女婴儿春装长袖哈衣公主兔子春季连体衣小月龄外出服,Long-Sleeve Baby Romper,35,5.13,https://detail.1688.com/offer/1037307461344.html,included,
1037028508557,baby-clothing,婴儿海军领长袖连体衣男童女童宝宝纯棉条纹连体衣婴幼儿春装,Long-Sleeve Striped Baby Romper,27.9,4.09,https://detail.1688.com/offer/1037028508557.html,included,
1036335755641,baby-clothing,婴儿连体衣春秋季纯棉双层女宝宝甜美公主风花边长袖哈衣外穿衣服,Long-Sleeve Baby Romper,36,5.28,https://detail.1688.com/offer/1036335755641.html,included,
1036220123787,baby-clothing,春秋男女宝宝单层套装卡通条纹高腰屁屁裤装儿童外套裤子韩版套装,Striped Baby Clothing Set,27,3.96,https://detail.1688.com/offer/1036220123787.html,included,
1035382801116,baby-clothing,暖心猫春秋纯棉婴幼儿立领无骨对开套装田园假日宝宝套装73-90码,,19.5,,https://detail.1688.com/offer/1035382801116.html,held,product-identification-or-relevance-review
1033710701727,baby-clothing,连体服加厚卡通宝宝爬服新款婴儿短袖秋冬法兰绒百搭洋气软萌,Short-Sleeve Baby Romper,16.8,2.46,https://detail.1688.com/offer/1033710701727.html,included,
1033699284731,baby-clothing,2026春秋季新生婴儿衣服女宝宝爬服碎花连体衣假两件韩版长袖秋款,Long-Sleeve Printed Baby Romper,44.9,6.58,https://detail.1688.com/offer/1033699284731.html,included,
1032904568589,baby-clothing,无骨纯棉长袖四季婴幼儿包屁衣手感在线宝宝潮舒适透气哈衣三角潮,Long-Sleeve Baby Romper,23.8,3.49,https://detail.1688.com/offer/1032904568589.html,included,
1032846993185,baby-clothing,【春秋季断码清仓】婴儿男女宝宝套装休闲外套非质量不退不换,Baby Clothing Set,15,2.2,https://detail.1688.com/offer/1032846993185.html,included,
1032819073043,baby-clothing,新生婴儿 a 类纯棉包屁衣春秋长袖偏襟系带连体衣薄款安阳婴童装,Long-Sleeve Baby Romper,10.99,1.61,https://detail.1688.com/offer/1032819073043.html,included,
1032814817341,baby-clothing,安阳童装婴儿包屁衣无骨缝制纯棉 a 类偏襟系带长袖三角哈衣,Long-Sleeve Baby Romper,11.01,1.61,https://detail.1688.com/offer/1032814817341.html,included,
1032813770389,baby-clothing,新生儿坑条套头长袖春秋季连体衣婴儿衣服初生男女宝宝睡衣爬爬服,Long-Sleeve Baby Romper,23,3.37,https://detail.1688.com/offer/1032813770389.html,included,
1032738341816,baby-clothing,婴儿开裆连体衣春秋宝宝衣服春季无骨睡衣纯棉打底婴幼儿大pp哈衣,Baby Romper,29,4.25,https://detail.1688.com/offer/1032738341816.html,included,
1032515210307,baby-clothing,工厂批发男童春季套装小童韩版帅气宝宝春秋洋气灯芯绒长袖两件套,Long-Sleeve Baby Clothing Set,23,3.37,https://detail.1688.com/offer/1032515210307.html,included,
1032462948695,baby-clothing,2025秋季新款韩版女童长袖内衫配牛仔背心三件套宝宝秋套装67380,Long-Sleeve Baby Clothing Set,56,8.21,https://detail.1688.com/offer/1032462948695.html,included,
1032390205011,baby-clothing,中式风婴儿连体衣春秋套装男宝宝满月百天周岁礼服国风哈衣两件套,Baby Romper,52,7.62,https://detail.1688.com/offer/1032390205011.html,included,
1032051452965,baby-clothing,2026春季新款韩版女童条纹翻领衬衣气质宝宝长袖长裤两件套17897,Long-Sleeve Striped Baby Clothing Set,57,8.36,https://detail.1688.com/offer/1032051452965.html,included,
1031678076134,baby-clothing,2套装婴童长袖秋衣秋裤彩棉a类内衣男女宝宝高腰大pp婴儿分体套装,Long-Sleeve Baby Clothing Set,39.8,5.84,https://detail.1688.com/offer/1031678076134.html,included,
1030769515319,baby-clothing,中式风婴儿连体衣春秋套装男宝宝满月百天周岁礼服国风哈衣两件套,Baby Romper,56,8.21,https://detail.1688.com/offer/1030769515319.html,included,
1030248390306,baby-clothing,儿童连衣裙秋冬装女童洋气裙打底两件套装女宝宝周岁礼服套装1842,Baby Clothing Set,42,6.16,https://detail.1688.com/offer/1030248390306.html,included,
1029941578356,baby-clothing,春秋新款婴儿衣服洋气复古刺绣哈衣爬服女宝宝大翻领长袖包屁衣裙,Long-Sleeve Baby Romper,42,6.16,https://detail.1688.com/offer/1029941578356.html,included,
1029727007386,baby-clothing,宝宝秋季外出连体衣A类男女童衣服秋款连体衣居家服爬服安阳童装,Baby Romper,30.9,4.53,https://detail.1688.com/offer/1029727007386.html,included,
1029548695856,baby-clothing,婴儿衣服宝宝连体衣春秋季新款纯棉 a类长袖睡衣婴幼儿爬服哈衣,Long-Sleeve Baby Romper,17.5,2.57,https://detail.1688.com/offer/1029548695856.html,included,
1029487329954,baby-clothing,婴儿连体衣服春秋女宝宝国风公主超萌洋气春装双层哈衣满月外出服,Baby Romper,41,6.01,https://detail.1688.com/offer/1029487329954.html,included,
1029355116235,baby-clothing,春秋新款婴儿连体衣新生男女宝宝连体衣周岁满月百天外出哈衣爬服,Baby Romper,49,7.18,https://detail.1688.com/offer/1029355116235.html,included,
1029270700189,baby-clothing,jennybebe婴儿秋款2026新款长袖哈衣女宝宝可爱洋气娃娃领爬服裙,Long-Sleeve Baby Romper,56,8.21,https://detail.1688.com/offer/1029270700189.html,included,
1029104127143,baby-clothing,婴儿内衣春季纯棉A类长袖分体套装打底男女宝宝小童婴幼儿四季款,,17.5,,https://detail.1688.com/offer/1029104127143.html,held,product-identification-or-relevance-review
1028920073378,baby-clothing,女童背带连体裤套装婴儿女宝宝牛仔连体衣打底衫洋气秋装两件套,Baby Romper,42.28,6.2,https://detail.1688.com/offer/1028920073378.html,included,
1028888488842,baby-clothing,春装婴幼儿连体衣洋气女宝宝包屁衣公主套装爬爬服外出服三件套,Baby Romper,43,6.3,https://detail.1688.com/offer/1028888488842.html,included,
1028736601071,baby-clothing,婴儿连体衣春秋款长袖睡衣宝宝哈衣开裆新生儿衣服纯棉大PP爬爬服,Long-Sleeve Baby Romper,29,4.25,https://detail.1688.com/offer/1028736601071.html,included,
1028226447233,baby-clothing,跨境婴儿连体衣 男宝宝周岁礼服春秋绅士哈衣 长袖英伦风体两件套,Long-Sleeve Baby Romper,48,7.04,https://detail.1688.com/offer/1028226447233.html,included,
1028091648263,baby-clothing,韩版童装2026春季新款女童粉色甜美翻领针织开衫宝宝洋气碎花半裙,,37.37,,https://detail.1688.com/offer/1028091648263.html,held,product-identification-or-relevance-review
1027871004544,baby-clothing,婴儿衣服宝宝纯棉a类分体套装婴幼儿秋衣秋裤爬服长袖睡衣家居服,Long-Sleeve Baby Romper,19.5,2.86,https://detail.1688.com/offer/1027871004544.html,included,
1027766827846,baby-clothing,外贸批发女宝宝春秋甜美连衣裙2026新款时尚玫瑰花公主裙直播供货,Baby Dress,29,4.25,https://detail.1688.com/offer/1027766827846.html,included,
1027585400185,baby-clothing,2026双层秋款韩版波点蝴蝶结蕾丝边纯棉可爱女宝宝连体衣哈衣爬服,Baby Romper,52,7.62,https://detail.1688.com/offer/1027585400185.html,included,
1027265810549,baby-clothing,婴儿衣服春秋宝宝护肚新生儿蝴蝶衣纯棉月子服长袖哈衣爬服四季款,Long-Sleeve Baby Romper,13.5,1.98,https://detail.1688.com/offer/1027265810549.html,included,
1027232345653,baby-clothing,婴儿德绒连体衣新生儿长袖爬服春秋款宝宝无骨保暖打底哈衣,Long-Sleeve Baby Romper,12,1.76,https://detail.1688.com/offer/1027232345653.html,included,
1026857607270,baby-clothing,新生婴儿帅气男宝宝满月长袖春秋洋气连体衣超萌可爱外出哈衣爬服,Long-Sleeve Baby Romper,25,3.67,https://detail.1688.com/offer/1026857607270.html,included,
1026529619353,baby-clothing,新款春款女童套装外穿洋气宝宝两件套睡衣长袖儿童家居服小童新品,Long-Sleeve Baby Clothing Set,23,3.37,https://detail.1688.com/offer/1026529619353.html,included,
1026258978705,baby-clothing,a类春秋连体衣德绒宝宝套头哈衣长袖套头衫爬服连体睡衣打底衣,Long-Sleeve Baby Romper,14.5,2.13,https://detail.1688.com/offer/1026258978705.html,included,
1026089868814,baby-clothing,春秋新款婴儿连体衣新生儿满月白天抓周礼服男女宝宝长袖哈衣爬服,Long-Sleeve Baby Romper,58,8.5,https://detail.1688.com/offer/1026089868814.html,included,
1025567102103,baby-clothing,女宝宝春秋三角哈衣婴儿爬服百天周岁礼服新中式复古百天摄影套装,Baby Romper,44,6.45,https://detail.1688.com/offer/1025567102103.html,included,
1025536995771,baby-clothing,婴儿衣服翻领碎花春秋四季款包屁衣新生儿宝宝纯棉无骨长袖家居服,Long-Sleeve Printed Baby Romper,36.9,5.41,https://detail.1688.com/offer/1025536995771.html,included,
1025536995532,baby-clothing,婴儿连体衣服春秋女宝宝国风公主超萌洋气春装双层哈衣满月外出服,Baby Romper,41,6.01,https://detail.1688.com/offer/1025536995532.html,included,
1025303305753,baby-clothing,女童春秋装卡通套装春秋2026新款中小童洋气时髦卫衣宝宝两件套潮,Baby Clothing Set,36,5.28,https://detail.1688.com/offer/1025303305753.html,included,
1025235823588,baby-clothing,婴儿衣服春季舒绒肩开宝宝套头衫连体衣坑条弹力a类连体爬服代发,Baby Romper,30,4.4,https://detail.1688.com/offer/1025235823588.html,included,
1024988973154,baby-clothing,儿童衣服韩版秋装宝宝秋装2026童装儿童马甲男童条纹T休闲裤套装,Striped Baby Clothing Set,23.9,3.5,https://detail.1688.com/offer/1024988973154.html,included,
1024920741673,baby-clothing,婴儿连体衣a类纯棉无骨包屁衣新生儿宝宝衣服长袖爬服安阳婴童装,Long-Sleeve Baby Romper,16.9,2.48,https://detail.1688.com/offer/1024920741673.html,included,
1024860287549,baby-clothing,儿童秋衣秋裤套装纯棉男童莱卡睡衣女童家居服宝宝保暖衣童装内衣,Baby Clothing Set,12.9,1.89,https://detail.1688.com/offer/1024860287549.html,included,
1024677099404,baby-clothing,小羊嘟嘟26春新生儿A类全棉分体套装宝宝衣服和尚服睡衣儿童内衣,Baby Wrap Top,20.8,3.05,https://detail.1688.com/offer/1024677099404.html,included,
1024494345689,baby-clothing,春装新生婴儿牛仔爬服小月龄衣服男女宝宝连体哈衣秋季款外出抱衣,Baby Romper,55,8.06,https://detail.1688.com/offer/1024494345689.html,included,
1024429946757,baby-clothing,婴儿分体套装纯棉薄款长袖初秋宝宝女童小童睡衣家居服内衣空调服,Long-Sleeve Baby Clothing Set,17.7,2.6,https://detail.1688.com/offer/1024429946757.html,included,
1023748577993,baby-clothing,婴儿连体衣宝宝新生儿无骨春秋舒绒哈衣弹性婴幼儿童装套头爬服,Baby Romper,18.5,2.71,https://detail.1688.com/offer/1023748577993.html,included,
1023696831194,baby-clothing,花园婴儿连体衣男女宝宝长袖哈衣新生儿爬服a类纯棉衣服打底春装,Long-Sleeve Baby Romper,22.8,3.34,https://detail.1688.com/offer/1023696831194.html,included,
1023342513992,baby-clothing,春秋婴幼儿女宝宝春款可爱奶蓝色爱心刺绣背带裤套装连体衣,Baby Romper,47.9,7.02,https://detail.1688.com/offer/1023342513992.html,included,
1087568313191,baby-clothing,时尚童装女童新中式套装2026秋装款中国风宝宝童装玉兔马甲三件套,Baby Clothing Set,46.7,6.85,https://detail.1688.com/offer/1087568313191.html,included,
1085877965701,baby-clothing,婴儿包屁衣长袖纯棉A类三角爬服男女宝宝哈衣一件代发源头工厂,Long-Sleeve Baby Romper,13,1.91,https://detail.1688.com/offer/1085877965701.html,included,
1080548384560,baby-clothing,女小童韩系套装春秋季2026新款宝宝娃娃领卫衣秋装儿童拼色两件套,Baby Clothing Set,57,8.36,https://detail.1688.com/offer/1080548384560.html,included,
1080483516475,baby-clothing,男童秋冬立领卫衣套装2026新款儿童宝宝冬装加绒洋气长袖两件套潮,Long-Sleeve Baby Clothing Set,15.9,2.33,https://detail.1688.com/offer/1080483516475.html,included,
1080428980332,baby-clothing,奥特曼衣服男童套装春秋2026新款儿童潮酷帅上衣小宝宝秋季两件套,Baby Clothing Set,29.9,4.38,https://detail.1688.com/offer/1080428980332.html,included,
1080304364761,baby-clothing,女童纯棉秋衣秋裤碎花小女孩保暖内衣套装冬季儿童宝宝打底棉毛衫,Printed Baby Clothing Set,16.99,2.49,https://detail.1688.com/offer/1080304364761.html,included,
1080027240246,baby-clothing,新生儿宝宝和尚服衣服a类棉婴儿防风袖连体衣+高腰护肚大PP裤套装,Baby Romper,9.9,1.45,https://detail.1688.com/offer/1080027240246.html,included,
1080024824723,baby-clothing,婴儿衣服秋款帅气休闲连帽小狗外套三件套1一3岁半男宝宝春秋装,Hooded Baby Clothing Set,50,7.33,https://detail.1688.com/offer/1080024824723.html,included,
1080005968109,baby-clothing,婴幼儿纯棉分体套装二件套宝宝四季款套头秋衣秋裤百搭打底睡衣秋,Baby Clothing Set,20,2.93,https://detail.1688.com/offer/1080005968109.html,included,
1079567461760,baby-clothing,新生婴儿连体衣秋冬款男女宝宝哈衣爬服家居服春秋季加厚夹棉保暖,Baby Romper,19.5,2.86,https://detail.1688.com/offer/1079567461760.html,included,
1079567417575,baby-clothing,秋冬儿童内衣纯棉套装春季新款男童秋衣秋裤宝宝睡衣女童家居服童,Baby Clothing Set,8.9,1.3,https://detail.1688.com/offer/1079567417575.html,included,
1079545549474,baby-clothing,男童秋装套装2026新款韩版痞帅男宝宝翻领卫衣两件套儿童春秋衣服,Baby Clothing Set,52,7.62,https://detail.1688.com/offer/1079545549474.html,included,
1079540848090,baby-clothing,60g夹棉连体衣婴儿秋冬款三层保暖透气卡通可爱宝宝蝴蝶衣家居服,Baby Romper,27.78,4.07,https://detail.1688.com/offer/1079540848090.html,included,
1079540229594,baby-clothing,宝宝秋衣秋裤婴儿高腰护肚套装全棉男女长袖分体睡衣纯棉儿童套装,Long-Sleeve Baby Clothing Set,18.5,2.71,https://detail.1688.com/offer/1079540229594.html,included,
1079439768782,baby-clothing,儿童衣服秋季a类舒绒棉婴儿分体套装宝宝睡衣秋衣秋裤长袖家居服,Long-Sleeve Baby Clothing Set,25.8,3.78,https://detail.1688.com/offer/1079439768782.html,included,
1079379185973,baby-clothing,2026新款童装儿童羽绒棉服男童棉袄女童宝宝加厚棉衣加绒儿童外套,Baby Jacket,47,6.89,https://detail.1688.com/offer/1079379185973.html,included,
1079373149055,baby-clothing,男童卫衣套装秋装2025新款儿童洋气时髦宝宝衣服休闲两件套春秋潮,Baby Clothing Set,20.9,3.06,https://detail.1688.com/offer/1079373149055.html,included,
1079322752194,baby-clothing,2026年亚马逊秋冬款宝宝背带裙套装宝宝长袖哈衣格子蝴蝶结背带潮,Long-Sleeve Checked Baby Romper,33,4.84,https://detail.1688.com/offer/1079322752194.html,included,
1079282713911,baby-clothing,婴幼儿春秋款纯棉套装新生男女宝宝A类无骨工艺长袖家居服两件套,Long-Sleeve Baby Clothing Set,19,2.79,https://detail.1688.com/offer/1079282713911.html,included,
1079027897063,baby-clothing,春秋款新生儿宝宝哈衣婴儿高档丝绒单排扣连体衣宝宝长款包屁衣,Baby Romper,7.9,1.16,https://detail.1688.com/offer/1079027897063.html,included,
1078968072597,baby-clothing,男童秋装运动服套装2026新款宝宝衣服春秋童装小儿童男孩跨境专供,,52.8,,https://detail.1688.com/offer/1078968072597.html,held,product-identification-or-relevance-review
1078466761434,baby-clothing,婴儿连体衣保暖秋款夹棉宝宝冬装新生婴儿衣服秋装哈衣薄棉秋冬季,Baby Romper,19.9,2.92,https://detail.1688.com/offer/1078466761434.html,included,
1078359088180,baby-clothing,女童大蝴蝶结卫衣套装春秋宝宝洋气秋装卫衣可爱休闲女孩童装,Baby Clothing Set,22.5,3.3,https://detail.1688.com/offer/1078359088180.html,included,
1078125800578,baby-clothing,婴童秋衣秋裤a类全棉宝宝内衣套装打底分体衣服护肚儿童高腰套装,Baby Clothing Set,17,2.49,https://detail.1688.com/offer/1078125800578.html,included,
1077716122487,baby-clothing,【上衣+背带裤套装】婴儿背带裤春秋新款儿童裤子男女童宝宝连体,Baby Clothing Set,37.9,5.56,https://detail.1688.com/offer/1077716122487.html,included,
1077411679442,baby-clothing,2026秋季外贸新款男童格子翻领衬衫长袖套装男宝宝休闲长裤两件套,Long-Sleeve Checked Baby Clothing Set,33,4.84,https://detail.1688.com/offer/1077411679442.html,included,
1077386764540,baby-clothing,宝宝秋冬连体衣前开襟系带穿脱方便加厚保暖护肚哈衣新生儿爬服,Baby Romper,14.5,2.13,https://detail.1688.com/offer/1077386764540.html,included,
1077083809207,baby-clothing,男童春秋装经典奥特曼套装韩版儿童帅气运动两件套宝宝洋气衣服,Baby Clothing Set,63.9,9.37,https://detail.1688.com/offer/1077083809207.html,included,
1076946104499,baby-clothing,儿童2026秋装新品宝宝秋季衣服韩版童装女童碎花娃娃衫打底裤套装,Printed Baby Clothing Set,29.9,4.38,https://detail.1688.com/offer/1076946104499.html,included,
1076805939076,baby-clothing,婴儿秋装A类飞袖卷边长袖和尚服上衣+高腰护肚短裤套装家居服睡衣,Long-Sleeve Baby Wrap Top,7.9,1.16,https://detail.1688.com/offer/1076805939076.html,included,
1076638772557,baby-clothing,婴儿连体衣春秋纯棉无骨衣服新生儿哈衣宝宝秋季睡衣小月龄外出服,Baby Romper,24,3.52,https://detail.1688.com/offer/1076638772557.html,included,
1076602211884,baby-clothing,秋季新款婴儿连体衣长袖哈衣纯棉翻领开衫男女宝宝卡通外出衣服潮,Long-Sleeve Baby Romper,27.9,4.09,https://detail.1688.com/offer/1076602211884.html,included,
1076530317061,baby-clothing,儿童内衣套装纯棉睡衣男女童宝宝秋衣秋裤卡通休闲家居服童装批发,Baby Clothing Set,9.5,1.39,https://detail.1688.com/offer/1076530317061.html,included,
1076428108074,baby-clothing,女小童春秋套装新款小女孩洋气韩版卡通卫衣女宝宝休闲时髦两件套,Baby Clothing Set,63.8,9.35,https://detail.1688.com/offer/1076428108074.html,included,
1076099350260,baby-clothing,婴儿纯棉分体睡衣春秋季男女宝宝秋衣秋裤a类套装中小儿童家居服,Baby Clothing Set,24.9,3.65,https://detail.1688.com/offer/1076099350260.html,included,
1076003819107,baby-clothing,婴儿秋衣套装春秋纯棉无骨四季偏襟上衣秋裤男女宝宝分体衣两件套,Baby Clothing Set,18,2.64,https://detail.1688.com/offer/1076003819107.html,included,
1075814649943,baby-clothing,女童秋季学院风套装2026新款儿童秋装女宝宝海军领休闲运动两件套,Baby Clothing Set,52.5,7.7,https://detail.1688.com/offer/1075814649943.html,included,
1075677781989,baby-clothing,儿童纯棉秋衣秋裤套装男女童莱卡睡衣宝宝保暖内衣打底家居服春秋,Baby Clothing Set,14.5,2.13,https://detail.1688.com/offer/1075677781989.html,included,
1075594724891,baby-clothing,婴儿连体衣春秋四季款纯棉衣服新生幼儿哈衣打底爬服男女宝宝秋装,Baby Romper,18,2.64,https://detail.1688.com/offer/1075594724891.html,included,
1075222242141,baby-clothing,秋季男童卫衣套装女童春秋款时尚衣服新款卫衣卫裤两件套宝宝套装,Baby Clothing Set,16.9,2.48,https://detail.1688.com/offer/1075222242141.html,included,
1075174265877,baby-clothing,男童衬衫套装冬装时尚2026新款洋气宝宝秋冬季两件套婴童外出衣服,Baby Clothing Set,46,6.74,https://detail.1688.com/offer/1075174265877.html,included,
1075160458350,baby-clothing,女童早秋kt猫长袖套装春秋2026新款儿童洋气上衣宝宝条纹喇叭裤韩,Long-Sleeve Striped Baby Clothing Set,17.9,2.62,https://detail.1688.com/offer/1075160458350.html,included,
1075118906244,baby-clothing,男童秋款套装新款宝宝运动服帅气春秋款儿童韩版婴儿外套秋装,Baby Clothing Set,40.84,5.99,https://detail.1688.com/offer/1075118906244.html,included,
1074796722367,baby-clothing,婴儿连体衣秋冬款三层夹棉长袖哈衣宝宝加厚衣服新生儿爬爬服睡衣,Long-Sleeve Baby Romper,19.5,2.86,https://detail.1688.com/offer/1074796722367.html,included,
1074499652205,baby-clothing,婴儿秋衣秋裤a类纯棉春秋宝宝全棉分体套装秋冬儿童家居服睡衣,Baby Clothing Set,22.9,3.36,https://detail.1688.com/offer/1074499652205.html,included,
1074415907507,baby-clothing,婴儿套装分体纯棉秋衣秋裤新生婴幼儿长袖秋装打底高腰护肚内衣,Long-Sleeve Baby Clothing Set,18.5,2.71,https://detail.1688.com/offer/1074415907507.html,included,
1074401088374,baby-clothing,男童春秋季冲锋衣套装韩版小儿童帅气运动潮款两件套宝宝外贸衣服,Baby Clothing Set,66.9,9.81,https://detail.1688.com/offer/1074401088374.html,included,
1074391502624,baby-clothing,宝宝纯棉秋衣秋裤套装春秋季婴儿无骨A类高腰护肚分体家居服睡衣,Baby Clothing Set,22.5,3.3,https://detail.1688.com/offer/1074391502624.html,included,
1074322173292,baby-clothing,A 类纯棉婴儿内衣套装 春秋款宝宝无骨秋衣秋裤 新生儿居家打底服,Baby Clothing Set,19,2.79,https://detail.1688.com/offer/1074322173292.html,included,
1074198689382,baby-clothing,夏季薄款A类新生儿哈衣婴儿连体衣开衫睡衣棉质长袖,Long-Sleeve Baby Romper,32,4.69,https://detail.1688.com/offer/1074198689382.html,included,
1074127355970,baby-clothing,女童秋套装2026秋季新款儿童洋气假两件卫衣打底裤两件套宝宝秋装,Baby Clothing Set,52.5,7.7,https://detail.1688.com/offer/1074127355970.html,included,
1074015425319,baby-clothing,男童秋装套装2026新款儿童春秋款洋气韩版卫衣长袖两件套宝宝秋季,Long-Sleeve Baby Clothing Set,36,5.28,https://detail.1688.com/offer/1074015425319.html,included,
1073947016005,baby-clothing,秋季新款童套装2026男宝套装男宝宝洋气大象毛衣三件套a类三件套,Baby Clothing Set,79,11.58,https://detail.1688.com/offer/1073947016005.html,included,
1073866691356,baby-clothing,婴儿分体套装宝宝温感加绒加厚保暖秋冬套装无骨秋衣秋裤家居套装,Baby Clothing Set,16,2.35,https://detail.1688.com/offer/1073866691356.html,included,
1073784015442,baby-clothing,婴儿a类纯棉连体衣春秋季新款新生儿长袖哈衣爬服宝宝衣服外出服,Long-Sleeve Baby Romper,20,2.93,https://detail.1688.com/offer/1073784015442.html,included,
1073660869387,baby-clothing,婴儿衣服春秋装纯棉a类婴幼儿分体睡衣高腰护肚裤女宝宝秋衣套装,Baby Clothing Set,30,4.4,https://detail.1688.com/offer/1073660869387.html,included,
1073527495734,baby-clothing,2026秋季新款女童卫衣彩色星语女童宝宝可爱休闲时尚卫衣套装,Baby Clothing Set,24.9,3.65,https://detail.1688.com/offer/1073527495734.html,included,
1073522781437,baby-clothing,A类纯棉婴儿秋衣套装春秋卡通宝宝秋衣秋裤a类全棉秋冬儿童睡衣,Baby Clothing Set,22.9,3.36,https://detail.1688.com/offer/1073522781437.html,included,
1073508075932,baby-clothing,婴儿秋衣秋裤纯棉宝宝高腰护肚分体套装婴幼儿四季款睡衣家居服秋,Baby Clothing Set,21.5,3.15,https://detail.1688.com/offer/1073508075932.html,included,
1073322180083,baby-clothing,男童加绒套装2026新款女童儿童时髦春秋宝宝休闲运动洋气两件套,Baby Clothing Set,37,5.43,https://detail.1688.com/offer/1073322180083.html,included,
1073196891530,baby-clothing,男童春秋季套装2026新款男宝宝秋装洋气马甲长袖三件套婴儿童装潮,Long-Sleeve Baby Clothing Set,95,13.93,https://detail.1688.com/offer/1073196891530.html,included,
1072778725436,baby-clothing,宝宝高腰护肚秋衣套装新生儿a类偏襟斜口上衣婴儿碎花家居两件套,Printed Baby Clothing Set,19.8,2.9,https://detail.1688.com/offer/1072778725436.html,included,
1072715906819,baby-clothing,10A抗菌婴儿马甲数码印花纯棉新生儿小马甲单层男女儿童坎肩,,13,,https://detail.1688.com/offer/1072715906819.html,held,product-identification-or-relevance-review
1072671003067,baby-clothing,宝宝a类连体衣刺绣蕾丝小飞袖无骨纯棉新生儿居家外出爬服,Baby Romper,21.9,3.21,https://detail.1688.com/offer/1072671003067.html,included,
1072328477885,baby-clothing,女童加绒小花兔子套装洋气新款2026冬装宝宝加厚冬季儿童三件套潮,Baby Clothing Set,63,9.24,https://detail.1688.com/offer/1072328477885.html,included,
1072121205785,baby-clothing,儿童服装秋季2026新款宝宝秋款衣服韩版童装女童毛衣波点卫裤套装,Baby Clothing Set,31.9,4.68,https://detail.1688.com/offer/1072121205785.html,included,
1071963021733,baby-clothing,小猪大卫新款婴儿纯棉内衣套装高腰护肚秋衣秋裤宝宝A类居家服秋,Baby Clothing Set,20.9,3.06,https://detail.1688.com/offer/1071963021733.html,included,
1071934776349,baby-clothing,2026秋季新款婴幼儿卡通无骨连体衣男女宝宝外出爬爬服闭裆哈衣,Baby Romper,18,2.64,https://detail.1688.com/offer/1071934776349.html,included,
1071861211328,baby-clothing,春秋纯棉儿童内衣套装秋衣女童男宝宝印花秋衣秋裤睡衣家居服批发,Printed Baby Clothing Set,15.9,2.33,https://detail.1688.com/offer/1071861211328.html,included,
1071815749101,baby-clothing,男女宝宝连体衣春秋季薄款哈幼童装新生婴儿衣服外穿睡衣长袖开裆,Long-Sleeve Baby Romper,18.2,2.67,https://detail.1688.com/offer/1071815749101.html,included,
1071320017647,baby-clothing,跨境独立站绣有“2026年出生”字样的连体衣美国周年纪念婴儿套装,Baby Romper,52.8,7.74,https://detail.1688.com/offer/1071320017647.html,included,
1071113858023,baby-clothing,新生婴儿衣服纯棉a类0-3月宝宝四季护肚打底衣连体衣春秋款和尚服,Baby Romper,16.5,2.42,https://detail.1688.com/offer/1071113858023.html,included,
1070903543666,baby-clothing,宝宝内衣套装免脱纯棉婴儿分体秋衣秋裤高腰护肚婴幼儿家居服睡衣,Baby Clothing Set,20.5,3.01,https://detail.1688.com/offer/1070903543666.html,included,
1070826495806,baby-clothing,宝宝套装秋装2026新款男童早秋洋气卫衣裤子婴儿秋季套头外出衣服,Baby Clothing Set,46,6.74,https://detail.1688.com/offer/1070826495806.html,included,
1070563023103,baby-clothing,男童春秋套装2026新款儿童帅气衣服宝宝卫衣运动两件套休闲童装潮,Baby Clothing Set,37,5.43,https://detail.1688.com/offer/1070563023103.html,included,
1070531506643,baby-clothing,nebeans潮牌婴儿连身衣外出服A棉透气柔软男女宝卡通哆啦哈衣爬服,Baby Romper,26.9,3.94,https://detail.1688.com/offer/1070531506643.html,included,
1070481227453,baby-clothing,女童后背蝴蝶结套装春秋季2026新款女宝宝卡通卫衣休闲两件套,Baby Clothing Set,58,8.5,https://detail.1688.com/offer/1070481227453.html,included,
1070268723667,baby-clothing,女宝宝秋装早秋套装幼儿背带裤洋气秋季一岁婴儿衣服小月龄两件套,Baby Clothing Set,32,4.69,https://detail.1688.com/offer/1070268723667.html,included,
1070044220603,baby-clothing,女小童短袖套装夏季2026新款女宝宝洋气休闲夏装儿童洋气时髦套装,,15.9,,https://detail.1688.com/offer/1070044220603.html,held,product-identification-or-relevance-review
1069774084121,baby-clothing,纯棉婴儿连体衣春秋款睡衣新生儿衣服秋季婴幼儿男女宝宝初早秋装,Baby Romper,20,2.93,https://detail.1688.com/offer/1069774084121.html,included,
1069214939087,baby-clothing,婴儿连体衣春秋款a类纯棉新生儿衣服绑带和尚服宝宝长袖哈衣爬服,Long-Sleeve Baby Romper,14.5,2.13,https://detail.1688.com/offer/1069214939087.html,included,
1069065072878,baby-clothing,春秋婴儿纯棉连体衣草莓刺绣A类无骨缝制宝宝外出服连体衣a类爬服,Baby Romper,22.8,3.34,https://detail.1688.com/offer/1069065072878.html,included,
1068843081434,baby-clothing,婴儿秋冬款连体衣夹棉薄棉婴幼儿秋冬外出服宝宝爬爬服保暖连体衣,Baby Romper,18.5,2.71,https://detail.1688.com/offer/1068843081434.html,included,
1068838529070,baby-clothing,婴儿秋衣套装全棉高腰护肚秋裤男女宝宝长袖分体睡衣纯棉婴童套装,Long-Sleeve Baby Clothing Set,17,2.49,https://detail.1688.com/offer/1068838529070.html,included,
1068835889747,baby-clothing,春秋婴儿长袖连体衣 A 类纯棉柔软花边领新生宝宝洋气百搭哈衣,Long-Sleeve Baby Romper,18.5,2.71,https://detail.1688.com/offer/1068835889747.html,included,
1068738908404,baby-clothing,宝宝连体衣春秋保暖婴儿新生儿衣服a类夹棉冬睡衣男女哈衣爬爬服,Baby Romper,18.5,2.71,https://detail.1688.com/offer/1068738908404.html,included,
1068732525045,baby-clothing,跨境夏季新款童装男童夏装婴幼儿童时尚短袖洋气宝宝穿搭两件套潮,Short-Sleeve Baby Clothing Set,16,2.35,https://detail.1688.com/offer/1068732525045.html,included,
1068414126054,baby-clothing,春秋纯棉婴儿连体衣服新生儿宝宝哈衣爬服无骨打底内衣睡衣外出服,Baby Romper,19,2.79,https://detail.1688.com/offer/1068414126054.html,included,
1068376622641,baby-clothing,无骨缝制婴儿春秋纯棉套装 A 类卡通长袖长裤 新生儿贴身衣服,Long-Sleeve Baby Clothing Set,17.5,2.57,https://detail.1688.com/offer/1068376622641.html,included,
1068375078108,baby-clothing,婴儿春秋长袖长裤纯棉套装a类无骨缝制卡通套装可外穿新生儿衣服,Long-Sleeve Baby Clothing Set,17.5,2.57,https://detail.1688.com/offer/1068375078108.html,included,
1068128431779,baby-clothing,女童连衣裙春秋2026新款洋气时髦儿童装春季女宝宝中国风公主裙子,Baby Dress,61.9,9.08,https://detail.1688.com/offer/1068128431779.html,included,
1068089018045,baby-clothing,婴儿连体衣春秋纯棉新生儿衣服宝宝超萌可爱哈衣爬服小月龄外出服,Baby Romper,24,3.52,https://detail.1688.com/offer/1068089018045.html,included,
1067669084105,baby-clothing,婴儿秋衣秋裤纯棉春秋季按扣式高腰打底男女宝宝衣服分体套装睡衣,Baby Clothing Set,18.5,2.71,https://detail.1688.com/offer/1067669084105.html,included,
1067575177655,baby-clothing,男童短袖t恤套装儿童夏装2026新款痞帅韩系宝宝夏季薄款两件套潮,Short-Sleeve Baby Clothing Set,16.8,2.46,https://detail.1688.com/offer/1067575177655.html,included,
1067240816245,baby-clothing,宝宝保暖内衣套装秋衣秋裤纯棉婴幼儿睡衣家居服儿童分体打底春秋,Baby Clothing Set,19.5,2.86,https://detail.1688.com/offer/1067240816245.html,included,
1067233971100,baby-clothing,新生儿连体衣春秋冬男女宝宝薄棉保暖衣蝴蝶衣服纯棉无骨哈衣爬服,Baby Romper,17,2.49,https://detail.1688.com/offer/1067233971100.html,included,
1067131990636,baby-clothing,儿童德绒保暖家居服套装秋冬男女童宝宝无骨秋衣秋裤睡衣长袖内衣,Long-Sleeve Baby Clothing Set,10.74,1.57,https://detail.1688.com/offer/1067131990636.html,included,
1067029245773,baby-clothing,婴儿连体衣a类纯棉宝宝长袖爬爬服婴儿全棉衣服新生儿睡衣家居服,Long-Sleeve Baby Romper,19.5,2.86,https://detail.1688.com/offer/1067029245773.html,included,
1067016883374,baby-clothing,婴儿保暖连体衣新生儿纯棉长袖睡衣宝宝秋冬夹棉无骨哈衣爬服秋冬,Long-Sleeve Baby Romper,18.5,2.71,https://detail.1688.com/offer/1067016883374.html,included,
1066926786492,baby-clothing,2026新款女童春秋款卫衣套装女宝宝韩版拉链外套儿童喇叭裤两件套,Baby Clothing Set,17.9,2.62,https://detail.1688.com/offer/1066926786492.html,included,
1066773578518,baby-clothing,偏襟短袖连体衣短爬宝宝无骨哈衣婴儿爬服薄款衣服婴儿衣服夏薄款,Short-Sleeve Baby Romper,12,1.76,https://detail.1688.com/offer/1066773578518.html,included,
1066719711784,baby-clothing,宝宝内衣免脱套装秋衣秋裤纯棉婴幼儿高腰护肚服儿童分体打底春秋,Baby Clothing Set,17,2.49,https://detail.1688.com/offer/1066719711784.html,included,
1066447478906,baby-clothing,薄荷宝贝童装宝宝套装夏季薄款衣服新生婴儿包屁衣a类辅食口水巾,Baby Romper,19.9,2.92,https://detail.1688.com/offer/1066447478906.html,included,
1066376607085,baby-clothing,韩系男宝宝两件套秋季背带裤婴幼儿秋装连体衣条纹打底衫男童套装,Striped Baby Romper,70,10.26,https://detail.1688.com/offer/1066376607085.html,included,
1066069881544,baby-clothing,女童洋气吊带上衣花苞短裤0-1-2-3岁女宝宝夏季薄款甜美两件套装,Baby Clothing Set,23.8,3.49,https://detail.1688.com/offer/1066069881544.html,included,
1065918617214,baby-clothing,男童套装秋季1岁男宝宝韩版插肩卡通长袖T恤工装裤两件套韩国童装,Long-Sleeve Baby Clothing Set,32,4.69,https://detail.1688.com/offer/1065918617214.html,included,
1065872707406,baby-clothing,涵宝乐园秋冬40克南极棉婴幼儿立领套装卡通宝宝夹棉二件套73-90,,24,,https://detail.1688.com/offer/1065872707406.html,held,product-identification-or-relevance-review
1065821757601,baby-clothing,女童套装2026新款儿童春秋宝宝洋气春装时髦衣服春秋款牛仔三件套,Baby Clothing Set,40.9,6.0,https://detail.1688.com/offer/1065821757601.html,included,
1065736374059,baby-clothing,竹纤维婴儿连体衣cpc认证跨境A类薄款长袖柔软双向拉链宝宝空调服,Long-Sleeve Baby Romper,37,5.43,https://detail.1688.com/offer/1065736374059.html,included,
1065667552598,baby-clothing,婴儿春秋长袖连体衣宝宝纯棉爬服哈衣新生儿无骨a类洋气衣服,Long-Sleeve Baby Romper,15.5,2.27,https://detail.1688.com/offer/1065667552598.html,included,
1065613471318,baby-clothing,婴儿三层保暖加厚新生儿A类冬装男女宝宝秋冬季爬服儿童保暖哈衣,Baby Romper,17.5,2.57,https://detail.1688.com/offer/1065613471318.html,included,
1065580290993,baby-clothing,婴儿秋衣秋裤套装高腰长袖春秋季内衣两件套新生儿衣服睡衣冬打底,Long-Sleeve Baby Clothing Set,18.5,2.71,https://detail.1688.com/offer/1065580290993.html,included,
1065550788091,baby-clothing,男童夏装套装帅气儿童棉质小童宝宝短袖衣服女童夏季两件套-岁,Short-Sleeve Baby Clothing Set,25.8,3.78,https://detail.1688.com/offer/1065550788091.html,included,
1065415723286,baby-clothing,婴儿连体衣纯棉a类长袖宝宝爬服婴幼儿衣服新生儿哈衣安阳童装,Long-Sleeve Baby Romper,19.5,2.86,https://detail.1688.com/offer/1065415723286.html,included,
1065374916751,baby-clothing,婴儿衣服夏季可爱超萌哈衣无袖洋气卡通小月龄男宝宝外出夏装,Sleeveless Baby Romper,20,2.93,https://detail.1688.com/offer/1065374916751.html,included,
1065268794361,baby-clothing,宝宝保暖内衣套装秋衣秋裤纯棉婴幼儿睡衣家居服儿童分体打底春秋,Baby Clothing Set,19.5,2.86,https://detail.1688.com/offer/1065268794361.html,included,
1065246584880,baby-clothing,男童外套套装秋装2026新款洋气男宝宝婴幼儿帅气儿童春秋季三件套,Baby Clothing Set,86,12.61,https://detail.1688.com/offer/1065246584880.html,included,
1064939450333,baby-clothing,婴儿夹棉连体衣秋冬外出薄棉60g新生儿纯棉哈衣家居爬服宝宝衣服,Baby Romper,15.5,2.27,https://detail.1688.com/offer/1064939450333.html,included,
1064930998446,baby-clothing,女童春秋装套装牛仔裤2026套装春季洋气新款时髦宝宝衣服儿童开学,Baby Clothing Set,26.9,3.94,https://detail.1688.com/offer/1064930998446.html,included,
1064767563724,baby-clothing,婴儿连体衣春秋款四季纯棉贴身打底新生儿衣服男女小月龄宝宝秋装,Baby Romper,17,2.49,https://detail.1688.com/offer/1064767563724.html,included,
1064437208258,baby-clothing,儿童套装秋装2026新款洋气男女童宝宝婴幼儿春秋季分体时髦两件套,Baby Clothing Set,55,8.06,https://detail.1688.com/offer/1064437208258.html,included,
1064437208136,baby-clothing,男童毛衣衬衫套装秋装2026新款宝宝洋气帅气婴幼儿童春秋季三件套,Baby Clothing Set,31,4.55,https://detail.1688.com/offer/1064437208136.html,included,
1064381480285,baby-clothing,婴儿春秋季夹棉连体衣40克薄棉无骨爬服男女宝宝外出服保暖棉服秋,Baby Romper,22,3.23,https://detail.1688.com/offer/1064381480285.html,included,
1064371996158,baby-clothing,婴儿衣服夏薄款婴儿连体衣纯棉无骨哈衣宝宝爬爬服长袖空调服睡衣,Long-Sleeve Baby Romper,12.5,1.83,https://detail.1688.com/offer/1064371996158.html,included,
1064197131732,baby-clothing,婴幼儿分体开衫套装春秋男女宝宝睡衣纯棉无骨冬打底婴儿秋衣秋裤,Baby Clothing Set,16.5,2.42,https://detail.1688.com/offer/1064197131732.html,included,
1063987000216,baby-clothing,婴儿套装天丝凉感男女宝宝家居服夏薄款开衫睡衣分体两件套,Baby Clothing Set,16,2.35,https://detail.1688.com/offer/1063987000216.html,included,
1063794565785,baby-clothing,儿童毛衣套装秋装男女童宝宝开衫新款韩版婴幼儿春秋季百搭三件套,Baby Clothing Set,25,3.67,https://detail.1688.com/offer/1063794565785.html,included,
1063600782230,baby-clothing,点兮婴幼儿秋季韩系卡通印花长袖T恤宝宝波点木耳边直筒裤两件套,Long-Sleeve Printed Baby Clothing Set,55.9,8.2,https://detail.1688.com/offer/1063600782230.html,included,
1063178672072,baby-clothing,无袖儿童夏季背心上衣帅气男童无袖套装男宝宝中小童夏装男童,Sleeveless Baby Clothing Set,6.89,1.01,https://detail.1688.com/offer/1063178672072.html,included,
1063134640410,baby-clothing,花田糖秋冬纯棉婴幼儿肩扣套装悠悠小鹿宝宝内衣二件套73-90码,,19.5,,https://detail.1688.com/offer/1063134640410.html,held,product-identification-or-relevance-review
1063105890124,baby-clothing,男童春秋装套装2026新款女童运动两件套儿童秋季衣服宝宝休闲童装,Baby Clothing Set,57.8,8.48,https://detail.1688.com/offer/1063105890124.html,included,
1062988827598,baby-clothing,婴儿长袖连体衣春秋季纯棉新生儿衣服超萌居家哈衣男女宝宝爬爬服,Long-Sleeve Baby Romper,15.5,2.27,https://detail.1688.com/offer/1062988827598.html,included,
1062466028293,baby-clothing,婴儿四季款纯棉蝴蝶衣长袖无骨连体衣春秋宝宝护肚哈衣睡衣和尚服,Long-Sleeve Baby Romper,11,1.61,https://detail.1688.com/offer/1062466028293.html,included,
1062430714389,baby-clothing,女童洋气森系夏季薄款牛仔阔腿裤套装宝宝2026新款韩版夏日两件套,Baby Clothing Set,56,8.21,https://detail.1688.com/offer/1062430714389.html,included,
1062367958689,baby-clothing,女童夏季卡通小狗短袖套装宝宝复古波点防蚊裤小童休闲外出套装,Short-Sleeve Baby Clothing Set,21.58,3.16,https://detail.1688.com/offer/1062367958689.html,included,
1062282943454,baby-clothing,夏季绵绸儿童背心套装男女童薄款棉绸开衫短裤两件套宝宝无袖套装,Sleeveless Baby Clothing Set,7.5,1.1,https://detail.1688.com/offer/1062282943454.html,included,
1062205593233,baby-clothing,花田糖秋冬纯棉婴幼儿肩扣套装饼干土豆宝宝内衣二件套73-90码,,20,,https://detail.1688.com/offer/1062205593233.html,held,product-identification-or-relevance-review
1062178684617,baby-clothing,新款儿童棉马甲秋冬男女童坎肩宝宝婴儿洋气马夹整张棉背心外套,Baby Jacket,20,2.93,https://detail.1688.com/offer/1062178684617.html,included,
1061987661537,baby-clothing,儿童套装2026夏季一岁男宝宝衣服衬衫短袖背带裤男童夏装洋气童装,Short-Sleeve Baby Clothing Set,19,2.79,https://detail.1688.com/offer/1061987661537.html,included,
1061675935987,baby-clothing,男童套装秋装外套新款男宝宝时尚洋气儿童婴幼儿春秋季百搭两件套,Baby Clothing Set,32,4.69,https://detail.1688.com/offer/1061675935987.html,included,
1061671938037,baby-clothing,女童夏季新款韩版波点小熊短袖T恤套装女宝宝洋气儿童时尚童装潮,Short-Sleeve Baby Clothing Set,20.9,3.06,https://detail.1688.com/offer/1061671938037.html,included,
1061671291561,baby-clothing,男童毛衣套装秋装时尚男宝宝新款洋气韩版婴幼儿春秋季儿童三件套,Baby Clothing Set,29,4.25,https://detail.1688.com/offer/1061671291561.html,included,
1061531873607,baby-clothing,新生儿四季蝴蝶衣婴儿衣服春秋纯棉无骨哈衣宝宝连体衣初生和尚服,Baby Romper,11,1.61,https://detail.1688.com/offer/1061531873607.html,included,
1061136403030,baby-clothing,小少爷衣服男宝宝针织polo短袖翻领T恤短裤套装宝宝洋气时尚夏装,Short-Sleeve Baby Clothing Set,21.9,3.21,https://detail.1688.com/offer/1061136403030.html,included,
1061047553016,baby-clothing,花田糖春秋纯棉婴儿偏扣连体衣合家欢乐宝宝哈衣爬服59-66码,Baby Romper,17,2.49,https://detail.1688.com/offer/1061047553016.html,included,
1060922473078,baby-clothing,女童格子花边套装夏季新款女宝宝背心无袖上衣阔腿裤两件套薄款,Sleeveless Checked Baby Clothing Set,10.8,1.58,https://detail.1688.com/offer/1060922473078.html,included,
1060740098916,baby-clothing,夏季薄款儿童背心短裤套装男童宝宝无袖足球服,Sleeveless Baby Clothing Set,15,2.2,https://detail.1688.com/offer/1060740098916.html,included,
1060468579445,baby-clothing,新生婴儿衣服春秋季连体衣小月龄纯棉宝宝内衣婴幼儿贴身长袖睡衣,Long-Sleeve Baby Romper,14,2.05,https://detail.1688.com/offer/1060468579445.html,included,
1060048407452,baby-clothing,厂家直销婴儿连体衣春秋季纯棉宝宝哈衣四季长袖童装薄款一件代发,Long-Sleeve Baby Romper,25.5,3.74,https://detail.1688.com/offer/1060048407452.html,included,
1060015606938,baby-clothing,2026新款婴儿夏季吊带连体衣男女宝宝薄款爬服卡通印花哈衣包屁衣,Printed Baby Romper,38,5.57,https://detail.1688.com/offer/1060015606938.html,included,
1059800367279,baby-clothing,2026新款女童秋季套装宝宝春秋珠珠毛衣马甲三件套小童套装潮批发,Baby Clothing Set,53,7.77,https://detail.1688.com/offer/1059800367279.html,included,
1059332408034,baby-clothing,婴儿套装夏季薄款纯棉短袖无骨宝宝透气短袖七分裤睡衣家居服衣服,Short-Sleeve Baby Clothing Set,17.9,2.62,https://detail.1688.com/offer/1059332408034.html,included,
1059188875644,baby-clothing,儿童背心套装夏季新款男孩无袖短裤帅气宝宝薄款男童夏款衣服童装,Sleeveless Baby Clothing Set,7.36,1.08,https://detail.1688.com/offer/1059188875644.html,included,
1059153632593,baby-clothing,婴儿背心包屁衣夏季薄款无袖男女宝宝三角哈衣服纯棉新生儿连体衣,Sleeveless Baby Romper,7.9,1.16,https://detail.1688.com/offer/1059153632593.html,included,
1058670901047,baby-clothing,宝宝夏季衣服韩系条纹包屁衣短袖哈衣小月龄夏装超萌婴儿连体衣夏,Short-Sleeve Striped Baby Romper,24,3.52,https://detail.1688.com/offer/1058670901047.html,included,
1058633979435,baby-clothing,女童吊带套装2026夏季新款儿童巨好看女宝宝夏装无袖阔腿裤两件套,Sleeveless Baby Clothing Set,29,4.25,https://detail.1688.com/offer/1058633979435.html,included,
1058321970363,baby-clothing,新生婴儿满月服百天衣服宝宝纯棉短袖男女喜庆连体衣红色夏季薄款,Short-Sleeve Baby Romper,32.8,4.81,https://detail.1688.com/offer/1058321970363.html,included,
1057754089511,baby-clothing,婴儿衣服夏薄款婴儿连体衣纯棉无骨男女宝宝爬爬服长袖空调服睡衣,Long-Sleeve Baby Romper,12.5,1.83,https://detail.1688.com/offer/1057754089511.html,included,
1057325100113,baby-clothing,宝宝短袖长裤夏季哈衣婴儿连体衣纯棉薄款2026新款超萌哈衣短爬,Short-Sleeve Baby Romper,15,2.2,https://detail.1688.com/offer/1057325100113.html,included,
1057306364928,baby-clothing,儿童速干运动套装夏季男女童短袖短裤宝宝透气休闲两件套,Short-Sleeve Baby Clothing Set,15,2.2,https://detail.1688.com/offer/1057306364928.html,included,
1057237394288,baby-clothing,儿童短袖套装夏季新款男童卡通宽松两件套t恤宝宝夏款衣服童装,Short-Sleeve Relaxed-Fit Baby Clothing Set,5.8,0.85,https://detail.1688.com/offer/1057237394288.html,included,
1057188690755,baby-clothing,夏季婴儿衣服连体衣短袖透气薄款男女宝宝哈衣纯棉新生儿夏天衣服,Short-Sleeve Baby Romper,12.5,1.83,https://detail.1688.com/offer/1057188690755.html,included,
1057105597079,baby-clothing,婴儿连体衣宝宝夏天衣服薄款空调服纯棉a类无骨哈衣儿童蝴蝶衣夏,Baby Romper,9.9,1.45,https://detail.1688.com/offer/1057105597079.html,included,
1057085879520,baby-clothing,外贸童装男童背带裤套装婴幼儿春秋季儿童时髦衣服宝宝两件套帅气,Baby Clothing Set,49.5,7.26,https://detail.1688.com/offer/1057085879520.html,included,
1057009001946,baby-clothing,男童夏装套装2026新款儿童夏季胖虎短袖白T女童男宝宝t恤休闲长裤,Short-Sleeve Baby Clothing Set,23.8,3.49,https://detail.1688.com/offer/1057009001946.html,included,
1056929013359,baby-clothing,女小童牛仔套装夏季2026新款儿童猫咪背心夏装女宝宝甜美风两件套,Baby Clothing Set,45.8,6.72,https://detail.1688.com/offer/1056929013359.html,included,
1056585731686,baby-clothing,男童春秋格子马甲三件套学院风领带宝宝洋气韩版套装,Checked Baby Clothing Set,35,5.13,https://detail.1688.com/offer/1056585731686.html,included,
1056579359671,baby-clothing,宝宝夏季衣服薄款新生幼儿外出男女宝宝长袖空调服连体衣,Long-Sleeve Baby Romper,14.5,2.13,https://detail.1688.com/offer/1056579359671.html,included,
1056563712570,baby-clothing,宝宝短袖长裤夏季哈衣婴儿连体衣纯棉薄款2026新款超萌哈衣,Short-Sleeve Baby Romper,15,2.2,https://detail.1688.com/offer/1056563712570.html,included,
1055851722003,baby-clothing,夏季婴儿衣服连体衣短袖透气薄款男女宝宝哈衣纯棉新生儿夏天衣服,Short-Sleeve Baby Romper,12.5,1.83,https://detail.1688.com/offer/1055851722003.html,included,
1055320515791,baby-clothing,童装男童短袖服装新款套装小童2026新款儿童装polo衫夏季宝宝衣服,,9.47,,https://detail.1688.com/offer/1055320515791.html,held,product-identification-or-relevance-review
1055300184130,baby-clothing,宝宝衣服夏薄款超韩洋气婴儿牛仔背带POLO衫两件套夏日穿搭周岁服,Baby Clothing Set,29,4.25,https://detail.1688.com/offer/1055300184130.html,included,
1055114196693,baby-clothing,【舒柔棉】宝宝夏季超萌婴儿连体衣薄款背心爬服夏日可爱包屁哈衣,Baby Romper,18.9,2.77,https://detail.1688.com/offer/1055114196693.html,included,
1054806694584,baby-clothing,婴儿夏季薄款分体两件套装纯棉开衫幼儿女宝宝透气空调服长袖睡衣,Long-Sleeve Baby Clothing Set,19.5,2.86,https://detail.1688.com/offer/1054806694584.html,included,
1054535150325,baby-clothing,男女通用夏季婴儿吊带哈衣宝宝连体衣爬服绵绸,Baby Romper,7,1.03,https://detail.1688.com/offer/1054535150325.html,included,
1054455104424,baby-clothing,婴儿连体衣短袖夏季薄款男宝宝夏天无骨透气哈衣新生儿假背带爬服,Short-Sleeve Baby Romper,16.5,2.42,https://detail.1688.com/offer/1054455104424.html,included,
1054452820664,baby-clothing,ins韩版婴儿夏装衣服薄款连体衣新生儿女宝宝吊带包屁衣外出爬服,Baby Romper,29.8,4.37,https://detail.1688.com/offer/1054452820664.html,included,
1054418426882,baby-clothing,男童套装2026夏季新款儿童夏装男孩薄款短袖牛仔裤男宝宝时髦衣服,Short-Sleeve Baby Clothing Set,16.8,2.46,https://detail.1688.com/offer/1054418426882.html,included,
1054259031004,baby-clothing,0-2岁纯棉无袖婴儿连身衣外出服A棉星星人小熊男女宝哈衣爬服透气,Sleeveless Baby Romper,5.5,0.81,https://detail.1688.com/offer/1054259031004.html,included,
1054080566381,baby-clothing,男童夏季短袖套装2026新款宝宝洋气时髦条纹衣服儿童夏款运动穿搭,,29.9,,https://detail.1688.com/offer/1054080566381.html,held,product-identification-or-relevance-review
1053758729501,baby-clothing,男童恐龙鲨鱼印花连体泳衣 短袖拉链婴儿速干冲浪服 儿童温泉泳装,,19.5,,https://detail.1688.com/offer/1053758729501.html,held,product-identification-or-relevance-review
1053591247540,baby-clothing,婴儿衣服春秋长袖条纹哈衣儿童德绒连体衣爬服睡衣婴幼儿秋装宝宝,Long-Sleeve Striped Baby Romper,14.9,2.18,https://detail.1688.com/offer/1053591247540.html,included,
1053266939827,baby-clothing,超好看女童套装2026夏新款儿童绿色波点背心上衣女宝宝卡其色半裙,Baby Clothing Set,23.9,3.5,https://detail.1688.com/offer/1053266939827.html,included,
1053177590611,baby-clothing,儿童睡衣纯棉男童秋衣秋裤女童宝宝保暖内衣中小童打底棉毛衫套装,Baby Clothing Set,17.95,2.63,https://detail.1688.com/offer/1053177590611.html,included,
1053150988458,baby-clothing,宝宝衣服夏日竹节棉和尚服婴幼儿 A 类连体衣侧开系带印花爬爬服,Printed Baby Romper,18.9,2.77,https://detail.1688.com/offer/1053150988458.html,included,
1052632165220,baby-clothing,女宝宝套装夏季新款女童学院风蝴蝶结娃娃领衬衫蛋糕半身裙套装潮,,22.89,,https://detail.1688.com/offer/1052632165220.html,held,product-identification-or-relevance-review
1052609795070,baby-clothing,婴儿衣服夏季薄款透气宝宝长袖连体衣纯棉无骨a类睡衣空调服爬服,Long-Sleeve Baby Romper,14,2.05,https://detail.1688.com/offer/1052609795070.html,included,
1052553706718,baby-clothing,儿童夏季碎花连体哈衣洋气蕾丝边娃娃领女宝宝满月韩系外出包屁衣,Printed Baby Romper,28.8,4.22,https://detail.1688.com/offer/1052553706718.html,included,
1052338752959,baby-clothing,婴儿a类夏季女宝宝衣服分体套装儿童短袖短裤纯棉童装睡衣,Short-Sleeve Baby Clothing Set,19.5,2.86,https://detail.1688.com/offer/1052338752959.html,included,
1052249540373,baby-clothing,婴儿连体衣薄睡衣宝宝夏季衣服薄款哈衣长袖爬服空调服,Long-Sleeve Baby Romper,29.9,4.38,https://detail.1688.com/offer/1052249540373.html,included,
1051685168001,baby-clothing,马年新款婴儿夏季短袖连体衣哈衣爬服男女宝宝满月百天周岁服5633,Short-Sleeve Baby Romper,42,6.16,https://detail.1688.com/offer/1051685168001.html,included,
1051657984910,baby-clothing,邦选童装男童套装宝宝夏季衣服休闲短袖条纹束脚裤儿童两件套潮,Short-Sleeve Striped Baby Clothing Set,44.9,6.58,https://detail.1688.com/offer/1051657984910.html,included,
1051612085106,baby-clothing,2026夏季新款儿童套装女童短袖短裤洋气宽松休闲套装女宝宝中大儿,Short-Sleeve Relaxed-Fit Baby Clothing Set,14.9,2.18,https://detail.1688.com/offer/1051612085106.html,included,
1051558893809,baby-clothing,儿童背心短裤套装夏天童装新款宝宝背心夏天五分裤套装优可丝A类,Baby Clothing Set,14.5,2.13,https://detail.1688.com/offer/1051558893809.html,included,
1051450197375,baby-clothing,儿童爬行服春夏秋季宝宝纯棉长袖爬爬服连体衣防脏拖把侠家居,Long-Sleeve Baby Romper,39,5.72,https://detail.1688.com/offer/1051450197375.html,included,
1051446448970,baby-clothing,宝宝斜开短袖套装夏季薄款纯棉无骨短裤分体两件套婴儿衣服睡衣,Short-Sleeve Baby Clothing Set,15.5,2.27,https://detail.1688.com/offer/1051446448970.html,included,
1051432212448,baby-clothing,【舒柔棉】婴儿夏天衣服男女宝连体衣夏季薄款新生儿外出夏装爬服,Baby Romper,23.9,3.5,https://detail.1688.com/offer/1051432212448.html,included,
1051183309409,baby-clothing,男宝宝夏季套装2026新款潮酷男童帅气短袖两件套儿童夏装炸街衣9,Short-Sleeve Baby Clothing Set,16.8,2.46,https://detail.1688.com/offer/1051183309409.html,included,
1051074118495,baby-clothing,纯棉儿童睡衣男童秋衣秋裤小女孩家居服宝宝保暖内衣套装中小童装,Baby Clothing Set,14.99,2.2,https://detail.1688.com/offer/1051074118495.html,included,
1050982047253,baby-clothing,婴儿夏季长袖无骨九分袖连体衣轻薄家居服A类纯棉舒适睡衣安阳,Long-Sleeve Baby Romper,13.5,1.98,https://detail.1688.com/offer/1050982047253.html,included,
1050912677494,baby-clothing,男童夏季背心套装2026新款酷帅宝宝无袖薄款衣服儿童夏装两件套5,Sleeveless Baby Clothing Set,29.9,4.38,https://detail.1688.com/offer/1050912677494.html,included,
1050823972332,baby-clothing,婴儿衣服夏季薄款透气网眼宝宝长袖连体衣纯棉无骨a类睡衣空调服,Long-Sleeve Baby Romper,16,2.35,https://detail.1688.com/offer/1050823972332.html,included,
1050804047037,baby-clothing,薄荷宝贝婴儿连体衣拉链男女宝宝夏季衣服a类包屁衣短袖哈衣爬服,Short-Sleeve Baby Romper,45.14,6.62,https://detail.1688.com/offer/1050804047037.html,included,
1050541548678,baby-clothing,新生婴儿儿衣服夏季薄款空调服分体短袖套装长裤宝宝纯棉夏天睡衣,Short-Sleeve Baby Clothing Set,16,2.35,https://detail.1688.com/offer/1050541548678.html,included,
1050355341017,baby-clothing,婴儿夏季套装短袖九分裤宝宝纯棉薄款新生分体夏天衣服男女童夏装,Short-Sleeve Baby Clothing Set,16.9,2.48,https://detail.1688.com/offer/1050355341017.html,included,
1050240129120,baby-clothing,男宝宝夏季套装2026新款潮酷男童帅气短袖两件套儿童夏装炸街衣服,Short-Sleeve Baby Clothing Set,16.8,2.46,https://detail.1688.com/offer/1050240129120.html,included,
1050206607619,baby-clothing,麦嗯咪尔婴儿连体衣A类莫棉薄款宝宝爬服新生儿夏季宝宝家居服,Baby Romper,19.5,2.86,https://detail.1688.com/offer/1050206607619.html,included,
1050206118590,baby-clothing,男宝宝夏季套装2026新款潮酷男童帅气短袖两件套儿童夏装炸街衣8,Short-Sleeve Baby Clothing Set,16.8,2.46,https://detail.1688.com/offer/1050206118590.html,included,
1050204166585,baby-clothing,【夏繁】夏季新款婴幼儿A类甜美无袖背心上衣花苞防蚊裤女童套装,Sleeveless Baby Clothing Set,51.1,7.49,https://detail.1688.com/offer/1050204166585.html,included,
1050197235216,baby-clothing,儿童睡衣新款夏季薄款套装空调服宝宝莫代尔男童女宝宝宽松家居服,Relaxed-Fit Baby Clothing Set,13.5,1.98,https://detail.1688.com/offer/1050197235216.html,included,
1050102699579,baby-clothing,女童宝宝睡衣套装儿童保暖内衣冬季男童秋衣秋裤中小童装线衣线裤,Baby Clothing Set,17.99,2.64,https://detail.1688.com/offer/1050102699579.html,included,
1049986009074,baby-clothing,童装男童短袖衬衫套装2026新款洋气宝宝夏装男孩儿童夏季韩衣服3,,29.9,,https://detail.1688.com/offer/1049986009074.html,held,product-identification-or-relevance-review
1049958551167,baby-clothing,婴儿夏季薄款纯棉连体衣女宝宝长袖空调服新生儿打底哈衣睡衣,Long-Sleeve Baby Romper,22.6,3.31,https://detail.1688.com/offer/1049958551167.html,included,
1049541664512,baby-clothing,宝宝万圣节南瓜连体衣亲肤节日装扮日常都合适氛围感拉满万圣节,Baby Romper,38,5.57,https://detail.1688.com/offer/1049541664512.html,included,
1049440491090,baby-clothing,婴儿爬爬服护膝宝宝连体衣罩擦地板爬行服耐脏春夏擦肩拖把侠连身,Baby Romper,39,5.72,https://detail.1688.com/offer/1049440491090.html,included,
1049410245093,baby-clothing,婴儿夏季男女短袖哈衣宝宝薄款半袖连体衣婴幼儿短袖哈衣外出衣服,Short-Sleeve Baby Romper,19.8,2.9,https://detail.1688.com/offer/1049410245093.html,included,
1049360160897,baby-clothing,婴幼儿三角爬服坑条棉跨境宝宝夏季无袖弹力透气吸汗包屁连体哈衣,Sleeveless Baby Romper,9.9,1.45,https://detail.1688.com/offer/1049360160897.html,included,
1049309470158,baby-clothing,夏季婴儿包屁衣薄款纯棉宝宝短袖连体衣哈衣爬服新生儿外出服夏装,Short-Sleeve Baby Romper,18,2.64,https://detail.1688.com/offer/1049309470158.html,included,
1049057746188,baby-clothing,宝宝夏装韩系套装 吊带上衣+蓝白格纹九分裤两件套女童夏季套装,Checked Baby Clothing Set,18.9,2.77,https://detail.1688.com/offer/1049057746188.html,included,
1048960178946,baby-clothing,新生婴儿衣服夏季薄款女初生宝宝连体衣春秋男哈衣爬服睡衣空调服,Baby Romper,13.8,2.02,https://detail.1688.com/offer/1048960178946.html,included,
1048955566004,baby-clothing,伊日婴儿夏季连体衣宝宝夏款长袖空调服家居服新生儿薄款透气睡衣,Long-Sleeve Baby Romper,46,6.74,https://detail.1688.com/offer/1048955566004.html,included,
1048932405212,baby-clothing,夏季卡通男女中小儿童宝宝可爱满印短袖T恤+裤子两件套装0066A063,Short-Sleeve Baby Clothing Set,23,3.37,https://detail.1688.com/offer/1048932405212.html,included,
1048833240984,baby-clothing,宝宝夏季新款天竹棉儿童家居服套装薄款透气吸汗男女童七分袖衣服,,31,,https://detail.1688.com/offer/1048833240984.html,held,product-identification-or-relevance-review
1048820080412,baby-clothing,宝宝短袖长裤哈衣夏薄款纯棉连体衣男女童空调服新生婴儿睡衣爬服,Short-Sleeve Baby Romper,19.9,2.92,https://detail.1688.com/offer/1048820080412.html,included,
1048663122611,baby-clothing,儿童礼服春夏新款英伦背带演出服男童短袖衬衫套装宝宝花童婚礼服,Short-Sleeve Baby Carrier,40.89,6.0,https://detail.1688.com/offer/1048663122611.html,included,
1048652662937,baby-clothing,新生儿衣服夏款优可丝连体衣婴儿哈衣宝宝衣服初生男女童夏季爬服,Baby Romper,32.9,4.82,https://detail.1688.com/offer/1048652662937.html,included,
1048605260353,baby-clothing,婴儿连体衣夏季薄款纯棉长袖男女宝宝空调爬服新生儿哈衣居家A类,Long-Sleeve Baby Romper,13.5,1.98,https://detail.1688.com/offer/1048605260353.html,included,
1048601560721,baby-clothing,婴儿连体衣夏季薄款纯棉长袖男女宝宝空调爬服新生儿哈衣居家A类,Long-Sleeve Baby Romper,13.5,1.98,https://detail.1688.com/offer/1048601560721.html,included,
1048305691135,baby-clothing,婴儿薄款连体衣夏季宝宝凉爽透气衣服连身衣新生儿长袖空调服爬服,Long-Sleeve Baby Romper,15,2.2,https://detail.1688.com/offer/1048305691135.html,included,
1048286363344,baby-clothing,儿童睡袋夏季纯棉薄款空调房宝宝网眼护肚连体衣男女婴幼儿爬服,Baby Romper,9,1.32,https://detail.1688.com/offer/1048286363344.html,included,
1048257491354,baby-clothing,婴儿衣服夏季薄款小月龄宝宝短袖连体衣婴幼儿夏日睡衣哈衣外出服,Short-Sleeve Baby Romper,14,2.05,https://detail.1688.com/offer/1048257491354.html,included,
1048202445108,baby-clothing,韩系可爱卡通背心套装2026夏季新款女宝宝宽松背心上衣休闲裤外穿,Relaxed-Fit Baby Clothing Set,12,1.76,https://detail.1688.com/offer/1048202445108.html,included,
1048162048781,baby-clothing,邦选湖州织里童装宽松国风上衣纯色阔腿裤女童套装宝宝夏季衣服,Relaxed-Fit Baby Clothing Set,55.9,8.2,https://detail.1688.com/offer/1048162048781.html,included,
1047702285016,baby-clothing,【可开裆】夏季婴儿背心套装提花镂空宝宝两件套五分裤新生儿T恤,Baby Clothing Set,14.5,2.13,https://detail.1688.com/offer/1047702285016.html,included,
1047696426254,baby-clothing,新生儿夏装连体衣婴儿薄款衣服清凉透气宝宝A类爬爬服空调服睡衣,Baby Romper,12,1.76,https://detail.1688.com/offer/1047696426254.html,included,
1047665634457,baby-clothing,儿童内衣套装纯棉睡衣女童宝宝秋衣秋裤男童卡通家居服童装批发,Baby Clothing Set,9.5,1.39,https://detail.1688.com/offer/1047665634457.html,included,
1047662098538,baby-clothing,儿童内衣套装纯棉男童秋衣秋裤宝宝衣服保暖女童卡通家居服批发,Baby Clothing Set,9.5,1.39,https://detail.1688.com/offer/1047662098538.html,included,
1047619515522,baby-clothing,婴儿夏季纯棉连体衣薄款宝宝网眼透气哈衣新生儿长袖空调服外出服,Long-Sleeve Baby Romper,16.8,2.46,https://detail.1688.com/offer/1047619515522.html,included,
1047508578693,baby-clothing,男婴儿连体衣夏季薄款新生儿短袖哈衣纯棉包屁衣女宝宝外出服夏装,Short-Sleeve Baby Romper,18,2.64,https://detail.1688.com/offer/1047508578693.html,included,
1047492492910,baby-clothing,2026儿童速干运动套装夏季男女童短袖短裤宝宝透气休闲两件套清爽,Short-Sleeve Baby Clothing Set,18.1,2.65,https://detail.1688.com/offer/1047492492910.html,included,
1047343149645,baby-clothing,宝宝夏季薄款分体套装莫代尔衣服男童女童家居服内衣儿童秋衣秋裤,Baby Clothing Set,15,2.2,https://detail.1688.com/offer/1047343149645.html,included,
1047337778080,baby-clothing,婴儿蓝白格纹假两件背带连体衣夏季短袖带领结爬服男宝宝外出哈衣,Short-Sleeve Checked Baby Romper,35.9,5.26,https://detail.1688.com/offer/1047337778080.html,included,
1047293116215,baby-clothing,婴幼儿夏季熊猫图案连体衣男女宝宝纯棉短袖包屁衣日常外出服可爱,Short-Sleeve Baby Romper,17,2.49,https://detail.1688.com/offer/1047293116215.html,included,
1047283434247,baby-clothing,儿童西装礼服英伦男童绅士春秋马甲套装花童宝宝婚礼舞台走秀摄影,,21.3,,https://detail.1688.com/offer/1047283434247.html,held,product-identification-or-relevance-review
1047271887271,baby-clothing,婴儿夏季新款甜美可爱女宝小清新无袖宽肩蕾丝花朵连体包屁裙哈衣,Sleeveless Baby Romper,23,3.37,https://detail.1688.com/offer/1047271887271.html,included,
1046974932810,baby-clothing,韩范男童帅气短袖衬衫套装夏季儿童薄款衣服男宝宝夏装时髦两件套,Short-Sleeve Baby Clothing Set,49,7.18,https://detail.1688.com/offer/1046974932810.html,included,
1046914928863,baby-clothing,婴儿连体衣夏装纯棉新生儿衣服夏季薄款宝宝空调服长袖哈衣安阳,Long-Sleeve Baby Romper,12.5,1.83,https://detail.1688.com/offer/1046914928863.html,included,
1046899513076,baby-clothing,婴儿夏季薄款睡衣连体哈衣宝宝A类纯棉七分袖空调服透气印花,Printed Baby Romper,13.5,1.98,https://detail.1688.com/offer/1046899513076.html,included,
1046857491163,baby-clothing,男宝宝夏装套装学院风条纹Polo衫短裤两件套婴幼儿洋气短袖套装,Short-Sleeve Striped Baby Clothing Set,21,3.08,https://detail.1688.com/offer/1046857491163.html,included,
1046776133031,baby-clothing,男宝宝夏天衣服夏季小童宽松帅气衬衫短裤套装婴幼儿外出两件套潮,Relaxed-Fit Baby Clothing Set,21.8,3.2,https://detail.1688.com/offer/1046776133031.html,included,
1046741078110,baby-clothing,宝宝夏季套装26新款洋气儿童短袖酷帅男童夏装帅气衣服两件套潮4,Short-Sleeve Baby Clothing Set,29.9,4.38,https://detail.1688.com/offer/1046741078110.html,included,
1046740302623,baby-clothing,宝宝夏季套装26新款洋气儿童短袖酷帅男童夏装帅气衣服两件套潮5,Short-Sleeve Baby Clothing Set,29.9,4.38,https://detail.1688.com/offer/1046740302623.html,included,
1046592919887,baby-clothing,婴儿背心连体衣夏季薄款衣服纯棉网眼无袖爬服天男女宝宝哈衣开档,Sleeveless Baby Romper,10.5,1.54,https://detail.1688.com/offer/1046592919887.html,included,
1046555611356,baby-clothing,婴儿夏季薄款衣服男女宝宝a类纯棉长袖连体衣新生儿亲肤透气夏装,Long-Sleeve Baby Romper,13.5,1.98,https://detail.1688.com/offer/1046555611356.html,included,
1046473495066,baby-clothing,婴儿连体衣夏季纯棉坑条哈衣爬服宝宝超薄夏天长袖夏装空调服睡衣,Long-Sleeve Baby Romper,13,1.91,https://detail.1688.com/offer/1046473495066.html,included,
1046470236513,baby-clothing,宝宝包屁衣薄款莫代尔新生儿夏天透气衣服婴儿短袖三角哈衣爬服夏,Short-Sleeve Baby Romper,15.8,2.32,https://detail.1688.com/offer/1046470236513.html,included,
1046322746195,baby-clothing,宝宝夏季套装薄款七分短袖高腰护肚空调服分体睡衣婴儿夏装两件套,Short-Sleeve Baby Clothing Set,14.5,2.13,https://detail.1688.com/offer/1046322746195.html,included,
1046193238326,baby-clothing,新生儿包屁衣纯棉A类无袖背心款婴儿三角哈衣夏季空调服睡衣,Sleeveless Baby Romper,11.5,1.69,https://detail.1688.com/offer/1046193238326.html,included,
1046119419503,baby-clothing,点兮夏季新款婴童韩系甜美波点吊带哈衣女宝宝清凉立体卡通连体衣,Baby Romper,26.9,3.94,https://detail.1688.com/offer/1046119419503.html,included,
1046052297521,baby-clothing,姝伊姐夏季新款女童宝宝洋气甜美无袖背心儿童可爱花边短裤两件套,Sleeveless Baby Clothing Set,10.5,1.54,https://detail.1688.com/offer/1046052297521.html,included,
1046003045015,baby-clothing,薄荷宝贝包屁衣新生儿三角哈衣宝宝a类连体衣网眼婴儿衣服夏薄款,Baby Romper,32.08,4.7,https://detail.1688.com/offer/1046003045015.html,included,
1045974762830,baby-clothing,儿童夏季纯棉套装男女宝宝薄款清凉短袖五分开裆裤夏日卡通家居服,Short-Sleeve Baby Clothing Set,17.9,2.62,https://detail.1688.com/offer/1045974762830.html,included,
1045849704293,baby-clothing,婴儿衣服夏薄款儿童睡衣男宝宝分体空调服a安阳童装女童夏季套装,Baby Clothing Set,17.5,2.57,https://detail.1688.com/offer/1045849704293.html,included,
1045839859766,baby-clothing,2026新款婴儿衣服夏季POLO领单排扣卡通小狗印花短袖爬服男宝宝服,Short-Sleeve Printed Baby Romper,24.8,3.64,https://detail.1688.com/offer/1045839859766.html,included,
1045821974076,baby-clothing,婴儿夏季连体衣新生儿薄款空调服宝宝无骨长袖爬服睡衣超薄家居服,Long-Sleeve Baby Romper,17.9,2.62,https://detail.1688.com/offer/1045821974076.html,included,
1045807923414,baby-clothing,女童夏装多巴胺套装女宝宝时尚短袖儿童洋气裙子两件套潮0094A020,Short-Sleeve Baby Clothing Set,59,8.65,https://detail.1688.com/offer/1045807923414.html,included,
1045701973478,baby-clothing,婴儿夏季短袖薄款波点连体衣A类男女宝娃娃领哈衣新生儿衣服爬服,Short-Sleeve Baby Romper,16.5,2.42,https://detail.1688.com/offer/1045701973478.html,included,
1045560363515,baby-clothing,宝宝衣服夏季婴儿包屁衣连体衣三角哈衣纯棉薄款短袖夏装爬服睡衣,Short-Sleeve Baby Romper,14.5,2.13,https://detail.1688.com/offer/1045560363515.html,included,
1045385079860,baby-clothing,宝宝夏季衣服薄款无骨连体哈衣新生儿外穿爬服女宝花边包屁衣可爱,Baby Romper,15.8,2.32,https://detail.1688.com/offer/1045385079860.html,included,
1045212135325,baby-clothing,婴儿夏季衣服 a类开裆连体衣新生儿莫代尔薄款连体衣宝宝夏天透气,Baby Romper,14,2.05,https://detail.1688.com/offer/1045212135325.html,included,
1045056425085,baby-clothing,女童飞袖套装夏季2026新款儿童韩版立体夏装宝宝休闲束脚裤两件套,Baby Clothing Set,45.5,6.67,https://detail.1688.com/offer/1045056425085.html,included,
1044975341886,baby-clothing,婴儿连体衣夏季薄款国风周岁抓周生日宝宝礼服爬服新生儿唐装哈衣,Baby Romper,48.1,7.05,https://detail.1688.com/offer/1044975341886.html,included,
1044375955982,baby-clothing,婴儿连体衣服夏季薄款男女宝宝哈衣爬爬服长袖空调服纯棉夏装睡衣,Long-Sleeve Baby Romper,13.5,1.98,https://detail.1688.com/offer/1044375955982.html,included,
1044292431869,baby-clothing,薄荷宝贝包屁衣清爽透气连体衣宝宝三角哈衣婴儿夏季薄款斜开a类,Baby Romper,38.62,5.66,https://detail.1688.com/offer/1044292431869.html,included,
1044043683696,baby-clothing,婴儿秋衣秋裤套装纯棉男女童分体内衣儿童长袖睡衣春秋宝宝家居服,Long-Sleeve Baby Clothing Set,16.5,2.42,https://detail.1688.com/offer/1044043683696.html,included,
1044016751968,baby-clothing,婴儿衣服内衣裤套装纯棉A类秋衣秋裤宝宝春秋四季无骨打底男女童,Baby Clothing Set,16.5,2.42,https://detail.1688.com/offer/1044016751968.html,included,
1043959853808,baby-clothing,婴儿夏季套装新款宝宝背带裤儿童条纹短袖两件套婴幼儿分体外出服,Short-Sleeve Striped Baby Clothing Set,47,6.89,https://detail.1688.com/offer/1043959853808.html,included,
1043921509235,baby-clothing,女宝宝连体衣夏装包屁衣无袖花边三角哈衣洋气公主小月龄婴儿衣服,Sleeveless Baby Romper,20,2.93,https://detail.1688.com/offer/1043921509235.html,included,
1043864236466,baby-clothing,婴儿连体衣服夏季薄款宝宝满月百天哈衣无袖超萌可爱卡通外出爬服,Sleeveless Baby Romper,25,3.67,https://detail.1688.com/offer/1043864236466.html,included,
1043834590481,baby-clothing,婴儿衣服夏薄款空调服套装宝宝分体睡衣儿童家居服睡衣安阳婴童装,Baby Clothing Set,17.5,2.57,https://detail.1688.com/offer/1043834590481.html,included,
1043814484834,baby-clothing,婴儿衣服夏季薄款新生幼儿纯棉外出哈衣男女宝宝长袖连体衣空调服,Long-Sleeve Baby Romper,14.5,2.13,https://detail.1688.com/offer/1043814484834.html,included,
1043677041761,baby-clothing,婴幼儿分体纯棉无骨套装儿童内衣春秋季宝宝春装分体打底秋衣内搭,,19.5,,https://detail.1688.com/offer/1043677041761.html,held,product-identification-or-relevance-review
1043613236440,baby-clothing,男童夏装背心套装26新款儿童夏天无袖衣服宝宝夏季两件套中小童,Sleeveless Baby Clothing Set,34,4.99,https://detail.1688.com/offer/1043613236440.html,included,
1043563640262,baby-clothing,婴儿薄款套装内衣纯棉衣服无骨初生夏季打底宝宝空调服套装家居服,Baby Clothing Set,15.5,2.27,https://detail.1688.com/offer/1043563640262.html,included,
1043540529139,baby-clothing,2026女童韩版夏季新款甜美套装宝宝吊带上衣拼接蕾丝边裙子17969,Baby Clothing Set,40,5.87,https://detail.1688.com/offer/1043540529139.html,included,
1043324783960,baby-clothing,婴儿连体衣夏季薄款透气卡通短袖无骨哈衣爬服宝宝衣服新生儿睡衣,Short-Sleeve Baby Romper,12,1.76,https://detail.1688.com/offer/1043324783960.html,included,
1043170284972,baby-clothing,男童a类薄款夏套装时髦洋气男宝宝显白两件套背心T恤卡通短裤夏款,Baby Clothing Set,19,2.79,https://detail.1688.com/offer/1043170284972.html,included,
1043156219390,baby-clothing,女童花朵套装2026宝宝夏季背心阔腿裤两件套儿童时髦两件夏装小童,Baby Clothing Set,10,1.47,https://detail.1688.com/offer/1043156219390.html,included,
1043058767064,baby-clothing,婴儿纯棉无骨冰氧棉透气吸汗连体衣哈衣男女宝宝和尚服爬服家居服,Baby Romper,17.9,2.62,https://detail.1688.com/offer/1043058767064.html,included,
1043052799058,baby-clothing,新生婴儿短袖连体衣薄款透气空调服新生儿爬服男女宝宝哈衣服夏装,Short-Sleeve Baby Romper,15,2.2,https://detail.1688.com/offer/1043052799058.html,included,
1043000184910,baby-clothing,宝宝包屁衣夏季a类纯棉无骨新生儿短袖连体衣婴儿衣服安阳婴童装,Short-Sleeve Baby Romper,12.9,1.89,https://detail.1688.com/offer/1043000184910.html,included,
1042965841346,baby-clothing,婴儿夏季连体衣A类纯棉男女宝宝长袖哈衣新生儿薄款空调服外出服,Long-Sleeve Baby Romper,19.5,2.86,https://detail.1688.com/offer/1042965841346.html,included,
1042959633243,baby-clothing,新生婴儿衣服夏季纯棉0长袖3月和尚蝴蝶衣薄款哈衣初生宝宝连体衣,Long-Sleeve Baby Romper,13.5,1.98,https://detail.1688.com/offer/1042959633243.html,included,
1042746843005,baby-clothing,a类纯棉婴儿衣服薄款空调服男女宝宝短袖连体衣新生儿连体衣夏季,Short-Sleeve Baby Romper,16.5,2.42,https://detail.1688.com/offer/1042746843005.html,included,
1042728766372,baby-clothing,婴儿后背网眼连体衣a类纯棉薄款宝宝短袖空调服新生儿夏装款爬服,Short-Sleeve Baby Romper,13,1.91,https://detail.1688.com/offer/1042728766372.html,included,
1042715190704,baby-clothing,女童轻奢小众高端套装2026新款春装宝宝超好看洋气春秋款儿童衣服,,95.9,,https://detail.1688.com/offer/1042715190704.html,held,product-identification-or-relevance-review
1042710508538,baby-clothing,男童条纹短袖套装夏季薄款儿童装2024新款宝宝夏装薄款polo衫衣服,,16.9,,https://detail.1688.com/offer/1042710508538.html,held,product-identification-or-relevance-review
1042639492670,baby-clothing,2026秋装新款女宝宝剪花长袖连衣裙子姐妹装婴幼儿童爬服连衣裙,Long-Sleeve Baby Romper,29.9,4.38,https://detail.1688.com/offer/1042639492670.html,included,
1042439009162,baby-clothing,夏款婴儿背心包屁裙圆点爬服2026新款女宝宝连体衣小清新连衣裙,Baby Romper,39,5.72,https://detail.1688.com/offer/1042439009162.html,included,
1042429308622,baby-clothing,儿童背心套装男童夏季2025新款痞帅宝宝夏装T恤男孩清爽薄款无袖,Sleeveless Baby Clothing Set,16.8,2.46,https://detail.1688.com/offer/1042429308622.html,included,
1042429308602,baby-clothing,男童背心套装2024新款洋气宝宝夏天无袖衣服男孩儿童网红痞帅童装,,29.9,,https://detail.1688.com/offer/1042429308602.html,held,product-identification-or-relevance-review
1042286740476,baby-clothing,满月宝宝衣服莫代尔婴儿吊带连体衣夏季薄款睡衣无袖包屁衣女夏装,Sleeveless Baby Romper,20,2.93,https://detail.1688.com/offer/1042286740476.html,included,
1042226364709,baby-clothing,婴儿夏季套装凉感纯棉薄款分体长袖空调服宝宝夏天衣服男女童夏装,,13,,https://detail.1688.com/offer/1042226364709.html,held,product-identification-or-relevance-review
1041829847055,baby-clothing,2026秋款婴幼儿衣服包屁衣女宝宝连体爬服可爱娃娃领长袖连身哈衣,Long-Sleeve Baby Romper,35,5.13,https://detail.1688.com/offer/1041829847055.html,included,
1041797581170,baby-clothing,婴儿连体衣开档夏季薄款长袖婴幼儿衣服无骨男女宝宝空调服睡衣,Long-Sleeve Baby Romper,15.8,2.32,https://detail.1688.com/offer/1041797581170.html,included,
1041658600090,baby-clothing,宝宝连体衣服夏季薄款男婴儿包屁衣纯棉春秋哈衣爬服新生儿秋装女,Baby Romper,18,2.64,https://detail.1688.com/offer/1041658600090.html,included,
1041431121409,baby-clothing,婴儿连体衣纯棉春秋a类衣服男女新生宝宝春装哈衣睡衣长袖外出服,Long-Sleeve Baby Romper,17.5,2.57,https://detail.1688.com/offer/1041431121409.html,included,
1041385908263,baby-clothing,婴儿衣服春秋无骨长袖连体衣薄款红色宝宝满月婴儿服喜庆百搭外出,Long-Sleeve Baby Romper,33.8,4.96,https://detail.1688.com/offer/1041385908263.html,included,
1041217818761,baby-clothing,夏季新款帅气婴儿卡通小绅士宽肩短哈宝宝夏装,,17,,https://detail.1688.com/offer/1041217818761.html,held,product-identification-or-relevance-review
1041201058664,baby-clothing,ins春秋装女童宝宝婴儿海军领蝴蝶结毛线连体衣包屁哈衣三角爬服,Baby Romper,41,6.01,https://detail.1688.com/offer/1041201058664.html,included,
1041041371393,baby-clothing,婴儿夏季衣服薄款长袖连体衣新生儿纯棉和尚服宝宝透气蝴蝶衣睡衣,Long-Sleeve Baby Romper,13.5,1.98,https://detail.1688.com/offer/1041041371393.html,included,
1040900598300,baby-clothing,嘟嘟家女宝宝背带裤套装夏季新款儿童短袖两件套婴儿衣服小童夏装,Short-Sleeve Baby Clothing Set,25,3.67,https://detail.1688.com/offer/1040900598300.html,included,
1040862970649,baby-clothing,婴儿哈衣夏季女童洋气薄款连体衣女宝宝夏季公主包屁哈衣爬服,Baby Romper,19,2.79,https://detail.1688.com/offer/1040862970649.html,included,
1040692050146,baby-clothing,空调服睡衣夏哈衣婴儿连体衣夏季宝宝无骨薄款新生儿爬服a类长袖,Long-Sleeve Baby Romper,14.9,2.18,https://detail.1688.com/offer/1040692050146.html,included,
1040624362231,baby-clothing,男童夏装套装夏季短袖短裤新款儿童炸街条纹痞帅宝宝中小童两件套,Short-Sleeve Striped Baby Clothing Set,29.9,4.38,https://detail.1688.com/offer/1040624362231.html,included,
1040458879949,baby-clothing,婴儿连体衣夏季薄款男女宝宝短袖哈衣爬服新生儿夏装连身衣外出服,Short-Sleeve Baby Romper,16.5,2.42,https://detail.1688.com/offer/1040458879949.html,included,
1040399465652,baby-clothing,夏季薄款婴儿短袖连体衣拖把侠爬行服宝宝拖地爬爬服擦地板防脏连,Short-Sleeve Baby Romper,29.5,4.33,https://detail.1688.com/offer/1040399465652.html,included,
1040128209030,baby-clothing,莫代尔婴幼儿包屁衣春夏季宝宝连体衣三角哈衣爬爬服睡衣无骨衣服,Baby Romper,13,1.91,https://detail.1688.com/offer/1040128209030.html,included,
1040109527224,baby-clothing,四季款婴儿衣服春秋纯棉a类宝宝睡衣婴幼儿春装秋衣秋裤分体套装,Baby Clothing Set,19,2.79,https://detail.1688.com/offer/1040109527224.html,included,
1039863740805,baby-clothing,男童酷帅套装2026新款洋气宝宝夏装男孩小儿童网红时髦炸街衣服潮,,35.8,,https://detail.1688.com/offer/1039863740805.html,held,product-identification-or-relevance-review
1039800451897,baby-clothing,男童夏季套装2026新款痞帅儿童短袖t恤衣服时髦男宝宝夏装两件套T,Short-Sleeve Baby Clothing Set,52,7.62,https://detail.1688.com/offer/1039800451897.html,included,
1039734415025,baby-clothing,【两用裆】夏季薄款纯棉婴儿套装长袖长裤男女宝宝家居服套装开衫,Long-Sleeve Baby Clothing Set,13,1.91,https://detail.1688.com/offer/1039734415025.html,included,
1039599423221,baby-clothing,儿童潮酷套装男童短袖服装小童装polo衫幼童衣服男宝宝夏季运动服,,39.5,,https://detail.1688.com/offer/1039599423221.html,held,product-identification-or-relevance-review
1039594459409,baby-clothing,女童夏季短袖套装2026新款儿童假两件polo衫短裤宝宝夏装可爱衣服,Short-Sleeve Baby Clothing Set,46.9,6.88,https://detail.1688.com/offer/1039594459409.html,included,
1039590943406,baby-clothing,2026款男童短袖衬衫套装夏季新款夏季洋气衣服男宝宝薄款两件套潮,Short-Sleeve Baby Clothing Set,21,3.08,https://detail.1688.com/offer/1039590943406.html,included,
1039443204719,baby-clothing,女童时尚洋气套装一岁婴幼儿宝宝夏季韩版衣服小童雪纺无袖短裤潮,Sleeveless Baby Clothing Set,37.93,5.56,https://detail.1688.com/offer/1039443204719.html,included,
1039239357436,baby-clothing,洋气婴儿连体衣夏款短袖卡通形象可爱新生儿爬服男女宝宝外出爬服,Short-Sleeve Baby Romper,21,3.08,https://detail.1688.com/offer/1039239357436.html,included,
1039227200291,baby-clothing,婴儿连体衣夏季薄款莫代尔宝宝长袖哈衣婴幼儿a类空调服无骨睡衣,Long-Sleeve Baby Romper,22,3.23,https://detail.1688.com/offer/1039227200291.html,included,
1039101166140,baby-clothing,婴儿春秋款纯棉贴身打底蝴蝶衣服春季小月龄宝宝幼儿碎花睡衣春装,Printed Baby Wrap Top,15,2.2,https://detail.1688.com/offer/1039101166140.html,included,
1038958551849,baby-clothing,婴儿衣服夏薄款连体衣男女宝宝包屁衣夏季a类哈衣新生儿短袖爬服,Short-Sleeve Baby Romper,8.5,1.25,https://detail.1688.com/offer/1038958551849.html,included,
1038930375311,baby-clothing,宝宝夏季莫代尔清凉背心儿童夏款吊带男童女童无袖透气童装上衣,Sleeveless Baby Top,5.8,0.85,https://detail.1688.com/offer/1038930375311.html,included,
1038830964343,baby-clothing,婴儿连体衣夏季竹纤维新生儿衣服对开哈衣宝宝睡衣爬服,Baby Romper,17,2.49,https://detail.1688.com/offer/1038830964343.html,included,
1038680823492,baby-clothing,春款婴儿衣服新生儿纯棉无骨打底开扣秋衣套装分体两件套男女宝宝,Baby Clothing Set,19,2.79,https://detail.1688.com/offer/1038680823492.html,included,
1038670177172,baby-clothing,婴儿夏天衣服宝宝连体衣纯棉夏季薄款长袖新生婴幼儿童空调服哈衣,Long-Sleeve Baby Romper,16.5,2.42,https://detail.1688.com/offer/1038670177172.html,included,
1038614043446,baby-clothing,婴儿夏装连体衣男女宝洋气哈衣可爱卡通星星人超萌包屁爬服外出服,Baby Romper,23,3.37,https://detail.1688.com/offer/1038614043446.html,included,
847879247529,beauty-tools,ROZO卡皮巴拉崽崽拇指粉扑海绵干湿两用迷你粉扑多用持妆不易吃粉,Makeup Sponge,3.5,0.51,https://detail.1688.com/offer/847879247529.html,included,
1076654659389,beauty-tools,创新微距护网修眉刀不锈钢刮眉刀女美妆工具眉毛夹眉剪化妆工具,Eyebrow Grooming Tool,0.5,0.07,https://detail.1688.com/offer/1076654659389.html,included,
775316218627,beauty-tools,迷你上网片修眉剃眉刀日本原材料刮眉裸片替换刀片美妆工具,Eyebrow Razor,4440,651.03,https://detail.1688.com/offer/775316218627.html,included,
773963057646,beauty-tools,上海防护网女剃毛器化妆工具刀片 眉毛刮刀去毛工具出口,,4440,,https://detail.1688.com/offer/773963057646.html,held,product-identification-or-relevance-review
606426036396,beauty-tools,超软美妆蛋水滴葫芦斜切海绵化妆蛋干湿两用彩色不易吃粉化妆工具,Makeup Sponge,0.38,0.06,https://detail.1688.com/offer/606426036396.html,included,
742797615463,beauty-tools,厂家直供100分棉花糖气垫粉扑干湿两用加厚超软不卡粉上妆气垫粉,Makeup Sponge,0.65,0.1,https://detail.1688.com/offer/742797615463.html,included,
837770340788,beauty-tools,跨境爆款美妆工具防嗮霜涂抹器冰敷脸盆眼线工具肥皂袋喷雾保护套,Eye Makeup Stencil,5.21,0.76,https://detail.1688.com/offer/837770340788.html,included,
799152935827,beauty-tools,修眉刀批发电镀直柄修眉器小麦秸秆便携美妆工具微距刮眉刀厂家,Eyebrow Razor,0.6,0.09,https://detail.1688.com/offer/799152935827.html,included,
993904120523,beauty-tools,跨境不锈钢修眉美容剪刀 鼻毛剪刀圆头尖头鹤型绣花剪修睫毛工具,Eyebrow Grooming Tool,0.48,0.07,https://detail.1688.com/offer/993904120523.html,included,
742666118359,beauty-tools,批发圆形水晶绒超柔粉扑 影楼化妆专用亲肤短绒干粉扑定妆蜜粉扑,Makeup Sponge,0.32,0.05,https://detail.1688.com/offer/742666118359.html,included,
796260996576,beauty-tools,可折叠修眉刀化妆师修眉工具简约黑色刮眉刀修毛刀小型眉刀批发,Eyebrow Razor,0.62,0.09,https://detail.1688.com/offer/796260996576.html,included,
861469215220,beauty-tools,散装麦秆修眉刀批发 长柄修眉刀便携美妆小工具 带防护网刮眉刀,Eyebrow Razor,0.4,0.06,https://detail.1688.com/offer/861469215220.html,included,
895584229974,beauty-tools,程十安推荐云瓷化妆刷套装眼影刷刀锋刷镰刀眼线刷散粉刷化妆工具,Makeup Brush,2,0.29,https://detail.1688.com/offer/895584229974.html,included,
652990880592,beauty-tools,沧州小紫薯化妆刷套装软毛眼影刷散粉刷遮瑕刷美妆刷全套刷子批发,Makeup Brush,4.2,0.62,https://detail.1688.com/offer/652990880592.html,included,
817052870122,beauty-tools,工厂一次性唇刷化妆工具便携口红刷唇彩刷美妆工具慕斯刷空心唇刷,Lip Brush,1.25,0.18,https://detail.1688.com/offer/817052870122.html,included,
811995619966,beauty-tools,现货批发 镜光不锈钢鼻毛剪圆头小剪刀 化妆工具多功能修眉剪刀,Eyebrow Grooming Tool,0.36,0.05,https://detail.1688.com/offer/811995619966.html,included,
813611936257,beauty-tools,美人鱼眼线卡多功能眼妆辅助神器新手化妆工具画睫画眼线眼影挡板,Eye Makeup Stencil,0.5,0.07,https://detail.1688.com/offer/813611936257.html,included,
635785559177,beauty-tools,沧州蓝桥化妆刷全套初学者便携款眼影修容刷套装刷子美妆工具批发,Makeup Brush Set,2,0.29,https://detail.1688.com/offer/635785559177.html,included,
983136614472,beauty-tools,跨境日式隔离胶带嫁接睫毛工具化妆透气胶带持妆美容工具MOJEE,,0.54,,https://detail.1688.com/offer/983136614472.html,held,product-identification-or-relevance-review
739222056313,beauty-tools,批发一次性纤维眼线笔刷唇线笔眼线膏刷美妆工具实心杆眼线刷,Eyeliner Brush,0.5,0.07,https://detail.1688.com/offer/739222056313.html,included,
614190653841,beauty-tools,传统塑料柄睫毛夹太阳花卷翘神器睫毛美妆工具广角便携式假睫毛夹,Eyelash Curler,0.75,0.11,https://detail.1688.com/offer/614190653841.html,included,
706687568215,beauty-tools,厂家批发眉剪修眉剪刀带眉梳小梳子化妆剪修眉刀眉卡眉刷眉小剪刀,Eyebrow Grooming Tool,0.55,0.08,https://detail.1688.com/offer/706687568215.html,included,
856435277272,beauty-tools,新品跨境热销双头U型鼻影散粉刷双头便携高光刷粉底遮瑕化妆工具,Powder Brush,3.25,0.48,https://detail.1688.com/offer/856435277272.html,included,
738252697776,beauty-tools,沧州10支碧海潮生化妆刷套刷粉底刷腮红刷眼影刷化妆工具全套刷子,Makeup Brush,6.5,0.95,https://detail.1688.com/offer/738252697776.html,included,
895035995705,beauty-tools,15支鎏金化妆刷套装13支眼影刷鼻影刷腮红刷沧州化妆刷套组带刷包,Makeup Brush,0.75,0.11,https://detail.1688.com/offer/895035995705.html,included,
875780696864,beauty-tools,一次性双头眼影刷 6.5cm 乳胶海绵头化妆工具 眼影棒化妆刷,Eyeshadow Brush,1,0.15,https://detail.1688.com/offer/875780696864.html,included,
851979427511,beauty-tools,硅胶化妆刷洗刷碗美容面膜碗化妆工具蛋粉扑清洁神器可折叠便携,Makeup Sponge,1.5,0.22,https://detail.1688.com/offer/851979427511.html,included,
669870008770,beauty-tools,实心杆唇刷植绒口红化妆刷实心唇釉刷睫毛慕斯清洁棒一次性唇刷,Makeup Brush,1.55,0.23,https://detail.1688.com/offer/669870008770.html,included,
725420795238,beauty-tools,新款粉底铲调色棒 不锈钢粉底液刮刀 双头粉底面膜刮调板化妆工具,Makeup Mixing Spatula,1.2,0.18,https://detail.1688.com/offer/725420795238.html,included,
665881092961,beauty-tools,无线充电纹绣机微针仪器一体机 全抛卡口纹眉笔 美容工具工厂直供,,88,,https://detail.1688.com/offer/665881092961.html,held,product-identification-or-relevance-review
861916564753,beauty-tools,硅胶眼妆辅助器硅胶眼线笔美妆工具多功能懒人化妆辅助神器,Eye Makeup Stencil,1.1,0.16,https://detail.1688.com/offer/861916564753.html,included,
738897918694,beauty-tools,硅胶洗脸刷定制多功能洁面刷合集化妆刷洗鼻刷美妆工具婴儿面刷,Makeup Brush,0.45,0.07,https://detail.1688.com/offer/738897918694.html,included,
978677136360,beauty-tools,OEM/ODM美妆蛋非乳胶葫芦干湿两用化妆工具美妆蛋粉扑可印LOGO,Makeup Sponge,0.38,0.06,https://detail.1688.com/offer/978677136360.html,included,
997239279993,beauty-tools,全钢修眉剪刀带眉梳女士适用眉剪眉毛修剪器小剪刀修眉刀化妆工具,Eyebrow Grooming Tool,8.5,1.25,https://detail.1688.com/offer/997239279993.html,included,
653788763958,beauty-tools,不锈钢修眉刀片10片装 刮眉修 削笔刀 波纹刀片剃眉美妆工具批发,Eyebrow Razor,0.56,0.08,https://detail.1688.com/offer/653788763958.html,included,
535360938716,beauty-tools,不锈钢化妆调色板调色盘方块调色棒工具304不锈钢跨境出口资质,Makeup Mixing Tools,3.8,0.56,https://detail.1688.com/offer/535360938716.html,included,
1039742087472,beauty-tools,化妆镊子假睫毛镊子美睫师专用化妆工具圆头金羽夹鹰嘴镊新手便携,Eyelash Applicator,2.99,0.44,https://detail.1688.com/offer/1039742087472.html,included,
895539569389,beauty-tools,小蛮腰化妆刷大号散粉刷软毛腮红刷玫瑰金高脚杯化妆刷子美妆工具,Makeup Brush,2.5,0.37,https://detail.1688.com/offer/895539569389.html,included,
841332410601,beauty-tools,跨境爆款硅胶洗脸刷套装双头面膜刷美妆工具面部清洁毛孔洁面刷子,Makeup Brush Set,0.45,0.07,https://detail.1688.com/offer/841332410601.html,included,
900205816058,beauty-tools,现货批发白色PS塑料ABS大夹子面膜夹子双眼皮贴镊子美妆辅助工具,Beauty Tweezers,0.18,0.03,https://detail.1688.com/offer/900205816058.html,included,
977374598525,beauty-tools,Daimushi眼睫毛电动烫睫毛夹充电四档电烫睫毛卷厂家批发持久,Eyelash Curler,25,3.67,https://detail.1688.com/offer/977374598525.html,included,
837693622743,beauty-tools,沧州化妆刷13支套刷超软毛墨粉底刷斜头修容刷刷子套装化妆刷全套,Makeup Brush Set,24,3.52,https://detail.1688.com/offer/837693622743.html,included,
672728638651,beauty-tools,12支花漾晴空化妆刷套装初学者全套软毛散粉眼影刷美妆化妆工具,Makeup Brush Set,5,0.73,https://detail.1688.com/offer/672728638651.html,included,
819452622594,beauty-tools,沧州化妆刷动物毛面部斜角修容刷腮红刷斜头刷侧脸轮廓阴影刷,Blush Brush,11,1.61,https://detail.1688.com/offer/819452622594.html,included,
837449747917,beauty-tools,跨境爆款20支化妆刷套刷柔软散粉刷眼影刷遮瑕刷多色化妆工具现货,Makeup Brush,14,2.05,https://detail.1688.com/offer/837449747917.html,included,
749513190555,beauty-tools,超柔软水滴美妆蛋粉扑干湿两用气垫海绵蛋通用化妆工具彩妆蛋加工,Makeup Sponge,10,1.47,https://detail.1688.com/offer/749513190555.html,included,
998144900046,beauty-tools,迷你化妆刷套装跨境水晶柄10支旅行散粉刷修容腮红眼影刷美妆工具,Makeup Brush,5.68,0.83,https://detail.1688.com/offer/998144900046.html,included,
823320243585,beauty-tools,跨境便携多用大号蘑菇头散粉腮红化妆刷身体印章刷子外贸美妆工具,Makeup Brush,4.9,0.72,https://detail.1688.com/offer/823320243585.html,included,
876106647028,beauty-tools,硅胶面膜刷双头两用脸部清洁泥膜刮涂抹面部专用美容美妆工具,Face Mask Applicator,2.55,0.37,https://detail.1688.com/offer/876106647028.html,included,
1071585125497,beauty-tools,男女初学者修眉刀刮眉刀微距网纹眉刀修眉化妆工具刮眉刀女修眉,Eyebrow Razor,1.16,0.17,https://detail.1688.com/offer/1071585125497.html,included,
998894537930,beauty-tools,轻薄透气隐形贴 压边水胶体净痘修护贴 脸部隔离污染化妆工具跨境,,0.65,,https://detail.1688.com/offer/998894537930.html,held,product-identification-or-relevance-review
762486150462,beauty-tools,新款睫毛夹不夹肉贴合自然卷翘广角局部太阳花新手美妆工具持久,Eyelash Curler,1.5,0.22,https://detail.1688.com/offer/762486150462.html,included,
894443858649,beauty-tools,雅琪诺一夹卷翘睫毛夹水滴握柄定型广角局部眼睫毛卷翘器新手盲选,Eyelash Curler,4.6,0.67,https://detail.1688.com/offer/894443858649.html,included,
947250084913,beauty-tools,veejaga维嘉迦14支装化妆套刷化妆师专用全套刷具桦木柄高档软毛,Makeup Brush Set,27,3.96,https://detail.1688.com/offer/947250084913.html,included,
771566940844,beauty-tools,超薄粉底刷一字型平头化妆刷无痕粉底液刷子不卡粉遮瑕刷美妆工具,Foundation Brush,1.28,0.19,https://detail.1688.com/offer/771566940844.html,included,
867022719630,beauty-tools,大胖墩化妆刷散粉刷大号腮红刷余粉刷蜜粉刷小胖墩化妆刷美妆工具,Makeup Brush,2.4,0.35,https://detail.1688.com/offer/867022719630.html,included,
742899619851,beauty-tools,高端非沧州化妆刷套装高级感眼影刷全套腮红刷配刷包一套化妆工具,Makeup Brush,15,2.2,https://detail.1688.com/offer/742899619851.html,included,
764020610206,beauty-tools,14支绿云化妆刷套装超柔软散粉刷眼影腮红刷沧州美妆工具全套批发,Makeup Brush,30,4.4,https://detail.1688.com/offer/764020610206.html,included,
976117843378,beauty-tools,厂家批发双头海绵眼影棒乳胶棉海绵化妆刷 50支袋装6.5CM美妆工具,Makeup Brush,2.2,0.32,https://detail.1688.com/offer/976117843378.html,included,
946203487907,beauty-tools,厂家批发不锈钢鼻毛剪 美容剪刀化妆用工具修眉剪眉毛剪眉剪,Eyebrow Grooming Tool,0.58,0.09,https://detail.1688.com/offer/946203487907.html,included,
763439647611,beauty-tools,超软派气垫粉扑美妆蛋双面粉扑菠萝派蛋黄派粉扑干湿两用化妆工具,Makeup Sponge,2.99,0.44,https://detail.1688.com/offer/763439647611.html,included,
747575440594,beauty-tools,盒装彩妆蛋粉扑 干湿两用葫芦斜切水滴美妆蛋 遇水变大化妆蛋批发,Makeup Sponge,0.55,0.08,https://detail.1688.com/offer/747575440594.html,included,
824614289346,beauty-tools,现货促销化妆蛋粉扑随机款式发货非乳胶美妆蛋超软不吃粉干湿两用,Makeup Sponge,0.3,0.04,https://detail.1688.com/offer/824614289346.html,included,
1053024533452,beauty-tools,锌合金高端修眉刀化妆师专用微距防刮伤刮眉刀美化妆工具跨境外贸,Eyebrow Razor,1.89,0.28,https://detail.1688.com/offer/1053024533452.html,included,
608392161963,beauty-tools,源头现货透明实心杆空心杆软毛尼龙毛面膜刷化妆刷美容面膜工具刷,Makeup Brush,0.26,0.04,https://detail.1688.com/offer/608392161963.html,included,
901900026702,beauty-tools,VEEJAGA化妆刷套装14支化妆毛套刷眼影刷粉底刷腮红刷化妆师专用,Makeup Brush,27,3.96,https://detail.1688.com/offer/901900026702.html,included,
657424271455,beauty-tools,卷翘睫毛夹持久定型太阳花便携式局部广角眼睫毛烫睫毛器辅助工具,Eyelash Curler,1.27,0.19,https://detail.1688.com/offer/657424271455.html,included,
641573760721,beauty-tools,8支迷你化妆刷套装木柄莫兰迪彩妆刷软毛美妆工具刷子色系定妆,Makeup Brush Set,6,0.88,https://detail.1688.com/offer/641573760721.html,included,
805586398315,beauty-tools,小蛮腰化妆刷美甲粉尘刷腮红刷定妆散粉刷高脚杯笔杆美妆工具批发,Makeup Brush,2.5,0.37,https://detail.1688.com/offer/805586398315.html,included,
598314756115,beauty-tools,新款连体眉贴  12款眉形懒人画眉卡一字眉化妆工具画眉毛辅助套装,Eyebrow Stencil,0.41,0.06,https://detail.1688.com/offer/598314756115.html,included,
749616065474,beauty-tools,北斗七星气垫粉扑干湿两用气垫粉扑不吃粉亲肤粉扑套装,Makeup Sponge,0.18,0.03,https://detail.1688.com/offer/749616065474.html,included,
666068269714,beauty-tools,纹绣眉笔刀眼线笔削化妆定妆卷笔刀大小双孔设计工具眉笔刨,,0.79,,https://detail.1688.com/offer/666068269714.html,held,product-identification-or-relevance-review
642913037887,beauty-tools,电烫睫毛卷翘器 便携烫睫毛器 美妆工具眼睫毛夹 烫眉器,Eyelash Curler,4.5,0.66,https://detail.1688.com/offer/642913037887.html,included,
584769952746,beauty-tools,INS热卖多款粉底刷一字型遮瑕面膜刷腮红刷散粉刷木柄批发化妆刷,Makeup Brush,1.8,0.26,https://detail.1688.com/offer/584769952746.html,included,
800119384889,beauty-tools,眼睫毛印章多功能画眼妆辅助器美妆工具假睫毛印章现货同款批发,Eye Makeup Stencil,7.9,1.16,https://detail.1688.com/offer/800119384889.html,included,
730604485262,beauty-tools,XIXI 盒装小拇指粉扑不吃粉海绵干湿两用美妆工具批发初学者GJ-41,Makeup Sponge,4,0.59,https://detail.1688.com/offer/730604485262.html,included,
639720586078,beauty-tools,PU化妆刷包多功能化妆刷收纳包 唇刷 腮红刷收纳化妆工具可印logo,Blush Brush,8.3,1.22,https://detail.1688.com/offer/639720586078.html,included,
901926240674,beauty-tools,艾可熙儿新款眉毛啫喱霜有效护理烫眉毛美容院烫眉毛工具跨境批发,,12,,https://detail.1688.com/offer/901926240674.html,held,product-identification-or-relevance-review
679242644077,beauty-tools,厂家定制尔木100分萄棉花糖气垫粉扑 超软XL加厚干湿两用化妆粉扑,Makeup Sponge,0.68,0.1,https://detail.1688.com/offer/679242644077.html,included,
629742259401,beauty-tools,厂家直供1.2厚9.6不锈钢正斜口眉夹修理眉毛夹斜角拔眉毛化妆工具,Beauty Tweezers,0.55,0.08,https://detail.1688.com/offer/629742259401.html,included,
562569576268,beauty-tools,气垫粉扑草莓派非乳胶干湿两用化妆圆形海绵黄油粉扑美妆工具批发,Makeup Sponge,0.22,0.03,https://detail.1688.com/offer/562569576268.html,included,
805474035022,beauty-tools,超薄一字型粉底刷沧州化妆刷无痕不吃粉便携面膜刷美妆工具批发,Foundation Brush,1.28,0.19,https://detail.1688.com/offer/805474035022.html,included,
670286956487,beauty-tools,单头十字口收腰烤漆纹绣笔 手工笔 化妆工具 源头直销其他美妆工,,2.6,,https://detail.1688.com/offer/670286956487.html,held,product-identification-or-relevance-review
659136425956,beauty-tools,修眉剪带眉梳剪刀初学者新手化妆安全防刮眉毛修剪器眉剪修眉工具,Eyebrow Grooming Tool,0.98,0.14,https://detail.1688.com/offer/659136425956.html,included,
747378762392,beauty-tools,跨境直销纹绣硅胶立体人脸皮初学者眉眼唇化妆工具练习皮模型,,18,,https://detail.1688.com/offer/747378762392.html,held,product-identification-or-relevance-review
660335887718,beauty-tools,安全型折叠修眉刀刮眉刀女防刮伤初学者套装美妆工具可替换刀片,Eyebrow Razor,0.38,0.06,https://detail.1688.com/offer/660335887718.html,included,
663858576219,beauty-tools,Gollee 批发嫁接睫毛胶水瓶口清洁棉片不掉屑放堵塞美睫辅助工具,Cosmetic Pads,15.6,2.29,https://detail.1688.com/offer/663858576219.html,included,
854381968616,beauty-tools,小蛮腰化妆刷腮红刷单支散粉刷蓬松软毛蜜粉刷美妆工具美甲粉尘刷,Makeup Brush,2.5,0.37,https://detail.1688.com/offer/854381968616.html,included,
677056258953,beauty-tools,便携款螺旋眉刷带盖睫毛梳一次性唇刷迷你刷子初学者平价美妆工具,Eyelash Comb,0.8,0.12,https://detail.1688.com/offer/677056258953.html,included,
974474054335,beauty-tools,不易脱色防水速干化妆工具用品眼线笔液极细持久不晕染 厂家直供,,0.5,,https://detail.1688.com/offer/974474054335.html,held,product-identification-or-relevance-review
987788259455,beauty-tools,定制跨境F系列黑白双头化妆刷便携粉底刷腮红刷沧州美妆工具批发,Makeup Brush,11,1.61,https://detail.1688.com/offer/987788259455.html,included,
814226519489,beauty-tools,一字刷扁平头粉底刷不吃粉轻薄无痕底妆CP工具黑凤梨螺旋柄化妆刷,Foundation Brush,2.4,0.35,https://detail.1688.com/offer/814226519489.html,included,
912859043317,beauty-tools,玫瑰花化妆刷大号散粉刷美甲刷子粉尘刷美妆工具腮红修容刷眼影刷,Makeup Brush,3.14,0.46,https://detail.1688.com/offer/912859043317.html,included,
978904654989,beauty-tools,10片装修眉刀片不锈钢化妆工具安全便携剃眉刀神器影楼专用刮眉刀,Eyebrow Razor,1.8,0.26,https://detail.1688.com/offer/978904654989.html,included,
689153562049,beauty-tools,嫁接睫毛工具水晶杆睫毛刷彩色睫毛卷眉刷一次性眉梳螺旋刷睫毛梳,Lash and Brow Brush,1.76,0.26,https://detail.1688.com/offer/689153562049.html,included,
664749414234,beauty-tools,Gollee现货柔软一次性唇刷棒嫁接睫毛辅助工具清洁棉签50支焕彩,Lip Brush,7.56,1.11,https://detail.1688.com/offer/664749414234.html,included,
715119214504,beauty-tools,gollee高精密嫁接睫毛镊子专业接种工具金羽夹子初学者美睫师专用,Eyelash Applicator,40.8,5.98,https://detail.1688.com/offer/715119214504.html,included,
987981612794,beauty-tools,面膜棒美容水疗面膜工具DIY面膜工具塑料调和搅拌棒子刮刀板,,0.11,,https://detail.1688.com/offer/987981612794.html,held,product-identification-or-relevance-review
521552773232,beauty-tools,棉花糖粉扑葫芦化妆棉扑非乳胶美妆蛋遇水变大干湿美妆蛋,Makeup Sponge,0.5,0.07,https://detail.1688.com/offer/521552773232.html,included,
559682172709,beauty-tools,亲水性非乳胶粉扑棱形12个小三角化妆棉初学者遇水发大卸妆美妆蛋,Makeup Sponge,5.32,0.78,https://detail.1688.com/offer/559682172709.html,included,
694244596006,beauty-tools,跨境爆款化妆刷清洗碗可折叠美妆工具粉扑美妆蛋清洁垫硅胶洗刷碗,Makeup Sponge,1.45,0.21,https://detail.1688.com/offer/694244596006.html,included,
552507375617,beauty-tools,跨境爆款硅胶洗脸刷去角质双头面膜刷美妆工具脸部泥膜刮刀洁面刷,Face Mask Applicator,0.45,0.07,https://detail.1688.com/offer/552507375617.html,included,
739801249633,beauty-tools,美妆蛋粉扑OPP袋独立包装葫芦水滴斜切上妆不卡粉干湿两用彩妆蛋,Makeup Sponge,0.39,0.06,https://detail.1688.com/offer/739801249633.html,included,
896321393753,beauty-tools,跨境中包装迷你美妆蛋彩妆蛋化妆海绵粉扑水滴葫芦斜切形粉扑,Makeup Sponge,5.5,0.81,https://detail.1688.com/offer/896321393753.html,included,
775299727669,beauty-tools,修眉不锈钢美容工具厂日本原材料美妆美容仪配件刮眉刀刀片,Eyebrow Razor,4440,651.03,https://detail.1688.com/offer/775299727669.html,included,
972947994864,beauty-tools,工厂现货不锈钢鹅头假睫毛辅助镊子睫毛夹佩戴睫毛美妆美容工具,Eyelash Applicator,1.5,0.22,https://detail.1688.com/offer/972947994864.html,included,
916682804312,beauty-tools,工厂现货不锈钢假睫毛辅助器彩色睫毛卷翘器镊子便携美妆工具,Eyelash Applicator,0.5,0.07,https://detail.1688.com/offer/916682804312.html,included,
655242030644,beauty-tools,不吃粉粉底刷花瓣魔术刷 送收纳盒小熨斗化妆刷 美妆工具厂家,Foundation Brush,1.3,0.19,https://detail.1688.com/offer/655242030644.html,included,
652136145645,beauty-tools,新品玫瑰花化妆刷 软毛一支装散粉刷腮红刷美妆工具厂家直销现货,Makeup Brush,5.2,0.76,https://detail.1688.com/offer/652136145645.html,included,
793348062623,beauty-tools,定制化妆神器木制手柄修容散粉刷8支套刷美容工具尼龙软毛刷,Powder Brush,31.7,4.65,https://detail.1688.com/offer/793348062623.html,included,
672195214443,beauty-tools,现货特价促销批发非乳胶美妆蛋葫芦粉扑水滴斜切海绵彩妆蛋化妆蛋,Makeup Sponge,0.45,0.07,https://detail.1688.com/offer/672195214443.html,included,
709669759276,beauty-tools,55号魔术粉底刷无痕花瓣化妆刷不吃粉底液散粉刷子美妆工具批发,Makeup Brush,1.67,0.24,https://detail.1688.com/offer/709669759276.html,included,
914324935935,beauty-tools,Q弹硅胶气垫粉扑果冻bb霜粉底液面扑化妆服帖不吃粉美容工具亲肤,Makeup Sponge,2.6,0.38,https://detail.1688.com/offer/914324935935.html,included,
729820464788,beauty-tools,化妆刷清洗晾晒架工具收纳盒美妆蛋粉扑清洗器硅胶化妆刷洗刷盒,Makeup Sponge,6.21,0.91,https://detail.1688.com/offer/729820464788.html,included,
840296923850,beauty-tools,跨境USB充电化妆刷清洁器电动美妆工具清洗器自动洗刷工具可贴牌,Makeup Brush,9,1.32,https://detail.1688.com/offer/840296923850.html,included,
828213870949,beauty-tools,跨境热销硅胶化妆刷清洗器化妆品多功能晾晒收纳化妆刷厂家定制,Makeup Brush,7,1.03,https://detail.1688.com/offer/828213870949.html,included,
947645401035,beauty-tools,化妆棉签化妆用擦眼线美容美睫改妆卸妆棉棒一次性清洁棒加长棉签,Cosmetic Pads,1.25,0.18,https://detail.1688.com/offer/947645401035.html,included,
872865291972,beauty-tools,工厂跨境眼影刷双头海绵眼影棒 6.5cm化妆工具刷美甲魔镜粉涂抹棒,Eyeshadow Brush,1.6,0.23,https://detail.1688.com/offer/872865291972.html,included,
693798579840,beauty-tools,跨境新款嫁接睫毛延长清洁棉签睫毛提升胶卸妆涂抹器化妆微刷工具,,1.1,,https://detail.1688.com/offer/693798579840.html,held,product-identification-or-relevance-review
938887369208,beauty-tools,厂家直销剪刀尖保护套化妆修眉儿童防刮伤防戳伤剪刀套防戳钳套收,,0.52,,https://detail.1688.com/offer/938887369208.html,held,product-identification-or-relevance-review
975781472729,beauty-tools,Life Girls长绒粉扑柔软植绒亲肤散粉定妆上妆毛绒跨境美妆工具,Makeup Sponge,3.6,0.53,https://detail.1688.com/offer/975781472729.html,included,
580952045762,beauty-tools,伊芝莲卷翘器 不锈钢眼睫毛夹子假睫毛辅助器化妆工具批发,Eyelash Applicator,2.5,0.37,https://detail.1688.com/offer/580952045762.html,included,
805182772365,beauty-tools,伊蒂芙萌兔系列化妆刷眼影刷眉刷腮红刷面膜刷高光刷修容刷套装刷,Makeup Brush,2.5,0.37,https://detail.1688.com/offer/805182772365.html,included,
821246124710,beauty-tools,多功能美容工具刷子烘干机 美妆刷子速干器化妆刷清洗快速烘干仪,Makeup Brush,26,3.81,https://detail.1688.com/offer/821246124710.html,included,
974951294068,beauty-tools,鎏金眼影刷眼部刷化妆刷套装便携包全套厂家现货中英文外贸跨境,Makeup Brush Set,2.2,0.32,https://detail.1688.com/offer/974951294068.html,included,
818135385274,beauty-tools,跨境斜跨剪刀包发型师多功能化妆复古油头黑色工具包电推剪收纳,,63,,https://detail.1688.com/offer/818135385274.html,held,product-identification-or-relevance-review
687188907157,beauty-tools,美技电动睫毛器夹卷翘加热电热烫卷器睫毛烫持久定型加工定制厂家,,18,,https://detail.1688.com/offer/687188907157.html,held,product-identification-or-relevance-review
856481009350,beauty-tools,100分棉花糖气垫粉扑XL黑凤梨干湿两用不吃粉底液定妆化妆海绵,Makeup Sponge,0.42,0.06,https://detail.1688.com/offer/856481009350.html,included,
847124276664,beauty-tools,气垫粉扑草莓菠萝蛋黄派干湿两用变大不易吃粉美妆蛋七星化妆海绵,Makeup Sponge,0.21,0.03,https://detail.1688.com/offer/847124276664.html,included,
702534409486,beauty-tools,假睫毛镊子不锈钢鹰嘴夹嫁接镊子睫毛夹金羽夹高精密睫毛专用,Eyelash Applicator,0.8,0.12,https://detail.1688.com/offer/702534409486.html,included,
775323251418,beauty-tools,防护网日本材质单面刮毛器配件上海美妆工具修眉毛刀片跨境工厂,,4440,,https://detail.1688.com/offer/775323251418.html,held,product-identification-or-relevance-review
606651889634,beauty-tools,竹纤维天鹅绒卸妆垫竹炭纤维竹棉卸妆棉垫可重复使用洗脸扑化妆棉,Cosmetic Pads,0.5,0.07,https://detail.1688.com/offer/606651889634.html,included,
703192062120,beauty-tools,专用菠萝格清水卸妆粉扑圆型可洗双面清洁垫海绵腮红美容卸妆清洁,Makeup Sponge,1.85,0.27,https://detail.1688.com/offer/703192062120.html,included,
773961198650,beauty-tools,工厂直销小型微距防护网刮毛刀 女士家用化妆修眉刀更换备用,Eyebrow Razor,4440,651.03,https://detail.1688.com/offer/773961198650.html,included,
895859368834,beauty-tools,跨境初学者化妆刷套装马卡龙色便携迷你软毛腮红刷眼影刷美妆工具,Makeup Brush,1.99,0.29,https://detail.1688.com/offer/895859368834.html,included,
896140824456,beauty-tools,硅胶唇刷唇棒带盖子便携圆头指腹唇刷棒口红管晕染遮瑕刷美妆工具,Lip Brush,1.55,0.23,https://detail.1688.com/offer/896140824456.html,included,
687861261667,beauty-tools,便携款5支化妆刷套装带镜迷你多功能散粉刷粉底刷眼影刷晕染刷muf,Makeup Brush,4.5,0.66,https://detail.1688.com/offer/687861261667.html,included,
902907013774,beauty-tools,散装带梳直柄修眉刀 美妆工具 刮眉刀 初学者 带防护网修眉工具,Eyebrow Razor,0.35,0.05,https://detail.1688.com/offer/902907013774.html,included,
915305643431,beauty-tools,【鱼尾粉底刷】平头斜角月牙无痕遮瑕扁头粉底液化妆刷超薄不吃粉,Foundation Brush,1.8,0.26,https://detail.1688.com/offer/915305643431.html,included,
823320243815,beauty-tools,跨境便携多用大号蘑菇头散粉腮红化妆刷身体印章刷子外贸美妆工具,Makeup Brush,3.9,0.57,https://detail.1688.com/offer/823320243815.html,included,
684814329276,beauty-tools,现货厂家直发荷花刷小灯泡腮红刷人造纤维毛塑胶柄化妆散粉刷定妆,Makeup Brush,3.8,0.56,https://detail.1688.com/offer/684814329276.html,included,
693202053327,beauty-tools,新款粉底铲刮刀 不锈钢调色棒 多功能化妆调和棒双头取胶美妆工具,Makeup Mixing Spatula,1.1,0.16,https://detail.1688.com/offer/693202053327.html,included,
649062959828,beauty-tools,厂家直供不锈钢正斜口眉夹修理眉毛夹多功能斜角拔眉毛夹化妆工具,Beauty Tweezers,2.5,0.37,https://detail.1688.com/offer/649062959828.html,included,
731167079654,beauty-tools,尼龙毛哑黑化妆刷套装 便携散粉刷全套化妆工具粉底刷腮红刷套组,Makeup Brush,15,2.2,https://detail.1688.com/offer/731167079654.html,included,
633997674818,beauty-tools,蕾尚8支枪色套刷化妆刷全套匀粉眼影散粉刷套装彩妆化妆工具收纳,Makeup Brush Set,14,2.05,https://detail.1688.com/offer/633997674818.html,included,
794668884175,beauty-tools,折叠式修眉刀初学者女刮眉刀男女士美容院专用美妆工具眉刀批发,Eyebrow Razor,0.52,0.08,https://detail.1688.com/offer/794668884175.html,included,
793305299401,beauty-tools,多色可选修眉刀工厂批发锋利眉毛刮眉刀修眉器美妆工修眉刀可定制,Eyebrow Razor,0.45,0.07,https://detail.1688.com/offer/793305299401.html,included,
894002898709,beauty-tools,雅琪诺巧克力粉扑粉底液专用干湿两用BB霜超软不吃粉饼化妆美妆蛋,Makeup Sponge,6.7,0.98,https://detail.1688.com/offer/894002898709.html,included,
824305958051,beauty-tools,双丝带粉扑干湿两用100分水滴粉扑Q弹不吃粉服帖美妆专用工具,Makeup Sponge,0.9,0.13,https://detail.1688.com/offer/824305958051.html,included,
943134348187,beauty-tools,新款双头修眉刀片微距防护网不锈钢刮眉刀新手初学者男女专业工具,Eyebrow Razor,0.78,0.11,https://detail.1688.com/offer/943134348187.html,included,
915425403798,beauty-tools,鼻毛刀专用眉毛剪刀鼻毛修剪器化妆美妆眉刀男士女士小剪子套装,Eyebrow Grooming Tool,0.55,0.08,https://detail.1688.com/offer/915425403798.html,included,
992469431048,beauty-tools,毛老师同款不吃粉影楼化妆师专用海绵高光乳胶粉底液三角皮面粉扑,Makeup Sponge,0.29,0.04,https://detail.1688.com/offer/992469431048.html,included,
631022600175,beauty-tools,纹绣色料杯一次性纹身纹绣塑料容器调色杯颜料架美容化妆工具用品,,1.4,,https://detail.1688.com/offer/631022600175.html,held,product-identification-or-relevance-review
853699609727,beauty-tools,现货动物毛化妆刷全套化妆师专用实木柄细光峰羊毛沧州化妆刷套装,Makeup Brush Set,17,2.49,https://detail.1688.com/offer/853699609727.html,included,
845959067412,beauty-tools,xixi便携化妆包  奶油质地细腻柔软小巧便携学生柔软顺滑美妆工具,Makeup Bag,3.5,0.51,https://detail.1688.com/offer/845959067412.html,included,
639287573261,beauty-tools,Dream Kiss 睫毛夹小型眼睫毛夹卷翘女便携式化妆工具初学者定型,Eyelash Curler,4.9,0.72,https://detail.1688.com/offer/639287573261.html,included,
892111514403,beauty-tools,跨境黑白拉伸定位线辅助纹绣画眉画线工具防漏墨可循环使用源头直,,10,,https://detail.1688.com/offer/892111514403.html,held,product-identification-or-relevance-review
940597669826,beauty-tools,北斗七星气垫粉扑套装干湿两用不吃粉双面柔软   干粉扑,Makeup Sponge,1.46,0.21,https://detail.1688.com/offer/940597669826.html,included,
1086145202687,beauty-tools,硅胶化妆鼻头刷面部清洗刷鼻翼鼻头刷清洁工具洗脸刷美妆手指刷子,Facial Cleansing Brush,0.55,0.08,https://detail.1688.com/offer/1086145202687.html,included,
1085904493253,beauty-tools,二合一眼线液笔 双头眼线修正笔棕色顺滑易勾勒日常化妆笔,,8,,https://detail.1688.com/offer/1085904493253.html,held,product-identification-or-relevance-review
1085903849144,beauty-tools,双头眼线笔 深棕色眼线液笔顺滑易画修改眼部瑕疵化妆工具,,8,,https://detail.1688.com/offer/1085903849144.html,held,product-identification-or-relevance-review
1085844401708,beauty-tools,眼部彩妆二合一双头眼线液笔 黑色改妆笔一笔两用上妆校正眼线笔,,8,,https://detail.1688.com/offer/1085844401708.html,held,product-identification-or-relevance-review
1085840469567,beauty-tools,双头眼线笔 二合一深棕色眼线液笔顺滑易画修正眼线瑕疵美妆彩妆,,8,,https://detail.1688.com/offer/1085840469567.html,held,product-identification-or-relevance-review
1085532005768,beauty-tools,一代/ 二代合金柄哈利波特魔法棒魔杖化妆刷套刷5件套装 美妆工具,Makeup Brush Set,7.5,1.1,https://detail.1688.com/offer/1085532005768.html,included,
1085475328653,beauty-tools,雪狐毛化妆刷沧州美妆工具现货批发散粉刷小红书推荐真毛礼盒装,Powder Brush,88,12.9,https://detail.1688.com/offer/1085475328653.html,included,
1085096564124,beauty-tools,轻氧系列小狗棉花糖粉扑加厚高弹气垫海绵干湿两用不吃粉美妆工具,Makeup Sponge,3.3,0.48,https://detail.1688.com/offer/1085096564124.html,included,
1084844614015,beauty-tools,二合一双头眼线液笔 黑色一笔两用上妆改妆眼部彩妆化妆笔工具,,8,,https://detail.1688.com/offer/1084844614015.html,held,product-identification-or-relevance-review
1084817466681,beauty-tools,二合一眼线液笔 黑色双头眼线笔带修改笔头眼部化妆工具持久防水,,8,,https://detail.1688.com/offer/1084817466681.html,held,product-identification-or-relevance-review
1084815782726,beauty-tools,双头眼线液笔 棕色二合一校正笔顺滑易勾勒日常眼妆彩妆用品,,8,,https://detail.1688.com/offer/1084815782726.html,held,product-identification-or-relevance-review
1084814438520,beauty-tools,双头眼线笔 深棕色二合一眼线液笔顺滑易画眼部化妆笔修正瑕疵,,8,,https://detail.1688.com/offer/1084814438520.html,held,product-identification-or-relevance-review
1084805990124,beauty-tools,双头眼线笔 黑色二合一眼线液笔改妆卸妆两用眼部化妆彩妆工具,,8,,https://detail.1688.com/offer/1084805990124.html,held,product-identification-or-relevance-review
1084803463021,beauty-tools,13支化妆刷套装超柔软人造纤维散粉刷眼影刷全套美妆工具送收纳袋,Makeup Brush,4.66,0.68,https://detail.1688.com/offer/1084803463021.html,included,
1084773714848,beauty-tools,双头眼线液笔 黑色双头设计一笔两用改妆修正笔眼部彩妆用品,,8,,https://detail.1688.com/offer/1084773714848.html,held,product-identification-or-relevance-review
1084165314440,beauty-tools,卡通镜子化妆镜纯色台式化妆镜新款镜子三元货源现货发独立PP袋装,Makeup Mirror,1.29,0.19,https://detail.1688.com/offer/1084165314440.html,included,
1083946618361,beauty-tools,跨境L003睫毛夹四件套太阳花卷翘器睫毛梳睫毛夹子美妆工具套装,Eyelash Curler,8.5,1.25,https://detail.1688.com/offer/1083946618361.html,included,
1083944491331,beauty-tools,双头眼线液笔 深棕色二合一顺滑易画修正眼线瑕疵日常眼部彩妆化,,8,,https://detail.1688.com/offer/1083944491331.html,held,product-identification-or-relevance-review
1083909939897,beauty-tools,双头眼线液笔 深棕色顺滑易画擦除修改眼部妆容瑕疵化妆工具,,8,,https://detail.1688.com/offer/1083909939897.html,held,product-identification-or-relevance-review
1083484664265,beauty-tools,新款3个装微距修眉刀便携折叠刮眉刀女初学者修眉毛化妆工具批发,Eyebrow Razor,5.78,0.85,https://detail.1688.com/offer/1083484664265.html,included,
1083374278436,beauty-tools,跨境木杆唇刷便捷卫生唇釉刷美妆工具化妆刷尼龙材质一次性唇刷,Makeup Brush,3.28,0.48,https://detail.1688.com/offer/1083374278436.html,included,
1083027206781,beauty-tools,迷你眼睫毛夹黑色睫毛夹小巧便捷睫毛卷翘夹金属假眼睫毛美妆工具,Eyelash Curler,0.65,0.1,https://detail.1688.com/offer/1083027206781.html,included,
1082777943891,beauty-tools,修眉刀片刮眉刀美容化妆工具吸卡装三把刀片二元店地摊开店好货源,Eyebrow Razor,1.25,0.18,https://detail.1688.com/offer/1082777943891.html,included,
1082713845904,beauty-tools,7支葱粉水晶柄化妆刷套装支带闪片闪粉腮红刷散粉刷美妆工具,Makeup Brush,4,0.59,https://detail.1688.com/offer/1082713845904.html,included,
1082383396232,beauty-tools,邦娜大王粉底刷轻薄服帖不易吃粉快速上妆无痕遮瑕美妆工具粉底刷,Foundation Brush,3.8,0.56,https://detail.1688.com/offer/1082383396232.html,included,
1081883604843,beauty-tools,眉笔磨砂板化妆师磨修眉笔砂纸搓板美术生削笔纸刀削打磨新手,,3.74,,https://detail.1688.com/offer/1081883604843.html,held,product-identification-or-relevance-review
1081809347427,beauty-tools,直柄修眉刀安全型初学者防刮伤带防护网刮眉刀剃毛刀片化妆工具,Eyebrow Razor,1.8,0.26,https://detail.1688.com/offer/1081809347427.html,included,
1081745132748,beauty-tools,VIPABC底妆粉扑柔软亲肤不吃粉气垫干湿两用便携化妆工具定妆,Makeup Sponge,1.55,0.23,https://detail.1688.com/offer/1081745132748.html,included,
1081627948489,beauty-tools,川琦新品睫毛夹粉扑死皮剪卷发蓬松夹美容剪棉花糖粉扑美妆工具,Makeup Sponge,4,0.59,https://detail.1688.com/offer/1081627948489.html,included,
1081408578629,beauty-tools,CAPPUVINI一夹一针便携清洁套装 细胞夹粉刺针自带收纳盒彩妆工具,Makeup Organiser,4.9,0.72,https://detail.1688.com/offer/1081408578629.html,included,
1081380381541,beauty-tools,ONBOS 修眉刀片不锈钢刮眉刀剃毛刀美妆修眉工具现货支持一件代发,Eyebrow Razor,0.82,0.12,https://detail.1688.com/offer/1081380381541.html,included,
1081056530194,beauty-tools,美妆套装工具眉毛夹不锈钢镊子眉毛剪组合套装美容工具,Beauty Tweezers,1.4,0.21,https://detail.1688.com/offer/1081056530194.html,included,
1080912365193,beauty-tools,眉笔磨砂板化妆师磨修眉笔砂纸搓板美术生削笔纸刀削打磨新手,,3.74,,https://detail.1688.com/offer/1080912365193.html,held,product-identification-or-relevance-review
1080734431466,beauty-tools,LMLTOP 3支装折叠型修眉刀 美妆工具纹眉刀片女士刮眉刀合集A0369,Eyebrow Razor,1.5,0.22,https://detail.1688.com/offer/1080734431466.html,included,
1079690178896,beauty-tools,粉色化妆刷 腮红刷 修容刷 细软刷毛 美妆工具厂家批发,Blush Brush,0.65,0.1,https://detail.1688.com/offer/1079690178896.html,included,
1079407226928,beauty-tools,点彩腮红刷双层平头不吃粉晕染刷易上妆软毛化妆刷学生美妆工具,Blush Brush,2.88,0.42,https://detail.1688.com/offer/1079407226928.html,included,
1079170966327,beauty-tools,修眉刀片专业女用化妆师男士专用刮眉刀套装工具美容脸部皮革广州,Eyebrow Razor,1.01,0.15,https://detail.1688.com/offer/1079170966327.html,included,
1078231349516,beauty-tools,花棠主洗刷皂化妆刷粉扑美妆蛋洗刷神器便携不脏手化妆品清洁工具,Makeup Sponge,3.9,0.57,https://detail.1688.com/offer/1078231349516.html,included,
1077199032006,beauty-tools,爆款单支胖墩散粉刷黑色多功能蜜粉刷软毛腮红刷美妆工具化妆刷,Makeup Brush,3.98,0.58,https://detail.1688.com/offer/1077199032006.html,included,
1073914276658,beauty-tools,LUCKGO修眉刀套装组合刮眉毛刀韩系便捷人体工学平价国货美妆工具,Eyebrow Razor,3.5,0.51,https://detail.1688.com/offer/1073914276658.html,included,
1073742200337,beauty-tools,厂家直销小葡萄单支化妆刷散粉刷修容刷腮红刷遮瑕刷软毛美妆工具,Makeup Brush,3.6,0.53,https://detail.1688.com/offer/1073742200337.html,included,
1072637834881,beauty-tools,JONBOS镰刀鼻影刷修容刷半扇形斜头扁头化妆刷鼻侧刷鼻子化妆工具,Makeup Brush,1.5,0.22,https://detail.1688.com/offer/1072637834881.html,included,
1072250728187,beauty-tools,男女通用修眉刀 新款防护刮眉毛刀 美容院化妆便携式剃眉修眉工具,Eyebrow Razor,1,0.15,https://detail.1688.com/offer/1072250728187.html,included,
1072244177865,beauty-tools,单支装4号牙刷粉底刷化妆刷多功能不吃粉便携款可弯曲美妆工具,Foundation Brush,1,0.15,https://detail.1688.com/offer/1072244177865.html,included,
1072209354796,beauty-tools,多款便携睫毛夹局部睫毛卷翘定型器假睫毛辅助器好用美妆工具批发,Eyelash Applicator,1.55,0.23,https://detail.1688.com/offer/1072209354796.html,included,
1072009825156,beauty-tools,便携双头眉刷带盖螺旋刷眉粉眉膏刷斜角扁头野生眉刷子化妆刷,Makeup Brush,1.4,0.21,https://detail.1688.com/offer/1072009825156.html,included,
1071675823087,beauty-tools,美甲美睫瓶口擦洗巾擦布美妆工具厂家供应魔力擦清洁胶水瓶棉片,Cosmetic Pads,1,0.15,https://detail.1688.com/offer/1071675823087.html,included,
1070691649215,beauty-tools,化妆师专用一次性粉扑气垫菱形美妆蛋不吃粉化妆海绵美妆工具批发,Makeup Sponge,2.65,0.39,https://detail.1688.com/offer/1070691649215.html,included,
1070498535306,beauty-tools,xixi贝瓷化妆刷单支鼻影刷镰刀斜头细节眼线刷眉毛刷软毛彩妆工具,Eyeliner Brush,1.9,0.28,https://detail.1688.com/offer/1070498535306.html,included,
1070479854409,beauty-tools,zephoco黑色眼线印章笔 丝滑流畅笔触眼部彩妆双头设计印章眼线笔,,8,,https://detail.1688.com/offer/1070479854409.html,held,product-identification-or-relevance-review
1070464543714,beauty-tools,跨境不锈钢二合一眉剪便捷式美容剪防刮伤修眉刀梳剪两用美妆工具,Eyebrow Grooming Tool,4.5,0.66,https://detail.1688.com/offer/1070464543714.html,included,
1070250388339,beauty-tools,美妆蛋超软不易吃粉化妆海绵球气垫粉扑彩妆蛋粉底液上装化妆工具,Makeup Sponge,0.22,0.03,https://detail.1688.com/offer/1070250388339.html,included,
1070223729953,beauty-tools,xixi粉扑透孔收纳盒粉扑专用收纳盒便携带防尘美妆工具透气大容量,Makeup Sponge,1,0.15,https://detail.1688.com/offer/1070223729953.html,included,
1070161908269,beauty-tools,粉底刷55号无痕软毛刷子化妆刷粉底刷细腻刷毛散粉刷上妆便携式,Makeup Brush,1.1,0.16,https://detail.1688.com/offer/1070161908269.html,included,
1069957767709,beauty-tools,专业锋利修眉刮眉刀男女通用初学套装化妆师脸部杂毛修整剃眉工具,Eyebrow Razor,3.52,0.52,https://detail.1688.com/offer/1069957767709.html,included,
1069891744628,beauty-tools,工厂不锈钢带梳子眉梳剪眉毛鼻毛剪两用男士女士美妆小剪刀家用,,4.8,,https://detail.1688.com/offer/1069891744628.html,held,product-identification-or-relevance-review
1069836214106,beauty-tools,不锈钢鼻毛剪刀美容剪尖头剪刀修眉专用眉毛剪睫毛化妆小剪刀,Eyebrow Grooming Tool,1.7,0.25,https://detail.1688.com/offer/1069836214106.html,included,
1069776400542,beauty-tools,修容刷鼻影刷阴影刷高光提亮刷化妆刷纤维毛彩妆工具现货独立包装,Makeup Brush,1,0.15,https://detail.1688.com/offer/1069776400542.html,included,
1069454478597,beauty-tools,专业修眉刀片化妆师专用刮眉刀新手便携美妆修眉工具盒装替换刀片,Eyebrow Razor,0.52,0.08,https://detail.1688.com/offer/1069454478597.html,included,
1068734415036,beauty-tools,睫毛刷一次性化妆刷假睫毛刷子眉刷螺旋刷睫毛梳睫毛卷睫毛刷批发,Makeup Brush,1.7,0.25,https://detail.1688.com/offer/1068734415036.html,included,
1067393206575,beauty-tools,定制大牌粉饼原装替换植绒干粉扑化妆师专用定妆粉扑美妆工具套装,Makeup Sponge,0.6,0.09,https://detail.1688.com/offer/1067393206575.html,included,
1067126442063,beauty-tools,荔树睫毛夹卷翘器新手不夹肉广角眼睫毛夹美妆工具持久定型睫毛夹,Eyelash Curler,14.8,2.17,https://detail.1688.com/offer/1067126442063.html,included,
1066124943016,beauty-tools,巧克力皮面植绒双款可选 mini拇指细节粉扑美妆工具批发一件代发,Makeup Sponge,0.25,0.04,https://detail.1688.com/offer/1066124943016.html,included,
1066041306908,beauty-tools,14支银色初见腮红刷平头点彩刷化妆刷子眼影刷修容刷美妆工具,Makeup Brush,5.1,0.75,https://detail.1688.com/offer/1066041306908.html,included,
1065871248763,beauty-tools,不锈钢梳子剪眉毛鼻毛剪化妆师专用美妆小剪刀睫毛剪子批发,,4.5,,https://detail.1688.com/offer/1065871248763.html,held,product-identification-or-relevance-review
1065779319602,beauty-tools,色菱形粉扑 干湿两用不易吃粉海绵块气垫霜粉底液化妆美妆工具,Makeup Sponge,3.75,0.55,https://detail.1688.com/offer/1065779319602.html,included,
1065720260485,beauty-tools,4色菱形粉扑 干湿两用不易吃粉海绵块气垫BB霜粉底液化妆美妆工具,Makeup Sponge,2.5,0.37,https://detail.1688.com/offer/1065720260485.html,included,
1065172465989,beauty-tools,单支化妆刷遮瑕刷唇刷多功能眼影刷大号散粉刷腮红刷便携美妆工具,Makeup Brush,0.3,0.04,https://detail.1688.com/offer/1065172465989.html,included,
1064810845730,beauty-tools,睫毛夹 眉毛夹化妆工具五元店睫毛夹美妆工具 纸卡独立包装量大优,Eyelash Curler,1.49,0.22,https://detail.1688.com/offer/1064810845730.html,included,
1064419540904,beauty-tools,现货身体乳的扑擦乳液素颜霜专用涂抹粉扑工具超大超厚不吃粉手套,Makeup Sponge,2.95,0.43,https://detail.1688.com/offer/1064419540904.html,included,
1064187348146,beauty-tools,96眉夹正斜勾尖口化妆眉夹美妆工具不锈钢多用小镊子套装拔毛夹,Beauty Tweezers,0.65,0.1,https://detail.1688.com/offer/1064187348146.html,included,
1064181492629,beauty-tools,不锈钢尖头眉毛剪修眉美容剪圆头鼻毛剪刀男士胡须剪美妆工具,Eyebrow Grooming Tool,4.9,0.72,https://detail.1688.com/offer/1064181492629.html,included,
1064129952216,beauty-tools,圆头唇刷口红刷便携晕染遮瑕唇笔女化妆师专用美妆工具唇部化妆刷,Makeup Brush,0.58,0.09,https://detail.1688.com/offer/1064129952216.html,included,
1063871600843,beauty-tools,跨境便携多用大号蘑菇头镶钻散粉腮红化妆刷身体刷子外贸美妆工具,Makeup Brush,11.6,1.7,https://detail.1688.com/offer/1063871600843.html,included,
1063632659224,beauty-tools,多功能美容修眉工具套装修眉剪刀鼻毛修剪剪男女化妆打理眉毛鼻毛,Eyebrow Grooming Tool,1.98,0.29,https://detail.1688.com/offer/1063632659224.html,included,
1063409957107,beauty-tools,大号散粉刷小蛮腰软毛腮红蜜粉定妆粉点粉刷高光粉刷化妆单支刷子,Powder Brush,1.6,0.23,https://detail.1688.com/offer/1063409957107.html,included,
1063262713291,beauty-tools,不锈钢粉底铲上妆刮刀遮瑕面刮粉底液刮刀彩妆调色盘不锈钢调色棒,Makeup Mixing Tools,0.85,0.12,https://detail.1688.com/offer/1063262713291.html,included,
1062824393072,beauty-tools,脸刷 south fin楠竹 脸部清洁按摩刷子face brush,,8.3,,https://detail.1688.com/offer/1062824393072.html,held,product-identification-or-relevance-review
1062619995291,beauty-tools,定制款单支大号木柄香槟色扇形刷余粉刷多功能化妆刷美妆工具,Makeup Brush,3.6,0.53,https://detail.1688.com/offer/1062619995291.html,included,
1062458296521,beauty-tools,厂家便携美妆修眉工具5件套 正斜口眉毛夹不锈钢假睫毛镊子套装,Eyelash Applicator,4.6,0.67,https://detail.1688.com/offer/1062458296521.html,included,
1062195048234,beauty-tools,协睿GECOMO零痕便携硅胶粉底刷不吃粉柔软亲肤化妆刷美妆工具批发,Foundation Brush,3,0.44,https://detail.1688.com/offer/1062195048234.html,included,
1061791043548,beauty-tools,双色软胶握柄美容剪刀安全圆头鼻毛修剪剪尖头修眉睫毛剪化妆工具,Eyebrow Grooming Tool,2.1,0.31,https://detail.1688.com/offer/1061791043548.html,included,
1061726171598,beauty-tools,蘑菇头多功能超大号散粉刷美甲粉尘刷印章刷化妆刷腮红刷美妆工具,Makeup Brush,8.5,1.25,https://detail.1688.com/offer/1061726171598.html,included,
1061601732815,beauty-tools,男女通用不锈钢金属砂光圆头修眉修鼻毛胡须手动剪刀美妆美容工具,,0.35,,https://detail.1688.com/offer/1061601732815.html,held,product-identification-or-relevance-review
1061426753930,beauty-tools,圆头鼻毛剪眉毛修剪器鼻毛修剪刀修眉刀胡须刀美妆眉剪美容剪刀,Eyebrow Grooming Tool,4.8,0.7,https://detail.1688.com/offer/1061426753930.html,included,
1061236070045,beauty-tools,马卡龙盒装化妆刷套装6支装粉底眼影刷源头厂家旅行美妆工具现货,Makeup Brush Set,3.8,0.56,https://detail.1688.com/offer/1061236070045.html,included,
1061187644095,beauty-tools,跨境新品双头粉底腮红刷软毛美妆工具修容刷散粉刷化妆刷套装,Makeup Brush,17.59,2.58,https://detail.1688.com/offer/1061187644095.html,included,
1061019141158,beauty-tools,一字粉底刷超薄粉刷洗刷化妆刷不吃粉无痕粉底液刷化妆工具遮瑕刷,Foundation Brush,0.76,0.11,https://detail.1688.com/offer/1061019141158.html,included,
1060833880143,beauty-tools,弧型美睫卸除棉片嫁接睫毛垫片卸睫毛专用工具种植假睫毛隔离眼贴,False Eyelashes,1,0.15,https://detail.1688.com/offer/1060833880143.html,included,
1060761968824,beauty-tools,跨境专供美妆美容不锈钢嫁接翘睫娃娃烫Y形睫毛挑棒美睫工具批发,,10,,https://detail.1688.com/offer/1060761968824.html,held,product-identification-or-relevance-review
1060166672389,beauty-tools,鱼尾粉底刷超薄不吃粉斜角月牙扁头无痕化妆刷轻薄服帖美妆工具,Foundation Brush,1.59,0.23,https://detail.1688.com/offer/1060166672389.html,included,
1059951621627,beauty-tools,6支组合化妆刷 便携卷折桶收纳 软毛彩妆套刷 平价美妆工具,Makeup Brush Set,5.6,0.82,https://detail.1688.com/offer/1059951621627.html,included,
1059430695792,beauty-tools,不锈钢眉毛剪防刮伤修眉剪梳剪两用修眉刀带眉梳小剪刀美妆工具,Eyebrow Grooming Tool,5.5,0.81,https://detail.1688.com/offer/1059430695792.html,included,
1058621650228,beauty-tools,LMLTOP 可爱甜熊系列美妆工具多款批发,,1.5,,https://detail.1688.com/offer/1058621650228.html,held,product-identification-or-relevance-review
1058374054253,beauty-tools,超大加厚身体乳涂抹专用粉扑擦精油按摩涂抹均匀手套粉扑化妆工具,Makeup Sponge,3.5,0.51,https://detail.1688.com/offer/1058374054253.html,included,
1058048200892,beauty-tools,修眉剪圆头鼻毛剪不锈钢小剪刀眉毛修剪器多功能化妆专用剪刀批发,Eyebrow Grooming Tool,1.15,0.17,https://detail.1688.com/offer/1058048200892.html,included,
1057696194718,beauty-tools,荔树睫毛夹卷翘自然持久定型化妆师专用不夹眼皮卷翘器眼睫毛夹子,Eyelash Curler,5,0.73,https://detail.1688.com/offer/1057696194718.html,included,
1057548297599,beauty-tools,包邮新款便携式睫毛卷翘器新手专用持久定型广角卷翘美妆工具弹簧,,1.7,,https://detail.1688.com/offer/1057548297599.html,held,product-identification-or-relevance-review
1057501143085,beauty-tools,Eyecurl加热睫毛夹 USB 充电恒温持久卷翘电烫睫毛器便携美妆工具,Eyelash Curler,49,7.18,https://detail.1688.com/offer/1057501143085.html,included,
1057453370840,beauty-tools,xixi熊崽奶咖粉扑干湿两用超软不吃粉海绵粉底液美妆蛋化妆工具,Makeup Sponge,2.1,0.31,https://detail.1688.com/offer/1057453370840.html,included,
1057069883662,beauty-tools,卡通猫咪不锈钢眉夹 斜口精密镊子 可爱修眉美妆工具批发,Beauty Tweezers,1.9,0.28,https://detail.1688.com/offer/1057069883662.html,included,
1057063420109,beauty-tools,批发不锈钢430眉毛夹开口96眉夹斜平尖斜刀形眉毛钳美妆个护工具,Beauty Tweezers,1.01,0.15,https://detail.1688.com/offer/1057063420109.html,included,
1057034881388,beauty-tools,跨境大牌同款纯棉手缝散粉粉扑粉饼定妆专用替换干粉扑美妆工具,Makeup Sponge,0.61,0.09,https://detail.1688.com/offer/1057034881388.html,included,
1056860685609,beauty-tools,美容修眉刀小剪刀化妆剪纹绣修眉剪刀修睫毛眉毛剪美容院用品工具,,3.9,,https://detail.1688.com/offer/1056860685609.html,held,product-identification-or-relevance-review
1056398862405,beauty-tools,亚马逊热销筋膜刀组合套装S型M型刮痧板肌肉全身按摩扫颈膜刀工具,,4.58,,https://detail.1688.com/offer/1056398862405.html,held,product-identification-or-relevance-review
1056336829063,beauty-tools,批发舒曼舒缓膏眉毛外敷纹眉眼唇膏绣眉小纹身滋润固色帮助膏工具,,7.8,,https://detail.1688.com/offer/1056336829063.html,held,product-identification-or-relevance-review
1056256886845,beauty-tools,双头硅胶面膜刷鼻头便携化妆刷美妆工具面膜涂抹美容调膜厂家直销,Makeup Brush,0.89,0.13,https://detail.1688.com/offer/1056256886845.html,included,
1056095237803,beauty-tools,碳钢修眉刮眉玻璃边刺刀片波纹刀片一次性修眉刀纹绣眉刀美妆工具,,7.8,,https://detail.1688.com/offer/1056095237803.html,held,product-identification-or-relevance-review
1056002132802,beauty-tools,GECOMO隐形龙骨精灵耳贴隐形无痕持妆上镜显脸小舒适拍照美妆工具,,3.9,,https://detail.1688.com/offer/1056002132802.html,held,product-identification-or-relevance-review
1055959731660,beauty-tools,厂家不锈钢美容剪圆头鼻毛小剪刀便携修眉剪美妆工具多色可选代发,Eyebrow Grooming Tool,2.5,0.37,https://detail.1688.com/offer/1055959731660.html,included,
1055730710045,beauty-tools,xixi一字刀锋抛光粉底刷自然轻薄初学者易上手学生平价美妆工具,Foundation Brush,4.5,0.66,https://detail.1688.com/offer/1055730710045.html,included,
1055584429572,beauty-tools,4号牙刷化妆刷柔软无痕万毛粉底刷跨境批发不吃粉化妆刷清洗神器,Foundation Brush,1,0.15,https://detail.1688.com/offer/1055584429572.html,included,
1055506404539,beauty-tools,一字刷斜头粉底刷韩式化妆刷面部刷粉底化妆刷遮瑕无痕化妆工具,Foundation Brush,0.42,0.06,https://detail.1688.com/offer/1055506404539.html,included,
1055084095243,beauty-tools,二件套修眉工具眉梳安全修眉剪修眉刀锋利刮眉刀美妆工具现货批发,Eyebrow Grooming Tool,0.35,0.05,https://detail.1688.com/offer/1055084095243.html,included,
1054807109001,beauty-tools,xixi一刮即净弯月修眉刀安全型新手易掌控美妆批发工具国货新品,Eyebrow Razor,4.7,0.69,https://detail.1688.com/offer/1054807109001.html,included,
1054593247631,beauty-tools,金属脸周面部美容工具眼部按摩棒 涂抹精华导入眼霜按摩棒定制,,1.6,,https://detail.1688.com/offer/1054593247631.html,held,product-identification-or-relevance-review
1054591377817,beauty-tools,工厂现货批发身体乳的扑专用涂抹粉扑不吃粉双面皮革涂抹美妆工具,Makeup Sponge,3.2,0.47,https://detail.1688.com/offer/1054591377817.html,included,
1054407826010,beauty-tools,MSQ/魅丝蔻清洁皂剂化妆刷粉扑美妆蛋神器便携不脏手化妆清洁工具,Makeup Sponge,14,2.05,https://detail.1688.com/offer/1054407826010.html,included,
1054370333527,beauty-tools,眉夹小镊子拔毛钳拔胡子胡须男女美妆工具眉毛夹子钳子套装不锈钢,Beauty Tweezers,3.3,0.48,https://detail.1688.com/offer/1054370333527.html,included,
1054088933657,beauty-tools,美睫睫毛刷极细一次性眉毛刷嫁接种睫毛梳子螺旋便携小化妆刷工具,Makeup Brush,1.7,0.25,https://detail.1688.com/offer/1054088933657.html,included,
1053977408400,beauty-tools,加厚双丝带气垫粉扑不易吃粉粉扑美妆蛋干湿两用化妆海绵美妆工具,Makeup Sponge,0.78,0.11,https://detail.1688.com/offer/1053977408400.html,included,
1053659033542,beauty-tools,新款双头眼唇刷硅胶毛刷便携多功能唇刷晕染眼影刷二合一美妆工具,Eyeshadow Brush,0.49,0.07,https://detail.1688.com/offer/1053659033542.html,included,
1053614157100,beauty-tools,彩色平面粉扑双面用外贸小粉饼扑干湿两用小号圆形卸妆棉化妆工具,Makeup Sponge,0.93,0.14,https://detail.1688.com/offer/1053614157100.html,included,
1053337614646,beauty-tools,擦身体乳神器家用硅胶不吃乳懒人快速素颜霜防晒霜美黑油涂抹工具,,3.19,,https://detail.1688.com/offer/1053337614646.html,held,product-identification-or-relevance-review
1053165632120,beauty-tools,多款式眉夹眉刀套装新款修眉刀弯月修眉刀可爱猫爪眉夹美妆工具,Eyebrow Razor,1.8,0.26,https://detail.1688.com/offer/1053165632120.html,included,
1052821281166,beauty-tools,升级款一字刷型粉底刷超薄不吃粉修容平头一字刷子眼线精细眼影刷,Makeup Brush,1.1,0.16,https://detail.1688.com/offer/1052821281166.html,included,
1052625166566,beauty-tools,新款跨境眼影棒双头乳胶棉海绵刷 6.5CM化妆工具50支袋装眼影刷,Eyeshadow Brush,2.5,0.37,https://detail.1688.com/offer/1052625166566.html,included,
1052477080408,beauty-tools,黄油气垫粉扑干湿两用粉底粉饼双面方形化妆跨境批发专用美妆工具,Makeup Sponge,0.35,0.05,https://detail.1688.com/offer/1052477080408.html,included,
1052265311277,beauty-tools,散装折叠不锈钢修眉刀 无网/带防护网不锈钢刀片 美妆工具 批发,Eyebrow Razor,0.3,0.04,https://detail.1688.com/offer/1052265311277.html,included,
1052143174852,beauty-tools,现货直柄修眉刀便携式女士安全型刮毛刀眉毛刮眉刀修眉美妆工具,Eyebrow Razor,1,0.15,https://detail.1688.com/offer/1052143174852.html,included,
1052016840257,beauty-tools,厂家新品眼霜按摩面霜勺 金属化妆面部面膜分装挖勺金属美妆工具,,1.6,,https://detail.1688.com/offer/1052016840257.html,held,product-identification-or-relevance-review
1051811151384,beauty-tools,现货化妆刷清洗海绵刷子扫粉干洗神器化妆专用眼线刷眉刷清洗工具,Eyeliner Brush,0.15,0.02,https://detail.1688.com/offer/1051811151384.html,included,
1051384149346,beauty-tools,跨境热卖迷你双头眉粉刷眼影棒化妆刷海绵头旅行便携美妆工具批发,Makeup Brush,0.18,0.03,https://detail.1688.com/offer/1051384149346.html,included,
1051352475597,beauty-tools,拉美拉美容专业鼻毛剪 不锈钢圆头修眉剪美容剪刀 化妆工具A0403,Eyebrow Grooming Tool,2.5,0.37,https://detail.1688.com/offer/1051352475597.html,included,
1051066387518,beauty-tools,雪玛丽新系列修眉刀5片盒装美妆工具女刮眉刀无护网锋利眉刀X9003,Eyebrow Razor,6.5,0.95,https://detail.1688.com/offer/1051066387518.html,included,
1050913998861,beauty-tools,便携双头眉睫刷螺旋睫毛刷斜角刀锋刷二合一沧州美妆工具化妆刷子,Makeup Brush,1.8,0.26,https://detail.1688.com/offer/1050913998861.html,included,
1050899756600,beauty-tools,双头眉毛刷子睫毛刷扫眉化妆刷便携斜角眉刷螺旋刷刀锋迷你专用款,Makeup Brush,0.7,0.1,https://detail.1688.com/offer/1050899756600.html,included,
1050807044131,beauty-tools,粉扑爆款棉花糖粉扑两个套装干湿两用粉底液专用气垫粉扑美妆工具,Makeup Sponge,2.38,0.35,https://detail.1688.com/offer/1050807044131.html,included,
1050709030378,beauty-tools,外贸爆款美妆蛋粉扑套装气垫不吃粉柔软细腻定妆粉饼美妆工具批发,Makeup Sponge,8.9,1.3,https://detail.1688.com/offer/1050709030378.html,included,
1050574613006,beauty-tools,恩佐拉化妆调色专用纸一次性口红试色本免洗便携化妆工具懒人调色,,2.4,,https://detail.1688.com/offer/1050574613006.html,held,product-identification-or-relevance-review
1050541957868,beauty-tools,专业修眉眉毛剪刀鼻毛修剪器美妆修眉小剪子家用男士女士修眉工具,,4.4,,https://detail.1688.com/offer/1050541957868.html,held,product-identification-or-relevance-review
1050314144590,beauty-tools,鱼小丫化妆刷套装初学者少女刷子腮红刷眼影刷散粉刷高光刷批发,Makeup Brush,9.8,1.44,https://detail.1688.com/offer/1050314144590.html,included,
1050025520403,beauty-tools,花棠主迷你洗刷搓衣板收纳盒清洁皂便携式粉扑化妆笔粉底刷专用,Makeup Sponge,1.98,0.29,https://detail.1688.com/offer/1050025520403.html,included,
1050019901026,beauty-tools,10片装修眉刀片刮眉刀碳钢材质安全化妆师工具修眉毛美妆工具批发,Eyebrow Razor,0.5,0.07,https://detail.1688.com/offer/1050019901026.html,included,
1049893781396,beauty-tools,厂家新品眼霜按摩面霜勺  金属化妆面部面膜分装挖勺金属美妆工具,,1.3,,https://detail.1688.com/offer/1049893781396.html,held,product-identification-or-relevance-review
1049853568740,beauty-tools,工厂RUBYCEll海棉刷化妆晕染刷乳胶绵眼影刷彩妆工具双头眼影棒,Eyeshadow Brush,0.9,0.13,https://detail.1688.com/offer/1049853568740.html,included,
1049437925246,beauty-tools,现货批发化妆工具小椭圆海绵粉扑 干湿两用 一次性美妆蛋,Makeup Sponge,0.18,0.03,https://detail.1688.com/offer/1049437925246.html,included,
1049437898945,beauty-tools,协睿OTW加薪系列棉花糖粉扑亲水性柔软干湿两用不吃粉美妆工具,Makeup Sponge,3.9,0.57,https://detail.1688.com/offer/1049437898945.html,included,
1049158344692,beauty-tools,嫁接睫毛贴眼隔离贴美睫店专用垫片膜超薄服帖种植工具美睫眼贴,,6.89,,https://detail.1688.com/offer/1049158344692.html,held,product-identification-or-relevance-review
1049110347483,beauty-tools,跨境大蘑菇头身体化妆刷 印章身体乳液腮红散粉刷多功能美妆工具,Powder Brush,6.5,0.95,https://detail.1688.com/offer/1049110347483.html,included,
1049092848185,beauty-tools,纤维毛双头眼影刷跨境美妆工具晕染刷软毛海绵头便携眼影棒化妆刷,Eyeshadow Brush,1.6,0.23,https://detail.1688.com/offer/1049092848185.html,included,
1048984238623,beauty-tools,迷你便携9支化妆刷套装 随身携带旅行 新手初学者刷子散粉套刷,Makeup Brush Set,11,1.61,https://detail.1688.com/offer/1048984238623.html,included,
1048967722709,beauty-tools,跨境爆款刮痧眼颈护理刷月牙刷面部刷按摩护理刷轮廓淋巴刷,,24.46,,https://detail.1688.com/offer/1048967722709.html,held,product-identification-or-relevance-review
1048899677399,beauty-tools,270遮瑕刷网红单支圆头沧州化妆刷套装170粉底刷便携软毛美妆工具,Makeup Brush Set,1,0.15,https://detail.1688.com/offer/1048899677399.html,included,
1048815429861,beauty-tools,欧美跨境双头化妆刷套装枕头粉底刷腮红散粉刷咖色化妆刷美妆工具,Makeup Brush,2.58,0.38,https://detail.1688.com/offer/1048815429861.html,included,
1048810910670,beauty-tools,花朵小礼品镜子圆形镜卡通镜子便携迷你随身可爱小镜子小化妆镜子,Makeup Mirror,1,0.15,https://detail.1688.com/offer/1048810910670.html,included,
1048680644306,beauty-tools,10片装修眉刀片刮眉刀碳钢材质安全化妆师工具修眉毛美妆工具批发,Eyebrow Razor,0.5,0.07,https://detail.1688.com/offer/1048680644306.html,included,
1048601304079,beauty-tools,xixi修眉刀套装新手初学者安全型防刮伤微距刮毛刀化妆工具三支装,Eyebrow Razor,3.6,0.53,https://detail.1688.com/offer/1048601304079.html,included,
1048046352658,beauty-tools,GECOMO刷具粉扑清洗皂 洗刷一体密封防尘清洗化妆刷香皂美妆工具,Makeup Sponge,6.8,1.0,https://detail.1688.com/offer/1048046352658.html,included,
1047838374862,beauty-tools,不锈钢修眉圆头鼻毛剪 3.0厚胡须剪化妆美妆修眉剪刀假睫毛化妆剪,Eyebrow Grooming Tool,2.7,0.4,https://detail.1688.com/offer/1047838374862.html,included,
1047263550028,beauty-tools,修眉刀刮眉刀修眉工具带套壳折叠式修眉刀化妆工具好用实惠装,Eyebrow Razor,1.15,0.17,https://detail.1688.com/offer/1047263550028.html,included,
1047258366290,beauty-tools,睫毛夹 眉毛夹化妆工具五元店睫毛夹美妆工具 胶盒独立包装量大优,Eyelash Curler,1.55,0.23,https://detail.1688.com/offer/1047258366290.html,included,
1047121343473,beauty-tools,30支粉色化妆刷套装软毛眼影刷散粉刷腮红刷全套美妆工具厂家批发,Makeup Brush,20.7,3.04,https://detail.1688.com/offer/1047121343473.html,included,
1047108209484,beauty-tools,拉美拉美容修眉剪刀不锈钢修眉剪眉毛剪鼻毛剪美妆工具批发A0410,Eyebrow Grooming Tool,1.5,0.22,https://detail.1688.com/offer/1047108209484.html,included,
1046998816994,beauty-tools,包邮美甲 不锈钢修眉夹平口眉毛夹眉钳拔毛钳镊子美容化妆修 眉工,Beauty Tweezers,1.55,0.23,https://detail.1688.com/offer/1046998816994.html,included,
1046509265951,beauty-tools,M家 217/239/219/211羊毛眼影刷晕染刷动物毛美妆工具 沧州化妆刷,Eyeshadow Brush,2.6,0.38,https://detail.1688.com/offer/1046509265951.html,included,
1046202266500,beauty-tools,跨境新品单支小胖墩化妆刷圆头无痕粉底刷柔软便携不吃粉美妆工具,Foundation Brush,1.6,0.23,https://detail.1688.com/offer/1046202266500.html,included,
1046039838592,beauty-tools,双眼皮贴剪刀汪吾铨绣花剪4.5寸粉色剪刀大弯剪化妆师眉剪弯剪,Eyebrow Grooming Tool,2.3,0.34,https://detail.1688.com/offer/1046039838592.html,included,
1045930220289,beauty-tools,双磁铁手腕带化妆造型师专用吸铁石手环吸一字夹发夹发卡磁吸工具,,16.32,,https://detail.1688.com/offer/1045930220289.html,held,product-identification-or-relevance-review
1045801835953,beauty-tools,批发巧克力饼干气垫粉扑套装不吃粉植绒迷你拇指遮瑕海绵美妆工具,Makeup Sponge,0.2,0.03,https://detail.1688.com/offer/1045801835953.html,included,
1045673572157,beauty-tools,邦娜萌宠拇指粉扑三个装小巧便携干湿两用化妆工具批发代发5042,Makeup Sponge,3.5,0.51,https://detail.1688.com/offer/1045673572157.html,included,
1045627186139,beauty-tools,LMLTOP 不锈钢睫毛夹盒装 美妆工具持久定型睫毛卷翘器 A0336,Eyelash Curler,1.2,0.18,https://detail.1688.com/offer/1045627186139.html,included,
1045517591545,beauty-tools,批发一次性小眉刷牙缝刷 美睫睫毛刷清洁牙间刷 美妆美容化妆刷子,Makeup Brush,1.1,0.16,https://detail.1688.com/offer/1045517591545.html,included,
1045479694248,beauty-tools,不锈钢镊子眉夹睫毛镊子贴双眼皮拔毛平口斜口美妆工具跨境批发,Eyelash Applicator,0.15,0.02,https://detail.1688.com/offer/1045479694248.html,included,
1044051671214,beauty-tools,双头唇刷口红刷初学者便携式带盖遮暇刷唇线笔美妆工具化妆刷唇部,Makeup Brush,1.54,0.23,https://detail.1688.com/offer/1044051671214.html,included,
1043933839947,beauty-tools,mini神蛋小光环神笔美妆蛋套装腮红遮瑕化妆专用粉扑海绵美妆工具,Makeup Sponge,1.7,0.25,https://detail.1688.com/offer/1043933839947.html,included,
1043815960992,beauty-tools,美睫纹绣不锈钢美容剪刀化妆剪修眉弯尖头眼皮贴小剪刀男女鼻毛剪,,1.5,,https://detail.1688.com/offer/1043815960992.html,held,product-identification-or-relevance-review
1043358303359,beauty-tools,棉花糖气垫粉扑美妆蛋黄派干湿两用化妆海绵拇指黄油粉扑化妆工具,Makeup Sponge,0.28,0.04,https://detail.1688.com/offer/1043358303359.html,included,
1043205161468,beauty-tools,面膜刷子硅胶面膜刷化妆刷美容院专用工具刷子调膜刷面膜涂抹器,Makeup Brush,0.7,0.1,https://detail.1688.com/offer/1043205161468.html,included,
1042650984909,beauty-tools,13支化妆刷组合装+收纳包美妆蛋 散粉腮红眼影刷面部 美妆工具,Makeup Sponge,19.8,2.9,https://detail.1688.com/offer/1042650984909.html,included,
1041218214382,beauty-tools,单支软毛伸缩刷粉色化妆刷大号散粉刷腮红刷便携式美妆工具化妆刷,Makeup Brush,3,0.44,https://detail.1688.com/offer/1041218214382.html,included,
1041216550030,beauty-tools,体膜刷超大号面膜刷硅胶身体乳涂抹刷软毛刷子美容院护肤水疗工具,Face Mask Applicator,0.98,0.14,https://detail.1688.com/offer/1041216550030.html,included,
1041194448167,beauty-tools,工厂定制10支短柄迷你化妆刷套装便携美妆工具跨境眼影修容遮瑕刷,Makeup Brush Set,6.6,0.97,https://detail.1688.com/offer/1041194448167.html,included,
1039838297432,beauty-tools,高跟鞋粉底刷扁头无痕不吃粉粉底液刷新手底妆化妆刷美妆工具工厂,Foundation Brush,2.3,0.34,https://detail.1688.com/offer/1039838297432.html,included,
1038950737372,beauty-tools,GECOMO V脸塑型提拉贴拍照上镜自然牢固上脸服帖不易掉美妆工具,,3.2,,https://detail.1688.com/offer/1038950737372.html,held,product-identification-or-relevance-review
1038122743375,beauty-tools,鹿踪身体乳的扑Luckyzoooom擦身体乳霜素颜霜身体护肤彩妆工具,,15,,https://detail.1688.com/offer/1038122743375.html,held,product-identification-or-relevance-review
1037234485916,beauty-tools,月牙粉底刷鱼尾弧形化妆刷扁头超薄不吃粉无痕粉底液刷子美妆工具,Foundation Brush,0.51,0.07,https://detail.1688.com/offer/1037234485916.html,included,
1037133510963,beauty-tools,跨境爆款双头粉底腮红刷两支三色软毛修容刷散粉刷化妆刷美妆工具,Makeup Brush,6.88,1.01,https://detail.1688.com/offer/1037133510963.html,included,
1037069910838,beauty-tools,新品胶囊六合一伸缩化妆刷套装便携式伸缩刷时尚简约美妆工具批发,Makeup Brush Set,11.9,1.74,https://detail.1688.com/offer/1037069910838.html,included,
1036788862408,beauty-tools,跨境便携蘑菇刷美甲粉尘清洁刷柔软单支散粉腮红化妆刷美妆工具,Makeup Brush,3.28,0.48,https://detail.1688.com/offer/1036788862408.html,included,
1036703119800,beauty-tools,便携式伸缩自动封口带盖唇刷轻小易携带迷你款化妆刷美妆工具,Makeup Brush,3.1,0.45,https://detail.1688.com/offer/1036703119800.html,included,
1036683277636,beauty-tools,不吃粉粉底刷爆款双头刷子面膜刷化妆师专用遮瑕不易掉毛美妆工具,Foundation Brush,2.2,0.32,https://detail.1688.com/offer/1036683277636.html,included,
1036571549698,beauty-tools,双头硅胶面膜刷实用便携美妆工具脸部清洁按摩化妆刷涂抹均匀现货,Makeup Brush,0.58,0.09,https://detail.1688.com/offer/1036571549698.html,included,
1036524695538,beauty-tools,不锈钢套装修眉刀微距刀片初学者修眉神器美妆工具刮眉刀替换刀片,Eyebrow Razor,0.33,0.05,https://detail.1688.com/offer/1036524695538.html,included,
1035788926549,beauty-tools,跨境蘑菇头超大身体刷散粉化妆刷软毛美妆工具全套工厂直供,Makeup Brush Set,6.8,1.0,https://detail.1688.com/offer/1035788926549.html,included,
1034867470266,beauty-tools,50支/包一次性水晶杆唇刷 唇彩刷 化妆刷 美妆工具 便携式口红刷,Makeup Brush,1.6,0.23,https://detail.1688.com/offer/1034867470266.html,included,
1034533096204,beauty-tools,厂家批发小马毛斜角修容刷化妆刷动物毛镰刀鼻影刷眼线刷美妆工具,Eyeliner Brush,2.8,0.41,https://detail.1688.com/offer/1034533096204.html,included,
1033832594769,beauty-tools,xixi一剪利索多功能修眉剪眉毛鼻毛修剪器美容睫毛小剪刀美妆工具,Eyebrow Grooming Tool,1.7,0.25,https://detail.1688.com/offer/1033832594769.html,included,
1033281001944,beauty-tools,新款外贸管装带钻睫毛梳试管装睫毛刷化妆刷独立水晶杆美妆工具,Makeup Brush,0.25,0.04,https://detail.1688.com/offer/1033281001944.html,included,
1033110515390,beauty-tools,新款Wake超薄一字型粉底刷 面膜刷 遮瑕刷平头无痕不吃粉美妆工具,Foundation Brush,0.9,0.13,https://detail.1688.com/offer/1033110515390.html,included,
1032956362505,beauty-tools,眉笔磨砂板化妆师磨修眉笔砂纸搓板神器美术生削笔纸刀削打磨用,,0.7,,https://detail.1688.com/offer/1032956362505.html,held,product-identification-or-relevance-review
1032870146479,beauty-tools,空心塑料杆鼻刷便携清洗鼻翼洗鼻刷美容刷深层清理美妆工具批发,,0.75,,https://detail.1688.com/offer/1032870146479.html,held,product-identification-or-relevance-review
1032479916425,beauty-tools,心语妍不锈钢眉夹美容院高档眉毛夹金色平斜口镊子化妆修眉睫毛夹,Eyelash Curler,1.05,0.15,https://detail.1688.com/offer/1032479916425.html,included,
1032094903499,beauty-tools,化妆刷套刷全套4支装眼影刷散粉刷眉刷匀粉刷美妆工具跨境专供,Makeup Brush,19.9,2.92,https://detail.1688.com/offer/1032094903499.html,included,
1032093892370,beauty-tools,沧州新款软毛铝柄化妆刷斜头无痕底妆大号粉底刷单支腮红化妆工具,Foundation Brush,6.4,0.94,https://detail.1688.com/offer/1032093892370.html,included,
1031724027358,beauty-tools,新款扁圆粉底刷沧州化妆刷大号舌型不吃粉面膜刷粉底液美妆工具,Foundation Brush,0.88,0.13,https://detail.1688.com/offer/1031724027358.html,included,
1031351618099,beauty-tools,zephoco棕褐色自然雀斑笔 自然伪雀斑显色清晰日常创意彩绘化妆笔,,8,,https://detail.1688.com/offer/1031351618099.html,held,product-identification-or-relevance-review
1031259693360,beauty-tools,古迪双头眼影棒海绵头小号眼影刷便携遮瑕刷眼部晕染专用化妆工具,Eyeshadow Brush,4.9,0.72,https://detail.1688.com/offer/1031259693360.html,included,
1031157727182,beauty-tools,工厂现货圆桶五支超柔软化妆刷套装散粉修容刷眼影刷便携美妆工具,Makeup Brush Set,5.85,0.86,https://detail.1688.com/offer/1031157727182.html,included,
1030838037521,beauty-tools,不锈钢高精密加厚修眉钳修眉修杂毛拔胡子镊子夹子美妆工具眉毛镊,Beauty Tweezers,2,0.29,https://detail.1688.com/offer/1030838037521.html,included,
1030801031875,beauty-tools,化妆品挖取勺面霜粉底迷你硅胶双头刮刀水乳面霜分装小勺光瓶神器,,1.3,,https://detail.1688.com/offer/1030801031875.html,held,product-identification-or-relevance-review
1030409939388,beauty-tools,眉笔磨砂板化妆师磨修眉笔砂纸搓板神器美术生削笔刀削打磨笔尖用,,0.7,,https://detail.1688.com/offer/1030409939388.html,held,product-identification-or-relevance-review
1030338786158,beauty-tools,古迪新款270遮瑕刷黑眼圈神器|圆头戳戳笔指腹法令纹泪沟粉底化妆,,5,,https://detail.1688.com/offer/1030338786158.html,held,product-identification-or-relevance-review
1028722063399,beauty-tools,镰刀鼻影化妆刷鼻翼晕染刷斜头修容指腹阴影纤维毛美妆工具化妆刷,Makeup Brush,1.2,0.18,https://detail.1688.com/offer/1028722063399.html,included,
1027695653493,beauty-tools,GECOMO硅胶面膜刷软头便携短柄涂清洁泥膜专用化妆刷美容工具涂抹,Makeup Brush,0.58,0.09,https://detail.1688.com/offer/1027695653493.html,included,
1026729741178,beauty-tools,一次性美容刷睫毛刷化妆刷眉刷睫毛梳子美睫工具练习刷子水晶刷子,Makeup Brush,1.8,0.26,https://detail.1688.com/offer/1026729741178.html,included,
1021056254930,beauty-tools,气垫粉扑干湿两用不吃粉化妆海绵粉底液棉花糖散粉饼扑专用工具,Makeup Sponge,0.91,0.13,https://detail.1688.com/offer/1021056254930.html,included,
1019389759242,beauty-tools,黑白双头眼影刷细节晕染刷眼线刷遮瑕刷跨境美妆工具化妆刷沧州,Eyeliner Brush,3,0.44,https://detail.1688.com/offer/1019389759242.html,included,
1019254984659,beauty-tools,Life Girl星星痘痘贴亲肤皮肤透气清洁痘肌温和祛痘跨境美妆工具,,1.7,,https://detail.1688.com/offer/1019254984659.html,held,product-identification-or-relevance-review
1018928040712,beauty-tools,擦身体乳神器家用硅胶不吃乳懒人快速素颜霜防晒霜美黑油涂抹工具,,3.67,,https://detail.1688.com/offer/1018928040712.html,held,product-identification-or-relevance-review
1018171259314,beauty-tools,GECOMO超薄加宽舌型粉底刷无痕遮瑕不吃粉扁头软毛美妆工具化妆刷,Foundation Brush,3.8,0.56,https://detail.1688.com/offer/1018171259314.html,included,
1017946278541,beauty-tools,菱形粉扑彩妆蛋植绒蜜粉扑定妆化妆工具指尖粉扑遮瑕海绵细节粉扑,Makeup Sponge,1.8,0.26,https://detail.1688.com/offer/1017946278541.html,included,
1017626883275,beauty-tools,修眉刀片碳钢刮眉刀片波纹刀片一次性修眉刀纹绣眉刀美妆工具,,0.49,,https://detail.1688.com/offer/1017626883275.html,held,product-identification-or-relevance-review
1017616390249,beauty-tools,GECOMO心形精灵耳贴显脸小上镜耳后支撑隐形无痕拍照神器美妆工具,,3.3,,https://detail.1688.com/offer/1017616390249.html,held,product-identification-or-relevance-review
1017456197068,beauty-tools,绿素眉夹平口不锈钢镊子斜口眉毛夹眉钳拔毛斜角眉夹美容美妆工具,Beauty Tweezers,3,0.44,https://detail.1688.com/offer/1017456197068.html,included,
1016925416420,beauty-tools,彩妆正品XIXI化妆刷圆头遮瑕刷不吃粉不卡纹遮瑕眼线唇刷粉底刷子,Foundation Brush,0.6,0.09,https://detail.1688.com/offer/1016925416420.html,included,
1016453345069,beauty-tools,DIY水疗美容工具扇形果酸精油化妆刷面膜修饰精华涂抹单支装长杆,Makeup Brush,0.55,0.08,https://detail.1688.com/offer/1016453345069.html,included,
1015433253120,beauty-tools,修眉刀片碳钢刮眉波纹刀片耐用一次性修眉刀纹绣眉刀美妆工具批发,,0.52,,https://detail.1688.com/offer/1015433253120.html,held,product-identification-or-relevance-review
1015278312138,beauty-tools,不锈钢胡子剪绣花化妆小圆头美容眉毛剪鼻毛剪刀工具金色修眉剪刀,Eyebrow Grooming Tool,2.65,0.39,https://detail.1688.com/offer/1015278312138.html,included,
1014817965795,beauty-tools,珍珠海藻洗脸扑大方挂绳洁面扑清洁面扑卸妆海绵扑美妆工具用品,Makeup Sponge,0.84,0.12,https://detail.1688.com/offer/1014817965795.html,included,
1014620413408,beauty-tools,不锈钢修眉剪刀化妆修眉毛眼贴小剪刀剃剪胡须安全圆头鼻毛剪尖头,Eyebrow Grooming Tool,3.4,0.5,https://detail.1688.com/offer/1014620413408.html,included,
1014608063659,beauty-tools,MSQ/魅丝蔻粉扑清洗剂化妆刷清洗液温和美妆蛋彩妆工具套装120ml,Makeup Sponge,14,2.05,https://detail.1688.com/offer/1014608063659.html,included,
1014373656698,beauty-tools,定制款顺手下睫毛镊子嫁接工具睫毛夹假睫毛辅助器新手美睫师镊子,Eyelash Applicator,2.8,0.41,https://detail.1688.com/offer/1014373656698.html,included,
1014020490679,beauty-tools,蕾琪修眉刀锋利不锈钢美容院专用刮眉刀剃眉刀刮毛刀美妆工具批发,Eyebrow Razor,2.8,0.41,https://detail.1688.com/offer/1014020490679.html,included,
1013752536756,beauty-tools,美容工具长细杆扇形刷果酸精华化妆刷美妆面膜刷修饰单支袋装批发,Makeup Brush,0.6,0.09,https://detail.1688.com/offer/1013752536756.html,included,
1013357784053,beauty-tools,桃夭化妆刷套装眼影腮红修容晕染鼻影遮瑕初学者全套新手专用刷子,Makeup Brush Set,2,0.29,https://detail.1688.com/offer/1013357784053.html,included,
1013318791554,beauty-tools,修眉刀片碳钢刮眉刀片波纹刀片一次性修眉刀纹绣眉刀美妆工具,,0.49,,https://detail.1688.com/offer/1013318791554.html,held,product-identification-or-relevance-review
1012913743536,beauty-tools,新品斜角眼影刷眼部细节晕染修容铺色打底化妆刷美妆工具,Eyeshadow Brush,0.46,0.07,https://detail.1688.com/offer/1012913743536.html,included,
1012848606065,beauty-tools,zephoco 双头雀斑笔系列 丝滑上色伪雀斑妆自然彩妆显色百搭创意,,8,,https://detail.1688.com/offer/1012848606065.html,held,product-identification-or-relevance-review
1012807464065,beauty-tools,卡盟4支化妆套刷修容刷点彩刷晕染刷鼻影刷刀锋刷美妆工具化妆刷,Makeup Brush Set,12.5,1.83,https://detail.1688.com/offer/1012807464065.html,included,
1012723075734,beauty-tools,XIXI迷你便携套刷（6支装）柔软刷毛便携化妆刷套美妆工具初学者,Makeup Brush Set,8.8,1.29,https://detail.1688.com/offer/1012723075734.html,included,
1012476543468,beauty-tools,银色3支马毛眼影刷便携式软毛眼部彩妆刷化妆刷高光晕染美妆工具,Eyeshadow Brush,0.9,0.13,https://detail.1688.com/offer/1012476543468.html,included,
1010364394599,beauty-tools,独立包装美妆蛋单个入袋子opp海绵蛋彩妆蛋葫芦水滴斜切形状批发,Makeup Sponge,0.3,0.04,https://detail.1688.com/offer/1010364394599.html,included,
1010308484756,beauty-tools,眉夹小镊子拔毛钳拔胡子胡须男士用具眉毛夹子钳子套装锈钢,Beauty Tweezers,1,0.15,https://detail.1688.com/offer/1010308484756.html,included,
1009923608229,beauty-tools,小扫把斜坡腮红刷点彩刷修容腮红刷粉底刷软毛沧州化妆刷化妆工具,Makeup Brush,1.1,0.16,https://detail.1688.com/offer/1009923608229.html,included,
1009638612866,beauty-tools,【抖音爆款】美容工具面膜黄瓜超薄切片器卷笔刀神器造型削皮器,,1.35,,https://detail.1688.com/offer/1009638612866.html,held,product-identification-or-relevance-review
1009602061009,beauty-tools,修眉剪刀眉毛鼻毛修剪器锈钢尖头圆头剪睫毛化妆小剪子用男生,Eyebrow Grooming Tool,0.85,0.12,https://detail.1688.com/offer/1009602061009.html,included,
1009377690462,beauty-tools,LMLTOP双头两用挖勺涂眼霜辅助护肤工具按摩器眼部冰感滚珠按摩棒,,5.3,,https://detail.1688.com/offer/1009377690462.html,held,product-identification-or-relevance-review
1009338193240,beauty-tools,跨境嫁接睫毛小风扇 便携折叠USB充电 美睫吹风机二合一美妆工具,,16.2,,https://detail.1688.com/offer/1009338193240.html,held,product-identification-or-relevance-review
1008710233937,beauty-tools,修眉剪刀带梳眉剪修眉刀刮眉毛刀片化妆剪刀眉画眉毛套装修剪器,Eyebrow Grooming Tool,0.8,0.12,https://detail.1688.com/offer/1008710233937.html,included,
1008622567726,beauty-tools,指腹无痕粉底刷菱形遮瑕化妆刷斜圆头软毛新款美妆工具沧州拇指刷,Foundation Brush,3.5,0.51,https://detail.1688.com/offer/1008622567726.html,included,
1008566090584,beauty-tools,小熊手持镜补妆镜可爱少女心便捷创意化妆镜高清美妆手柄镜子高级,Makeup Mirror,4.8,0.7,https://detail.1688.com/offer/1008566090584.html,included,
1008490171158,beauty-tools,【优选】不锈钢眉毛剪美容化妆工具圆头尖头鼻毛修毛小剪刀修眉剪,Eyebrow Grooming Tool,1.22,0.18,https://detail.1688.com/offer/1008490171158.html,included,
1008133619442,beauty-tools,不锈钢鼻毛剪刀美容剪睫毛眉毛剪刀美妆工具圆头弯头尖头BC2.0A,Eyebrow Grooming Tool,0.29,0.04,https://detail.1688.com/offer/1008133619442.html,included,
1007112092222,beauty-tools,工厂免胶电热睫毛夹充电多温电烫推卷仪安全不夹肉美妆工具睫毛器,Eyelash Curler,24,3.52,https://detail.1688.com/offer/1007112092222.html,included,
1006973510144,beauty-tools,黑头夹镊子高精密毳毛夹超薄无缝级拔眉毛钳粉刺夹细胞夹清洁工具,Beauty Tweezers,8.5,1.25,https://detail.1688.com/offer/1006973510144.html,included,
1006736315253,beauty-tools,不锈钢眉夹泳黑大肚夹 香蕉夹柳叶夹 网纹夹 化妆修眉镊子现货,Beauty Tweezers,0.9,0.13,https://detail.1688.com/offer/1006736315253.html,included,
1006713248149,beauty-tools,GECOMO坡型腮红修容刷化妆刷美妆工具晕染修容柔软化妆师批发刷子,Makeup Brush,4.6,0.67,https://detail.1688.com/offer/1006713248149.html,included,
1006577586883,beauty-tools,荔树化妆刷清洗神器清洁工具荔树迷你搓衣板化妆刷清洗器含精油皂,Makeup Brush,4.5,0.66,https://detail.1688.com/offer/1006577586883.html,included,
1006573122137,beauty-tools,GECOMO双头硅胶面膜刷 涂抹调模棒面膜刷软毛带挖勺美妆工具批发,Face Mask Applicator,1.5,0.22,https://detail.1688.com/offer/1006573122137.html,included,
1006021415696,beauty-tools,荔树化妆刷清洗神器清洁工具荔树迷你搓衣板粉扑化妆笔粉底刷专用,Makeup Sponge,4.5,0.66,https://detail.1688.com/offer/1006021415696.html,included,
1005929294762,beauty-tools,纹绣美甲美睫工具一次性防尘无菌封口袋子美容院机器针片手工笔袋,,7,,https://detail.1688.com/offer/1005929294762.html,held,product-identification-or-relevance-review
1005915269966,beauty-tools,化妆刷清洁皂粉扑美妆刷清洗神器迷你便携清洗剂清洁美妆工具批发,Makeup Sponge,4,0.59,https://detail.1688.com/offer/1005915269966.html,included,
1005545283266,beauty-tools,透明硅胶大粉扑35G-9CM不吃粉身体乳不黏手气垫超软硅胶美妆工具,Makeup Sponge,3,0.44,https://detail.1688.com/offer/1005545283266.html,included,
1005468078504,beauty-tools,VEECCI唯资 修眉刀刮眉刀片不锈钢男女士锋利可拆洗化妆工具,Eyebrow Razor,1.5,0.22,https://detail.1688.com/offer/1005468078504.html,included,
1005079036966,beauty-tools,简易修眉刀刮眉器不锈钢刀片微距刮眉刀仿刮伤化妆师工具跨境批发,Eyebrow Razor,0.18,0.03,https://detail.1688.com/offer/1005079036966.html,included,
1004984248218,beauty-tools,单支双头大理石纹散粉刷修容刷粉底刷眼影刷眉刷多功能美妆工具现,Makeup Brush,2.5,0.37,https://detail.1688.com/offer/1004984248218.html,included,
1004926307057,beauty-tools,拖鞋粉扑套盒干湿两用化妆工具柔软亲肤定妆服帖不易吃粉大号粉扑,Makeup Sponge,6.2,0.91,https://detail.1688.com/offer/1004926307057.html,included,
1004894353677,beauty-tools,MSQ/魅丝蔻星际系列镰刀眼线刷刀锋刷细节刷斜角眉刷卧蚕化妆刷子,Eyeliner Brush,13,1.91,https://detail.1688.com/offer/1004894353677.html,included,
1004290272278,beauty-tools,云瓷斜平刀锋化妆品眼线刷扁平头化妆刷斜角眉刷眼部卧蚕美妆工具,Eyeliner Brush,0.22,0.03,https://detail.1688.com/offer/1004290272278.html,included,
1003921047678,beauty-tools,GECOMO精灵耳贴网红精灵耳神器立耳防水耳贴隐形支撑定型美妆工具,,2.2,,https://detail.1688.com/offer/1003921047678.html,held,product-identification-or-relevance-review
1003719530643,beauty-tools,单只圆头遮瑕刷270化妆刷170粉底泪痕刷370化妆刷便携款美妆工具,Makeup Brush,0.55,0.08,https://detail.1688.com/offer/1003719530643.html,included,
1003525560768,beauty-tools,新款超大体膜刷子脸部面膜软毛化妆品身体手臂涂抹水疗美容院专用,,3,,https://detail.1688.com/offer/1003525560768.html,held,product-identification-or-relevance-review
1003407640638,beauty-tools,跨境专供zephoco四叉眉笔防水防汗不晕染易上色 液体画眉彩妆工具,,8,,https://detail.1688.com/offer/1003407640638.html,held,product-identification-or-relevance-review
1003377524398,beauty-tools,粉底刷不掉毛不吃粉超薄化妆师专用弧形月牙美妆工具面膜刷化妆刷,Foundation Brush,1.1,0.16,https://detail.1688.com/offer/1003377524398.html,included,
1003080916897,beauty-tools,黑凤梨粉扑棉花糖气垫干湿两用化妆工具美妆蛋特超大号粉底液专用,Makeup Sponge,0.5,0.07,https://detail.1688.com/offer/1003080916897.html,included,
1003071400986,beauty-tools,彩色卷翘睫毛夹眼睫毛辅助器便携式美妆工具鸭舌柄塑料广角睫毛夹,Eyelash Curler,0.7,0.1,https://detail.1688.com/offer/1003071400986.html,included,
1002928623527,beauty-tools,逛街旅游双头化妆刷便携式镜盒多功能定妆刷子眼影刷美妆工具跨境,Eyeshadow Brush,6.3,0.92,https://detail.1688.com/offer/1002928623527.html,included,
1002384133499,beauty-tools,套装干粉粉饼棉粉扑迷你美妆蛋化妆工具散粉扑拇指气垫粉扑组合装,Makeup Sponge,2.95,0.43,https://detail.1688.com/offer/1002384133499.html,included,
1002332161131,beauty-tools,厂家批发卷翘睫毛夹透明亮片闪粉手柄镶钻美妆工具玫瑰金睫毛夹子,Eyelash Curler,1.5,0.22,https://detail.1688.com/offer/1002332161131.html,included,
1002322041758,beauty-tools,美妆工具睫毛夹批发广角电镀睫毛夹黑色防滑睫毛夹卷翘局部睫毛夹,Eyelash Curler,1.4,0.21,https://detail.1688.com/offer/1002322041758.html,included,
1002124523937,beauty-tools,绿云14支化妆刷套装超柔软刷毛新手全套散粉刷眼影美妆工具化妆刷,Makeup Brush Set,4.3,0.63,https://detail.1688.com/offer/1002124523937.html,included,
1002081897226,beauty-tools,硅胶花朵洗刷垫 化妆刷粉扑清洗工具花型洗刷器家用厨房杯垫锅垫,Makeup Sponge,1.2,0.18,https://detail.1688.com/offer/1002081897226.html,included,
1001840099382,beauty-tools,德国高精密眉夹修眉小镊子不锈钢拔毛假睫毛夹子钳子拔须胡子斜口,Eyelash Curler,12.8,1.88,https://detail.1688.com/offer/1001840099382.html,included,
1001490931236,beauty-tools,隐形鼻撑鼻孔支撑器挺鼻器缩小鼻翼鼻梁增高美鼻神器鼻夹子增高,,0.75,,https://detail.1688.com/offer/1001490931236.html,held,product-identification-or-relevance-review
1001027824127,beauty-tools,超柔散粉扑 柔软细腻化妆粉扑美妆专用 粉饼蜜粉定妆粉扑美妆工具,Makeup Sponge,0.26,0.04,https://detail.1688.com/offer/1001027824127.html,included,
1000934826024,beauty-tools,GECOMO无痕月牙粉底刷轻薄化妆刷干湿两用扁头多功能鱼尾刷子美妆,Foundation Brush,2.3,0.34,https://detail.1688.com/offer/1000934826024.html,included,
1000864416965,beauty-tools,耳挖便携金达日美掏耳掏耳朵挖耳勺硅胶套装采耳工具家用现货,,12.4,,https://detail.1688.com/offer/1000864416965.html,held,product-identification-or-relevance-review
1000595089880,beauty-tools,新款圣诞粉扑化妆礼盒美妆工具气垫化妆师遮瑕定妆粉饼美妆蛋批发,Makeup Sponge,9.9,1.45,https://detail.1688.com/offer/1000595089880.html,included,
1000102727456,beauty-tools,跨境新款化妆刷清洗器电动烘干一体洗刷速干全自动清洁工具不伤毛,Makeup Brush,38,5.57,https://detail.1688.com/offer/1000102727456.html,included,
999956773311,beauty-tools,面膜遮瑕刷提亮化妆刷软毛不吃粉无刷痕美妆工具淋巴轮廓面部刷,Makeup Brush,0.75,0.11,https://detail.1688.com/offer/999956773311.html,included,
999941749558,beauty-tools,长相思空心杆唇口红刷植绒唇彩刷50支刷眼影唇釉刷美妆工具化妆刷,Makeup Brush,1.1,0.16,https://detail.1688.com/offer/999941749558.html,included,
999618296882,beauty-tools,8支蜜桃化妆刷套装套刷鱼尾粉底眼线刷鼻影遮瑕散粉刷子跨境代发,Eyeliner Brush,0.88,0.13,https://detail.1688.com/offer/999618296882.html,included,
999335017586,beauty-tools,大号圆头粉底刷化妆刷美妆工具面部基底刷沧州化妆刷刷毛柔软美妆,Foundation Brush,5.8,0.85,https://detail.1688.com/offer/999335017586.html,included,
999081574482,beauty-tools,JONBOS植绒散粉扑绒面定妆不卡粉干湿两用化妆粉扑粉底扑美妆工具,Makeup Sponge,1.2,0.18,https://detail.1688.com/offer/999081574482.html,included,
998864277045,beauty-tools,菱形一次性粉扑化妆师专用化妆卸妆美妆蛋日抛遮瑕海绵美妆工具,Makeup Sponge,2.64,0.39,https://detail.1688.com/offer/998864277045.html,included,
998706316256,beauty-tools,xixi化妆调色板无暇底妆CP调和板组合粉底液调色盘不锈钢彩妆工具,Makeup Mixing Palette,4.8,0.7,https://detail.1688.com/offer/998706316256.html,included,
998589025877,beauty-tools,LMLTOP 双头两用眼霜按摩棒挖勺精华辅助眼部滚珠按摩器 SY548,,4.8,,https://detail.1688.com/offer/998589025877.html,held,product-identification-or-relevance-review
998535023906,beauty-tools,50支水晶杆唇刷口红唇釉刷美妆工具嫁接睫毛清洁慕斯刷刷子唇部,Lip Brush,1.45,0.21,https://detail.1688.com/offer/998535023906.html,included,
998166599529,beauty-tools,GECOMO精灵耳贴网红精灵耳神器立耳防水耳贴隐形支撑定型美妆工具,,2.2,,https://detail.1688.com/offer/998166599529.html,held,product-identification-or-relevance-review
998163463276,beauty-tools,GECOMO圆头腮红刷上妆服帖不吃粉圆头刷纤维软毛粉刷便携美妆工具,Blush Brush,2.8,0.41,https://detail.1688.com/offer/998163463276.html,included,
996963482277,beauty-tools,修眉刀套装微距刮眉刀带小梳子眉剪不锈钢修眉刀片美妆工具便携,Eyebrow Grooming Tool,0.45,0.07,https://detail.1688.com/offer/996963482277.html,included,
996026273292,beauty-tools,跨境新款小枕头粉底刷一字型加宽扁头化妆刷软毛异形扇面美妆工具,Foundation Brush,4.68,0.69,https://detail.1688.com/offer/996026273292.html,included,
995656250510,beauty-tools,GECOMO梳齿鼻毛修理器鼻毛刀鼻毛修剪器男女化妆剃毛清洁美妆工具,,2.3,,https://detail.1688.com/offer/995656250510.html,held,product-identification-or-relevance-review
995053006786,beauty-tools,格蒙全套化妆刷套装腮红面膜刷眼线平底眼影刷眉刷v型腮红刷刷子,Makeup Brush,2,0.29,https://detail.1688.com/offer/995053006786.html,included,
994988014071,beauty-tools,玛莉安轻颜时光绵柔气垫粉扑不吃粉化妆海绵粉底液专用工具,Makeup Sponge,3.6,0.53,https://detail.1688.com/offer/994988014071.html,included,
994979955056,beauty-tools,沧州点彩刷超软腮红化妆刷多功能化妆高光修容遮瑕刷美妆工具,Makeup Brush,1,0.15,https://detail.1688.com/offer/994979955056.html,included,
994859030305,beauty-tools,不锈钢调色板调和粉底彩妆口红盘化妆师调色盘调色棒美妆工具套装,Makeup Mixing Tools,0.26,0.04,https://detail.1688.com/offer/994859030305.html,included,
994703404739,beauty-tools,白色拉线眉笔纹绣定位定边框细腻防水不脱色不晕染白色眼线笔化妆,,5,,https://detail.1688.com/offer/994703404739.html,held,product-identification-or-relevance-review
994387606638,beauty-tools,外贸批发卡通动漫5支化妆刷套装眼部美妆工具旅行便携彩妆套刷,Makeup Brush Set,4.3,0.63,https://detail.1688.com/offer/994387606638.html,included,
994255433182,beauty-tools,新品波浪形修容刷侧脸面部大号轮廓贴合侧阴影化妆刷子美妆工具,Makeup Brush,1.99,0.29,https://detail.1688.com/offer/994255433182.html,included,
994146944310,beauty-tools,美甲玫瑰花刷美甲粉尘刷软毛刷散粉刷化妆刷便携式美甲工具清洁刷,Powder Brush,2.78,0.41,https://detail.1688.com/offer/994146944310.html,included,
994060796391,beauty-tools,跨境新品超大号散粉化妆刷火苗形高光大圆头腮红刷蜜粉刷美妆工具,Blush Brush,3.1,0.45,https://detail.1688.com/offer/994060796391.html,included,
992961303281,beauty-tools,美妆蛋海绵粉扑超软不吃粉气垫彩妆蛋干湿两用化妆工具一件代发,Makeup Sponge,0.4,0.06,https://detail.1688.com/offer/992961303281.html,included,
992904475477,beauty-tools,梦霖妃M65高光坡型刷 自然柔软修容刷腮红刷眼影刷化妆刷美妆工具,Makeup Brush,2.5,0.37,https://detail.1688.com/offer/992904475477.html,included,
992652595399,beauty-tools,1818白色眉笔正品NI LAI拉线眼线笔纹绣防水设计眉形防麻记号笔,,2,,https://detail.1688.com/offer/992652595399.html,held,product-identification-or-relevance-review
991638391887,beauty-tools,不锈钢修眉剪刀带眉梳修眉刀修眉剪修眉美妆工具眉形双头修眉刀,Eyebrow Grooming Tool,0.68,0.1,https://detail.1688.com/offer/991638391887.html,included,
991622457871,beauty-tools,防尘透气粉扑收纳工具便携保护套旅行盒代发包美妆蛋粉扑盒收纳包,Makeup Sponge,0.58,0.09,https://detail.1688.com/offer/991622457871.html,included,
991180339310,beauty-tools,指拇粉扑定妆散粉扑干湿两用不吃粉植绒粉饼影楼化妆工具批发代发,Makeup Sponge,0.7,0.1,https://detail.1688.com/offer/991180339310.html,included,
991130338434,beauty-tools,跨境爆款双头粉底刷散粉刷轮廓刷腮红刷柔软双头化妆刷美妆工具现,Makeup Brush,7.5,1.1,https://detail.1688.com/offer/991130338434.html,included,
991109655688,beauty-tools,现货面膜刷涂泥膜工具刷子美容工具涂抹器粉底刷调膜刷软毛面膜刷,Foundation Brush,0.95,0.14,https://detail.1688.com/offer/991109655688.html,included,
990674066538,beauty-tools,跨境热销5支葱粉水晶化妆刷散粉刷眼影刷唇刷美妆工具化妆刷初学,Makeup Brush,2.5,0.37,https://detail.1688.com/offer/990674066538.html,included,
990279381161,beauty-tools,跨境新款纹身笔支架硅胶支架纹身机电流仪器笔架托纹身笔架工具,,3.3,,https://detail.1688.com/offer/990279381161.html,held,product-identification-or-relevance-review
990256231798,beauty-tools,超薄黑头铲手动双头铲刮黑头神器毛囊面部清洁铲子去黑头清洁工具,,0.85,,https://detail.1688.com/offer/990256231798.html,held,product-identification-or-relevance-review
990147267446,beauty-tools,xixi一扑多效柔软粉扑超厚干湿两用气垫粉底液专用棉花糖粉扑工具,Makeup Sponge,2.7,0.4,https://detail.1688.com/offer/990147267446.html,included,
990083033655,beauty-tools,美妆工具美发梳发廊造型梳琥珀色梳子男士光滑油头梳批发,,3,,https://detail.1688.com/offer/990083033655.html,held,product-identification-or-relevance-review
990023846330,beauty-tools,伸缩唇刷双头带盖口红眼影晕染刷遮瑕刷眉刷美妆工具唇部化妆刷,Makeup Brush,1.25,0.18,https://detail.1688.com/offer/990023846330.html,included,
989796604320,beauty-tools,水波纹手提式化妆镜ins风镜子随身美睫拍照手持镜子手柄镜便携式,Makeup Mirror,7.8,1.14,https://detail.1688.com/offer/989796604320.html,included,
989754745305,beauty-tools,小白点痣笔针头专用粗针细针德国扫斑仪针帽针灸针配件一次性工具,,2,,https://detail.1688.com/offer/989754745305.html,held,product-identification-or-relevance-review
989699876512,beauty-tools,云瓷刀锋眼线刷眉刷精细超薄斜头勾勒眼线镰刀化妆刷便携美妆工具,Eyeliner Brush,0.69,0.1,https://detail.1688.com/offer/989699876512.html,included,
989541844865,beauty-tools,跨境厂家嫁接睫毛纳米棉签睫毛清洁棒种植假睫毛棉棒纹绣美妆工具,,1.05,,https://detail.1688.com/offer/989541844865.html,held,product-identification-or-relevance-review
988266351428,beauty-tools,不锈钢粉底液调色盘戒指调色板化妆专用美妆工具套装粉底铲调色板,Makeup Mixing Tools,0.68,0.1,https://detail.1688.com/offer/988266351428.html,included,
988208672243,beauty-tools,10支蜜桃粉化妆刷 INSmini化妆刷套装遮瑕跨境工厂直发美妆工具,Makeup Brush Set,7.3,1.07,https://detail.1688.com/offer/988208672243.html,included,
987858790601,beauty-tools,LUCKGO便携硅胶粉底刷底妆便携平头不吃粉底不脏手无刷痕化妆工具,Foundation Brush,3.9,0.57,https://detail.1688.com/offer/987858790601.html,included,
987297575500,beauty-tools,粉扑气垫款湿用便携粉底液粉膏专用软弹泡水变大化妆粉扑工具珈米,Makeup Sponge,5.1,0.75,https://detail.1688.com/offer/987297575500.html,included,
987224132198,beauty-tools,抖音热销不锈钢 96眉夹 拔胡子修剪眉毛镊睫毛眉毛夹镊子美妆工具,Eyelash Applicator,1.2,0.18,https://detail.1688.com/offer/987224132198.html,included,
987048483016,beauty-tools,纹绣一次性戒指杯 海绵色料指托 纹眉漂唇纹身嫁接睫毛工具批发,,0.16,,https://detail.1688.com/offer/987048483016.html,held,product-identification-or-relevance-review
986747285688,beauty-tools,新款13支四季青化妆刷套装便携款软毛腮红刷眼影刷全套美妆工具,Makeup Brush,2.8,0.41,https://detail.1688.com/offer/986747285688.html,included,
986134037223,beauty-tools,按摩身体乳手套涂抹神器植绒摸美黑油擦素颜霜精油擦防晒懒人工具,,0.65,,https://detail.1688.com/offer/986134037223.html,held,product-identification-or-relevance-review
986102978898,beauty-tools,跨境爆款单支小胖墩圆头无痕粉底刷散粉刷腮红刷便携美妆工具,Makeup Brush,1.55,0.23,https://detail.1688.com/offer/986102978898.html,included,
985974740586,beauty-tools,抖音爆款便携式修眉刀初学者防刮伤可替换美容院美妆工具厂家直销,Eyebrow Razor,0.28,0.04,https://detail.1688.com/offer/985974740586.html,included,
985437409176,beauty-tools,面膜碗套装调药碗塑料面膜棒彩妆调膜碗DIY化妆面膜工具搅拌肌肤,,0.2,,https://detail.1688.com/offer/985437409176.html,held,product-identification-or-relevance-review
985034084468,beauty-tools,新款跨境眼影棒双头乳胶棉海绵刷 7.5CM化妆工具50支袋装美妆工具,,2.97,,https://detail.1688.com/offer/985034084468.html,held,product-identification-or-relevance-review
983791098284,beauty-tools,散装修眉刀工厂批发带防护网锋利刮毛刀眉毛刮眉刀修眉器美妆工具,Eyebrow Razor,0.18,0.03,https://detail.1688.com/offer/983791098284.html,included,
983521026220,beauty-tools,工厂跨境眼影棒双头乳胶棉海绵刷 7.5CM化妆工具50支袋装美甲晕染,,2.97,,https://detail.1688.com/offer/983521026220.html,held,product-identification-or-relevance-review
983217786973,beauty-tools,川琦儿修眉刀进口刀片刮眉毛神器剃毛刀化妆师专用修眉工具刮眉刀,Eyebrow Razor,1.68,0.25,https://detail.1688.com/offer/983217786973.html,included,
983014654634,beauty-tools,空心便携唇刷口红唇彩棒持妆美妆工具化妆刷一次性唇刷,Makeup Brush,1.25,0.18,https://detail.1688.com/offer/983014654634.html,included,
982706913140,beauty-tools,化妆品挖取勺面霜粉底液光瓶残留迷你双头硅胶刮刀食品果酱刮抹刀,,1.07,,https://detail.1688.com/offer/982706913140.html,held,product-identification-or-relevance-review
982599382742,beauty-tools,化妆刷清洗神器洗刷子碗粉扑气垫美妆工具清洁剂洗晾一体三件套装,Makeup Sponge,1.2,0.18,https://detail.1688.com/offer/982599382742.html,included,
982597501281,beauty-tools,卡泡维妮便携硅胶粉底刷细腻亲肤轻薄底妆无痕贴服化妆刷美妆工具,Foundation Brush,6.8,1.0,https://detail.1688.com/offer/982597501281.html,included,
981736641224,beauty-tools,xixi影楼专用修眉刀片化妆工具 不锈钢剃眉刀刮眉刀剃毛刀10片装,Eyebrow Razor,0.7,0.1,https://detail.1688.com/offer/981736641224.html,included,
980843736173,beauty-tools,实木大号软毛面膜刷美容院专用面膜工具涂泥膜体膜刷化妆刷毛刷子,Makeup Brush,1.1,0.16,https://detail.1688.com/offer/980843736173.html,included,
980522722253,beauty-tools,眉剪锋利型镜光不锈钢鼻毛剪圆头小剪刀尖头化妆修眉剪刀修眉毛剪,Eyebrow Grooming Tool,0.55,0.08,https://detail.1688.com/offer/980522722253.html,included,
980213851805,beauty-tools,10T马卡龙独立包装不吃粉干湿两用散粉蛋海绵粉化妆工具气垫粉扑,Makeup Sponge,0.35,0.05,https://detail.1688.com/offer/980213851805.html,included,
980040926054,beauty-tools,巧克力饼干粉扑加厚不吃粉气垫植绒散粉扑干湿两用化妆工具海绵,Makeup Sponge,0.18,0.03,https://detail.1688.com/offer/980040926054.html,included,
979233570581,beauty-tools,GECOMO精灵耳贴龙骨款舒适隐形防水上镜显脸小定型支撑女美妆工具,,2.8,,https://detail.1688.com/offer/979233570581.html,held,product-identification-or-relevance-review
978928718433,beauty-tools,眉夹镊子假睫毛专用改颜色拔毛夹拔胡子胡须贴假睫毛修眉工具化妆,False Eyelashes,0.18,0.03,https://detail.1688.com/offer/978928718433.html,included,
978852550526,beauty-tools,嫁接睫毛卸除假睫毛保鲜膜美睫辅助工具纹绣纹眉卸睫毛保鲜膜唇膜,,1.48,,https://detail.1688.com/offer/978852550526.html,held,product-identification-or-relevance-review
978428521295,beauty-tools,美妆工具三支装修眉刀便携眉梳安全型防刮伤剃可折叠套装,Eyebrow Razor,6.5,0.95,https://detail.1688.com/offer/978428521295.html,included,
977970539253,beauty-tools,三角连体一次性粉扑化妆师专用化妆海棉美妆蛋美甲美妆两用工具,Makeup Sponge,2.65,0.39,https://detail.1688.com/offer/977970539253.html,included,
977819775386,beauty-tools,粉扑批发丝带勾扑圆形散粉扑小号蜜粉扑定妆绒面影楼专用化妆工具,Makeup Sponge,0.55,0.08,https://detail.1688.com/offer/977819775386.html,included,
977156205833,beauty-tools,新款便携多用大号椭圆散粉腮红化妆刷身体印章刷子外贸美妆工具,Makeup Brush,22.8,3.34,https://detail.1688.com/offer/977156205833.html,included,
976922931738,beauty-tools,LMLTOP 2片装刘海贴 魔法贴刘海工具刘海发夹 美发用品工具 C078,,0.35,,https://detail.1688.com/offer/976922931738.html,held,product-identification-or-relevance-review
976588432216,beauty-tools,一字型月牙粉底液便携不吃粉易清洗底妆工具弧形超薄无痕化妆刷,Makeup Brush,4.5,0.66,https://detail.1688.com/offer/976588432216.html,included,
976428646231,beauty-tools,新款全铝柄大号散粉刷化妆刷美妆工具超柔软遮瑕腮红刷彩妆修容刷,Makeup Brush,6.2,0.91,https://detail.1688.com/offer/976428646231.html,included,
976225646399,beauty-tools,55号粉底刷多功能魔术粉底刷无痕不吃粉软毛便携式化妆工具工厂,Foundation Brush,3,0.44,https://detail.1688.com/offer/976225646399.html,included,
976056963183,beauty-tools,Life Girls爱心粉扑拇指粉扑 柔软亲肤干湿两用定妆跨境化妆工具,Makeup Sponge,0.7,0.1,https://detail.1688.com/offer/976056963183.html,included,
975834089559,beauty-tools,大号小蛮腰散粉刷软毛腮红蜜粉定妆粉点粉刷高光粉刷化妆单支刷子,Powder Brush,1.55,0.23,https://detail.1688.com/offer/975834089559.html,included,
975802394037,beauty-tools,工厂散装一次性粉扑影楼化妆师专用美妆蛋气垫化妆海绵美妆工具,Makeup Sponge,8.04,1.18,https://detail.1688.com/offer/975802394037.html,included,
975159286875,beauty-tools,圆形水晶超柔粉扑多色散粉蜜粉定妆干粉扑粉饼化妆工具批发,Makeup Sponge,0.16,0.02,https://detail.1688.com/offer/975159286875.html,included,
975087955073,beauty-tools,菱形乳胶粉扑干湿两用多色易上妆四个装影楼化妆师用美妆工具批发,Makeup Sponge,1.15,0.17,https://detail.1688.com/offer/975087955073.html,included,
975053424323,beauty-tools,斜坡腮红刷点彩刷子液体腮红膏修容粉底刷软毛沧州化妆师用新手,Makeup Brush,1,0.15,https://detail.1688.com/offer/975053424323.html,included,
974156263853,beauty-tools,跨境爆款33件套40件套美妆化妆工具美妆蛋柔软海绵粉扑希音temu代,Makeup Sponge,12,1.76,https://detail.1688.com/offer/974156263853.html,included,
974062722067,beauty-tools,嫁接睫毛吹风机小风扇usb充电器美睫专用工具迷你电动睫毛吹干器,,9.5,,https://detail.1688.com/offer/974062722067.html,held,product-identification-or-relevance-review
974062201610,beauty-tools,修眉专用眉毛剪刀鼻毛修剪器化妆美妆眉刀小剪子套装男女士美妆剪,Eyebrow Grooming Tool,0.91,0.13,https://detail.1688.com/offer/974062201610.html,included,
974041573976,beauty-tools,硅胶调面膜刷子美容院专用泥膜刷涂抹灌肤软泥膜工具多功能化妆刷,Makeup Brush,2.7,0.4,https://detail.1688.com/offer/974041573976.html,included,
972610326978,beauty-tools,美容专用软毛刷双头挖勺刷硅胶面膜刷子单支美妆工具批发便携定妆,Face Mask Applicator,1.3,0.19,https://detail.1688.com/offer/972610326978.html,included,
972603731054,beauty-tools,工厂现货蓝桥10支化妆刷一整套装美妆工具散粉刷眼影刷软毛套刷,Makeup Brush,6,0.88,https://detail.1688.com/offer/972603731054.html,included,
972536792079,beauty-tools,妈生卧蚕提亮笔~极细双头卧蚕笔眼线笔两用珠光新手纯欲粉嫩下至~,,1.6,,https://detail.1688.com/offer/972536792079.html,held,product-identification-or-relevance-review
972436623867,beauty-tools,颜值加分神器防水防汗点痣笔持久不脱妆点痣流畅均匀氛围感点痣,,0.95,,https://detail.1688.com/offer/972436623867.html,held,product-identification-or-relevance-review
971476945948,beauty-tools,Life Girls便携硅胶粉底刷均匀上粉轻薄底妆粉底平头刷化妆工具,Foundation Brush,1.6,0.23,https://detail.1688.com/offer/971476945948.html,included,
971458755020,beauty-tools,新手画眼妆辅助器刷下睫毛膏多功能化眼线涂眼影月牙挡板美妆工具,Eye Makeup Stencil,0.34,0.05,https://detail.1688.com/offer/971458755020.html,included,
971209008100,beauty-tools,男士鼻毛修剪器圆头鼻毛剪刀眉夹剃胡须小剪刀美容带镜盒护理套装,Eyebrow Grooming Tool,8,1.17,https://detail.1688.com/offer/971209008100.html,included,
971079588958,beauty-tools,嫁接专用水晶睫毛刷螺旋刷头梳理眉刷便携式化妆工具彩色50支,Lash and Brow Brush,8.8,1.29,https://detail.1688.com/offer/971079588958.html,included,
970832185953,beauty-tools,大号巨软定妆散粉扑上妆工具批发新款长毛水晶绒粉色散粉扑,Makeup Sponge,3.8,0.56,https://detail.1688.com/offer/970832185953.html,included,
970227461974,beauty-tools,网红扇形面膜果酸刷子酶软毛皮肤美容院用品美妆水疗护肤专用工具,,0.6,,https://detail.1688.com/offer/970227461974.html,held,product-identification-or-relevance-review
969644805131,beauty-tools,水滴拇指粉扑套装细腻亲肤不吃粉遮瑕腮红高光新手美妆工具批发,Makeup Sponge,0.18,0.03,https://detail.1688.com/offer/969644805131.html,included,
969621148224,beauty-tools,跨境批发修眉刀 带安全网多规格防刮伤美妆刮眉刀 便捷美妆工具,Eyebrow Razor,4.5,0.66,https://detail.1688.com/offer/969621148224.html,included,
969534502079,beauty-tools,跨境一次性化妆海绵三角粉扑气垫不吃粉化妆师专用定妆美妆工具,Makeup Sponge,1.62,0.24,https://detail.1688.com/offer/969534502079.html,included,
969135449479,beauty-tools,嫁接睫毛镊子夹子清洁液清洗剂美睫店专用洗镊子水辅助工具用品,Eyelash Applicator,2,0.29,https://detail.1688.com/offer/969135449479.html,included,
968992905269,beauty-tools,批发新手简易直柄修眉刀 不锈钢桶装锋利刮毛刀修眉器 美妆工具,Eyebrow Razor,4.5,0.66,https://detail.1688.com/offer/968992905269.html,included,
968916728386,beauty-tools,不锈钢小剪刀剪胡子剪白发胡须剪理发剪家用鼻毛剪神器修胡子专用,,4.4,,https://detail.1688.com/offer/968916728386.html,held,product-identification-or-relevance-review
968749892632,beauty-tools,xixi 薄力抛光贴肤斜角粉底刷 上妆服帖不吃粉遮瑕化妆刷美妆工具,Foundation Brush,6.3,0.92,https://detail.1688.com/offer/968749892632.html,included,
967479235798,beauty-tools,跨境代贴标签批发60支/瓶眉刀DIY化妆美容工具眉毛修眉刀工具用品,Eyebrow Razor,4.5,0.66,https://detail.1688.com/offer/967479235798.html,included,
967032101919,beauty-tools,xixi黑凤梨细腻粉扑海绵超软干湿两用小巧便携不吃粉学生美妆工具,Makeup Sponge,1.8,0.26,https://detail.1688.com/offer/967032101919.html,included,
966899616150,beauty-tools,美妆工具美眉剪刀挖耳勺镊子组合指甲锉打磨条套装家用死皮修甲钳,Eyebrow Grooming Tool,1.74,0.26,https://detail.1688.com/offer/966899616150.html,included,
966829284127,beauty-tools,透明面膜碗套装 塑料 面膜棒 调膜碗 DIY美容化妆面膜工具 搅拌棒,Face Mask Mixing Bowl,0.15,0.02,https://detail.1688.com/offer/966829284127.html,included,
966688742411,beauty-tools,粉扑套盒黑凤梨半绒柔超软服帖干湿两用美妆工具粉扑气垫不吃粉,Makeup Sponge,1.5,0.22,https://detail.1688.com/offer/966688742411.html,included,
966495912525,beauty-tools,源头供应 面膜刷 双头硅胶面膜刷 泥膜洗脸刷调膜棒DIY美妆工具,Face Mask Applicator,0.75,0.11,https://detail.1688.com/offer/966495912525.html,included,
1078322874294,beauty-tools,男女修眉毛美容剪手动化妆眉修毛剪批发鼻毛剪刀套装圆头小剪刀,Eyebrow Grooming Tool,0.6,0.09,https://detail.1688.com/offer/1078322874294.html,included,
1063219350426,beauty-tools,一次性水晶杆唇刷化妆刷慕斯唇刷便携式彩色口红刷50/包美妆工具,Makeup Brush,1.7,0.25,https://detail.1688.com/offer/1063219350426.html,included,
1052030042076,beauty-tools,kakashow双头修眉刀初学者修眉神器安全防刮伤微距刮眉刀化妆工具,Eyebrow Razor,1.8,0.26,https://detail.1688.com/offer/1052030042076.html,included,
1027879714921,beauty-tools,气垫粉扑气垫不吃粉棉花糖粉扑不吃粉专用粉扑批发美妆工具用品,Makeup Sponge,3.36,0.49,https://detail.1688.com/offer/1027879714921.html,included,
1001546079308,beauty-tools,干湿两用影楼专用粉扑 圆形一次性大号粉扑 化妆师必备工具可批发,Makeup Sponge,0.49,0.07,https://detail.1688.com/offer/1001546079308.html,included,
993429019684,beauty-tools,美容工具扇形刷果酸刷子化妆刷美妆面膜刷修饰精华刷单支袋装批发,Makeup Brush,0.78,0.11,https://detail.1688.com/offer/993429019684.html,included,
989047655960,beauty-tools,不锈钢粉底液方形戒指调色板调色盘化妆美妆工具套装粉底铲调色板,Makeup Mixing Tools,0.7,0.1,https://detail.1688.com/offer/989047655960.html,included,
966202171519,beauty-tools,美甲拍拍胶粉扑渐变三角美甲工具DIY晕染化妆品高密度豆腐块海绵,Makeup Sponge,0.1,0.01,https://detail.1688.com/offer/966202171519.html,included,
965975708164,beauty-tools,工厂批发睫毛夹 美妆工具美睫翘睫 彩妆睫毛卷翘器美容化妆工具,Eyelash Curler,5.25,0.77,https://detail.1688.com/offer/965975708164.html,included,
965847015811,beauty-tools,新款硅胶面膜罩辅助工具防水分蒸发保湿固定脸部美容罩防滑落挂耳,,1.75,,https://detail.1688.com/offer/965847015811.html,held,product-identification-or-relevance-review
965590294383,beauty-tools,丝带圆形干粉扑散粉定妆化妆师专用植绒粉扑套盒彩妆化妆美妆工具,Makeup Sponge,0.4,0.06,https://detail.1688.com/offer/965590294383.html,included,
964565584307,beauty-tools,JONBOS不锈钢眉毛剪刀美容剪修眉工具鼻毛剪圆头小剪刀鼻毛修剪器,,2.2,,https://detail.1688.com/offer/964565584307.html,held,product-identification-or-relevance-review
963160349146,beauty-tools,眉形设计眉笔定位笔纹绣半永久定妆防水防汗防麻纹眉线条定型笔,,0.98,,https://detail.1688.com/offer/963160349146.html,held,product-identification-or-relevance-review
962891778411,beauty-tools,卓旗镊子拔胡子神器男眉毛夹黑头修眉钳刀白发高精密美睫彩妆工具,Beauty Tweezers,17.9,2.62,https://detail.1688.com/offer/962891778411.html,included,
962637690123,beauty-tools,云瓷化妆刷套装眼影刷刀锋刷腮红修容晕染刷子现货批发一件代发,Makeup Brush Set,0.88,0.13,https://detail.1688.com/offer/962637690123.html,included,
962470942416,beauty-tools,无痕不吃粉五角星粉底刷新款亮黑色手柄单只平头超薄大号化妆工具,Foundation Brush,5.39,0.79,https://detail.1688.com/offer/962470942416.html,included,
962364329545,beauty-tools,抖音代发修眉毛剪刀鼻毛剪刀女美容剪化妆眉剪小修眉刀工具批发,Eyebrow Grooming Tool,0.5,0.07,https://detail.1688.com/offer/962364329545.html,included,
962096303391,beauty-tools,化妆刷清洗器刷子干洗清洁器洗刷器化妆刷干洗海棉清洁盒美妆工具,Makeup Brush,0.61,0.09,https://detail.1688.com/offer/962096303391.html,included,
962095492054,beauty-tools,全套软粉底刷花瓣刷化妆刷便携化妆刷套装美妆化妆工具美妆工具,Makeup Brush Set,1.2,0.18,https://detail.1688.com/offer/962095492054.html,included,
962043684717,beauty-tools,批发化妆师专用菱形一次性粉扑不吃粉化妆海绵美妆蛋美妆工具套装,Makeup Sponge,2.65,0.39,https://detail.1688.com/offer/962043684717.html,included,
961263960123,beauty-tools,涂身体乳素颜霜手套擦摸防晒霜懒人按摩美黑快速涂抹神器植绒工具,,0.7,,https://detail.1688.com/offer/961263960123.html,held,product-identification-or-relevance-review
960643623347,beauty-tools,大号马卡龙色水滴棉花糖粉扑气垫不吃粉化妆定妆专用海绵美妆工具,Makeup Sponge,0.99,0.15,https://detail.1688.com/offer/960643623347.html,included,
960638387687,beauty-tools,独立包装棉花糖粉扑气垫不吃粉化妆师专用化妆海绵定妆美妆工具,Makeup Sponge,0.58,0.09,https://detail.1688.com/offer/960638387687.html,included,
960017243519,beauty-tools,迷你尖头一次性拇指粉扑气垫遮瑕定妆化妆师专用化妆海绵美妆工具,Makeup Sponge,4.1,0.6,https://detail.1688.com/offer/960017243519.html,included,
959889028360,beauty-tools,批发超柔短毛爱心粉扑化妆粉扑植绒粉扑粉饼薄款粉扑通用美妆工具,Makeup Sponge,0.52,0.08,https://detail.1688.com/offer/959889028360.html,included,
958986255392,beauty-tools,小蘑菇头粉扑气垫美妆蛋不吃粉海绵粉底扑干湿两用化妆棉工具彩妆,Makeup Sponge,0.87,0.13,https://detail.1688.com/offer/958986255392.html,included,
958838720331,beauty-tools,腮红刷高光刷散粉刷蜜粉刷化妆刷化妆工具超柔软单支刷,Makeup Brush,0.6,0.09,https://detail.1688.com/offer/958838720331.html,included,
958546735386,beauty-tools,谷芭睫毛夹 自然美妆卷翘睫毛便携迷你睫毛辅助器新手美容工具,Eyelash Curler,11.5,1.69,https://detail.1688.com/offer/958546735386.html,included,
957828876526,beauty-tools,椭圆折叠清洁碗硅胶洗刷碗美妆蛋粉扑清洗化妆刷化妆工具清洗专用,Makeup Sponge,0.95,0.14,https://detail.1688.com/offer/957828876526.html,included,
957544810250,beauty-tools,多功能圆头唇刷口红刷唇部晕染遮瑕刷化妆刷美妆工具一次性唇刷,Makeup Brush,0.35,0.05,https://detail.1688.com/offer/957544810250.html,included,
957365583197,beauty-tools,新品巧克力饼干粉扑不吃粉q弹气垫干湿两用化妆工具海绵粉扑套盒,Makeup Sponge,3.2,0.47,https://detail.1688.com/offer/957365583197.html,included,
957047434710,beauty-tools,修容刷鼻影刷阴影刷货火苗高光提亮刷化妆刷彩妆工具现货独立包装,Makeup Brush,0.7,0.1,https://detail.1688.com/offer/957047434710.html,included,
956477425456,beauty-tools,10支蓝桥化妆刷套装超柔软套刷新手刷子散粉眼影刷现货一件代发,Makeup Brush Set,2.99,0.44,https://detail.1688.com/offer/956477425456.html,included,
955465616189,beauty-tools,单支 小胖墩 粉底刷化妆刷跨境专供大号胶柄美妆工具厂家现货批发,Foundation Brush,1.9,0.28,https://detail.1688.com/offer/955465616189.html,included,
954260928441,beauty-tools,圆柱形伸缩式修眉套装不锈钢微距刮眉刀美妆工具安全型伸缩修眉刀,Eyebrow Razor,0.55,0.08,https://detail.1688.com/offer/954260928441.html,included,
954081247010,beauty-tools,不锈钢清洁黑头铲粉底铲刮痧板指环调色板化妆工具粉底调色棒套装,Makeup Mixing Tools,0.55,0.08,https://detail.1688.com/offer/954081247010.html,included,
953907338645,beauty-tools,推拉式单支印章刷子大号粉底刷BB底妆刷腮红刷无痕遮瑕刷化妆工具,Makeup Brush,3.58,0.52,https://detail.1688.com/offer/953907338645.html,included,
953198961792,beauty-tools,初学者微距修眉刀套装折叠女士刮眉刀剃毛刀化妆美妆工具素蓓SUBE,Eyebrow Razor,0.27,0.04,https://detail.1688.com/offer/953198961792.html,included,
953037654935,beauty-tools,跨境不锈钢二合一眉剪便捷式美容剪防刮伤修眉刀梳剪两用美妆工具,Eyebrow Grooming Tool,6.7,0.98,https://detail.1688.com/offer/953037654935.html,included,
952615702340,beauty-tools,拇指粉扑棉花糖手指气垫小粉扑干湿两用不易吃粉化妆海绵化妆工具,Makeup Sponge,0.12,0.02,https://detail.1688.com/offer/952615702340.html,included,
952279180152,beauty-tools,现货绿云化妆刷超柔软散粉刷眼影腮红刷沧州美妆工具全批一件代发,Makeup Brush,3,0.44,https://detail.1688.com/offer/952279180152.html,included,
952017573181,beauty-tools,xixi一刮即净弯月修眉刀安全型新手易掌控美妆批发工具国货新品,Eyebrow Razor,4.7,0.69,https://detail.1688.com/offer/952017573181.html,included,
951789870750,beauty-tools,【包邮】湿敷面膜辅助DIY面膜罩工具蒸发3D立体款美容面罩挂耳式,,4.48,,https://detail.1688.com/offer/951789870750.html,held,product-identification-or-relevance-review
951745337591,beauty-tools,面膜刷DIY美容化妆水疗刷子果酸液体脸部涂抹软毛扇形刷美妆工具,Face Mask Applicator,0.9,0.13,https://detail.1688.com/offer/951745337591.html,included,
951744457401,beauty-tools,安全圆头鼻毛剪胡须剪胡子剪刀美容眉毛剪化妆小工具修眉修眉刀,Eyebrow Grooming Tool,1.1,0.16,https://detail.1688.com/offer/951744457401.html,included,
951621993826,beauty-tools,批发方形嫁接睫毛检查镜美容美睫小镜子化妆镜便携可拆卸美睫工具,Makeup Mirror,1.5,0.22,https://detail.1688.com/offer/951621993826.html,included,
951596668075,beauty-tools,xixi黑凤梨细腻粉扑海绵超软干湿两用小巧便携不吃粉学生美妆工具,Makeup Sponge,0.8,0.12,https://detail.1688.com/offer/951596668075.html,included,
951471164578,beauty-tools,不锈钢美容剪尖头圆头化妆工具锋利耐用绣花缝纫小剪刀修眉,,2.6,,https://detail.1688.com/offer/951471164578.html,held,product-identification-or-relevance-review
951404914815,beauty-tools,剪鼻毛剪刀圆头不锈钢手动鼻毛修剪器女士修眉毛小剪刀美妆小工具,Eyebrow Grooming Tool,1.09,0.16,https://detail.1688.com/offer/951404914815.html,included,
950072793629,beauty-tools,工厂现货新款两孔美睫钻石胶水杯 锥形胶水延时杯 假睫毛辅助工具,False Eyelashes,1.3,0.19,https://detail.1688.com/offer/950072793629.html,included,
949513478051,beauty-tools,影楼干湿两用粉扑 大号白色肤色圆饼形海绵粉底扑化妆师美妆工具,Makeup Sponge,0.7,0.1,https://detail.1688.com/offer/949513478051.html,included,
948212866568,beauty-tools,新款55号魔术粉底刷花瓣无痕化妆刷便携收纳盒不吃粉美妆工具厂家,Foundation Brush,1.25,0.18,https://detail.1688.com/offer/948212866568.html,included,
946569492419,beauty-tools,脸部除毛器 刮面器 美颜挽脸器 面部脱毛器 美容工具 面部拔毛器,,1.5,,https://detail.1688.com/offer/946569492419.html,held,product-identification-or-relevance-review
946467128683,beauty-tools,新款一字粉底刷平头刀锋底妆刷粉底液专用面膜刷化妆刷美妆工具,Foundation Brush,0.6,0.09,https://detail.1688.com/offer/946467128683.html,included,
945926945456,beauty-tools,镊子厂家现货拔胡子小镊子直头睫毛夹美睫镊子美妆工具不锈钢眉夹,Eyelash Applicator,0.18,0.03,https://detail.1688.com/offer/945926945456.html,included,
943902457246,beauty-tools,xixi轻羽眼影铺色刷初学者眼影刷眼部细节晕染化妆刷学生平价工具,Eyeshadow Brush,2.5,0.37,https://detail.1688.com/offer/943902457246.html,included,
943462332965,beauty-tools,妮兰斯不锈钢眉毛夹拔胡子拔胡须神器女修眉美妆工具斜口镊子眉夹,Beauty Tweezers,0.74,0.11,https://detail.1688.com/offer/943462332965.html,included,
942935925436,beauty-tools,妮兰斯爆款广角睫毛夹自然卷翘美妆工具新手太阳花睫毛夹一个起批,Eyelash Curler,1.55,0.23,https://detail.1688.com/offer/942935925436.html,included,
942512780016,beauty-tools,卓旗眉梳剪新手修眉防刮眉剪带梳不锈钢金属眉剪美妆工具现货批发,Eyebrow Scissors,18.8,2.76,https://detail.1688.com/offer/942512780016.html,included,
942316282977,beauty-tools,不锈钢眉剪修眉剪胡须A剪圆头鼻毛剪美容剪化妆专用剪美妆小剪刀,Eyebrow Grooming Tool,0.83,0.12,https://detail.1688.com/offer/942316282977.html,included,
942197584181,beauty-tools,Art Value迷你咖啡粉扑杯植绒气垫拇指粉扑定妆腮红多用美妆工具,Makeup Sponge,3.8,0.56,https://detail.1688.com/offer/942197584181.html,included,
941480275912,beauty-tools,专业修眉刀片男女刮眉刀神器套装眉毛化妆师专用工具初学者安全,Eyebrow Razor,3.4,0.5,https://detail.1688.com/offer/941480275912.html,included,
939801333633,beauty-tools,一次性唇刷水晶唇刷美妆工具化妆刷口红刷美妆用品唇釉刷实心唇刷,Makeup Brush,1.55,0.23,https://detail.1688.com/offer/939801333633.html,included,
939699895966,beauty-tools,修眉剪圆头鼻毛剪小剪刀化妆专用剪刀修胡子绣花剪线头尖头美容剪,Eyebrow Grooming Tool,0.5,0.07,https://detail.1688.com/offer/939699895966.html,included,
939015739669,beauty-tools,不锈钢刮黑头美容工具脸部毛孔清洁按摩美容铲刮粉刺双头去黑头铲,,0.5,,https://detail.1688.com/offer/939015739669.html,held,product-identification-or-relevance-review
937841869477,beauty-tools,迷你玫红扁平便携腮红刷 儿童玩具粉盒配件迷你面膜刷美妆工具,Blush Brush,0.23,0.03,https://detail.1688.com/offer/937841869477.html,included,
937620787792,beauty-tools,GECOMO双头鱼尾无恒粉底刷超薄扁头底妆刷子月牙弧形化妆刷面膜刷,Foundation Brush,2.6,0.38,https://detail.1688.com/offer/937620787792.html,included,
937079582477,beauty-tools,不锈钢黑色鼻毛剪 美容剪刀 尖头不锈钢修眉剪刀 去死皮剪刀眉剪,Eyebrow Grooming Tool,0.8,0.12,https://detail.1688.com/offer/937079582477.html,included,
936520774833,beauty-tools,厂家批发不锈钢美容剪修眉剪鼻毛剪美妆工具尖头剪迷你小剪刀,Eyebrow Grooming Tool,0.5,0.07,https://detail.1688.com/offer/936520774833.html,included,
936073265348,beauty-tools,协睿GECOMO无痕月牙粉底刷轻薄不吃粉软毛化妆师专用美妆工具批发,Foundation Brush,2.3,0.34,https://detail.1688.com/offer/936073265348.html,included,
935735897425,beauty-tools,卡通化妆刷7支套装库洛米粉底唇刷外贸彩妆化妆工具厂家批发跨境,Makeup Brush Set,5.6,0.82,https://detail.1688.com/offer/935735897425.html,included,
935600569107,beauty-tools,厂家现货便携清洁洗鼻刷清洗鼻翼美容刷深层清理鼻梁美妆工具,,0.38,,https://detail.1688.com/offer/935600569107.html,held,product-identification-or-relevance-review
935048451873,beauty-tools,LMLTOP 熊猫小号指甲钳2个装 平斜口耐用指甲剪修甲工具套装SY561,Nail Clipper,4.5,0.66,https://detail.1688.com/offer/935048451873.html,included,
935015728096,beauty-tools,现货彩花万花筒型四支刷化妆刷眼影套刷化妆包美妆工具工厂批发,Makeup Brush Set,2.22,0.33,https://detail.1688.com/offer/935015728096.html,included,
934579211798,beauty-tools,XIXI 盒装小拇指粉扑不吃粉海绵干湿两用美妆工具批发初学者GJ-41,Makeup Sponge,0.8,0.12,https://detail.1688.com/offer/934579211798.html,included,
934446968185,beauty-tools,LMLTOP 多功能修甲工具套装9件套 苹果型指甲剪修甲锉工具 F0130,Nail Clipper,6.6,0.97,https://detail.1688.com/offer/934446968185.html,included,
934038783457,beauty-tools,纹绣练习皮专用擦拭油硅胶仿真皮橄榄油新手空白皮清洁用品工具,,2.2,,https://detail.1688.com/offer/934038783457.html,held,product-identification-or-relevance-review
933473503234,beauty-tools,空心杆唇刷   透明口红唇彩棒化妆工具携式清洁刷50支一次性唇刷,Lip Brush,1.2,0.18,https://detail.1688.com/offer/933473503234.html,included,
932590195214,beauty-tools,跨境带墨纹绣尺纹眉定位线辅助画线眉尺 画眉映射线盒尺 美妆工具,,2.75,,https://detail.1688.com/offer/932590195214.html,held,product-identification-or-relevance-review
932151225398,beauty-tools,不锈钢彩妆调色盘化妆粉底铲方形指环调色板美妆工具调色棒调色板,Makeup Mixing Tools,0.95,0.14,https://detail.1688.com/offer/932151225398.html,included,
1089070072239,beauty-tools,水滴形棉花糖粉扑干湿两用超柔不吃粉底液美妆蛋彩妆工具工厂定制,Makeup Sponge,3.6,0.53,https://detail.1688.com/offer/1089070072239.html,included,
1088105913772,beauty-tools,动物毛化妆刷套装仓州全套腮红眼影刷鼻影沧州美妆工具软毛散粉刷,Makeup Brush,49.9,7.32,https://detail.1688.com/offer/1088105913772.html,included,
1088078496200,beauty-tools,GECOMO云柔奢感粉扑服帖厚实不易吃粉干湿两用粉底液跨境美妆工具,Makeup Sponge,3.8,0.56,https://detail.1688.com/offer/1088078496200.html,included,
1087908466493,beauty-tools,跨境睫毛卡修眉刀立体水晶便携挡板眼睫毛辅助器画眉美妆工具批发,Eyebrow Razor,4,0.59,https://detail.1688.com/offer/1087908466493.html,included,
1087829316123,beauty-tools,美妆工具，削笔刀,,0.4,,https://detail.1688.com/offer/1087829316123.html,held,product-identification-or-relevance-review
1087523573707,beauty-tools,zephoco持妆唇线笔(裸橘色) 哑光丝滑显色勾勒唇形欧美彩妆唇笔,,10,,https://detail.1688.com/offer/1087523573707.html,held,product-identification-or-relevance-review
1087458454860,beauty-tools,嫁接睫毛100支袋装水晶棉签清洁棒棉签棉棒涂药棒美妆工具批发,,1.58,,https://detail.1688.com/offer/1087458454860.html,held,product-identification-or-relevance-review
1087449044543,beauty-tools,不锈钢美容工具脸部刮痧紧致提拉按摩刮痧多功能筋膜刀心形刮痧板,,0.55,,https://detail.1688.com/offer/1087449044543.html,held,product-identification-or-relevance-review
1087210842775,beauty-tools,新款化妆刷清洗器懒人家用电动清洁速干刷子充电自动洗刷器工具,Makeup Brush,38.8,5.69,https://detail.1688.com/offer/1087210842775.html,included,
1087180952433,beauty-tools,25/56PC/42件套美妆工具大组合套装洗脸化妆全套希音temu代发,,2.2,,https://detail.1688.com/offer/1087180952433.html,held,product-identification-or-relevance-review
1087170262806,beauty-tools,羽小木27支化妆套刷化妆师全套散粉眼影粉底刷妆工具批发一件代发,Makeup Brush Set,480,70.38,https://detail.1688.com/offer/1087170262806.html,included,
1086961750028,beauty-tools,定制鬼斧神笔异形美妆蛋化妆师专用定妆海绵粉扑彩妆工具套装批发,Makeup Sponge,1.8,0.26,https://detail.1688.com/offer/1086961750028.html,included,
1086957385141,beauty-tools,跨境款式超薄扁头粉底刷无痕遮瑕不吃粉修容刷软毛美妆工具化妆刷,Foundation Brush,2.5,0.37,https://detail.1688.com/offer/1086957385141.html,included,
1086946434654,beauty-tools,棉花糖粉扑不吃粉干湿两用不吃粉底妆扑便携带手指套美妆工具,Makeup Sponge,3.6,0.53,https://detail.1688.com/offer/1086946434654.html,included,
1086936924062,beauty-tools,黑色二合一双头眼线笔 带修正笔头一笔两用眼线液笔眼部彩妆,,8,,https://detail.1688.com/offer/1086936924062.html,held,product-identification-or-relevance-review
1086908600322,beauty-tools,双头眼线笔 深棕色二合一顺滑易画眼线液笔修改眼部瑕疵化妆工具,,8,,https://detail.1688.com/offer/1086908600322.html,held,product-identification-or-relevance-review
1086899712563,beauty-tools,双头眼线液笔 黑色一笔两用改妆修改眼妆化妆笔防水防汗不晕染持,,8,,https://detail.1688.com/offer/1086899712563.html,held,product-identification-or-relevance-review
1086873408446,beauty-tools,二合一眼线笔 黑色双头眼线修正液一笔两用改妆化妆工具笔刷头,,8,,https://detail.1688.com/offer/1086873408446.html,held,product-identification-or-relevance-review
1086604996571,beauty-tools,可爱咖色华夫饼随身便携女生化妆镜高清镜面补妆神器旋转小圆镜子,Makeup Mirror,3.5,0.51,https://detail.1688.com/offer/1086604996571.html,included,
1086457590894,beauty-tools,zephoco持妆唇线笔(裸橘色) 哑光丝滑显色勾勒唇形欧美彩妆唇笔,,10,,https://detail.1688.com/offer/1086457590894.html,held,product-identification-or-relevance-review
1081339573278,beauty-tools,美妆蛋超软粉扑气垫彩妆蛋干湿两用粉底液化妆工具彩妆跨境美妆蛋,Makeup Sponge,1.3,0.19,https://detail.1688.com/offer/1081339573278.html,included,
1051827910697,beauty-tools,kakashow双头修眉刀安全防刮伤微距刮眉刀初学者化妆工具修眉神器,Eyebrow Razor,1.8,0.26,https://detail.1688.com/offer/1051827910697.html,included,
1051198631968,beauty-tools,kakashow双头修眉刀安全防刮伤微距刮眉刀初学者化妆工具修眉神器,Eyebrow Razor,1.8,0.26,https://detail.1688.com/offer/1051198631968.html,included,
931089916728,beauty-tools,跨境热卖多功能身体刷美黑刷大扁刷粉底腮红刷美妆刷子软毛美容,Blush Brush,9,1.32,https://detail.1688.com/offer/931089916728.html,included,
929881052984,beauty-tools,双头眉刷斜角眉粉刷笔螺旋刷刀锋眼线刷化妆刷眼影刷扁头睫毛刷子,Eyeliner Brush,0.52,0.08,https://detail.1688.com/offer/929881052984.html,included,
929705791607,beauty-tools,鲨疯了!卧蚕刀锋眼线胶笔持久显色不晕染防水防汗自然眼脸下至笔~,,1.05,,https://detail.1688.com/offer/929705791607.html,held,product-identification-or-relevance-review
929503430583,beauty-tools,绿云14支化妆刷套装超柔软全套美妆工具散粉眼影腮红刷现货批发,Makeup Brush Set,5,0.73,https://detail.1688.com/offer/929503430583.html,included,
929449841850,beauty-tools,双头眉刷螺旋刷跨境斜角扁头睫毛刷扫眉修眉画眉便携两用美妆工具,Lash and Brow Brush,0.52,0.08,https://detail.1688.com/offer/929449841850.html,included,
1039083679561,kitchen-appliances,跨境小型家用抽真空封口机全自动保鲜机厨房食品密封包装机工厂,,5,,https://detail.1688.com/offer/1039083679561.html,held,product-identification-or-relevance-review
1034729652630,kitchen-appliances,家用厨房电器电烤箱多功能烘焙专用全智能烤箱38L大容量精准控温,Electric Oven,328,48.09,https://detail.1688.com/offer/1034729652630.html,included,
1001859240129,kitchen-appliances,跨境多功能煮蛋器学生宿舍小型早餐蒸蛋器家用厨房蒸鱼蒸蛋神器,Egg Cooker,27,3.96,https://detail.1688.com/offer/1001859240129.html,included,
987902117783,kitchen-appliances,工厂定制外贸出口英文logo3-4人小电饭煲家用OEM电饭锅1.8L跨境,Rice Cooker,39,5.72,https://detail.1688.com/offer/987902117783.html,included,
817910531708,kitchen-appliances,工厂订制电饭煲迷你小型-3-4-6人一锅多用电饭锅贸易批发礼品定制,Rice Cooker,50,7.33,https://detail.1688.com/offer/817910531708.html,included,
689440079870,kitchen-appliances,康佳电饭煲家用多功能电饭锅批发智能预约不粘饭煲大容量煮饭锅,Rice Cooker,99,14.52,https://detail.1688.com/offer/689440079870.html,included,
980659156392,kitchen-appliances,广荣60L烤箱外贸家用多功能烘焙大容量烤箱跨境礼品批发厂家,Electric Oven,298,43.7,https://detail.1688.com/offer/980659156392.html,included,
826075186236,kitchen-appliances,跨境多功能料理机电动绞肉机家用厨房捣蒜器宝宝辅食机无线便携,Food Chopper,8.8,1.29,https://detail.1688.com/offer/826075186236.html,included,
993756069141,kitchen-appliances,小贝猪美规110V跨境四合一早餐机家用多功能烤面包煎烤蒸电煮锅,Electric Cooking Pot,340,49.85,https://detail.1688.com/offer/993756069141.html,included,
719725823831,kitchen-appliances,广荣双开门烤箱法式对开门高端电烤箱多功能烘焙家用烤炉厂家直销,Electric Oven,198,29.03,https://detail.1688.com/offer/719725823831.html,included,
744633180312,kitchen-appliances,康佳小电煮锅多功能一体锅宿舍家用电火锅大容量料理锅火锅电热锅,Electric Cooking Pot,59,8.65,https://detail.1688.com/offer/744633180312.html,included,
819721585056,kitchen-appliances,OZON亚马逊绞肉机全自动小型商用多功能料理机电动灌肠机美规欧规,Food Chopper,148,21.7,https://detail.1688.com/offer/819721585056.html,included,
740667581049,kitchen-appliances,跨境家用电动绞肉机厨房大功率五刀片包子肉馅搅拌机多功能碎肉机,Food Chopper,30,4.4,https://detail.1688.com/offer/740667581049.html,included,
917226079334,kitchen-appliances,志高电烤箱家用蒸烤一体机烘焙专用35L大容量多功能商用蒸汽烤箱,Electric Oven,1069,156.75,https://detail.1688.com/offer/917226079334.html,included,
860637910039,kitchen-appliances,跨境料理棒美规厨房家用手持搅拌机电动搅拌棒多功能辅食机料理棒,,20.5,,https://detail.1688.com/offer/860637910039.html,held,product-identification-or-relevance-review
805322653155,kitchen-appliances,新款厨房多功能料理机无线电动绞肉机家用捣蒜器宝宝辅食机搅蒜器,Food Chopper,8.8,1.29,https://detail.1688.com/offer/805322653155.html,included,
619913825343,kitchen-appliances,康佳新款电饭煲3L大功率家用迷你蒸煮煲不粘锅多功能电饭锅集采,Rice Cooker,118,17.3,https://detail.1688.com/offer/619913825343.html,included,
979140498333,kitchen-appliances,不锈钢破壁机多功能大容量家用料理榨汁机豆浆机研磨搅拌机沙冰机,Blender,39,5.72,https://detail.1688.com/offer/979140498333.html,included,
666483258164,kitchen-appliances,跨境多功能折叠锅旅行便携小电煮锅分体电火锅不沾锅110V英规美规,Electric Cooking Pot,68,9.97,https://detail.1688.com/offer/666483258164.html,included,
653350619980,kitchen-appliances,110V跨境破壁机家用全自动加热多功能料理机搅拌机榨汁机豆浆机,Blender,177.44,26.02,https://detail.1688.com/offer/653350619980.html,included,
669725090915,kitchen-appliances,破壁机多功能家用大容量豆浆机辅食搅拌料理机研磨机果蔬榨汁机2L,Blender,31,4.55,https://detail.1688.com/offer/669725090915.html,included,
829111787105,kitchen-appliances,厂家直销电饭煲家用小型蒸煮饭1-3人智能多功能新款电饭锅跨境批,Rice Cooker,56,8.21,https://detail.1688.com/offer/829111787105.html,included,
763224163166,kitchen-appliances,威力绞肉机家用打肉馅玻璃碗多功能电动料理器蒜蓉碎菜绞馅机小型,Food Chopper,26.5,3.89,https://detail.1688.com/offer/763224163166.html,included,
933445194846,kitchen-appliances,蒸饭柜商用全自动燃气插电皆有蒸饭车食堂米饭馒头包子蒸饭机,,600,,https://detail.1688.com/offer/933445194846.html,held,product-identification-or-relevance-review
884832970669,kitchen-appliances,现货工厂直销沙冰搅拌机榨汁研磨豆浆家用破壁料理机 blender定制,Blender,42,,https://detail.1688.com/offer/884832970669.html,held,already-in-existing-catalogue
693357216701,kitchen-appliances,煮蛋器蒸蛋器自动断电多功能温泉蛋蒸鸡蛋羹神器溏心蛋小型早餐机,Egg Cooker,65,9.53,https://detail.1688.com/offer/693357216701.html,included,
1071600547067,kitchen-appliances,新款跨境专供电动绞肉机多功能全自动厨房切丝切片切条磨绒沙拉机,Food Chopper,65,9.53,https://detail.1688.com/offer/1071600547067.html,included,
941663988176,kitchen-appliances,跨境2L迷你电饭煲2到3人多功能家用智能电饭锅小2人1-3人小型110v,Rice Cooker,77,11.29,https://detail.1688.com/offer/941663988176.html,included,
798811408944,kitchen-appliances,万利达研磨粉机电动小型家用磨粉机药材五谷打粉机多种功能研磨器,,19,,https://detail.1688.com/offer/798811408944.html,held,product-identification-or-relevance-review
901369570355,kitchen-appliances,酒店客房专用烧水壶托盘套装0.8L小型电热水壶304小容量民宿宾馆,,49,,https://detail.1688.com/offer/901369570355.html,held,product-identification-or-relevance-review
737638429865,kitchen-appliances,智能迷你电饭煲养生电炖杯小型电火锅办公室便携式煲汤煮粥杯礼品,Rice Cooker,52,,https://detail.1688.com/offer/737638429865.html,held,already-in-existing-catalogue
749071098954,kitchen-appliances,严选工厂直供 先科电饭煲4一5人大容量智能电饭锅5升家用煲汤蒸煮,Rice Cooker,56,8.21,https://detail.1688.com/offer/749071098954.html,included,
770966001322,kitchen-appliances,Rice cooker电饭锅0.6L1.0L1.5L 1.8L2.8L家用电饭煲500W700W900W,Rice Cooker,44.9,,https://detail.1688.com/offer/770966001322.html,held,already-in-existing-catalogue
893197112190,kitchen-appliances,跨境专供果汁碎冰榨汁机家用多功能婴儿料理搅拌辅食机破壁机批发,Blender,90,13.2,https://detail.1688.com/offer/893197112190.html,included,
931514077850,kitchen-appliances,新款跨境多功能榨汁机家用高速搅拌机冰沙水果便携式破壁机商用,Blender,259,37.98,https://detail.1688.com/offer/931514077850.html,included,
861869361762,kitchen-appliances,多功能煮蛋器蒸蛋器防干烧自动断电家用小型1人蒸蛋羹煮鸡蛋机早,Egg Cooker,13,1.91,https://detail.1688.com/offer/861869361762.html,included,
746237334795,kitchen-appliances,Honeyson恒迅新款双色托盘酒店批发客房电热水壶小型套装,,15,,https://detail.1688.com/offer/746237334795.html,held,product-identification-or-relevance-review
655981992683,kitchen-appliances,外贸水果破壁机 999家用电动榨汁机出口批发豆浆机家用搅拌机110V,Blender,28.5,4.18,https://detail.1688.com/offer/655981992683.html,included,
1059106645231,kitchen-appliances,家用小型电动研磨机五谷杂粮粉碎机干磨研磨打粉机厨房破壁磨粉机,,17,,https://detail.1688.com/offer/1059106645231.html,held,product-identification-or-relevance-review
1087217042465,kitchen-appliances,新款六叶钢刀电动蒜泥打蒜绞肉机打蒜器捣蒜辣椒厨房家用工厂直发,Food Chopper,9.65,1.41,https://detail.1688.com/offer/1087217042465.html,included,
859380834194,kitchen-appliances,跨境电水壶316不锈钢电热水壶家用煮水烧水壶智能保温恒温壶外贸,Electric Kettle,139,20.38,https://detail.1688.com/offer/859380834194.html,included,
1057312115556,kitchen-appliances,西稻6升绞肉机大容量厨房商用家用绞陷电动多用途料理机可定制,Food Chopper,110,16.13,https://detail.1688.com/offer/1057312115556.html,included,
1078747098853,kitchen-appliances,跨境爆品电动黄油搅拌机 无线高速搅打自制黄油家用厨房料理搅拌,,128,,https://detail.1688.com/offer/1078747098853.html,held,product-identification-or-relevance-review
693639462044,kitchen-appliances,跨境110V全不锈钢加热破壁机家用豆浆机榨汁机辅食料理机越南外贸,Blender,320,46.92,https://detail.1688.com/offer/693639462044.html,included,
921728588251,kitchen-appliances,ZEABO智博0.8L星级酒店专用电水壶高端小型304电烧水壶民宿宾馆用,Electric Kettle,75,11.0,https://detail.1688.com/offer/921728588251.html,included,
1237200836,kitchen-appliances,Honeyson 电热水壶批发酒店ABS手柄1350W 304不锈钢1.2L,Electric Kettle,38,5.57,https://detail.1688.com/offer/1237200836.html,included,
935071347629,kitchen-appliances,跨境电动搅拌杯自动咖啡摇摇杯便携式水杯奶粉冲泡蛋白粉健身礼品,,10.5,,https://detail.1688.com/offer/935071347629.html,held,product-identification-or-relevance-review
775272020274,kitchen-appliances,新款无线电动厨房料理机多功能充电绞肉机家用捣蒜器宝宝辅食机,Food Chopper,17.8,2.61,https://detail.1688.com/offer/775272020274.html,included,
720014169898,kitchen-appliances,广荣空气炸蒸汽一体烤箱AIRFRYERSTEAMOVEN多功能蒸烤一体机厂家,Electric Oven,808,118.48,https://detail.1688.com/offer/720014169898.html,included,
913768420579,kitchen-appliances,电饭锅迷你3-4人电饭煲小型1-2人304不锈钢食品级内胆家用老式5,Rice Cooker,63.9,9.37,https://detail.1688.com/offer/913768420579.html,included,
998790643417,kitchen-appliances,迷你拉蒜器蒜蓉器无线电动捣蒜器辅食研磨器蒜泥神器厨房料理机,Food Chopper,15,2.2,https://detail.1688.com/offer/998790643417.html,included,
805065207721,kitchen-appliances,多功能料理机电动绞肉机家用捣蒜器宝宝辅食机搅蒜器无线便携小型,Food Chopper,8.8,1.29,https://detail.1688.com/offer/805065207721.html,included,
694750631326,kitchen-appliances,不锈钢破壁机家用全自动加热豆浆机多功能搅拌机辅食料理机榨汁机,Blender,331.11,48.55,https://detail.1688.com/offer/694750631326.html,included,
563157479184,kitchen-appliances,Honeyson 外贸欧洲酒店电水壶套装 双层防烫0.6l 304不锈钢 I-K62,Electric Kettle,155,22.73,https://detail.1688.com/offer/563157479184.html,included,
998935983378,kitchen-appliances,外贸电饭锅定制1.8 L2..8L家用迷你小型耐用电饭煲礼品出口批发,Rice Cooker,33,4.84,https://detail.1688.com/offer/998935983378.html,included,
819957998831,kitchen-appliances,先科家用电饭煲小1-2人智能预约多功能电饭锅迷你3-4人1.2L-3L,Rice Cooker,67.6,9.91,https://detail.1688.com/offer/819957998831.html,included,
967479235784,kitchen-appliances,志高大容量120L电烤箱商用风炉烘焙箱2025家用新款发酵空气炸锅,Air Fryer,699,102.49,https://detail.1688.com/offer/967479235784.html,included,
1087675493003,kitchen-appliances,大自来水农村水塔井水地下水过滤器全屋净水器水家用净化黄泥流量,,95,,https://detail.1688.com/offer/1087675493003.html,held,product-identification-or-relevance-review
1087594108048,kitchen-appliances,利仁LR-XGR3397不锈钢电饼铛家用0涂层电饼档烙其它中规其他,Electric Griddle,152,22.29,https://detail.1688.com/offer/1087594108048.html,included,
1087594108044,kitchen-appliances,利仁电饼铛家用加深型双面煎烤机烙饼烤肉锅多功能电饼铛悬浮3041,Electric Griddle,45,6.6,https://detail.1688.com/offer/1087594108044.html,included,
1087588792548,kitchen-appliances,利仁小钢人不锈钢电饼铛0涂层家用双面加热烙饼锅可拆洗2025新款,Electric Griddle,152,22.29,https://detail.1688.com/offer/1087588792548.html,included,
1087581403193,kitchen-appliances,创优多功能全自动电饭锅家用电饭煲3L大容量沥米1-4人批发电饭锅,Rice Cooker,54,7.92,https://detail.1688.com/offer/1087581403193.html,included,
1087569611665,kitchen-appliances,厂家批发三角老式牌商用电饭锅饭店容量焖饭电饭煲-人-代发,Rice Cooker,98.48,14.44,https://detail.1688.com/offer/1087569611665.html,included,
1087564459419,kitchen-appliances,茶叶蛋专用锅商用大电饭煲茶叶蛋锅卤鸡蛋茶单大容量电饭锅可,Rice Cooker,95.09,13.94,https://detail.1688.com/offer/1087564459419.html,included,
1087519798724,kitchen-appliances,半球电压力锅家用多功能5L双胆大容量电高压锅小型电饭煲炖煮焖,Rice Cooker,140.6,20.62,https://detail.1688.com/offer/1087519798724.html,included,
1087420912055,kitchen-appliances,商用电饭锅大容量食堂饭店酒店超大电饭煲特大家用不粘锅老式大型,Rice Cooker,63.26,9.28,https://detail.1688.com/offer/1087420912055.html,included,
1087388272413,kitchen-appliances,迷你煮粥电煮锅多功能煮饭宿舍小电锅煮面不粘锅电饭煲家用电饭锅,Rice Cooker,33,4.84,https://detail.1688.com/offer/1087388272413.html,included,
1087323156807,kitchen-appliances,一体家用多功能电锅迷你蒸煮学生宿舍电饭煲电炒锅宿舍电火锅电煮,Rice Cooker,18,2.64,https://detail.1688.com/offer/1087323156807.html,included,
1087301984286,kitchen-appliances,工厂台式洗碗机免安装家用大容量全自动小型智能消毒烘干一体,,192,,https://detail.1688.com/offer/1087301984286.html,held,product-identification-or-relevance-review
1087300576573,kitchen-appliances,利仁电饼铛LR-FD431Pro电饼铛档家用双面加热可拆洗加深加大多功,Electric Griddle,184,26.98,https://detail.1688.com/offer/1087300576573.html,included,
1087295752445,kitchen-appliances,智能台式洗碗机免安装全自动小型家用110V刷碗机跨境厂家直供,,168,,https://detail.1688.com/offer/1087295752445.html,held,product-identification-or-relevance-review
1087272466374,kitchen-appliances,源头工厂 新款家用电饼铛可拆卸 33cm双面加热1400W多功能煎烤机,Electric Griddle,115,16.86,https://detail.1688.com/offer/1087272466374.html,included,
1087203418062,kitchen-appliances,酒店不粘锅老式超大食堂特大商用饭店工地20人电饭锅大容量电饭煲,Rice Cooker,94,13.78,https://detail.1688.com/offer/1087203418062.html,included,
1087194970708,kitchen-appliances,4055人家食堂用饭煲商用酒店电饭锅大容量8工地其他智能红外线,Rice Cooker,81,11.88,https://detail.1688.com/offer/1087194970708.html,included,
1087140159760,kitchen-appliances,厂家批发三角老式牌商用电饭锅饭店容量焖饭电饭煲-人-代发,Rice Cooker,107.28,15.73,https://detail.1688.com/offer/1087140159760.html,included,
1087122597267,kitchen-appliances,钻石电饭锅宿舍家用小型一人食多功能微压煲汤炖煮粥炒菜方便面有,Rice Cooker,104.45,15.32,https://detail.1688.com/offer/1087122597267.html,included,
1087101364691,kitchen-appliances,美的不锈钢电饼铛0涂层家用双面加热煎饼烙饼锅上下盘可拆洗新款,Electric Griddle,275,40.32,https://detail.1688.com/offer/1087101364691.html,included,
1087016278302,kitchen-appliances,新款多功能电饼铛家用双面加热加深可拆卸烤盘不粘煎烤机烙饼锅,Electric Griddle,79,11.58,https://detail.1688.com/offer/1087016278302.html,included,
1086921962441,kitchen-appliances,美的电饼铛双面加热下盘可拆蒸汽嫩烤加深烙饼锅电煎锅抗菌不粘,Electric Griddle,120,17.6,https://detail.1688.com/offer/1086921962441.html,included,
1086921962076,kitchen-appliances,Midea/美的电饭煲家用3L升大容量电饭锅煮饭锅官方正品MB-AFB3061,Rice Cooker,162,23.75,https://detail.1688.com/offer/1086921962076.html,included,
1086916110056,kitchen-appliances,电饭煲智能预约多功能家用3L升电饭煲触摸大屏显示微压纯钛电饭锅,Rice Cooker,71,10.41,https://detail.1688.com/offer/1086916110056.html,included,
1086908116161,kitchen-appliances,跨境工厂新款电动绞肉机家用全自动多功能灌肠绞肉机切菜机二合一,Food Chopper,125,18.33,https://detail.1688.com/offer/1086908116161.html,included,
1086860307840,kitchen-appliances,半球电压力锅家用多功能5L双胆大容量电高压锅小型电饭煲2.5L4L6L,Rice Cooker,100.4,14.72,https://detail.1688.com/offer/1086860307840.html,included,
1086809504506,kitchen-appliances,正半球商用电饭锅15升大容量10L40人饭店超大酒店不粘电饭煲批发,Rice Cooker,188,27.57,https://detail.1688.com/offer/1086809504506.html,included,
1086792085332,kitchen-appliances,钻石电饭锅宿舍家用小型一人食多功能微压煲汤炖煮粥炒菜方便面有,Rice Cooker,104.45,15.32,https://detail.1688.com/offer/1086792085332.html,included,
1086747825138,kitchen-appliances,美的电饭煲立体IH加热家用智能多功能电饭锅蒸煮炖煲汤煮饭锅蒸,Rice Cooker,299,43.84,https://detail.1688.com/offer/1086747825138.html,included,
1086735477487,kitchen-appliances,Midea/美的电饭煲3L迷你多功能智能预约电饭锅家用柴火煮饭锅正品,Rice Cooker,102,14.96,https://detail.1688.com/offer/1086735477487.html,included,
1086728885222,kitchen-appliances,美的电饭煲家用2L多功能2-3人智能预约一人食小型电饭锅官方正品,Rice Cooker,76,11.14,https://detail.1688.com/offer/1086728885222.html,included,
1086728662724,kitchen-appliances,煎饼机小型电饼铛薄饼机电煎烙饼锅神器烤肉早餐机薄饼铛烙饼,Electric Griddle,33.87,4.97,https://detail.1688.com/offer/1086728662724.html,included,
1086658985511,kitchen-appliances,美的电饭煲全智动家用4升多功能智能预约IH一键电饭锅快速煮饭,Rice Cooker,260,38.12,https://detail.1688.com/offer/1086658985511.html,included,
1086637746442,kitchen-appliances,钻石电饭锅宿舍家用小型一人食多功能微压煲汤炖煮粥炒菜方便面有,Rice Cooker,120.93,17.73,https://detail.1688.com/offer/1086637746442.html,included,
1086632938788,kitchen-appliances,苏泊尔F40A1032S电饭煲,Rice Cooker,1059,155.28,https://detail.1688.com/offer/1086632938788.html,included,
1086625083608,kitchen-appliances,半球电压力锅家用2.5L4L5L6L双胆预约高压电饭煲多功能智能高压锅,Rice Cooker,116.1,17.02,https://detail.1688.com/offer/1086625083608.html,included,
1086601518665,kitchen-appliances,晨阳家用电饼铛双面加热煎饼机烙饼机多功能悬浮式加深电饼,Electric Griddle,49.9,7.32,https://detail.1688.com/offer/1086601518665.html,included,
1086560053243,kitchen-appliances,利仁新款电饼铛家用双面加热加大加深烤盘家庭烙饼锅煎饼机烙饼铛,Electric Griddle,65,9.53,https://detail.1688.com/offer/1086560053243.html,included,
1086559389300,kitchen-appliances,利仁电饼铛家用双面加热烙饼锅电饼档加深煎饼机其他规格,Electric Griddle,76,11.14,https://detail.1688.com/offer/1086559389300.html,included,
1086556533717,kitchen-appliances,利仁电饼铛小钢人不锈钢0涂层上下盘可拆洗可调火LR-XGR3997其他,Electric Griddle,216,31.67,https://detail.1688.com/offer/1086556533717.html,included,
1086351555744,kitchen-appliances,七彩叮当分体电饭煲IH智能家用多功能迷你小型1一2人带蒸煮电饭锅,Rice Cooker,155,22.73,https://detail.1688.com/offer/1086351555744.html,included,
1086349444586,kitchen-appliances,RAF欧规跨境新款电饼铛家用双面加热煎饼薄饼机加深加大披萨锅,Electric Griddle,49.01,7.19,https://detail.1688.com/offer/1086349444586.html,included,
1086309607019,kitchen-appliances,电饭锅饭煲大容量超大商用食堂饭店人老式电饭煲1家用酒店其他,Rice Cooker,82,12.02,https://detail.1688.com/offer/1086309607019.html,included,
1086294934700,kitchen-appliances,百花304-316不锈钢零涂层内丹电饭锅老式家用电饭煲2-3-4-5-6人升,Rice Cooker,145.04,21.27,https://detail.1688.com/offer/1086294934700.html,included,
1086116085051,kitchen-appliances,电饼铛加深加大双面加热家用烙饼锅煎饼薄饼机不粘锅炒菜烤煎饺子,Electric Griddle,55.93,8.2,https://detail.1688.com/offer/1086116085051.html,included,
1086108933295,kitchen-appliances,小熊DBC-L18U1电饼铛家用大口径双面加热可拆洗煎饼锅烙饼锅,Electric Griddle,195,28.59,https://detail.1688.com/offer/1086108933295.html,included,
1086071257111,kitchen-appliances,美的电饭煲1到2人家用小型迷你煮饭电饭锅一人食2026新款JA123,Rice Cooker,94,13.78,https://detail.1688.com/offer/1086071257111.html,included,
1086071224212,kitchen-appliances,煮饭蒸煮宿舍电煮锅大容量智能电饭煲全自动锅2L电饭锅多功能家用,Rice Cooker,48,7.04,https://detail.1688.com/offer/1086071224212.html,included,
1086067885801,kitchen-appliances,美的电饼铛家用双面加热可拆洗加深加大多功能不粘烙饼锅2026新款,Electric Griddle,204,29.91,https://detail.1688.com/offer/1086067885801.html,included,
1086061620926,kitchen-appliances,苏泊尔电饭煲40HC1904球釜无涂层不锈钢316L米汤分离电饭锅,Rice Cooker,410,60.12,https://detail.1688.com/offer/1086061620926.html,included,
1086058520746,kitchen-appliances,平底锅不多功能饺大号粘电饼铛烙饼煎涂层电煎锅不锈钢家用其他烤,Electric Griddle,93,13.64,https://detail.1688.com/offer/1086058520746.html,included,
1085867877763,kitchen-appliances,松下HXT152饭光光PRO电饭煲纯钛内胆微压IH家用0涂层电饭锅,Rice Cooker,1799,263.78,https://detail.1688.com/offer/1085867877763.html,included,
1085844725783,kitchen-appliances,美的电饭锅电饭煲家用双层大容量蒸煮多用带蒸笼5.5升老式机械式,Rice Cooker,169,24.78,https://detail.1688.com/offer/1085844725783.html,included,
1085831455102,kitchen-appliances,迷你电饭煲小1-2人3人煮饭学生宿舍多功能小型家用1.2L1.6L电饭锅,Rice Cooker,66.67,9.78,https://detail.1688.com/offer/1085831455102.html,included,
1085737192729,kitchen-appliances,金正电饭煲3L家用2到3人迷你小型智能2026新款电饭锅,Rice Cooker,80,11.73,https://detail.1688.com/offer/1085737192729.html,included,
1085696290601,kitchen-appliances,智能柴火饭电饭煲家用3L迷你小型2-3人多功能上蒸下煮电饭锅批发,Rice Cooker,40.9,6.0,https://detail.1688.com/offer/1085696290601.html,included,
1085533501659,kitchen-appliances,厂家直销双头双灶电陶炉家用电磁炉台式大功率光波双头炉外贸省电,Induction Hob,366,53.67,https://detail.1688.com/offer/1085533501659.html,included,
1085520356358,kitchen-appliances,diy净水器400G/600g/800g大流量汇通反渗透高配置厨房直饮净水机,,535,,https://detail.1688.com/offer/1085520356358.html,held,product-identification-or-relevance-review
1085509568992,kitchen-appliances,美的电饭煲家用智能预约迷你电饭锅饭煲多功能蛋糕柴火饭RE416,Rice Cooker,159,23.31,https://detail.1688.com/offer/1085509568992.html,included,
1085509344357,kitchen-appliances,OEM/ODM定制电饭煲5L家用智能预约小型煮饭煲汤5-6人多功能电饭锅,Rice Cooker,96,14.08,https://detail.1688.com/offer/1085509344357.html,included,
1085498442064,kitchen-appliances,电饭煲家用智能预约电饭锅快煮多功能锅不粘锅大容量5L跨境出口,Rice Cooker,15,2.2,https://detail.1688.com/offer/1085498442064.html,included,
1085490426994,kitchen-appliances,包邮电饼铛家用双面加热煎烙饼锅煎饼机加深加大烙饼机新款电其他,Electric Griddle,44,6.45,https://detail.1688.com/offer/1085490426994.html,included,
1085388752867,kitchen-appliances,跨境多功能电饼锅悬浮式电煎锅家用烙饼煎烤料理锅代发0,,70,,https://detail.1688.com/offer/1085388752867.html,held,product-identification-or-relevance-review
1085343793888,kitchen-appliances,正品三角 牌304不锈钢老式电饭锅5-6升无涂层老式电饭煲家用电煮,Rice Cooker,99,,https://detail.1688.com/offer/1085343793888.html,held,already-in-existing-catalogue
1085334281813,kitchen-appliances,美的电饭煲智能5升大容量家用多功能电饭锅4-6人煮饭锅官方正品,Rice Cooker,198,29.03,https://detail.1688.com/offer/1085334281813.html,included,
1085240511787,kitchen-appliances,电饼铛双面加热烙饼锅煎饼加深电饼档加大早餐机多功能家用电饼铛,Electric Griddle,58.55,8.59,https://detail.1688.com/offer/1085240511787.html,included,
1085233011638,kitchen-appliances,美的小型电饭煲电饭锅家用不粘内胆机械YJ308J /YJ408J/YJ508J,Rice Cooker,118,17.3,https://detail.1688.com/offer/1085233011638.html,included,
1085206482613,kitchen-appliances,利仁LR-J3065家用电饼铛烤饼机双面烙饼锅煎饼机三明治机电煎锅煎,Electric Griddle,68,9.97,https://detail.1688.com/offer/1085206482613.html,included,
1085184163690,kitchen-appliances,美的电饭锅3升家用电饭煲一级能效0氟含钛青瓷内胆IH加热智能预约,Rice Cooker,230,33.72,https://detail.1688.com/offer/1085184163690.html,included,
1085129749328,kitchen-appliances,厂家直销家用快速炉全自动上水电磁炉泡茶台三合一电热烧水壶一体,Electric Kettle,76,11.14,https://detail.1688.com/offer/1085129749328.html,included,
1085121920754,kitchen-appliances,大号电饼铛家用加大加深双面加热烙饼锅不粘锅煎烤薄饼机饼档代发,Electric Griddle,120.94,17.73,https://detail.1688.com/offer/1085121920754.html,included,
1085088954262,kitchen-appliances,电饼铛家用煎烤烙薄饼机烙饼锅双面加热加大加深电饼档早餐机大号,Electric Griddle,84.65,12.41,https://detail.1688.com/offer/1085088954262.html,included,
1085083124406,kitchen-appliances,家用直饮净水器自来水龙头过滤器厨房净水机6级超滤过滤净水,,106.25,,https://detail.1688.com/offer/1085083124406.html,held,product-identification-or-relevance-review
1085070004901,kitchen-appliances,不锈钢净水器家用直饮厨房自来水龙头过滤器七级超滤净水机代发,,323.3,,https://detail.1688.com/offer/1085070004901.html,held,product-identification-or-relevance-review
1085016934109,kitchen-appliances,美的新款钛陶电饼铛家用双面加热可拆洗烙饼锅加深MC-JKC2875,Electric Griddle,230,33.72,https://detail.1688.com/offer/1085016934109.html,included,
1084973413068,kitchen-appliances,宿舍锅多功能小电煮锅家用电锅学生电煮锅煮面迷你电饭煲可拆洗,Rice Cooker,29,4.25,https://detail.1688.com/offer/1084973413068.html,included,
1084855652734,kitchen-appliances,电商货源 30cm 电饼铛 5cm 加深双面加热烙饼烤肉锅活动礼品0,Electric Griddle,73,10.7,https://detail.1688.com/offer/1084855652734.html,included,
1084836916068,kitchen-appliances,净水器家用直饮自来水龙头过滤器厨房净水机农村过滤水器五级超滤,,102.16,,https://detail.1688.com/offer/1084836916068.html,held,product-identification-or-relevance-review
1084812795017,kitchen-appliances,跨境电饭煲家用5L升大容量多功能不沾电饭锅3到4人rice cooker,Rice Cooker,39.8,5.84,https://detail.1688.com/offer/1084812795017.html,included,
1084796606428,kitchen-appliances,电饭煲家用迷你智能预约2-3-4-5人宿舍多功能小型煮饭锅定时工厂,Rice Cooker,65.94,9.67,https://detail.1688.com/offer/1084796606428.html,included,
1084790760611,kitchen-appliances,电饼铛 家用 商用 两用 圆形 多功能 烙饼机 煎饼机 双面加热0,Electric Griddle,69,10.12,https://detail.1688.com/offer/1084790760611.html,included,
1084756780001,kitchen-appliances,悬浮式电饼铛家用双面加热加深不粘烙饼机自动控温煎饼锅批发0,Electric Griddle,69,10.12,https://detail.1688.com/offer/1084756780001.html,included,
1084755356279,kitchen-appliances,加深悬浮电饼铛家用双面不粘烙饼机煎饼锅水煎包煎烤机早餐机0,Electric Griddle,69,10.12,https://detail.1688.com/offer/1084755356279.html,included,
1084737920861,kitchen-appliances,新款智能电饼铛家用双面加热不粘加深烙饼机按键式煎饼锅早餐机8,Electric Griddle,74,10.85,https://detail.1688.com/offer/1084737920861.html,included,
1084688081637,kitchen-appliances,正半球304不锈钢无涂层智能预约多功能电饭煲米汤分离沥水电饭锅,Rice Cooker,128,18.77,https://detail.1688.com/offer/1084688081637.html,included,
1084687094745,kitchen-appliances,美的电饼铛JKE3062家用加深煎饼薄饼机不粘烙饼锅深盘电煎锅火锅,Electric Griddle,119,17.45,https://detail.1688.com/offer/1084687094745.html,included,
1084681033761,kitchen-appliances,净水机净化器自来水过滤器直饮超滤农村前置厨房滤水器家用净水器,,93,,https://detail.1688.com/offer/1084681033761.html,held,product-identification-or-relevance-review
1084610307036,kitchen-appliances,利仁电饼铛烙饼锅家用双面加深加大煎烤机煎饼机早餐机烤其他联保,Electric Griddle,100,14.66,https://detail.1688.com/offer/1084610307036.html,included,
1084601691461,kitchen-appliances,利仁 LR-D3529电饼铛深盘双盘可拆卸烙饼机煎烤机中规其他,Electric Griddle,118,17.3,https://detail.1688.com/offer/1084601691461.html,included,
1084596758671,kitchen-appliances,电饭煲智能米汤分离3-5L控糖家用多功能快速煮饭沥水沥米饭电饭锅,Rice Cooker,112.75,16.53,https://detail.1688.com/offer/1084596758671.html,included,
1084501550294,kitchen-appliances,美的电饼铛MC-JKC3051家用煎烤机烙饼锅三明治早餐机蒸汽烤盘悬浮,Electric Griddle,92,13.49,https://detail.1688.com/offer/1084501550294.html,included,
1084500703303,kitchen-appliances,美的电饭煲4/5L大容量电饭锅新款多功能预约煲汤煮粥煮饭锅全自动,Rice Cooker,158,23.17,https://detail.1688.com/offer/1084500703303.html,included,
1084500567715,kitchen-appliances,Apixintl安本素电饭煲家用小型3L智能迷你3到4人多功能微压电饭锅,Rice Cooker,159,23.31,https://detail.1688.com/offer/1084500567715.html,included,
1084481707050,kitchen-appliances,美的电饼铛家用早餐机双面加热加深加大煎饼锅智能 30Easy103,Electric Griddle,78,11.44,https://detail.1688.com/offer/1084481707050.html,included,
1084396335805,kitchen-appliances,多功能全自动小电煮锅煲汤电饭锅煮饭煮粥智能小型电饭煲家用宿舍,Rice Cooker,22,3.23,https://detail.1688.com/offer/1084396335805.html,included,
1084289772340,kitchen-appliances,商用电磁炉大锅灶大功率牛羊肉汤锅食堂电炒锅饭店工厂学校爆炒灶,Induction Hob,1561.95,229.03,https://detail.1688.com/offer/1084289772340.html,included,
1084270162395,kitchen-appliances,RAF欧规新款电饼铛家用双面加热煎饼薄饼机悬浮式加深加大烙饼锅,Electric Griddle,51.68,7.58,https://detail.1688.com/offer/1084270162395.html,included,
1084175819154,kitchen-appliances,小型电饭锅家用3到4人新款多功能电压力锅大容量智能电饭煲批发厂,Rice Cooker,43,6.3,https://detail.1688.com/offer/1084175819154.html,included,
1084126013053,kitchen-appliances,小熊早餐机三明治早餐机多士炉可拆煎饼锅电饼铛轻食机 DSL-C10M1,Bread Appliance,319,46.77,https://detail.1688.com/offer/1084126013053.html,included,
1084116867898,kitchen-appliances,美的电饼铛家用不锈钢涂层双面加热加深可拆洗煎饼烙饼电饼锅新款,Electric Griddle,294,43.11,https://detail.1688.com/offer/1084116867898.html,included,
1084081145799,kitchen-appliances,七级不锈钢直饮净水器家用厨房自来水龙头过滤器超滤磁化水机批发,,323.3,,https://detail.1688.com/offer/1084081145799.html,held,product-identification-or-relevance-review
1084024402016,kitchen-appliances,电饭煲 4升陶瓷油内胆 上蒸下煮防溢快沸 DFB-B40Z9,Rice Cooker,209,30.65,https://detail.1688.com/offer/1084024402016.html,included,
1084016907992,kitchen-appliances,电压力锅家用智能小型多功能迷你高压锅5-6人煲汤煮饭电饭锅,Rice Cooker,103.1,15.12,https://detail.1688.com/offer/1084016907992.html,included,
1083976566643,kitchen-appliances,平底涂层插电电饼铛家用不锈钢电煎锅煎电锅包烙饼锅电热无电烤锅,Electric Griddle,93,13.64,https://detail.1688.com/offer/1083976566643.html,included,
1083883671996,kitchen-appliances,跨境电饭煲5L大容量不粘智能预约多功能家用3一4人电饭锅批发,Rice Cooker,42.8,6.28,https://detail.1688.com/offer/1083883671996.html,included,
1083858661735,kitchen-appliances,大口径加深电饼铛悬浮双面加热不粘内胆多功能电煎锅厂家0,Electric Griddle,70,10.26,https://detail.1688.com/offer/1083858661735.html,included,
1083831243460,kitchen-appliances,正半球商用电饭锅大容量15L40人饭店超大酒店不粘电饭煲批发10升,Rice Cooker,288,,https://detail.1688.com/offer/1083831243460.html,held,already-in-existing-catalogue
1083818805578,kitchen-appliances,家用不粘电饼铛黑金手柄双面加热悬浮加深煎饼煎烤锅0,Electric Griddle,69,10.12,https://detail.1688.com/offer/1083818805578.html,included,
1083740204010,kitchen-appliances,利仁电饼铛LR-XGR3097W,Electric Griddle,389,57.04,https://detail.1688.com/offer/1083740204010.html,included,
1083738682355,kitchen-appliances,电饼铛双面加热烙饼锅煎饼加深电饼档加大早餐机多功能家用电饼铛,Electric Griddle,59.74,8.76,https://detail.1688.com/offer/1083738682355.html,included,
1083735602905,kitchen-appliances,新款大号电饼铛加大加深家用多功能双面加热煎烤烙饼锅薄饼机饼档,Electric Griddle,101.3,14.85,https://detail.1688.com/offer/1083735602905.html,included,
1083730693218,kitchen-appliances,大号电饼铛家用加深加大双面不粘烙饼锅煎饼机煎包锅商用薄饼8,Electric Griddle,73,10.7,https://detail.1688.com/offer/1083730693218.html,included,
1083660719403,kitchen-appliances,正半球家用电饭煲米汤分离2-8人316钢多功能预约定时智能小电饭锅,Rice Cooker,89.9,13.18,https://detail.1688.com/offer/1083660719403.html,included,
1083621386964,kitchen-appliances,2电饭锅蒸煮人多功能小型迷你陶瓷电饭煲家用1预约迷你一宿舍,Rice Cooker,64,9.38,https://detail.1688.com/offer/1083621386964.html,included,
1083532701304,kitchen-appliances,CE UL FCC ROHS FCM面包机华夫饼机三明治机汉堡机烤肉机电饼铛,Bread Appliance,15.9,2.33,https://detail.1688.com/offer/1083532701304.html,included,
1083520741351,kitchen-appliances,批发豪华款家用多功能电饼铛双面加热悬浮煎烤锅烙饼煎饼机8,Electric Griddle,77,11.29,https://detail.1688.com/offer/1083520741351.html,included,
1083513161833,kitchen-appliances,加深加大款电饼铛家用双面加热电烙饼锅不粘烤盘多功能煎烤机8,Electric Griddle,78,11.44,https://detail.1688.com/offer/1083513161833.html,included,
1083495072801,kitchen-appliances,110V美规欧规6孔甜甜圈机全自动迷你双面加热电饼铛早餐机蛋糕机,Electric Griddle,35,5.13,https://detail.1688.com/offer/1083495072801.html,included,
1083489937784,kitchen-appliances,加深电饼锅 悬浮式电煎锅烤肉锅水煎包煎饼机一件代发0,,70,,https://detail.1688.com/offer/1083489937784.html,held,product-identification-or-relevance-review
1083488217955,kitchen-appliances,新款加深电饼锅 电饼铛可拆卸烤盘电煎锅水煎包披萨机一件代发8,Electric Griddle,69,10.12,https://detail.1688.com/offer/1083488217955.html,included,
1083488217757,kitchen-appliances,家用多功能电饼铛 双面加热不粘煎烤机烙饼锅披萨机礼品批发0,Electric Griddle,70,10.26,https://detail.1688.com/offer/1083488217757.html,included,
1083484652877,kitchen-appliances,taoqibaby宝宝bb微压煲煮米油神器辅食电炖汤锅婴儿小电饭锅熬粥,Rice Cooker,129.9,19.05,https://detail.1688.com/offer/1083484652877.html,included,
1083482260124,kitchen-appliances,烤饼机12寸大尺寸薄饼机欧规英规澳规蛋饼铛可调温控烤肉机电饼铛,Electric Griddle,55,8.06,https://detail.1688.com/offer/1083482260124.html,included,
1083474984191,kitchen-appliances,大号电饼铛家用加大加深悬浮式双面加热电饼档煎薄饼机烙饼锅,Electric Griddle,107.61,15.78,https://detail.1688.com/offer/1083474984191.html,included,
1083473517669,kitchen-appliances,olayks立时OLK-30L电饭煲家用多功能3升小型蒸笼电饭锅3到4到5人,Rice Cooker,242,35.48,https://detail.1688.com/offer/1083473517669.html,included,
1083426379660,kitchen-appliances,DSP/丹松 厨师机多功能家用厨房电动打蛋器10升打发奶油和面机,Stand Mixer,607,89.0,https://detail.1688.com/offer/1083426379660.html,included,
1083426170393,kitchen-appliances,净水器家用直饮纯水净水机过滤器自来水ro反渗透75g100G纯水机,,359,,https://detail.1688.com/offer/1083426170393.html,held,product-identification-or-relevance-review
1083315709076,kitchen-appliances,智能煎蛋锅蒸蛋器电饼铛家用电煎锅煮蛋电热锅不粘内胆电蒸锅跨境,Electric Cooking Pot,19.19,2.81,https://detail.1688.com/offer/1083315709076.html,included,
1083311646447,kitchen-appliances,复古黑金电饼锅加深不粘烙饼锅涮烤一体电煎锅礼品批发0,,70,,https://detail.1688.com/offer/1083311646447.html,held,product-identification-or-relevance-review
1083241524081,kitchen-appliances,先科电饼铛加大加深家用电饼铛多功能煎饼机双面加深悬浮式烙饼机,Electric Griddle,49.8,7.3,https://detail.1688.com/offer/1083241524081.html,included,
1083149307686,kitchen-appliances,燃气煎包炉水煎包锅商用摆摊可旋转煎饺机生煎包锅贴电饼铛烙饼机,Electric Griddle,261.3,38.31,https://detail.1688.com/offer/1083149307686.html,included,
1083096419324,kitchen-appliances,迷你多功能宿舍不粘锅电饭煲用蒸煮小型人2一人人家小电饭锅一体1,Rice Cooker,30,4.4,https://detail.1688.com/offer/1083096419324.html,included,
1083093983458,kitchen-appliances,电煎锅涂层平底电锅无电热包电烤锅煎烙饼锅不锈钢电饼铛家用插电,Electric Griddle,93,13.64,https://detail.1688.com/offer/1083093983458.html,included,
1083052685633,kitchen-appliances,美的电饭煲0涂层家用大容量智能预约多功能不锈钢电饭锅MB-RE476S,Rice Cooker,179,26.25,https://detail.1688.com/offer/1083052685633.html,included,
1083038386352,kitchen-appliances,家用净水器直饮机超滤机厨房自来水过滤器净化器滤水器净水机,,94.07,,https://detail.1688.com/offer/1083038386352.html,held,product-identification-or-relevance-review
1083027577452,kitchen-appliances,美的电饭煲电饭锅家用5L大容量IH电磁加热一级能效智能煮粥锅煮饭,Rice Cooker,358,52.49,https://detail.1688.com/offer/1083027577452.html,included,
1083018918647,kitchen-appliances,家用电饼铛双面加热加深悬浮烤肉煎蛋不粘烙饼煎烤盘早餐机电饼档,Electric Griddle,109.72,16.09,https://detail.1688.com/offer/1083018918647.html,included,
1083012198846,kitchen-appliances,可调温电饼铛大号家用煎烤薄饼机烙饼锅双面加热电饼档加深早餐机,Electric Griddle,103.25,15.14,https://detail.1688.com/offer/1083012198846.html,included,
1082964874636,kitchen-appliances,电饼铛家用双面加热电煎锅煎饼机烙烤档煎烤一体少烟不沾锅批发,Electric Griddle,96.37,14.13,https://detail.1688.com/offer/1082964874636.html,included,
1082933100627,kitchen-appliances,三明治机三合一家用华夫饼机电饼铛多功能牛排机早餐机立体加热,Electric Griddle,83,12.17,https://detail.1688.com/offer/1082933100627.html,included,
1082786966403,kitchen-appliances,家用煎烤机 30CM 电饼铛 1300W 大功率加深不粘烙饼烤肉锅0,Electric Griddle,73,10.7,https://detail.1688.com/offer/1082786966403.html,included,
1082779635589,kitchen-appliances,乐视电饼铛家用双面加热煎饼烙饼锅加大加深新款电饼档官方正品,Electric Griddle,66,9.68,https://detail.1688.com/offer/1082779635589.html,included,
1082776966771,kitchen-appliances,悬浮式电饼铛 30CM 5cm 加深家用双面加热不粘煎烤机0,Electric Griddle,73,10.7,https://detail.1688.com/offer/1082776966771.html,included,
1082757951800,kitchen-appliances,先科加深电饼铛家用厨房双面加热烙饼机多功能不粘电饼铛礼品批发,Electric Griddle,49.8,7.3,https://detail.1688.com/offer/1082757951800.html,included,
1082748846931,kitchen-appliances,家用悬浮电饼铛双面加热加深烤盘不粘电烙饼锅煎饺烤肉锅0,Electric Griddle,69,10.12,https://detail.1688.com/offer/1082748846931.html,included,
1082735835428,kitchen-appliances,预约智能陶瓷迷你电饭锅多功能蒸煮电饭煲家用小型宿舍,Rice Cooker,45,6.6,https://detail.1688.com/offer/1082735835428.html,included,
1082735791410,kitchen-appliances,小电饭煲上班族家用一体一体人迷你小电锅多功能学生党宿舍其他,Rice Cooker,45,6.6,https://detail.1688.com/offer/1082735791410.html,included,
1082734303548,kitchen-appliances,多功能蒸煮电饭煲家用迷你电饭锅老式大容量小型老款家用,Rice Cooker,95,13.93,https://detail.1688.com/offer/1082734303548.html,included,
1082699110058,kitchen-appliances,美的智能电饭煲家用5L大容量预约多功能蒸煮一体电饭锅RE578,Rice Cooker,149,21.85,https://detail.1688.com/offer/1082699110058.html,included,
1082676497660,kitchen-appliances,小熊DFB-C16Q1电饭煲微压快煮饭升级钛陶耐磨不粘内胆小型米饭锅,Rice Cooker,175,25.66,https://detail.1688.com/offer/1082676497660.html,included,
1082536875273,kitchen-appliances,西屋电饭煲WRC04A9纯钛多功能不粘钛内胆家用电饭锅蒸饭煮饭锅,Rice Cooker,699,,https://detail.1688.com/offer/1082536875273.html,held,already-in-existing-catalogue
1082482606575,kitchen-appliances,智能控温电饼铛家用 双面加热不粘烙饼锅加深煎饼机全自动薄饼机8,Electric Griddle,78,11.44,https://detail.1688.com/offer/1082482606575.html,included,
1082474686890,kitchen-appliances,商用电饼铛双面加热加深不粘烙饼锅摆摊煎饼机大型薄饼档0,Electric Griddle,69,10.12,https://detail.1688.com/offer/1082474686890.html,included,
1082465966208,kitchen-appliances,正半球多功能电饭煲家用智能沥米饭蒸煮电饭锅不粘锅预约球形内胆,Rice Cooker,53,7.77,https://detail.1688.com/offer/1082465966208.html,included,
1082458823068,kitchen-appliances,美的电饭煲0涂层IH无涂层4L大容量316L不锈钢蜂窝内胆家用智能,Rice Cooker,309,45.31,https://detail.1688.com/offer/1082458823068.html,included,
1082434322877,kitchen-appliances,悬浮加深电饼铛 多功能电煎锅煎饼烤肉锅会销礼品现货0,Electric Griddle,70,10.26,https://detail.1688.com/offer/1082434322877.html,included,
1082411413166,kitchen-appliances,膳魔师（THERMOS）电饭煲电饭锅0涂层钛内胆多功能电煮锅 3L,Rice Cooker,739,108.36,https://detail.1688.com/offer/1082411413166.html,included,
1082216825570,kitchen-appliances,欧规英规多功能三明治面包机 家用煎烤电饼铛早餐机牛排机吐司机,Bread Appliance,45,6.6,https://detail.1688.com/offer/1082216825570.html,included,
1082203077524,kitchen-appliances,正半球电热智能电饭煲2到3人带预约定时功能电煮锅工厂直销,Rice Cooker,33.9,4.97,https://detail.1688.com/offer/1082203077524.html,included,
1082168831372,kitchen-appliances,家用直饮龙头净水器厨房自来水井水前置过滤器可手洗滤芯净水机,,83.68,,https://detail.1688.com/offer/1082168831372.html,held,product-identification-or-relevance-review
1082160723611,kitchen-appliances,净水器家用母婴直饮超滤矿物质净水机厨房自来水水龙头过滤器跨境,,176.15,,https://detail.1688.com/offer/1082160723611.html,held,product-identification-or-relevance-review
1082140163897,kitchen-appliances,控糖电饭煲 陶瓷釉智能电煮锅 多功能蒸煮一体炒锅可煮糖饭可拆洗,Rice Cooker,71.07,10.42,https://detail.1688.com/offer/1082140163897.html,included,
1082131739445,kitchen-appliances,大号电饼铛双面加热家用煎烤薄饼机加深电饼档悬浮烙饼烤肉锅新品,Electric Griddle,121.07,17.75,https://detail.1688.com/offer/1082131739445.html,included,
1082131711821,kitchen-appliances,大号电饼铛家用加大加深双面加热悬浮式不粘锅烙饼锅煎烤机薄饼机,Electric Griddle,120.94,17.73,https://detail.1688.com/offer/1082131711821.html,included,
1082118299064,kitchen-appliances,大号电饼铛档家用加深悬浮式双面加热早餐机煎烤烙饼锅薄饼机批发,Electric Griddle,121.07,17.75,https://detail.1688.com/offer/1082118299064.html,included,
1082105267105,kitchen-appliances,电饼铛家用煎烤烙薄饼机烙饼锅双面加热加大加深电饼档早餐机大号,Electric Griddle,95.56,14.01,https://detail.1688.com/offer/1082105267105.html,included,
1082090685422,kitchen-appliances,苏泊尔SF40HC2930电饭煲,Rice Cooker,390,57.18,https://detail.1688.com/offer/1082090685422.html,included,
1082068891587,kitchen-appliances,新款电饼铛家用加深大号双面加热悬浮式煎烤烙饼锅薄饼机饼铛代发,Electric Griddle,121.07,17.75,https://detail.1688.com/offer/1082068891587.html,included,
1082067316046,kitchen-appliances,美的电饭煲MB-4E06R家用多功能智能预约4升大容量电饭锅米饭锅,Rice Cooker,199,29.18,https://detail.1688.com/offer/1082067316046.html,included,
1082052060187,kitchen-appliances,跨境美规蛋包机披萨机蛋堡机家用烙饼机煎饼机早餐鸡蛋饼机电饼铛,Electric Griddle,52,7.62,https://detail.1688.com/offer/1082052060187.html,included,
1082047784288,kitchen-appliances,跨境家用早餐蛋卷机 冰淇淋卷筒机 电饼铛薄饼机 冰淇淋皮春卷机,Electric Griddle,59,8.65,https://detail.1688.com/offer/1082047784288.html,included,
1082041140702,kitchen-appliances,跨境30cm大盘面摊饼机薄饼机  可调节温度电饼铛鸡蛋煎饼机烤肉机,Electric Griddle,69,10.12,https://detail.1688.com/offer/1082041140702.html,included,
1082021908792,kitchen-appliances,跨境多功能早餐机电饼铛 家用双面加热饼干机华夫饼机蛋糕圆饼机,Electric Griddle,68,9.97,https://detail.1688.com/offer/1082021908792.html,included,
1082021228157,kitchen-appliances,欧规多功能薄饼机 卷饼机烙饼煎饼机电烤盘电饼铛PANCAKE MAKER,Electric Griddle,55,8.06,https://detail.1688.com/offer/1082021228157.html,included,
1081952984274,kitchen-appliances,美的（Midea）电饭煲智能多功能 2L  IH电磁加热 MB-CFB2050H,Rice Cooker,699,102.49,https://detail.1688.com/offer/1081952984274.html,included,
1081897884277,kitchen-appliances,美的电饭煲4升家用0涂层多功能不锈钢无涂层电饭锅3-4人MB-RE487S,Rice Cooker,257.86,37.81,https://detail.1688.com/offer/1081897884277.html,included,
1081886285965,kitchen-appliances,迷你电饭煲1-2人3人小型智能定时多功能家用蒸煮电饭锅快速煮粥锅,Rice Cooker,99.4,14.57,https://detail.1688.com/offer/1081886285965.html,included,
1081829683349,kitchen-appliances,黑金电饼铛家用双面加热悬浮加深不粘煎烤机烙饼锅早餐机0,Electric Griddle,69,10.12,https://detail.1688.com/offer/1081829683349.html,included,
1081815755856,kitchen-appliances,黑金款多功能电饼铛家用 双面加热煎烤机 加深烙饼锅礼品批发8,Electric Griddle,73,10.7,https://detail.1688.com/offer/1081815755856.html,included,
1081809795989,kitchen-appliances,电饼铛 家用 加深 烤盘 烙饼机 不粘 涂层 早餐机 现货 0,Electric Griddle,69,10.12,https://detail.1688.com/offer/1081809795989.html,included,
1081781899454,kitchen-appliances,大容量电饼铛家用加深加大双面不粘烙饼锅煎饼机水煎包煎烤机0,Electric Griddle,69,10.12,https://detail.1688.com/offer/1081781899454.html,included,
1081773667963,kitchen-appliances,跨境电饼铛家用双面加热不粘加深烙饼机煎饼锅外贸薄饼档0,Electric Griddle,69,10.12,https://detail.1688.com/offer/1081773667963.html,included,
1081753396177,kitchen-appliances,110V 美规跨境礼品 智能升降控糖电饭煲全自动米汤分离控糖米饭锅,Rice Cooker,399,58.5,https://detail.1688.com/offer/1081753396177.html,included,
1081752204197,kitchen-appliances,跨境 110V 电饭煲 智能升降电饭煲 米汤分离控糖家用多功能煮饭锅,Rice Cooker,269,39.44,https://detail.1688.com/offer/1081752204197.html,included,
1081749172519,kitchen-appliances,升降式电饭锅家用带蒸笼迷你电饭煲控糖电饭锅米汤分离蒸米饭家用,Rice Cooker,269,39.44,https://detail.1688.com/offer/1081749172519.html,included,
1081717083515,kitchen-appliances,美的0涂层电饭煲家用IH大容量多功能不粘低升糖电饭锅 MB-HS453S,Rice Cooker,829.65,121.65,https://detail.1688.com/offer/1081717083515.html,included,
1081660530123,kitchen-appliances,九阳家用多功能电饭煲4升大容量电饭锅F-40FY33,Rice Cooker,229,33.58,https://detail.1688.com/offer/1081660530123.html,included,
1081631310093,kitchen-appliances,苏泊尔电饼铛JJ30AQ852家用双面独立加热多功能烙饼煎饼机批发,Electric Griddle,83,12.17,https://detail.1688.com/offer/1081631310093.html,included,
1081607447034,kitchen-appliances,新款家用电饼铛双面加热加深不粘烙饼锅悬浮式煎饼机薄饼档0,Electric Griddle,69,10.12,https://detail.1688.com/offer/1081607447034.html,included,
1081603241761,kitchen-appliances,工厂直供批发多功能智能微压锅电饭煲快速烹饪可煲汤炖肉煮粥火锅,Rice Cooker,43,6.3,https://detail.1688.com/offer/1081603241761.html,included,
1081600633899,kitchen-appliances,美的多功能电饭煲新款家用内胆柴火饭电饭锅陶瓷内MB-RA303,Rice Cooker,109,15.98,https://detail.1688.com/offer/1081600633899.html,included,
1081597531011,kitchen-appliances,电饼铛家用 双面加热悬浮烤盘 煎饼锅 煎烤烙炒多功能电锅8,Electric Griddle,77,11.29,https://detail.1688.com/offer/1081597531011.html,included,
1081590143336,kitchen-appliances,电商货源电饼铛家用双面加热加深加大悬浮煎烤烙饼锅送礼礼品8,Electric Griddle,78,11.44,https://detail.1688.com/offer/1081590143336.html,included,
1081552003749,kitchen-appliances,新款黑金电饼铛 带把手多功能煎烤锅家用早餐烙饼机0,Electric Griddle,70,10.26,https://detail.1688.com/offer/1081552003749.html,included,
1081406160104,kitchen-appliances,TIGER/虎牌电饭煲JPV-H10C日本进口压力IH加热电饭锅3L家用2-5人,Rice Cooker,2450,359.24,https://detail.1688.com/offer/1081406160104.html,included,
1081366887838,kitchen-appliances,原味紫砂3L电饭煲家用 0 涂层原矿紫砂内胆智能预约多功能煲汤,Rice Cooker,999,146.48,https://detail.1688.com/offer/1081366887838.html,included,
1081352565833,kitchen-appliances,美的电饼铛家用双面加热可拆洗新款电饼档加深加大多功能烹饪机,Electric Griddle,246,36.07,https://detail.1688.com/offer/1081352565833.html,included,
1081349819256,kitchen-appliances,苏泊尔0涂层纯钛IH电饭煲球釜内胆4L家用2到3到4人2026新款电饭锅,Rice Cooker,388,56.89,https://detail.1688.com/offer/1081349819256.html,included,
1081329060911,kitchen-appliances,美的电饼铛家用双面加热煎饼烙饼锅加深加大电饼档新款官方正品,Electric Griddle,75,11.0,https://detail.1688.com/offer/1081329060911.html,included,
1081305229021,kitchen-appliances,跨境专供华夫机家用四片早餐机厨房家电三明治机电饼铛,Electric Griddle,77,11.29,https://detail.1688.com/offer/1081305229021.html,included,
1081283854589,kitchen-appliances,电火灶大火力节能家用单灶电燃电焰灶台式电生明火定时款电磁炉,Induction Hob,1584,232.26,https://detail.1688.com/offer/1081283854589.html,included,
1081177528933,kitchen-appliances,云夫人商用凹面电磁炉家用大功率3500w新款5000w电炒锅商业电磁灶,Induction Hob,348.3,51.07,https://detail.1688.com/offer/1081177528933.html,included,
1081134278520,kitchen-appliances,不锈钢净水器家用直饮水五级厨房超滤净水机厂家自来水过滤器定制,,257,,https://detail.1688.com/offer/1081134278520.html,held,product-identification-or-relevance-review
1081129136182,kitchen-appliances,南极人微压电饭煲家用电饭锅2到3人迷你小1-2人3到4人小型5到6人,Rice Cooker,72,10.56,https://detail.1688.com/offer/1081129136182.html,included,
1081101680776,kitchen-appliances,便携豆浆机小型免过滤单人直饮榨汁杯全自动破壁机一人食破壁机,Portable Blender,85,12.46,https://detail.1688.com/offer/1081101680776.html,included,
1081063322299,kitchen-appliances,适用美的MB-RE319电饭煲家用3L电饭锅3-4人智能预约煮饭柴火饭,Rice Cooker,90,13.2,https://detail.1688.com/offer/1081063322299.html,included,
1080887282759,kitchen-appliances,电饼铛双面加热烙饼锅煎饼加深电饼档加大早餐机多功能家用电饼铛,Electric Griddle,65.49,9.6,https://detail.1688.com/offer/1080887282759.html,included,
1080874433735,kitchen-appliances,美的 迷你电饭煲家用 小型电饭锅多功能 一人食煮饭锅 MB‑RC203L,Rice Cooker,257.86,37.81,https://detail.1688.com/offer/1080874433735.html,included,
1080873114579,kitchen-appliances,正半球电饭煲家用5L大容量老式机械电饭锅6人以上球釜内胆快速饭,Rice Cooker,39.9,5.85,https://detail.1688.com/offer/1080873114579.html,included,
1080852758583,kitchen-appliances,美的电饭煲1.2L家用小1-2人多功能3迷你小型单一人食快煮智能饭锅,Rice Cooker,109,15.98,https://detail.1688.com/offer/1080852758583.html,included,
1080811031652,kitchen-appliances,正半球电饭煲家用2-3人小型 企业福利礼品采购 支持丝印logo,Rice Cooker,33.9,4.97,https://detail.1688.com/offer/1080811031652.html,included,
1080760939357,kitchen-appliances,利仁电饼铛LR-XGR3097W,Electric Griddle,389,57.04,https://detail.1688.com/offer/1080760939357.html,included,
1080747785205,kitchen-appliances,智能升降控糖电饭煲米汤分离全自动沥米饭蒸煮多功能电饭锅,Rice Cooker,269,39.44,https://detail.1688.com/offer/1080747785205.html,included,
1080747465072,kitchen-appliances,家用控糖电饭煲升降米汤分离式全自动沥米饭电饭锅蒸饭神器蒸米饭,Rice Cooker,399,58.5,https://detail.1688.com/offer/1080747465072.html,included,
1080736145941,kitchen-appliances,升降电饭煲家用4L全智能控糖电饭锅米汤分离蒸饭不锈钢内胆多用途,Rice Cooker,299,43.84,https://detail.1688.com/offer/1080736145941.html,included,
1080724164279,kitchen-appliances,美的电饭煲智能IH无涂层4L升家用0涂层316内胆不锈钢电饭锅HC459S,Rice Cooker,325,47.65,https://detail.1688.com/offer/1080724164279.html,included,
1080717524780,kitchen-appliances,美的电饭煲1.2升家用智能电饭锅多功能宿舍旅行电煮锅六大功能,Rice Cooker,106,15.54,https://detail.1688.com/offer/1080717524780.html,included,
1080676078098,kitchen-appliances,跨境可手洗不锈钢超滤净水器井水过滤器商用大流量全屋家用净水器,,105,,https://detail.1688.com/offer/1080676078098.html,held,product-identification-or-relevance-review
1080658686188,kitchen-appliances,正半球智能柴火饭电饭锅1.6L陶瓷釉内胆电饭锅家用小2人工厂批发,Rice Cooker,25.3,3.71,https://detail.1688.com/offer/1080658686188.html,included,
1080560158419,kitchen-appliances,美的电饭煲小容量一人食迷你家用学生宿舍煮饭-人食官方MB-JE121,Rice Cooker,98,14.37,https://detail.1688.com/offer/1080560158419.html,included,
1080551680978,kitchen-appliances,电饼铛家用双面加热加深煎饼烙饼机大口径大功率商用大号40直发,Electric Griddle,155.52,22.8,https://detail.1688.com/offer/1080551680978.html,included,
1080548210325,kitchen-appliances,泉派RO反渗透净水器家用600G/800G直饮机智能TDS显示无桶厨房净水,,780,,https://detail.1688.com/offer/1080548210325.html,held,product-identification-or-relevance-review
1080533835708,kitchen-appliances,taoqibaby宝宝bb煲煮米油神器辅食炖汤锅婴儿专用微压电饭锅熬粥,Rice Cooker,146.57,21.49,https://detail.1688.com/offer/1080533835708.html,included,
1080530779613,kitchen-appliances,美的电饭煲政府补贴家用迷你小型电饭锅2-3到4人官方旗舰2026新款,Rice Cooker,113.5,,https://detail.1688.com/offer/1080530779613.html,held,already-in-existing-catalogue
1080523423140,kitchen-appliances,电饼铛家用智能双面加热加深加大新款不沾煎烙烤饼锅煎饼机,Electric Griddle,85.26,12.5,https://detail.1688.com/offer/1080523423140.html,included,
1080515623204,kitchen-appliances,加大加深特厚电饼档煎饼锅双面加热煎烤机早餐机煎烙烤饼锅电饼铛,Electric Griddle,82.71,12.13,https://detail.1688.com/offer/1080515623204.html,included,
1080509115901,kitchen-appliances,加大加深特厚电饼档煎饼锅双面加热煎烤机早餐机煎烙烤饼锅电饼铛,Electric Griddle,72.02,10.56,https://detail.1688.com/offer/1080509115901.html,included,
1080507075744,kitchen-appliances,家用电饼铛多功能加深煎饼锅双面加热煎烤机自动控温烙烤饼锅,Electric Griddle,80.78,11.84,https://detail.1688.com/offer/1080507075744.html,included,
1080502254794,kitchen-appliances,先科5L智能电饭煲家用大容量3-4人多功能可预约电饭锅小型不粘锅,Rice Cooker,68.8,10.09,https://detail.1688.com/offer/1080502254794.html,included,
1080485631644,kitchen-appliances,电饼铛双面加热烙饼锅煎饼加深电饼档加大早餐机多功能家用电饼铛,Electric Griddle,57.95,8.5,https://detail.1688.com/offer/1080485631644.html,included,
1080476515228,kitchen-appliances,多功能电饼铛家用定时华夫饼机鸡蛋仔机蛋卷三明治早餐机,Electric Griddle,115.8,16.98,https://detail.1688.com/offer/1080476515228.html,included,
1080384108960,kitchen-appliances,正半球商用大容量电饭煲餐厅厨房酒店加厚不粘锅微压精煮三维立体,Rice Cooker,178,26.1,https://detail.1688.com/offer/1080384108960.html,included,
1080381485642,kitchen-appliances,四孔煎蛋锅鸡蛋肉堡插电汉堡机器平底不粘锅电饼铛家用早餐蛋饺锅,Electric Griddle,33.13,4.86,https://detail.1688.com/offer/1080381485642.html,included,
1080330354995,kitchen-appliances,九阳电饼铛JK30-GK119家用多功能双面加热薄饼机早餐烙饼礼品集采,Electric Griddle,80,11.73,https://detail.1688.com/offer/1080330354995.html,included,
1080326478175,kitchen-appliances,不锈钢电饼铛加深加大多功能电煎锅家用平底烙饼锅蜂窝不粘锅煎烤,Electric Griddle,87.71,12.86,https://detail.1688.com/offer/1080326478175.html,included,
1080314169975,kitchen-appliances,美的电饼铛双面加热家用煎饼锅煎烤薄饼机烙饼锅全自动官方料理机,Blender,88,12.9,https://detail.1688.com/offer/1080314169975.html,included,
1080297709216,kitchen-appliances,电煮锅小家电出口日本美国加拿大多功能家用煮面电火锅煎炒锅批发,Electric Cooking Pot,13,1.91,https://detail.1688.com/offer/1080297709216.html,included,
1080297528127,kitchen-appliances,美的MB-RA477电饭煲家用4L大容量智能预约不粘快速香煮甜饭银灰色,Rice Cooker,130,19.06,https://detail.1688.com/offer/1080297528127.html,included,
1080291108659,kitchen-appliances,2026新披萨机加热电饼铛家用披萨烤炉煎烤机烤箱220V欧规跨境,Electric Griddle,216,31.67,https://detail.1688.com/offer/1080291108659.html,included,
1080272090685,kitchen-appliances,RAF跨境欧规洗碗机家用小型全自动台式大容量家用厨房电器,,999,,https://detail.1688.com/offer/1080272090685.html,held,product-identification-or-relevance-review
1080235650944,kitchen-appliances,七彩叮当分体电饭煲IH智能家用多功能迷你小型1一2人带蒸煮电饭锅,Rice Cooker,200,29.33,https://detail.1688.com/offer/1080235650944.html,included,
1080170320143,kitchen-appliances,食品级304不锈钢电饭煲3-4-5-9人家用电饭锅老式大容量2-3-4-5-6L,Rice Cooker,49,7.18,https://detail.1688.com/offer/1080170320143.html,included,
1080031468318,kitchen-appliances,Midea/美的电饭煲家用3L升大容量电饭锅煮饭锅旗舰MB-AFB3061,Rice Cooker,110,16.13,https://detail.1688.com/offer/1080031468318.html,included,
1080020386470,kitchen-appliances,电饼铛家用双面加热加深加大多功能电饼档煎饼锅薄饼机烙饼锅新款,Electric Griddle,85.41,12.52,https://detail.1688.com/offer/1080020386470.html,included,
1080010809838,kitchen-appliances,自来水过滤器家用净水器厨房水龙头自来水净化水滤水器前置过滤器,,14,,https://detail.1688.com/offer/1080010809838.html,held,product-identification-or-relevance-review
1079985611981,kitchen-appliances,美的MB-RE473电饭煲11大菜单家用智能多功能预约大火力米饭锅4L升,Rice Cooker,136,19.94,https://detail.1688.com/offer/1079985611981.html,included,
1079918714457,kitchen-appliances,ORVICA跨境欧规三明治机多功能厨房家用便捷十二合一华夫饼早餐机,Sandwich Maker,165,24.19,https://detail.1688.com/offer/1079918714457.html,included,
1079868136136,kitchen-appliances,好夫人小型微压沥米煮饭锅迷你电饭煲家用1-2人不粘锅煲汤电煮锅,Rice Cooker,84,12.32,https://detail.1688.com/offer/1079868136136.html,included,
1079850363548,kitchen-appliances,迷你智能电饭煲家用小型触控预约电饭锅多功能电饭煲源头批发,Rice Cooker,62,9.09,https://detail.1688.com/offer/1079850363548.html,included,
1079832730284,kitchen-appliances,美的电饭煲家用新款大容量不粘智能多功能老式电煲锅 MB-AFB5058R,Rice Cooker,257.86,37.81,https://detail.1688.com/offer/1079832730284.html,included,
1079694294171,kitchen-appliances,米汤分离电饭煲控糖款家用多功能全自动升降电饭煲米汤分离蒸饭锅,Rice Cooker,269,39.44,https://detail.1688.com/offer/1079694294171.html,included,
1079694294079,kitchen-appliances,升降电饭煲家用4L全智能控糖电饭锅米汤分离蒸饭不锈钢内胆多用途,Rice Cooker,299,43.84,https://detail.1688.com/offer/1079694294079.html,included,
1079694294022,kitchen-appliances,110V 美规跨境专供 智能升降控糖电饭煲全自动米汤分离祛糖电饭锅,Rice Cooker,299,43.84,https://detail.1688.com/offer/1079694294022.html,included,
1079692870315,kitchen-appliances,新款智能升降控糖电饭煲米汤分离全自动沥米饭锅过滤糖分蒸饭器,Rice Cooker,399,58.5,https://detail.1688.com/offer/1079692870315.html,included,
1079692870109,kitchen-appliances,110V240电压控糖电饭煲升降米汤分离式全自动沥米饭电饭锅蒸饭神,Rice Cooker,299,43.84,https://detail.1688.com/offer/1079692870109.html,included,
1079688570648,kitchen-appliances,220V 欧规外贸出口智能升降米汤分离电饭煲 家用控糖分养生煮饭锅,Rice Cooker,269,39.44,https://detail.1688.com/offer/1079688570648.html,included,
1079686614525,kitchen-appliances,控糖电饭煲升降式米汤分离智能沥水煮饭锅 过滤蒸煮多功能电饭煲,Rice Cooker,269,39.44,https://detail.1688.com/offer/1079686614525.html,included,
1079683662680,kitchen-appliances,升降式控糖电饭煲米汤分离全自动多功能蒸煮炖涮锅捞米饭蒸锅,Rice Cooker,269,39.44,https://detail.1688.com/offer/1079683662680.html,included,
1079669751251,kitchen-appliances,正品大容量8L10L18L23L45L老式大电饭锅多功能商用食堂饭店8-60人,Rice Cooker,66.87,9.8,https://detail.1688.com/offer/1079669751251.html,included,
1079573618125,kitchen-appliances,美的电饭煲4升0涂层电饭锅家用智能米汤分离沥316L多功能微压,Rice Cooker,230,33.72,https://detail.1688.com/offer/1079573618125.html,included,
1079536360696,kitchen-appliances,智能家用电饭煲预约定时小型煮饭蒸煮迷你煲汤多功能电饭锅,Rice Cooker,42.37,6.21,https://detail.1688.com/offer/1079536360696.html,included,
1079387709329,kitchen-appliances,老式电饭煲家用大容量2l-6升电饭锅迷你蒸米饭锅3-4人柴火饭,Rice Cooker,45.64,6.69,https://detail.1688.com/offer/1079387709329.html,included,
1079382245028,kitchen-appliances,美的不锈钢电饼铛家用双面加热多2026年新款MC-JKC3038-SE2,Electric Griddle,190,27.86,https://detail.1688.com/offer/1079382245028.html,included,
1079349445417,kitchen-appliances,源头厂家台式净饮机RO反渗净水器家用多功能母婴直饮机定制OEM,,85,,https://detail.1688.com/offer/1079349445417.html,held,product-identification-or-relevance-review
1079181292871,kitchen-appliances,美的电饭煲飞快系列家用4L不粘锅快速煮饭柴火饭电饭锅TQ453SZ,Rice Cooker,218,31.96,https://detail.1688.com/offer/1079181292871.html,included,
1079161347158,kitchen-appliances,110V智能台式洗碗机家用小型全自动消毒烘干桌面免安装刷碗机,,480,,https://detail.1688.com/offer/1079161347158.html,held,product-identification-or-relevance-review
1079077595882,kitchen-appliances,商用电饼铛双面加热大型饼铛烤饼炉煎饼机烙饼千层饼酱香饼烤饼机,Electric Griddle,479.72,70.34,https://detail.1688.com/offer/1079077595882.html,included,
1079061501930,kitchen-appliances,美规110V欧规三明治机华夫饼家用轻食早餐机电饼铛吐司面包烘焙机,Electric Griddle,33,4.84,https://detail.1688.com/offer/1079061501930.html,included,
1079003193892,kitchen-appliances,美的HC459S电饭煲智能IH无涂层4L升家用0涂层316内胆不锈钢电饭锅,Rice Cooker,294,43.11,https://detail.1688.com/offer/1079003193892.html,included,
1078983046834,kitchen-appliances,电饭煲老式大容量电饭煲饭家用多功能普通一实用源头一件起批现货,Rice Cooker,109.56,16.06,https://detail.1688.com/offer/1078983046834.html,included,
1078947503668,kitchen-appliances,美的家用3L多功能电饭锅0涂层316L不锈钢无涂层 电饭煲MB-RE3070S,Rice Cooker,214.7,31.48,https://detail.1688.com/offer/1078947503668.html,included,
1078867728333,kitchen-appliances,苏泊尔F40H25电饭煲家用4升0氟有钛土陶旋焰釜IH猛火多功能电饭锅,Rice Cooker,420,61.58,https://detail.1688.com/offer/1078867728333.html,included,
1078846213650,kitchen-appliances,福库（CUCKOO）电饭煲定时多功能IH高压电饭锅CRP-BHF0650FW 3L,Rice Cooker,1859,272.58,https://detail.1688.com/offer/1078846213650.html,included,
1078816335626,kitchen-appliances,升降沥水煮饭锅全自动智能米汤分离电饭煲 家用控糖沥米饭捞米饭,Rice Cooker,269,39.44,https://detail.1688.com/offer/1078816335626.html,included,
1078815955750,kitchen-appliances,110V240V控糖电饭煲智能升降米汤分离古法沥米捞饭家用沥米蒸饭锅,Rice Cooker,299,43.84,https://detail.1688.com/offer/1078815955750.html,included,
1078815143688,kitchen-appliances,升降式米汤分离电饭煲米汤分离控糖零涂层全自动家用多功能电饭锅,Rice Cooker,299,43.84,https://detail.1688.com/offer/1078815143688.html,included,
1078812319946,kitchen-appliances,升降电饭煲家用多功能电饭锅米汤分离沥水蒸饭304不锈钢内胆5L升,Rice Cooker,349,51.17,https://detail.1688.com/offer/1078812319946.html,included,
1078766537541,kitchen-appliances,大功率单面电煎锅家用商用不粘锅煎包烙饼电热锅多功能加深电饼铛,Electric Cooking Pot,149.7,21.95,https://detail.1688.com/offer/1078766537541.html,included,
1078751857238,kitchen-appliances,美菱厨房RO反渗透五重过滤直饮机带加热净水器ML-5R100H pro,,729,,https://detail.1688.com/offer/1078751857238.html,held,product-identification-or-relevance-review
1078746814044,kitchen-appliances,奥克斯电饭煲家用多功能小型电饭锅3到4人智能预约煮饭锅,Rice Cooker,159,23.31,https://detail.1688.com/offer/1078746814044.html,included,
1078717996699,kitchen-appliances,好夫人新款3L钛球釜胆锅独立蒸煮可视化预约家用多功能智能电饭煲,Rice Cooker,88,12.9,https://detail.1688.com/offer/1078717996699.html,included,
1078671698083,kitchen-appliances,美的电饭煲4升IH电磁加热家用高压蒸汽阀多功能蒸煮电饭锅沥米饭,Rice Cooker,340,49.85,https://detail.1688.com/offer/1078671698083.html,included,
1078577937088,kitchen-appliances,sokany欧规披萨机电饼铛煎饼锅不粘加热煎烤机三明治华夫饼机,Electric Griddle,58,8.5,https://detail.1688.com/offer/1078577937088.html,included,
1078512787355,kitchen-appliances,库存样机嵌入式微波炉20L23l 25L内嵌式厨房电器转盘平板式可混批,,350,,https://detail.1688.com/offer/1078512787355.html,held,product-identification-or-relevance-review
1078446113815,kitchen-appliances,幸福味道升降一体电饭煲米汤分离沥米饭锅过滤糖份全自动多功能,Rice Cooker,234.12,34.33,https://detail.1688.com/offer/1078446113815.html,included,
1078335858648,kitchen-appliances,电饭锅老式家用宿舍学生多功能小型1迷你2煮饭煲卤蛋3一4人带蒸笼,Rice Cooker,52.93,7.76,https://detail.1688.com/offer/1078335858648.html,included,
1078228196178,kitchen-appliances,电饭煲智能米汤分离3-5L控糖家用多功能快速煮饭沥水沥米饭电饭锅,Rice Cooker,115.05,16.87,https://detail.1688.com/offer/1078228196178.html,included,
1078206389951,kitchen-appliances,厂家批发大电饭煲8l10l13L18L23L42l食堂商用超大电饭锅酒店出口,Rice Cooker,59,8.65,https://detail.1688.com/offer/1078206389951.html,included,
1078180001582,kitchen-appliances,电饼铛家用双面加热加深加大多功能电饼档煎饼锅薄饼机烙饼锅新款,Electric Griddle,86.29,12.65,https://detail.1688.com/offer/1078180001582.html,included,
1078047596320,kitchen-appliances,美的电饭煲4升IH电磁加热家用高压蒸汽阀多功能蒸煮电饭锅沥米饭,Rice Cooker,330,48.39,https://detail.1688.com/offer/1078047596320.html,included,
1077980274311,kitchen-appliances,美的电饭煲电饭锅4-5人家用5L青瓷内胆香甜饭多功能MB-5A17,Rice Cooker,177,25.95,https://detail.1688.com/offer/1077980274311.html,included,
1077966494082,kitchen-appliances,七彩叮当分体电饭煲IH智能家用多功能迷你小型1一2人带蒸煮电饭锅,Rice Cooker,179,26.25,https://detail.1688.com/offer/1077966494082.html,included,
1077938021288,kitchen-appliances,东芝电饭煲家用1.6L迷你备长炭电饭锅智能预约定时不粘锅,Rice Cooker,299,43.84,https://detail.1688.com/offer/1077938021288.html,included,
1077938021130,kitchen-appliances,七彩叮当分体电饭煲IH智能家用多功能迷你小型电煮锅带蒸煮电饭锅,Rice Cooker,179,26.25,https://detail.1688.com/offer/1077938021130.html,included,
1077933723621,kitchen-appliances,先科电饭煲5L大容量家用电煮煲智能3-5人可预约不粘锅内胆电蒸锅,Rice Cooker,38,5.57,https://detail.1688.com/offer/1077933723621.html,included,
1077875877648,kitchen-appliances,德国/Gemet格美堂电饭煲2026新款家用5升多功能3到4人电饭锅5L,Rice Cooker,69,,https://detail.1688.com/offer/1077875877648.html,held,already-in-existing-catalogue
1077845307504,kitchen-appliances,苏泊尔SF30HC85远红外本釜电饭煲家用3升4智能IH多功能电饭锅官方,Rice Cooker,1299,190.47,https://detail.1688.com/offer/1077845307504.html,included,
1077812134032,kitchen-appliances,柴火饭香智能电饭煲触屏2026新款电饭煲电饭锅商用1-8人L厂家批发,Rice Cooker,103.16,15.13,https://detail.1688.com/offer/1077812134032.html,included,
1077811956850,kitchen-appliances,美的飞快电饭煲锅家用4升3到4人大容量多功能快速煮饭锅小电饭锅,Rice Cooker,188.6,27.65,https://detail.1688.com/offer/1077811956850.html,included,
1077606123749,kitchen-appliances,美的IH电饭煲家用5L智能电饭锅多功能3到4到5人大容量快速煮饭锅,Rice Cooker,149,21.85,https://detail.1688.com/offer/1077606123749.html,included,
1077494118526,kitchen-appliances,2026新款迷你电饭煲1到2人微压锅多功能家用宿舍小型上蒸下煮煲汤,Rice Cooker,45,6.6,https://detail.1688.com/offer/1077494118526.html,included,
1077493220587,kitchen-appliances,电饼铛家用双面加热电饼档烙饼锅加深全自动煎饼机学生小号电饼锅,Electric Griddle,68.73,10.08,https://detail.1688.com/offer/1077493220587.html,included,
1077471217544,kitchen-appliances,苏泊尔电饭煲有钛土陶球釜内胆大容量多功能4L电饭锅F40F36,Rice Cooker,258,37.83,https://detail.1688.com/offer/1077471217544.html,included,
1077348514792,kitchen-appliances,德国/Gemet格美堂电饭煲2026新款家用5升多功能3到4人电饭锅5L,Rice Cooker,89.32,13.1,https://detail.1688.com/offer/1077348514792.html,included,
1077228041280,kitchen-appliances,电饼铛速热家用2026新款多功能加深加大双面煎烙饼钛锅不粘电饼铛,Electric Griddle,121.49,17.81,https://detail.1688.com/offer/1077228041280.html,included,
1077215956990,kitchen-appliances,电煮锅蒸煮一体锅多功能泡面锅宿舍小电锅火锅办公室煮面做饭蒸饭,Electric Cooking Pot,160.86,23.59,https://detail.1688.com/offer/1077215956990.html,included,
1077185930452,kitchen-appliances,龙头净水器批发家用不锈钢水龙头净水器去杂质滤芯陶瓷 活性炭,,22,,https://detail.1688.com/offer/1077185930452.html,held,product-identification-or-relevance-review
1077109798723,kitchen-appliances,九阳电饭煲F-30FZ619家用多功能小型3L迷你煮饭锅智能预约电饭锅,Rice Cooker,93,13.64,https://detail.1688.com/offer/1077109798723.html,included,
1077093489203,kitchen-appliances,苏泊尔电饭煲SF40HC0808有钛远红外0涂层无涂层4L家用电饭锅,Rice Cooker,560,82.11,https://detail.1688.com/offer/1077093489203.html,included,
1077093413327,kitchen-appliances,美的蒸魔方电蒸锅家用大容量不锈钢蒸煮锅新款全钢分体可拆洗蒸箱,Electric Steamer,499,73.17,https://detail.1688.com/offer/1077093413327.html,included,
1077075953048,kitchen-appliances,美的电饭煲家用5L大容量IH电磁加热一级能效智能柴火饭多功能,Rice Cooker,238,34.9,https://detail.1688.com/offer/1077075953048.html,included,
1076919107466,kitchen-appliances,福库（CUCKOO）电饭煲IH电磁加热智能高压切换不粘内胆FHTS0611FD,Rice Cooker,2999,439.74,https://detail.1688.com/offer/1076919107466.html,included,
1076872794884,kitchen-appliances,美规110V欧规华夫机家用多功能三明治机烤面包机烘焙机早餐机批发,Bread Appliance,46,6.74,https://detail.1688.com/offer/1076872794884.html,included,
1076852689555,kitchen-appliances,申花电烤箱家用多功能烘焙大容量烤箱商用蛋糕烘焙定时48L厨房22L,Electric Oven,52,7.62,https://detail.1688.com/offer/1076852689555.html,included,
1076848291925,kitchen-appliances,马克史蒂夫不锈钢台式净水器家用直饮净水机厨房大流量前置净水器,,84.5,,https://detail.1688.com/offer/1076848291925.html,held,product-identification-or-relevance-review
1076688155519,kitchen-appliances,钻石电饭锅宿舍家用小型一人食多功能微压煲汤炖煮粥炒菜方便面有,Rice Cooker,104.45,15.32,https://detail.1688.com/offer/1076688155519.html,included,
1076629572157,kitchen-appliances,金正电饼铛新款家用加深加大双面加热可拆洗电饼档烙饼锅多功能,Electric Griddle,105,15.4,https://detail.1688.com/offer/1076629572157.html,included,
1076596931022,kitchen-appliances,DSP/丹松家用厨房薄饼机烙饼鸡蛋饼机烤盘杂粮煎饼机早餐机,,61,,https://detail.1688.com/offer/1076596931022.html,held,product-identification-or-relevance-review
1076580827777,kitchen-appliances,DSP/丹松 家用厨房烘焙蒸烤80L容量多功能可视化双开门电烤箱,Electric Oven,502,73.61,https://detail.1688.com/offer/1076580827777.html,included,
1076569911827,kitchen-appliances,正半球智能自动电饭锅3L家用电饭锅2到3人用工厂批发价,Rice Cooker,39.9,5.85,https://detail.1688.com/offer/1076569911827.html,included,
1076460858551,kitchen-appliances,多功能微压锅电饭煲家用智能预约迷你蒸煮锅一人食带蒸笼炖煮便携,Rice Cooker,117.6,17.24,https://detail.1688.com/offer/1076460858551.html,included,
1076423734846,kitchen-appliances,苏泊尔电饭煲有钛土陶球釜内胆大容量多功能4L电饭锅F40F23,Rice Cooker,310,45.45,https://detail.1688.com/offer/1076423734846.html,included,
1076414672874,kitchen-appliances,礼品集采家用热销爱德电火锅1360W大功率4L分体式宿舍平价,Electric Cooking Pot,139,20.38,https://detail.1688.com/offer/1076414672874.html,included,
1076398976559,kitchen-appliances,美的电饼铛家用双面加热0氟钛陶匀火加大加深可拆洗煎JKE3086,Electric Griddle,139,20.38,https://detail.1688.com/offer/1076398976559.html,included,
1076373783961,kitchen-appliances,新款大号电饼铛加大加深家用多功能双面加热煎烤烙饼锅薄饼机饼档,Electric Griddle,101.3,14.85,https://detail.1688.com/offer/1076373783961.html,included,
1076371203274,kitchen-appliances,美的纯钛0涂层电饭锅家用电饭煲IH双热源加热钛釜MB-CFB3066T智能,Rice Cooker,469,68.77,https://detail.1688.com/offer/1076371203274.html,included,
1076291088898,kitchen-appliances,美的电饼铛家用双面加热煎饼烙饼锅早餐机30CM电煎烤肉锅,Electric Griddle,75,11.0,https://detail.1688.com/offer/1076291088898.html,included,
1076187552540,kitchen-appliances,美的新款电饭煲0涂层不锈钢内胆家用4升大容量电饭锅正品,Rice Cooker,185,27.13,https://detail.1688.com/offer/1076187552540.html,included,
1076184882594,kitchen-appliances,电饼铛加深加大双面加热家用烙饼锅煎饼薄饼机不粘锅炒菜烤煎饺子,Electric Griddle,56.51,8.29,https://detail.1688.com/offer/1076184882594.html,included,
1076130874196,kitchen-appliances,电饭锅大容量食堂商用3L10-15-30人老式多功能家用电饭煲厂家批发,Rice Cooker,102.75,15.07,https://detail.1688.com/offer/1076130874196.html,included,
1076087112292,kitchen-appliances,西可3L一体微压电饭锅米汤分离3人家用新款小型迷你多功能电煮锅,Rice Cooker,182.45,26.75,https://detail.1688.com/offer/1076087112292.html,included,
1076064700948,kitchen-appliances,西可迷你电饭煲米汤分离小型多功能电煮锅煮饭锅精煮电饭锅1-3人,Rice Cooker,160.86,23.59,https://detail.1688.com/offer/1076064700948.html,included,
1076013550941,kitchen-appliances,美的花瓣Pro2.0IH电饭煲3-4人纯钛0涂层家用饭柴火饭电饭锅40HB9T,Rice Cooker,479,70.23,https://detail.1688.com/offer/1076013550941.html,included,
1076005670566,kitchen-appliances,福库韩国原装进口食堂饭店大电饭煲CR-3531 商用饭煲不糊底不粘锅,Rice Cooker,1007,147.65,https://detail.1688.com/offer/1076005670566.html,included,
1075912549240,kitchen-appliances,美的电饭煲家用抗菌不粘内胆柴火饭电饭煲多功能MB-AFB4051R,Rice Cooker,210,30.79,https://detail.1688.com/offer/1075912549240.html,included,
1075905569715,kitchen-appliances,美的纯钛0涂层电饭煲家用花瓣IH加热可预约多功能煮饭锅MB-G5,Rice Cooker,1225,179.62,https://detail.1688.com/offer/1075905569715.html,included,
1075781538758,kitchen-appliances,跨境净水器家用台式净饮机RO反渗透冷热免安装饮水机多功能直饮机,Water Dispenser,260,38.12,https://detail.1688.com/offer/1075781538758.html,included,
1075676157114,kitchen-appliances,美的飞快电饭煲锅家用4升3到4人大容量多功能快速煮饭锅小电饭锅,Rice Cooker,179,26.25,https://detail.1688.com/offer/1075676157114.html,included,
1075657623723,kitchen-appliances,意开史蒂夫净水器水龙头家用厨房过滤器台式透明款实用直饮净化滤,,100,,https://detail.1688.com/offer/1075657623723.html,held,product-identification-or-relevance-review
1075657281206,kitchen-appliances,钻石电饭锅宿舍家用小型一人食多功能微压煲汤炖煮粥炒菜方便面有,Rice Cooker,108.76,15.95,https://detail.1688.com/offer/1075657281206.html,included,
1075573953393,kitchen-appliances,韩加消毒柜家用小型碗筷紫外线台式厨房餐具烘干机免沥水消毒碗柜,,213.44,,https://detail.1688.com/offer/1075573953393.html,held,product-identification-or-relevance-review
1075568433939,kitchen-appliances,美的电饼铛电煎锅0涂层不锈钢家用加深加大煎饼烙饼锅多功能新款,Electric Griddle,129,18.91,https://detail.1688.com/offer/1075568433939.html,included,
1075464681670,kitchen-appliances,钻石电饭锅宿舍家用小型一人食多功能微压煲汤炖煮粥炒菜方便面有,Rice Cooker,106.58,15.63,https://detail.1688.com/offer/1075464681670.html,included,
1075422789047,kitchen-appliances,美的电饼铛全自动家用加深加大双面加热大尺寸煎饼锅烙饼2026新款,Electric Griddle,129,18.91,https://detail.1688.com/offer/1075422789047.html,included,
1075312553010,kitchen-appliances,七彩叮当分体电饭煲IH智能家用多功能迷你小型1一2人带蒸煮电饭锅,Rice Cooker,206.5,30.28,https://detail.1688.com/offer/1075312553010.html,included,
1075275760495,kitchen-appliances,蒸饭柜商用电蒸箱燃气食堂小型全自动馒头厨房蒸柜米饭电气两用,,400.66,,https://detail.1688.com/offer/1075275760495.html,held,product-identification-or-relevance-review
1075227614503,kitchen-appliances,Chigo/志高MN12-F电饭煲迷你 宿舍家用低功率1-2人蒸煮电饭锅礼品,Rice Cooker,37,5.43,https://detail.1688.com/offer/1075227614503.html,included,
1075191274649,kitchen-appliances,商用火锅电陶炉 大功率砂锅串串香火锅光波炉 嵌入式圆形电磁炉,Induction Hob,138,20.23,https://detail.1688.com/offer/1075191274649.html,included,
1075186506937,kitchen-appliances,西可3L电煮锅一体锅多功能迷你电饭煲小型火锅小锅2到3人电饭锅,Rice Cooker,160.86,23.59,https://detail.1688.com/offer/1075186506937.html,included,
1075176785542,kitchen-appliances,【跨境专供】双胆电饭煲多功能鸳鸯电饭锅电火锅智能电煮锅伴手礼,Rice Cooker,33,4.84,https://detail.1688.com/offer/1075176785542.html,included,
1075169396966,kitchen-appliances,正半球多功能电饭煲家用智能沥米饭蒸煮电饭锅不粘锅预约球形内胆,Rice Cooker,53,7.77,https://detail.1688.com/offer/1075169396966.html,included,
1074937012554,kitchen-appliances,净水器直饮五级RO反渗透纯水机家用厨房过滤器净水机75G,,378,,https://detail.1688.com/offer/1074937012554.html,held,product-identification-or-relevance-review
1074881397414,kitchen-appliances,礼品家用电饭锅小1-2人带预约定时煮饭车载电饭锅出口批发,Rice Cooker,45.9,6.73,https://detail.1688.com/offer/1074881397414.html,included,
1074868674954,kitchen-appliances,美的电压力锅家用大容量双胆多功能电饭煲高压锅MY-C5147,Rice Cooker,559,81.96,https://detail.1688.com/offer/1074868674954.html,included,
1074846289794,kitchen-appliances,电饼铛家用双面加热薄饼机多功能煎饼机加深加大烙饼锅新款电饼档,Electric Griddle,109,15.98,https://detail.1688.com/offer/1074846289794.html,included,
1074815621955,kitchen-appliances,福库（CUCKOO）双子星电饭煲5升2-8人家用大容量KHTAS1011FWM,Rice Cooker,2499,366.42,https://detail.1688.com/offer/1074815621955.html,included,
1074726100282,kitchen-appliances,批发定制家庭迷你电饭煲1.5L2.2L 2.8L 900W1000W电饭锅外贸跨境,Rice Cooker,40,5.87,https://detail.1688.com/offer/1074726100282.html,included,
1074664153001,kitchen-appliances,Midea/美的 MB-HS353电饭煲IH加热智能触控多功能稻香3.0双环焕活,Rice Cooker,439,64.37,https://detail.1688.com/offer/1074664153001.html,included,
1074575805937,kitchen-appliances,Midea/美的 家用柴火饭电饭煲4升大容量智能煮饭锅微压焖香蒸煮锅,Rice Cooker,156.9,,https://detail.1688.com/offer/1074575805937.html,held,already-in-existing-catalogue
1074457436128,kitchen-appliances,苏泊尔F40H6013S电饭煲,Rice Cooker,1100,161.29,https://detail.1688.com/offer/1074457436128.html,included,
1074395518378,kitchen-appliances,【跨境专供】外贸出口110V电饭煲家用3升多功能预约美规英规欧规,Rice Cooker,115,16.86,https://detail.1688.com/offer/1074395518378.html,included,
1074268884334,kitchen-appliances,正半球柴火饭电饭锅多功能上蒸下煮防干烧电饭锅小2人出口批发,Rice Cooker,48.9,7.17,https://detail.1688.com/offer/1074268884334.html,included,
1074263570480,kitchen-appliances,amadana艾曼达电饭煲R2家用蒸饭锅3到4人迷你小型多功能电煮锅,Rice Cooker,529.53,77.64,https://detail.1688.com/offer/1074263570480.html,included,
1074214361279,kitchen-appliances,家用自来水前置过滤器厨房淋浴洗衣机水龙头自来水通用除氯净水器,,3.3,,https://detail.1688.com/offer/1074214361279.html,held,product-identification-or-relevance-review
1074187997663,kitchen-appliances,正半球迷你电饭煲家用小型宿舍学生多功能专用新款电饭锅蒸煮煲汤,Rice Cooker,52,7.62,https://detail.1688.com/offer/1074187997663.html,included,
1074145774775,kitchen-appliances,好太太消毒碗柜家用小型立式厨房桌面台式餐具碗筷消毒柜烘干商用,,71.32,,https://detail.1688.com/offer/1074145774775.html,held,product-identification-or-relevance-review
1074143893887,kitchen-appliances,正半球智能家用电饭煲电饭锅迷你陶瓷釉多功能不粘锅预约保温小型,Rice Cooker,65,9.53,https://detail.1688.com/offer/1074143893887.html,included,
1074078230685,kitchen-appliances,九阳电饼铛家用30cm烤盘双面加热烙饼温控饼锅悬浮式JK30-GK118,Electric Griddle,90,13.2,https://detail.1688.com/offer/1074078230685.html,included,
1074042793072,kitchen-appliances,厂家批发豆浆机小型家用自动破壁机迷你辅食料理机免煮免滤豆浆机,Blender,75,11.0,https://detail.1688.com/offer/1074042793072.html,included,
1074029777210,kitchen-appliances,先科智能电饭煲 5L球釜4-5人家用 多功能预约保温电饭锅一件代发,Rice Cooker,44,6.45,https://detail.1688.com/offer/1074029777210.html,included,
1074023743400,kitchen-appliances,美的华凌电饭煲家用3升1到2到3人迷你电饭锅小型小容量预约多功能,Rice Cooker,113,16.57,https://detail.1688.com/offer/1074023743400.html,included,
1074016179975,kitchen-appliances,美的电火锅家用电磁炉IH电磁加热2200W多用途锅MC-HGE22BY06,Induction Hob,189,27.71,https://detail.1688.com/offer/1074016179975.html,included,
1073990136561,kitchen-appliances,30cm加深双面电饼铛家用煎烤机上下双加热不粘烙饼锅多功能电煎锅,Electric Griddle,95,13.93,https://detail.1688.com/offer/1073990136561.html,included,
1073746529779,kitchen-appliances,鸿芯七级滤芯不锈钢净水器家用直饮厨房自来水过滤器超滤净水机,,226.02,,https://detail.1688.com/offer/1073746529779.html,held,product-identification-or-relevance-review
1073549762996,kitchen-appliances,总代日本vdada智能电饭煲土锅纯陶瓷内胆电饭煲无涂层双胆电饭锅,Rice Cooker,599,87.83,https://detail.1688.com/offer/1073549762996.html,included,
1073534718000,kitchen-appliances,美的电饭煲家用多功能小型2L新款1到2人迷你含钛0氟MB-CFB2050H,Rice Cooker,315,46.19,https://detail.1688.com/offer/1073534718000.html,included,
1073460751893,kitchen-appliances,美的电饼铛MC-JKC34S01加深加大下盘 可拆洗多功能双面加热1800W,Electric Griddle,259,37.98,https://detail.1688.com/offer/1073460751893.html,included,
1073457585027,kitchen-appliances,Midea/美的 MB-RE336 高颜值美的电饭锅 600W 立体加热智能煮饭锅,Rice Cooker,95,13.93,https://detail.1688.com/offer/1073457585027.html,included,
1073443897895,kitchen-appliances,MB-RE387S电饭煲316L不锈钢无涂层内胆电饭锅层智能电饭煲美的,Rice Cooker,126,18.48,https://detail.1688.com/offer/1073443897895.html,included,
1073435226880,kitchen-appliances,跨境专供轻薄平面电磁炉2000W大功率商用爆炒大火力台式电炒炉,Induction Hob,218,31.96,https://detail.1688.com/offer/1073435226880.html,included,
1073342932598,kitchen-appliances,美的电饼铛双面加热家用煎饼煎烤机烤肉火力可调升级混发,Electric Griddle,90,13.2,https://detail.1688.com/offer/1073342932598.html,included,
1073257927118,kitchen-appliances,松下（Panasonic）电饭煲原装进口ih加热金钻内胆SR-HCC107KSA,Rice Cooker,2399,351.76,https://detail.1688.com/offer/1073257927118.html,included,
1073254058131,kitchen-appliances,鸳鸯锅电热锅家用电煮锅多功能电火锅一体不粘锅电炒锅电饭煲批发,Rice Cooker,62.51,9.17,https://detail.1688.com/offer/1073254058131.html,included,
1073247505596,kitchen-appliances,美的星河净水器1200GPRO家用厨房触控直饮机RO反渗透直饮双出水,,2098,,https://detail.1688.com/offer/1073247505596.html,held,product-identification-or-relevance-review
1073239195620,kitchen-appliances,九阳电饼铛304不锈钢0涂层家用6+8MM悬浮上下可拆旋钮调温烙饼锅,Electric Griddle,209,30.65,https://detail.1688.com/offer/1073239195620.html,included,
1073210097997,kitchen-appliances,2.5L可视电饭煲0涂层健康米汤分离饭锅智能预约电饭锅跨境批发,Rice Cooker,189,27.71,https://detail.1688.com/offer/1073210097997.html,included,
1073183462576,kitchen-appliances,美的电饭锅3升家用电饭煲2-3人0氟含钛青瓷内胆IH加热智能预约,Rice Cooker,240,35.19,https://detail.1688.com/offer/1073183462576.html,included,
1073134530649,kitchen-appliances,正半球电饭锅家用宿舍蒸煮迷你机械款电饭煲多功能陶瓷釉内胆礼品,Rice Cooker,54,7.92,https://detail.1688.com/offer/1073134530649.html,included,
1073036280590,kitchen-appliances,九阳电饼铛JK30-GK339家用多功能煎烤机304不锈钢0涂层烙饼锅,Electric Griddle,117,17.16,https://detail.1688.com/offer/1073036280590.html,included,
1072969377746,kitchen-appliances,小米米家IH电饭煲2  2L/3L/4L陶瓷涂层内胆家用大容量电饭煲,Rice Cooker,268,39.3,https://detail.1688.com/offer/1072969377746.html,included,
1072930597906,kitchen-appliances,新品沥米微压电饭煲3L家用1-2-34人迷你多功能预约智能小型电饭锅,Rice Cooker,105,15.4,https://detail.1688.com/offer/1072930597906.html,included,
1072814208313,kitchen-appliances,厂家直销新款家用英文电饭锅1.5L2.8L3-8人跨境电饭煲rice cooker,Rice Cooker,41,6.01,https://detail.1688.com/offer/1072814208313.html,included,
1072800548478,kitchen-appliances,工厂批发Rice cooker 家用英文电饭煲1.0L1.5L1.8L电饭锅外贸跨境,Rice Cooker,41,6.01,https://detail.1688.com/offer/1072800548478.html,included,
1072767029486,kitchen-appliances,0涂层304不锈钢电饼铛家用上下盘双加热煎烤机悬浮加深电煎锅批发,Electric Griddle,178,26.1,https://detail.1688.com/offer/1072767029486.html,included,
1072764485060,kitchen-appliances,德国玛狮图电饭煲全自动升降米汤分离控糖3L家用蒸饭锅,Rice Cooker,388.7,56.99,https://detail.1688.com/offer/1072764485060.html,included,
1072741754025,kitchen-appliances,家用净水器超滤厨房五级自来水滤水器过滤器直饮净水机厂家批发,,116.79,,https://detail.1688.com/offer/1072741754025.html,held,product-identification-or-relevance-review
1072733316396,kitchen-appliances,电动多功能绞肉机搅拌压蒜泥器家商用无线打蛋器厨房辅食料理跨境,Food Chopper,42,6.16,https://detail.1688.com/offer/1072733316396.html,included,
1072722614276,kitchen-appliances,老式电饭锅内胆食品级不锈钢加厚家用内胆通用----,Rice Cooker,39.4,5.78,https://detail.1688.com/offer/1072722614276.html,included,
1072706774437,kitchen-appliances,出口定制家用小型电饭锅1.0L 1.5L 400W 500W电饭煲Rice cooker,Rice Cooker,40,5.87,https://detail.1688.com/offer/1072706774437.html,included,
1072679754744,kitchen-appliances,好太太消毒碗柜家用小型立式厨房桌面台式餐具碗筷消毒柜烘干商用,,72.06,,https://detail.1688.com/offer/1072679754744.html,held,product-identification-or-relevance-review
1072663649154,kitchen-appliances,WIFER好夫人3L米汤分离电饭煲预约镀钛内胆煮饭米汤分离电饭煲,Rice Cooker,113,16.57,https://detail.1688.com/offer/1072663649154.html,included,
1072514146791,kitchen-appliances,外贸出口新款全自动爆米花机小型亲子厨房好帮手家用自制源头工厂,,55,,https://detail.1688.com/offer/1072514146791.html,held,product-identification-or-relevance-review
1072449065506,kitchen-appliances,智能预约含钛电煮锅一锅多用多功能宿舍家用一体小功率电饭煲,Rice Cooker,23.2,3.4,https://detail.1688.com/offer/1072449065506.html,included,
1072274645650,kitchen-appliances,小米米家电饭煲N1节能版3L4L家用多功能电饭锅煮粥锅煮饭不粘内胆,Rice Cooker,143,20.97,https://detail.1688.com/offer/1072274645650.html,included,
1072152883469,kitchen-appliances,志高电蒸锅家用多功能24L大容量多层厨房蒸锅早餐机智能电蒸箱,Electric Steamer,69,10.12,https://detail.1688.com/offer/1072152883469.html,included,
1072073761076,kitchen-appliances,OEM定制微压电饭煲家用2.5L小型迷你电压力锅蒸煮一体多功能火锅,Rice Cooker,57,8.36,https://detail.1688.com/offer/1072073761076.html,included,
1071977122199,kitchen-appliances,涮烤一体锅韩式双控烤涮锅烤肉锅电饼铛电烤盘多用电烤炉多功能,Electric Griddle,80,11.73,https://detail.1688.com/offer/1071977122199.html,included,
1071972104127,kitchen-appliances,跨境电饭煲家用5L升大容量多功能不沾电饭锅3到4人rice cooker,Rice Cooker,58.8,8.62,https://detail.1688.com/offer/1071972104127.html,included,
1071899516891,kitchen-appliances,艾纳迪多功能迷你电饭煲1-2人适用陶瓷内胆不粘易清洗支持煮饭煲,Rice Cooker,66,9.68,https://detail.1688.com/offer/1071899516891.html,included,
1071893946329,kitchen-appliances,小米米家快煮电饭煲3L 25 分钟快煮家用多功能智能预约电饭锅,Rice Cooker,239,35.04,https://detail.1688.com/offer/1071893946329.html,included,
1071871035299,kitchen-appliances,出口定制迷你小型电饭锅1.8L 2.2L700W900W外贸跨境Rice cooker,Rice Cooker,40,5.87,https://detail.1688.com/offer/1071871035299.html,included,
1071832863033,kitchen-appliances,外贸新智能微压电饭锅电煮锅一体多功能小型宿舍学生泡面火锅家用,Rice Cooker,46,6.74,https://detail.1688.com/offer/1071832863033.html,included,
1071761665920,kitchen-appliances,家用直饮净水器厨房过滤器可拆手洗滤芯净水机限时惠购跨境新款,,95.15,,https://detail.1688.com/offer/1071761665920.html,held,product-identification-or-relevance-review
1071761180973,kitchen-appliances,三角电饭锅老式家用1-2-4人1.5-6升蒸煮两用多功能饭煲小型正品,Rice Cooker,62.68,9.19,https://detail.1688.com/offer/1071761180973.html,included,
1071750970243,kitchen-appliances,APIXINTL电饭煲2.5L多功能家用珐琅微压米汤分离智能火锅蒸炖煮锅,Rice Cooker,69,10.12,https://detail.1688.com/offer/1071750970243.html,included,
1071721536025,kitchen-appliances,批发电饭锅电饭煲家用小电饭锅3-4人迷你宿舍小型老式1-2升电饭煲,Rice Cooker,62,9.09,https://detail.1688.com/offer/1071721536025.html,included,
1071624963942,kitchen-appliances,电饭煲轻糖米汤分离高级家用全自动轻糖蒸煮焖多功能一体电饭煲,Rice Cooker,269,39.44,https://detail.1688.com/offer/1071624963942.html,included,
1071586719096,kitchen-appliances,美的电饭煲IH电磁加热智能预约多功能MB-FB50S701微电脑式定时无,Rice Cooker,224,32.84,https://detail.1688.com/offer/1071586719096.html,included,
1071586719092,kitchen-appliances,美的火旋风IH电饭煲晶钛0涂层家用大容量5L电饭锅MB-HC5072T保温,Rice Cooker,336,49.27,https://detail.1688.com/offer/1071586719092.html,included,
1071546755615,kitchen-appliances,电饭煲家用1一2人多功能蒸煮两用迷你小型一人单小电饭锅煮饭锅无,Rice Cooker,34.42,5.05,https://detail.1688.com/offer/1071546755615.html,included,
1071463884156,kitchen-appliances,美的电饭煲家用多功能金属微晶聚能不粘内胆电饭锅MB-FB40XQD61,Rice Cooker,176,25.81,https://detail.1688.com/offer/1071463884156.html,included,
1071463884110,kitchen-appliances,美的电饭煲IH电饭锅白色小型家用多功能电饭煲MB-WHS30C96,Rice Cooker,332,48.68,https://detail.1688.com/offer/1071463884110.html,included,
1071462320036,kitchen-appliances,美的电饭煲蒸煮煲汤多功能电饭锅智能不粘锅煮饭锅MB-AFB4058R,Rice Cooker,229,33.58,https://detail.1688.com/offer/1071462320036.html,included,
1071460916335,kitchen-appliances,美的电饭煲家用电饭锅不锈钢无涂层煮饭锅0涂层煲汤煮粥MB-RE387S,Rice Cooker,199,29.18,https://detail.1688.com/offer/1071460916335.html,included,
1071460916060,kitchen-appliances,美的小巧玲珑电饭煲0氟陶瓷白玉内胆家用电煮锅MB-RE360,Rice Cooker,199,29.18,https://detail.1688.com/offer/1071460916060.html,included,
1071460476293,kitchen-appliances,美的电饭煲黑瓷圆釜内胆一键柴火饭十大功能菜单MB-AFB3055R,Rice Cooker,163,23.9,https://detail.1688.com/offer/1071460476293.html,included,
1071456800510,kitchen-appliances,美的IH0涂层电饭煲家用电饭锅不锈钢内胆多功能智能预约MB-HS451S,Rice Cooker,436,63.93,https://detail.1688.com/offer/1071456800510.html,included,
1071456764588,kitchen-appliances,美的电饭煲大容量0涂层电饭煲无涂层内胆匀热不粘MB-4E62LS,Rice Cooker,310,45.45,https://detail.1688.com/offer/1071456764588.html,included,
1071456764549,kitchen-appliances,美的电饭煲家用智能电饭锅预约定时微压快煮青瓷内胆MB-4E65,Rice Cooker,209,30.65,https://detail.1688.com/offer/1071456764549.html,included,
1071454044626,kitchen-appliances,美的迷你电饭煲家用多功能智能不粘小型电饭锅MB-RC182,Rice Cooker,170,24.93,https://detail.1688.com/offer/1071454044626.html,included,
1071451104821,kitchen-appliances,美的电饭煲大容量电饭锅智能家用多功能微压米饭锅MB-4E06R,Rice Cooker,255,37.39,https://detail.1688.com/offer/1071451104821.html,included,
1071393778317,kitchen-appliances,小熊迷你电饭煲DFB-B12L5家用宿舍神器多功能智能1.2升小型电饭锅,Rice Cooker,90,13.2,https://detail.1688.com/offer/1071393778317.html,included,
1071366334043,kitchen-appliances,电饼铛家用烤饼机薄饼机煎饼小型悬浮双面加热烙饼铛锅外贸包邮,Electric Griddle,95.12,13.95,https://detail.1688.com/offer/1071366334043.html,included,
1071357336261,kitchen-appliances,电饼铛商用大型电热酱香烤饼机新款双面加热千层饼煎饼烙大饼机器,Electric Griddle,430.09,63.06,https://detail.1688.com/offer/1071357336261.html,included,
1071354239756,kitchen-appliances,美的0氟含钛电饭煲小型1-3人迷你家用1.8L小容量智能预约多功能,Rice Cooker,135,19.79,https://detail.1688.com/offer/1071354239756.html,included,
1071322095684,kitchen-appliances,SUDISQR苏泊304不锈钢电饭煲家用0涂层内胆蒸煮炖全自动煮饭锅,Rice Cooker,119,17.45,https://detail.1688.com/offer/1071322095684.html,included,
1071285882521,kitchen-appliances,美的电饭煲5L电饭锅抗菌有钛青瓷内胆柴火饭家用智能预约升级款,Rice Cooker,238,34.9,https://detail.1688.com/offer/1071285882521.html,included,
1071222773401,kitchen-appliances,电饭煲家用电饭锅宿舍迷你智能陶瓷小型多功能蒸煮预约限时惠购,Rice Cooker,46.28,6.79,https://detail.1688.com/offer/1071222773401.html,included,
1071052055887,kitchen-appliances,苏泊尔电饭煲HC82远红外穿透+IH球釜电磁加热功能电饭锅,Rice Cooker,524,76.83,https://detail.1688.com/offer/1071052055887.html,included,
1071040418917,kitchen-appliances,车用电饭煲车载大货车小汽车多功能12V24V自驾游电饭锅礼品批发,Rice Cooker,95,13.93,https://detail.1688.com/offer/1071040418917.html,included,
620843033317,mens-shirts,商务衬衫男士长袖配西装寸衫男式职业工装衬衣不含棉证件照白衬衫,Long-Sleeve Men’s Shirt,17.99,2.64,https://detail.1688.com/offer/620843033317.html,included,
895949484624,mens-shirts,男士衬衫免烫商务通勤职业正装衬衣纯色弹力透气衬衫男长袖批发,Long-Sleeve Men’s Shirt,27,3.96,https://detail.1688.com/offer/895949484624.html,included,
1023679070378,mens-shirts,新中式小立领衬衫男士纯色中国风秋季长袖高端衬衣中山装男衬衫,Long-Sleeve Men’s Shirt,65,9.53,https://detail.1688.com/offer/1023679070378.html,included,
1015535966648,mens-shirts,川泸跨境轻薄弹力大码男士衬衫商务免烫长袖衬衣亚马逊开衫衬衫男,Long-Sleeve Men’s Shirt,26.99,3.96,https://detail.1688.com/offer/1015535966648.html,included,
1017766032231,mens-shirts,川泸跨境男士衬衫免烫高级感长袖白衬衫商务抗皱正装衬衣LOGO刺绣,Long-Sleeve Men’s Shirt,32.9,4.82,https://detail.1688.com/offer/1017766032231.html,included,
730597361792,mens-shirts,浙江傲哥服饰有限公司商务款竹纤维衬衫男士长袖衬衣现货定制,Long-Sleeve Men’s Shirt,65,9.53,https://detail.1688.com/offer/730597361792.html,included,
675021505453,mens-shirts,跨境四面弹力衬衣男士衬衫免烫抗皱亚马逊外贸薄款开衫长袖衬衫男,Long-Sleeve Men’s Shirt,26.99,3.96,https://detail.1688.com/offer/675021505453.html,included,
624394996399,mens-shirts,外贸欧码纯棉牛津纺男士长袖衬衫高级感跨境全棉衬衣大码衬衫男,Long-Sleeve Men’s Shirt,45,,https://detail.1688.com/offer/624394996399.html,held,already-in-existing-catalogue
938612946540,mens-shirts,夏季薄款新中式立领短袖衬衣大码休闲宽松半袖衬衫男免烫冰丝上衣,Short-Sleeve Relaxed-Fit Men’s Shirt,17,2.49,https://detail.1688.com/offer/938612946540.html,included,
1079720365602,mens-shirts,高端 100S 免烫男士衬衫 100% 长绒棉液氨 DP 工艺 挺括抗皱易打,Men’s Shirt,150,21.99,https://detail.1688.com/offer/1079720365602.html,included,
1063756909330,mens-shirts,桑蚕丝棉200支DP免烫贝壳扣衬衫男士商务正装春秋季长袖休闲衬衣,Long-Sleeve Men’s Shirt,229,33.58,https://detail.1688.com/offer/1063756909330.html,included,
773629584065,mens-shirts,男士衬衫竹纤维透气凉爽商务休闲职业装工作服免烫易打理长袖衬衫,Long-Sleeve Men’s Shirt,59,8.65,https://detail.1688.com/offer/773629584065.html,included,
676161253909,mens-shirts,跨境四面弹力免烫男款长袖衬衫外贸丝光垂直感亚马逊欧码男装衬衣,Long-Sleeve Men’s Shirt,30,,https://detail.1688.com/offer/676161253909.html,held,already-in-existing-catalogue
777818518947,mens-shirts,高档桑蚕丝高级男士衬衫商务长袖男式白衬衫男款成衣免烫休闲衬衣,Long-Sleeve Men’s Shirt,233,34.16,https://detail.1688.com/offer/777818518947.html,included,
894150387890,mens-shirts,夏威夷花衬衫男短袖夏季美式复古泰国度假男生海边穿搭沙滩衬衣男,Short-Sleeve Men’s Shirt,11,1.61,https://detail.1688.com/offer/894150387890.html,included,
735003273825,mens-shirts,東雨男装新品春秋男士衬衫长袖男纯色双袋衬衣简约休闲外套夏韩男,Long-Sleeve Men’s Shirt,48,7.04,https://detail.1688.com/offer/735003273825.html,included,
560091663400,mens-shirts,東雨男装春秋男士衬衫男全棉灯芯绒衬衫批发长袖复古衬衣现货批发,Long-Sleeve Men’s Shirt,46,6.74,https://detail.1688.com/offer/560091663400.html,included,
1079518709352,mens-shirts,兰精莫代尔免烫男款衬衫长袖纯色弹力商务男装修身弹力无痕衬衣,Long-Sleeve Men’s Shirt,60,,https://detail.1688.com/offer/1079518709352.html,held,already-in-existing-catalogue
1088890361429,mens-shirts,衬衣轻奢高级感修身痞帅男士长袖衬衫刺绣双斜线蜜蜂休闲百搭衬衣,Long-Sleeve Men’s Shirt,146,21.41,https://detail.1688.com/offer/1088890361429.html,included,
945217057946,mens-shirts,跨境男士四面弹力纯色免烫大码衬衫抗皱商务热销亚马逊欧美衬衣,Men’s Shirt,28.8,4.22,https://detail.1688.com/offer/945217057946.html,included,
926373794113,mens-shirts,春夏无痕高弹力男士衬衫长袖商务休闲免烫抗皱衬衫男丝滑垂坠衬衣,Long-Sleeve Men’s Shirt,32,4.69,https://detail.1688.com/offer/926373794113.html,included,
1085133990407,mens-shirts,高级感莱赛尔亚麻混纺男士长袖衬衫春秋老钱风翻领休闲衬衣上衣男,Long-Sleeve Men’s Shirt,61,8.94,https://detail.1688.com/offer/1085133990407.html,included,
1080518600407,mens-shirts,男士长袖商务衬衫多色纯色免烫衬衣中青年外勤通勤简约休闲衬衣,Long-Sleeve Men’s Shirt,56,8.21,https://detail.1688.com/offer/1080518600407.html,included,
1081721976232,mens-shirts,现货跨境外贸速卖通爆款欧美衬衫男士休闲衬衣男装夏季长袖衬亚麻,Long-Sleeve Men’s Shirt,28,,https://detail.1688.com/offer/1081721976232.html,held,already-in-existing-catalogue
644063158163,mens-shirts,竹纤维衬衫男短袖修身免烫商务正装职业工作服工装白衬衣夏季百搭,Short-Sleeve Men’s Shirt,46,6.74,https://detail.1688.com/offer/644063158163.html,included,
1089929040537,mens-shirts,男装轻奢奢高级感纯色衬衫男士衬衫几何图形刺绣修身商务长袖衬衫,Long-Sleeve Men’s Shirt,136,19.94,https://detail.1688.com/offer/1089929040537.html,included,
830327338771,mens-shirts,春秋纯棉衬衫男商务休闲长袖男装条纹DP成衣免烫80支抗皱男士衬衣,Long-Sleeve Striped Men’s Shirt,89,,https://detail.1688.com/offer/830327338771.html,held,already-in-existing-catalogue
980956895986,mens-shirts,高级感长袖衬衫男士秋冬新款加绒加厚桑蚕丝纯色高档免烫衬衣弹力,Long-Sleeve Men’s Shirt,88.16,12.93,https://detail.1688.com/offer/980956895986.html,included,
659991193446,mens-shirts,高档男士纯棉衬衫DP成衣免烫商务正装高管工作制服抗皱纯棉衬衣男,Men’s Shirt,128,18.77,https://detail.1688.com/offer/659991193446.html,included,
1048971066410,mens-shirts,外贸丝绸衬衫男士商务休闲高级衬衣免烫纯色缎面衬衣欧美男装,Men’s Shirt,36,5.28,https://detail.1688.com/offer/1048971066410.html,included,
625013517399,mens-shirts,弹力舒适衬衫男士长袖商务职业正装免烫修身韩版衬衣面试纯白衬衫,Long-Sleeve Men’s Shirt,28.8,4.22,https://detail.1688.com/offer/625013517399.html,included,
1022790952392,mens-shirts,海边度假百搭花衬衫男短袖ins痞帅夏威夷复古风宽松沙滩衬衣外套,Short-Sleeve Relaxed-Fit Men’s Shirt,15,2.2,https://detail.1688.com/offer/1022790952392.html,included,
733195159495,mens-shirts,新中式龙纹印花中国风衬衫男士长袖 休闲宽松痞帅唐装男衬衫上衣,Long-Sleeve Printed Relaxed-Fit Men’s Shirt,40,5.87,https://detail.1688.com/offer/733195159495.html,included,
1088333101044,mens-shirts,【100%羊毛内胆】加绒加厚男士衬衣休闲商务可机洗纯棉保暖衬衫男,Men’s Shirt,108,15.84,https://detail.1688.com/offer/1088333101044.html,included,
1085863381966,mens-shirts,跨境男装印第安民族风拼接衬衫宽松长袖开衫上衣男士衬衣,Long-Sleeve Relaxed-Fit Men’s Shirt,33,4.84,https://detail.1688.com/offer/1085863381966.html,included,
1055951136225,mens-shirts,跨境蓝色格子春秋美式新款衬衫外套长袖港风宽松休闲衬衣复古上衣,Long-Sleeve Checked Relaxed-Fit Men’s Shirt,29.9,4.38,https://detail.1688.com/offer/1055951136225.html,included,
971242394307,mens-shirts,休闲长袖衬衫男士2026春秋季新款宽松时尚翻领衬衣外套男装上衣服,Long-Sleeve Relaxed-Fit Men’s Shirt,20.9,3.06,https://detail.1688.com/offer/971242394307.html,included,
974157513121,mens-shirts,灯芯绒长袖衬衫男士春秋季新款宽松休闲复古上衣外套秋季男衬衫,Long-Sleeve Relaxed-Fit Men’s Shirt,22.9,3.36,https://detail.1688.com/offer/974157513121.html,included,
1077823194432,mens-shirts,时尚个性印花休闲长袖衬衫男士2026春季新款潮流百搭宽松衬衣外套,Long-Sleeve Printed Relaxed-Fit Men’s Shirt,21,3.08,https://detail.1688.com/offer/1077823194432.html,included,
1014683999246,mens-shirts,MYQ复古风纯色长袖衬衫男士春秋宽松休闲衬衣外套韩系通勤穿搭,Long-Sleeve Relaxed-Fit Men’s Shirt,83,12.17,https://detail.1688.com/offer/1014683999246.html,included,
1069943231120,mens-shirts,墨麦客高智通勤纯色简约男士衬衫2026秋季新款纯棉衬衣男款50440.,Men’s Shirt,76,11.14,https://detail.1688.com/offer/1069943231120.html,included,
659562788266,mens-shirts,男士长袖衬衫竹纤维弹力抗皱商务休闲纯色吸汗透气职业工装衬衣男,Long-Sleeve Men’s Shirt,45,6.6,https://detail.1688.com/offer/659562788266.html,included,
771435353871,mens-shirts,200支全棉免烫高级感商务职业正装长袖衬衫男高端白衬衣纯棉抗皱,Long-Sleeve Men’s Shirt,135,19.79,https://detail.1688.com/offer/771435353871.html,included,
1025357189454,mens-shirts,亚麻衬衫男长袖商务休闲免烫抗皱春秋男装新款条纹男士衬衫莱赛尔,Long-Sleeve Striped Men’s Shirt,59,8.65,https://detail.1688.com/offer/1025357189454.html,included,
825229865154,mens-shirts,2025春秋季新款男士日系灯芯绒商务衬衫潮男修身休闲长袖外套帅气,Long-Sleeve Men’s Shirt,49.9,7.32,https://detail.1688.com/offer/825229865154.html,included,
852676056485,mens-shirts,美式复古重磅阿美咔叽灯芯绒男士衬衫长袖宽松工装袋休闲衬衣外套,Long-Sleeve Relaxed-Fit Men’s Shirt,88,12.9,https://detail.1688.com/offer/852676056485.html,included,
783180222585,mens-shirts,高档100%全棉DP成衣免烫纯色商务衬衫男女长短袖正装衬衣批发代发,Short-Sleeve Men’s Shirt,72,10.56,https://detail.1688.com/offer/783180222585.html,included,
949319699838,mens-shirts,春夏长袖衬衣餐饮服务员工作服烘焙奶茶西餐厅咖啡店工装衬衫定制,Long-Sleeve Men’s Shirt,69,10.12,https://detail.1688.com/offer/949319699838.html,included,
710877931392,mens-shirts,定制商务男士短袖衬衫男职业装工作服免烫女寸衫白色定做衬衣批发,Short-Sleeve Men’s Shirt,26,,https://detail.1688.com/offer/710877931392.html,held,already-in-existing-catalogue
903724020077,mens-shirts,奶茶店工作服短袖衬衫定制logo咖啡烘焙店餐厅服务员衬衣t恤夏季,Short-Sleeve Men’s Shirt,69,10.12,https://detail.1688.com/offer/903724020077.html,included,
896964630680,mens-shirts,亚马逊热销3D数码印花衬衫欧美时尚夏威夷短袖衬衫来图来样定制,Short-Sleeve Printed Men’s Shirt,30,4.4,https://detail.1688.com/offer/896964630680.html,included,
830050911608,mens-shirts,秋季商务平纹衬衫男短袖修身职业工装寸衫青年长袖白衬衣定制刺绣,Short-Sleeve Long-Sleeve Men’s Shirt,40,5.87,https://detail.1688.com/offer/830050911608.html,included,
897288177739,mens-shirts,欧美沙滩衬衫速干度假海岛服3D数码印花短袖花衬衫来图来样定制,Short-Sleeve Printed Men’s Shirt,30,4.4,https://detail.1688.com/offer/897288177739.html,included,
1053852726302,mens-shirts,澜海男装|26SS日系慵懒风纯色短袖衬衫男女潮牌宽松情侣百搭衬衣,Short-Sleeve Relaxed-Fit Men’s Shirt,93,13.64,https://detail.1688.com/offer/1053852726302.html,included,
895219320568,mens-shirts,港风vintage夏威夷美式短袖花衬衫男士夏季休闲潮流沙滩情侣衬衣,Short-Sleeve Men’s Shirt,13,1.91,https://detail.1688.com/offer/895219320568.html,included,
1074442688253,mens-shirts,丝光羊毛衬衫男士长袖高支轻奢商务正装衬衣2026秋冬新款内搭上衣,Long-Sleeve Men’s Shirt,299,43.84,https://detail.1688.com/offer/1074442688253.html,included,
741782682685,mens-shirts,跨境春秋男士格子衬衫透气棉长袖衬衣男休闲上衣商务衬衫外套批发,Long-Sleeve Checked Men’s Shirt,32.9,4.82,https://detail.1688.com/offer/741782682685.html,included,
642201201086,mens-shirts,東雨男装衬衫男春夏季高级感古巴领宽松纯色翻领衬衣短袖外套少年,Short-Sleeve Relaxed-Fit Men’s Shirt,32,4.69,https://detail.1688.com/offer/642201201086.html,included,
1069139599316,mens-shirts,100%棉成衣免烫衬衫男士长袖高定轻奢商务正装纯棉衬衣抗皱易打理,Long-Sleeve Men’s Shirt,147,21.55,https://detail.1688.com/offer/1069139599316.html,included,
835345478534,mens-shirts,跨境批发秋冬速干长袖衬衫男士抗皱免烫商务正装爸爸纯色衬衣代发,Long-Sleeve Men’s Shirt,54,7.92,https://detail.1688.com/offer/835345478534.html,included,
971660635541,mens-shirts,男士衬衫春秋季纯色衬衣无口袋工装轻商务青年修身内搭商务通勤,Men’s Shirt,62,9.09,https://detail.1688.com/offer/971660635541.html,included,
957631954699,mens-shirts,捷展男装|防风撞色条纹衬衫26秋季新品潮牌男装ins男士休闲长袖,Long-Sleeve Striped Men’s Shirt,58,8.5,https://detail.1688.com/offer/957631954699.html,included,
1064336060598,mens-shirts,跨境亚马逊男士休闲开衫纽扣衬衫亨利美式立领长袖亚麻免烫,,35,,https://detail.1688.com/offer/1064336060598.html,held,product-identification-or-relevance-review
648602468639,mens-shirts,男士衬衫男长袖白衬衣男夏季抗皱透气吸汗衬衫男寸衫批发刺绣LOGO,Long-Sleeve Men’s Shirt,39.9,5.85,https://detail.1688.com/offer/648602468639.html,included,
1071721662049,mens-shirts,APO男装|跨境简约翻领长袖男式衬衫抗皱老钱纯色宽松休闲衬衣上衣,Long-Sleeve Relaxed-Fit Men’s Shirt,93,13.64,https://detail.1688.com/offer/1071721662049.html,included,
1067508938912,mens-shirts,ETAI男装|春秋新款方正短款条纹衬衫男青少年宽松型长袖休闲衬衫,Long-Sleeve Striped Relaxed-Fit Men’s Shirt,44,6.45,https://detail.1688.com/offer/1067508938912.html,included,
1069422859653,mens-shirts,APO男装|跨境简约复古通勤男士衬衫宽松休闲纯色立领衬衣潮流上衣,Relaxed-Fit Men’s Shirt,78,11.44,https://detail.1688.com/offer/1069422859653.html,included,
946184024272,mens-shirts,新款亚马逊跨境春秋亚麻衬衫长袖立领透气休闲男款新中式口袋衬衫,Long-Sleeve Men’s Shirt,31.99,4.69,https://detail.1688.com/offer/946184024272.html,included,
927971745906,mens-shirts,跨境亚马逊男装美式夏季男亚麻连帽沙滩休闲衬衫短袖男士短袖t恤,Short-Sleeve Hooded Men’s Shirt,27,3.96,https://detail.1688.com/offer/927971745906.html,included,
909420663558,mens-shirts,亚马逊跨境春秋亚麻衬衫长袖立领透气休闲新中式口袋衬衫男士衬衫,Long-Sleeve Men’s Shirt,30,4.4,https://detail.1688.com/offer/909420663558.html,included,
850641946830,mens-shirts,2026秋季新款男士条纹长袖衬衫英伦风修身商务休闲通勤百搭衬衣,Long-Sleeve Striped Men’s Shirt,52,7.62,https://detail.1688.com/offer/850641946830.html,included,
732477886452,mens-shirts,墨麦客斜纹肌理全棉长袖衬衫男2026春季新款明辑线男士衬衣50189.,Long-Sleeve Men’s Shirt,83,12.17,https://detail.1688.com/offer/732477886452.html,included,
1075430913298,mens-shirts,衬衫男女同款保暖加绒加厚新款轻商务通勤无痕免烫衬衣男工厂批发,Men’s Shirt,69,10.12,https://detail.1688.com/offer/1075430913298.html,included,
659537524888,mens-shirts,高档纯棉商务男士衬衫DP成衣免烫长袖绅士正装修身抗皱纯棉衬衣男,Long-Sleeve Men’s Shirt,120,17.6,https://detail.1688.com/offer/659537524888.html,included,
966691202206,mens-shirts,阿里虎男装高端大牌时尚格子衬衫休闲免烫格子条纹长袖衬衫衣男士,Long-Sleeve Striped Checked Men’s Shirt,75,11.0,https://detail.1688.com/offer/966691202206.html,included,
1089992824924,mens-shirts,男士时尚潮流个性解构休闲衬衣秋季男青少年港风复古竖条纹衬衫,Striped Men’s Shirt,31,4.55,https://detail.1688.com/offer/1089992824924.html,included,
883023443778,mens-shirts,2025新款男士衬衫桑蚕丝竹纤维7A抗菌长袖衬衣男免烫商务白衬衫男,Long-Sleeve Men’s Shirt,46,6.74,https://detail.1688.com/offer/883023443778.html,included,
894543384232,mens-shirts,春秋款粗式帆布水洗工装衬衫外套男士长袖纯色翻领衬衣休闲百搭,Long-Sleeve Men’s Shirt,72.8,10.67,https://detail.1688.com/offer/894543384232.html,included,
842025440455,mens-shirts,春秋季新款男士撞色领弹力长袖衬衫商务休闲舒适免烫衬衣青年纯色,Long-Sleeve Men’s Shirt,36.8,5.4,https://detail.1688.com/offer/842025440455.html,included,
875757303003,mens-shirts,跨境外贸夏季短袖花衬衫男沙滩大码休闲复古3D数码印花男士衬衣潮,Short-Sleeve Printed Men’s Shirt,14,2.05,https://detail.1688.com/offer/875757303003.html,included,
897806677722,mens-shirts,东南亚风情热带花衬衫碎花短袖衬衣男女美式百搭外套五分袖沙滩服,Short-Sleeve Printed Men’s Shirt,13,1.91,https://detail.1688.com/offer/897806677722.html,included,
1052647810267,mens-shirts,DP成衣免烫男士长袖衬衫100%长绒棉200支4股商务休闲正装白衬衣男,Long-Sleeve Men’s Shirt,156,22.87,https://detail.1688.com/offer/1052647810267.html,included,
1069716743094,mens-shirts,莫代尔条纹长袖衬衫男士秋新款商务正装休闲衬衣可定制绣logo上衣,Long-Sleeve Striped Men’s Shirt,72,10.56,https://detail.1688.com/offer/1069716743094.html,included,
884321716237,mens-shirts,7A抗菌桑蚕丝衬衫男长袖商务休闲白衬衫男竹纤维抗皱免烫男士衬衣,Long-Sleeve Men’s Shirt,49,7.18,https://detail.1688.com/offer/884321716237.html,included,
730488985336,mens-shirts,新款纯色男士商务含羊毛衬衫免烫春秋休闲百搭款长袖抗皱高档衬衣,Long-Sleeve Men’s Shirt,75,11.0,https://detail.1688.com/offer/730488985336.html,included,
958427860398,mens-shirts,跨境高弹无痕男士衬衫商务休闲短袖男衬衣弹力丝滑免烫欧码衬衣男,Short-Sleeve Men’s Shirt,33,4.84,https://detail.1688.com/offer/958427860398.html,included,
961598137036,mens-shirts,跨境款高弹力衬衫男无痕长袖纯色商务职业男士衬衣无皱亚马逊男装,Long-Sleeve Men’s Shirt,33,,https://detail.1688.com/offer/961598137036.html,held,already-in-existing-catalogue
552788228218,mens-shirts,東雨男士衬衫透气棉格子衬衣男休闲修身上衣衬衫男长袖外套批发,Long-Sleeve Checked Men’s Shirt,40,5.87,https://detail.1688.com/offer/552788228218.html,included,
922351309344,mens-shirts,罗蒙衬衫春秋季男士羊毛长袖衬衫高端高级感衬衣男上衣莫代尔男式,Long-Sleeve Men’s Shirt,58,8.5,https://detail.1688.com/offer/922351309344.html,included,
920450144371,mens-shirts,长袖衬衫男士高级感抗皱免烫职业正装商务高端冰丝衬衣黑色衬衫男,Long-Sleeve Men’s Shirt,35,5.13,https://detail.1688.com/offer/920450144371.html,included,
1016175473524,mens-shirts,MYQ老钱风格子长袖衬衫男士春秋宽松休闲衬衣外套韩系通勤穿搭,Long-Sleeve Checked Relaxed-Fit Men’s Shirt,75,11.0,https://detail.1688.com/offer/1016175473524.html,included,
1075881541924,mens-shirts,MYQ复古风水洗牛仔衬衫长袖男士秋季宽松休闲衬衣韩系通勤穿搭,Long-Sleeve Relaxed-Fit Men’s Shirt,113,16.57,https://detail.1688.com/offer/1075881541924.html,included,
803495403735,mens-shirts,批发100支双股DP纯棉成衣免烫衬衫男士轻商务抗皱职业装长袖衬衣,Long-Sleeve Men’s Shirt,98,14.37,https://detail.1688.com/offer/803495403735.html,included,
761508808397,mens-shirts,2025春季男式衬衫潮牌欧货重工艺男衬衣修身免烫衬衫男一件代发,Men’s Shirt,78,11.44,https://detail.1688.com/offer/761508808397.html,included,
735249475805,mens-shirts,東雨男装男士牛仔衬衫男双袋衬衣简约休闲外套男现货批发休闲百搭,Men’s Shirt,35,5.13,https://detail.1688.com/offer/735249475805.html,included,
972175612969,mens-shirts,東雨男士长袖衬衫日系复古简约落肩宽松衬衣纯棉休闲工装外套批发,Long-Sleeve Relaxed-Fit Men’s Shirt,43,6.3,https://detail.1688.com/offer/972175612969.html,included,
1079516849283,mens-shirts,男士短袖商务衬衫纯色免烫防泼防油污衬衣 抗皱外勤通勤翻领衬衣,Short-Sleeve Men’s Shirt,60,8.8,https://detail.1688.com/offer/1079516849283.html,included,
557880844636,mens-shirts,天丝棉衬衫长袖白色衬衣免烫商务休闲男装夏季男士正装,Long-Sleeve Men’s Shirt,85,12.46,https://detail.1688.com/offer/557880844636.html,included,
968933039895,mens-shirts,潮流刺绣银色CD高级感免烫高端纯色男士长袖衬衫百搭纯白男衬免烫,Long-Sleeve Men’s Shirt,125,18.33,https://detail.1688.com/offer/968933039895.html,included,
636166608974,mens-shirts,男士衬衫商务男装抗皱免烫纯色工装职业装批发可订LOGO长袖衬衣男,Long-Sleeve Men’s Shirt,32,,https://detail.1688.com/offer/636166608974.html,held,already-in-existing-catalogue
870678927810,mens-shirts,外贸丝绸衬衫男士商务休闲高级衬衣免烫纯色缎面长袖衬衣欧美男装,Long-Sleeve Men’s Shirt,36,5.28,https://detail.1688.com/offer/870678927810.html,included,
584799062556,mens-shirts,新款男士长袖衬衫条纹牛津纺免烫休闲衬衣男士修身韩版高棉打底衫,Long-Sleeve Striped Men’s Shirt,33,4.84,https://detail.1688.com/offer/584799062556.html,included,
1088438056410,mens-shirts,莫代尔男士商务长袖衬衫鎏金暗纹提花弹力衬衣休闲通勤正装上衣,Long-Sleeve Men’s Shirt,76,11.14,https://detail.1688.com/offer/1088438056410.html,included,
950560327597,mens-shirts,MYQ轻熟风休闲衬衫男士春秋季宽松长袖衬衣韩系通勤风纯色上衣,Long-Sleeve Relaxed-Fit Men’s Shirt,78,11.44,https://detail.1688.com/offer/950560327597.html,included,
1031909086594,mens-shirts,MYQ轻熟风磨毛格纹衬衫男士2026春季新款宽松休闲衬衣韩系穿搭,Checked Relaxed-Fit Men’s Shirt,73,10.7,https://detail.1688.com/offer/1031909086594.html,included,
1088809640441,mens-shirts,【100%羊毛内胆】秋冬新款保暖衬衫男休闲商务可机洗加绒加厚衬衣,Men’s Shirt,108,15.84,https://detail.1688.com/offer/1088809640441.html,included,
997579258871,mens-shirts,春秋季新中式磨砂皮衬衫男宽松时尚百搭外套扎染痞帅潮流长袖上衣,Long-Sleeve Relaxed-Fit Men’s Shirt,25.9,3.8,https://detail.1688.com/offer/997579258871.html,included,
730167667037,mens-shirts,2025春季长袖衬衫男简约万针刺绣衬衫男修身免烫男士衬衫一件代发,Long-Sleeve Men’s Shirt,75.44,11.06,https://detail.1688.com/offer/730167667037.html,included,
1082547907689,mens-shirts,【100%法国雨露亚麻】14支经纬双长麻温莎领老钱风亚麻衬衫男批发,Men’s Shirt,120,17.6,https://detail.1688.com/offer/1082547907689.html,included,
1018955551580,mens-shirts,2026春季新款锦氨纶无痕免烫男士衬衫弹力免烫衬衣工作服工装批发,Men’s Shirt,52.5,7.7,https://detail.1688.com/offer/1018955551580.html,included,
1084875632790,mens-shirts,【100%棉】秋季新款全棉磨毛衬衫商务休闲抗皱长袖格子衬衣男批发,Long-Sleeve Checked Men’s Shirt,52,7.62,https://detail.1688.com/offer/1084875632790.html,included,
1082376173854,mens-shirts,APO男装|跨境老钱男士灯芯绒长袖衬衫纯棉肌理感翻领衬衣休闲上衣,Long-Sleeve Men’s Shirt,83,,https://detail.1688.com/offer/1082376173854.html,held,already-in-existing-catalogue
1086393115576,mens-shirts,APO男装|跨境极简轻奢宽松休闲男士衬衣静奢老钱棉麻混纺长袖衬衫,Long-Sleeve Relaxed-Fit Men’s Shirt,68,9.97,https://detail.1688.com/offer/1086393115576.html,included,
670728265768,mens-shirts,斜纹长袖白色衬衫男商务正装修身女式职业衬衣透气免烫一件代发,Long-Sleeve Men’s Shirt,57,8.36,https://detail.1688.com/offer/670728265768.html,included,
1016685497321,mens-shirts,川泸跨境弹力免烫条纹长袖翻领男士衬衫高级感亚马逊男士衬衣男装,Long-Sleeve Striped Men’s Shirt,32.8,4.81,https://detail.1688.com/offer/1016685497321.html,included,
865414416235,mens-shirts,男士复古立领长袖衬衫弹力春秋商务休闲跨境热卖外贸衬衣新款上衣,Long-Sleeve Men’s Shirt,32.8,4.81,https://detail.1688.com/offer/865414416235.html,included,
935048949006,mens-shirts,冰丝衬衫男短袖夏季潮牌潮流男士休闲外套高级感痞帅五分袖黑衬衣,Short-Sleeve Men’s Shirt,12,1.76,https://detail.1688.com/offer/935048949006.html,included,
1015812622810,mens-shirts,川泸跨境男士衬衫长袖纯棉水洗牛津纺衬衣男春秋外套刺绣休闲开衫,Long-Sleeve Men’s Shirt,45,6.6,https://detail.1688.com/offer/1015812622810.html,included,
813738380938,mens-shirts,200支4股高奢成衣免烫男士长袖衬衣高级感春秋季易去污新款衬衫,Long-Sleeve Men’s Shirt,148,21.7,https://detail.1688.com/offer/813738380938.html,included,
998868441619,mens-shirts,夏威夷欧美潮牌菊花满印半袖衬衫男港风国潮海边度假休闲男士衬衣,Men’s Shirt,13,1.91,https://detail.1688.com/offer/998868441619.html,included,
624242078026,mens-shirts,纯棉白蓝色男式衬衫职业条纹衬衣免烫长袖格子男士衬衫批发DP,Long-Sleeve Striped Checked Men’s Shirt,100,,https://detail.1688.com/offer/624242078026.html,held,already-in-existing-catalogue
553183029821,mens-shirts,東雨男装春款全棉日系牛仔衬衫男士纯棉修身休闲外套男现货批发,Men’s Shirt,43,6.3,https://detail.1688.com/offer/553183029821.html,included,
809016385052,mens-shirts,跨境轻薄弹力大码男士衬衫免烫抗皱长袖衬衣亚马逊开衫长袖衬衫男,Long-Sleeve Men’s Shirt,26.99,3.96,https://detail.1688.com/offer/809016385052.html,included,
1052749623208,mens-shirts,桑蚕丝莫代尔免烫衬衫男短袖商务休闲夏季透气吸湿职业装纯色工装,Short-Sleeve Men’s Shirt,73,10.7,https://detail.1688.com/offer/1052749623208.html,included,
540960394519,mens-shirts,欧洲站领袖口织带白衬衫男士修身潮流轻奢高级感工装商务长袖衬衣,Long-Sleeve Men’s Shirt,85,12.46,https://detail.1688.com/offer/540960394519.html,included,
1024473370256,mens-shirts,格子衬衫男长袖竹纤维春秋商务男装抗皱免烫男士衬衣碳素磨毛工艺,Long-Sleeve Checked Men’s Shirt,59,8.65,https://detail.1688.com/offer/1024473370256.html,included,
703108579107,mens-shirts,跨境新款男士撞色领弹力长袖衬衫商务休闲舒适免烫衬衣欧美东南亚,Long-Sleeve Men’s Shirt,29,4.25,https://detail.1688.com/offer/703108579107.html,included,
872090283187,mens-shirts,亚马逊缎面长袖礼服衬衫男商务休闲系扣免烫抗皱外贸男装商务绅士,Long-Sleeve Men’s Shirt,36,5.28,https://detail.1688.com/offer/872090283187.html,included,
1087668012299,mens-shirts,【垂顺抗皱】男士冰丝凉感长袖衬衫无痕抗皱免烫上衣商务通勤衬衣,Long-Sleeve Men’s Shirt,40,5.87,https://detail.1688.com/offer/1087668012299.html,included,
778012907879,mens-shirts,衬衫男男士商务DP成衣免烫高档条纹休闲衬衣纯棉高级新郎伴郎衬衣,Striped Men’s Shirt,178,26.1,https://detail.1688.com/offer/778012907879.html,included,
915210019171,mens-shirts,【杰仕】男士衬衫竹纤维透气凉爽商务休闲职业装工作服衬衣男长袖,Long-Sleeve Men’s Shirt,59,8.65,https://detail.1688.com/offer/915210019171.html,included,
1031934190004,mens-shirts,MYQ轻熟风休闲长袖衬衫男2026年春季新款宽松套头衬衣韩系穿搭,Long-Sleeve Relaxed-Fit Men’s Shirt,83,12.17,https://detail.1688.com/offer/1031934190004.html,included,
1064982440356,mens-shirts,MYQ简约风短款衬衫长袖男秋季新款宽松休闲衬衣韩系少年感穿搭,Long-Sleeve Relaxed-Fit Men’s Shirt,83,12.17,https://detail.1688.com/offer/1064982440356.html,included,
734514310104,mens-shirts,50%高含量竹纤维商务休闲长袖衬衫蓝白色日常上班职业男士衬衣,Long-Sleeve Men’s Shirt,67,9.82,https://detail.1688.com/offer/734514310104.html,included,
659009047841,mens-shirts,新款男式纯棉方领长袖衬衣抗皱易打理修身格子衬衫潮交联免烫衬衫,Long-Sleeve Checked Men’s Shirt,92,13.49,https://detail.1688.com/offer/659009047841.html,included,
1073171223718,mens-shirts,【跨境专供】男士衬衫钻扣欧码长袖水晶扣纯色男装高领礼服衬衣,Long-Sleeve Men’s Shirt,33,4.84,https://detail.1688.com/offer/1073171223718.html,included,
876634041434,mens-shirts,跨境立领四面弹衬衫男士免烫弹力男装纯色亚马逊可定制透气衬衫,Men’s Shirt,30,4.4,https://detail.1688.com/offer/876634041434.html,included,
777466807523,mens-shirts,衬衫男长袖灰蓝格子高品质成衣免烫商务正装休闲纯棉男士长袖衬衣,Long-Sleeve Checked Men’s Shirt,178,26.1,https://detail.1688.com/offer/777466807523.html,included,
1067811695885,mens-shirts,MYQ学院风长袖衬衫男士秋季新款宽松休闲衬衣韩系通勤百搭上衣,Long-Sleeve Relaxed-Fit Men’s Shirt,88,12.9,https://detail.1688.com/offer/1067811695885.html,included,
1064030793603,mens-shirts,MYQ老钱风短款衬衫长袖男秋季新款宽松休闲衬衣韩系少年感穿搭,Long-Sleeve Relaxed-Fit Men’s Shirt,83,12.17,https://detail.1688.com/offer/1064030793603.html,included,
684297387730,mens-shirts,藏青色80支纯棉平纹纯色衬衣成衣免烫春秋天男士衬衫工装职业装,Men’s Shirt,110,16.13,https://detail.1688.com/offer/684297387730.html,included,
684663834869,mens-shirts,高支纯棉蓝色提花免烫衬衣120支双男士长袖职业上班休闲外搭衬衫,Long-Sleeve Men’s Shirt,115,16.86,https://detail.1688.com/offer/684663834869.html,included,
1041481249802,mens-shirts,MYQ复古风工装短袖衬衫外套男士夏季宽松休闲衬衣韩系通勤穿搭,Short-Sleeve Relaxed-Fit Men’s Shirt,98,14.37,https://detail.1688.com/offer/1041481249802.html,included,
1081955662284,mens-shirts,MYQ痞帅工装衬衫外套男士秋季宽松休闲衬衣长袖韩系通勤风穿搭,Long-Sleeve Relaxed-Fit Men’s Shirt,88,12.9,https://detail.1688.com/offer/1081955662284.html,included,
819345075021,mens-shirts,200支4股高奢春秋季长袖衬衣商务高级感日常职业装纯色工装衬衫,Long-Sleeve Men’s Shirt,148,21.7,https://detail.1688.com/offer/819345075021.html,included,
652976368236,mens-shirts,浙江傲哥服饰有限公司商务纯棉白蓝色衬衣男长袖衬衫定制logo批发,Long-Sleeve Men’s Shirt,115,16.86,https://detail.1688.com/offer/652976368236.html,included,
1087994288314,mens-shirts,秋冬季中老年人保暖棉麻衬衫男加绒加厚爸爸长袖宽松休闲爷爷衬衣,Long-Sleeve Relaxed-Fit Men’s Shirt,42,6.16,https://detail.1688.com/offer/1087994288314.html,included,
1087970928738,mens-shirts,美式涂鸦印花翻领衬衫秋季男款韩版休闲上衣设计长袖个性潮流外套,Long-Sleeve Printed Men’s Shirt,68,9.97,https://detail.1688.com/offer/1087970928738.html,included,
1087806105842,mens-shirts,直播跨境男士加绒加厚衬衫保暖衬衣新款长袖男装衬衫一件代发,Long-Sleeve Men’s Shirt,52,7.62,https://detail.1688.com/offer/1087806105842.html,included,
1087779797927,mens-shirts,男士长袖翻领衬衫抽象油画笔触满印衬衣艺术数码印花外贸上衣,Long-Sleeve Printed Men’s Shirt,26,3.81,https://detail.1688.com/offer/1087779797927.html,included,
1087673328842,mens-shirts,男士长袖条纹衬黑白竖条纹修身痞帅衬衣跨境热销型男休闲免烫上衣,Long-Sleeve Striped Men’s Shirt,27,3.96,https://detail.1688.com/offer/1087673328842.html,included,
1087666764710,mens-shirts,纯色春秋季男士休闲潮牌新款衬衣男翻领宽松长袖衬衫痞帅外套男,Long-Sleeve Relaxed-Fit Men’s Shirt,45,6.6,https://detail.1688.com/offer/1087666764710.html,included,
1087607594691,mens-shirts,冬季纯棉加绒加厚长袖衬衫男商务休闲中年爸爸装免烫抗皱保暖衬衣,Long-Sleeve Men’s Shirt,246,36.07,https://detail.1688.com/offer/1087607594691.html,included,
1087545390029,mens-shirts,秋季垂感衬衫男装长袖防晒外套宽松胖子大码韩版潮流痞帅衬衣,Long-Sleeve Relaxed-Fit Men’s Shirt,15,2.2,https://detail.1688.com/offer/1087545390029.html,included,
1087503705068,mens-shirts,男士长袖数码印花衬衫 枫叶图案翻领衬衣 外贸休闲男装一件代发,Long-Sleeve Printed Men’s Shirt,26,3.81,https://detail.1688.com/offer/1087503705068.html,included,
1087468312739,mens-shirts,2026秋季新款韩版休闲百搭格子衬衫男士长袖修身潮流衬衫上衣外套,Long-Sleeve Checked Men’s Shirt,12,1.76,https://detail.1688.com/offer/1087468312739.html,included,
1087449044819,mens-shirts,厂家批发2024男士长袖休闲工装衬衣春秋百搭外套男装打底衫潮,Long-Sleeve Men’s Shirt,14.5,2.13,https://detail.1688.com/offer/1087449044819.html,included,
1087432892322,mens-shirts,绅禾春秋新款字母刺绣衬衫男宽松垂感长袖衬衣日系少年感休闲上衣,Long-Sleeve Relaxed-Fit Men’s Shirt,23,3.37,https://detail.1688.com/offer/1087432892322.html,included,
1087407500401,mens-shirts,亚马逊外贸跨境男士长袖衬衫高级感条纹免烫衬衣源头工厂一件代发,Long-Sleeve Striped Men’s Shirt,26,3.81,https://detail.1688.com/offer/1087407500401.html,included,
1087388272919,mens-shirts,男士衬衫艺术感竖条纹弹力修身长袖衬衣跨境Temu亚马逊轻商务男装,Long-Sleeve Striped Men’s Shirt,27,3.96,https://detail.1688.com/offer/1087388272919.html,included,
1087359621892,mens-shirts,春秋季纯棉长袖衬衫男中年爸爸装格子免烫全棉商务正装高级感衬衣,Long-Sleeve Checked Men’s Shirt,123,18.04,https://detail.1688.com/offer/1087359621892.html,included,
1087357333734,mens-shirts,高级感磨毛长袖衬衫男春秋季商务正装职业工装衬衣中年爸爸装寸衫,Long-Sleeve Men’s Shirt,130,19.06,https://detail.1688.com/offer/1087357333734.html,included,
1087264650311,mens-shirts,跨境棉质条纹长袖衬衫男士2026春秋新品商务休闲翻领衬衣可二开,Long-Sleeve Striped Men’s Shirt,42,6.16,https://detail.1688.com/offer/1087264650311.html,included,
1087264624211,mens-shirts,纯棉男士加绒保暖衬衫长袖牛津纺条纹商务休闲一体绒加厚衬衣冬季,Long-Sleeve Striped Men’s Shirt,52,7.62,https://detail.1688.com/offer/1087264624211.html,included,
1087234525460,mens-shirts,男士春秋季渐变色设计翻领衬衫潮流扎染休闲宽松外套男装上衣,Relaxed-Fit Men’s Shirt,57.54,8.44,https://detail.1688.com/offer/1087234525460.html,included,
1087234525251,mens-shirts,高级垂感新中式长袖衬衫男装2027春秋季凉感潮流洋气免烫翻领衬衣,Long-Sleeve Men’s Shirt,25,3.67,https://detail.1688.com/offer/1087234525251.html,included,
1087222017799,mens-shirts,跨境Temu希音TK男士高级感缎面藏青金色宫廷花纹长袖开衫衬衣批发,Long-Sleeve Men’s Shirt,29,4.25,https://detail.1688.com/offer/1087222017799.html,included,
1087217028062,mens-shirts,2026秋冬新款印花无痕保暖衬衫长袖男士商务休闲宽松加绒加厚衬衣,Long-Sleeve Printed Relaxed-Fit Men’s Shirt,198,29.03,https://detail.1688.com/offer/1087217028062.html,included,
1087216857094,mens-shirts,扎染衬衫男士秋季百搭外套港风潮流设计感小众青少年休闲长袖衬衣,Long-Sleeve Men’s Shirt,41.96,6.15,https://detail.1688.com/offer/1087216857094.html,included,
1087191840405,mens-shirts,2026港风ins格子衬衫男长袖休闲衬衣宽松韩版潮流气外套一件代发,Long-Sleeve Checked Relaxed-Fit Men’s Shirt,12,1.76,https://detail.1688.com/offer/1087191840405.html,included,
1087161956400,mens-shirts,【一件长发】美式复古格子衬衫男款春秋宽松休闲百搭开衫长袖情侣,Long-Sleeve Checked Relaxed-Fit Men’s Shirt,20,2.93,https://detail.1688.com/offer/1087161956400.html,included,
1087146969700,mens-shirts,百搭休闲条纹衬衣男生春季日系条纹男士长袖衬衫青年新款潮流宽松,Long-Sleeve Striped Relaxed-Fit Men’s Shirt,43.74,6.41,https://detail.1688.com/offer/1087146969700.html,included,
1087026610687,mens-shirts,条纹衬衫男春秋季潮牌日系磨毛打底长袖男士内搭宽松休闲衬衣现货,Long-Sleeve Striped Relaxed-Fit Men’s Shirt,31.64,4.64,https://detail.1688.com/offer/1087026610687.html,included,
1087012776801,mens-shirts,秋季新款男士长袖衬衫发型师潮装帅气韩版百搭休闲免烫长袖衬衣男,Long-Sleeve Men’s Shirt,38.08,5.58,https://detail.1688.com/offer/1087012776801.html,included,
1087012776214,mens-shirts,春秋季衬衣男装休闲潮流宽松新中式新款长袖上衣工装外套男士衬衫,Long-Sleeve Relaxed-Fit Men’s Shirt,18,2.64,https://detail.1688.com/offer/1087012776214.html,included,
1087001149013,mens-shirts,跨境站外秋季爆款男士长袖衬衫抗皱免烫暗门襟纯色无痕衬衣代发,Long-Sleeve Men’s Shirt,28,4.11,https://detail.1688.com/offer/1087001149013.html,included,
1086956705659,mens-shirts,立领长袖男士长袖衬衫2026秋冬新款中年商务休闲纯色薄款百搭衬衣,Long-Sleeve Men’s Shirt,83,12.17,https://detail.1688.com/offer/1086956705659.html,included,
1086864372426,mens-shirts,2026款欧美休闲百搭男士数码印花长袖衬衫四季适穿上衣万圣节图案,Long-Sleeve Printed Men’s Shirt,30,4.4,https://detail.1688.com/offer/1086864372426.html,included,
1086852344690,mens-shirts,港风痞帅长袖衬衫男春秋薄款潮流宽松学生百搭外套ins休闲上衣潮,Long-Sleeve Relaxed-Fit Men’s Shirt,47.42,6.95,https://detail.1688.com/offer/1086852344690.html,included,
1086799633662,mens-shirts,秋款衬衫男士长袖纯色外套多口袋大码宽松商务休闲上班潮流,Long-Sleeve Relaxed-Fit Men’s Shirt,14.5,2.13,https://detail.1688.com/offer/1086799633662.html,included,
1086779197589,mens-shirts,日系翻领长袖衬衫男士2026秋季新款扎染肌理感灯芯绒大码长袖衬衣,Long-Sleeve Men’s Shirt,34.9,5.12,https://detail.1688.com/offer/1086779197589.html,included,
1086748030933,mens-shirts,休闲长袖开衫男装复古街头涂鸦几何图案印花衬衫宽松衬衣货源,Long-Sleeve Printed Relaxed-Fit Men’s Shirt,26,3.81,https://detail.1688.com/offer/1086748030933.html,included,
1086710532281,mens-shirts,男长袖新款高级衬衫保暖高端痞帅商务衬衣男士修身纯色男装寸免烫,Long-Sleeve Men’s Shirt,67,9.82,https://detail.1688.com/offer/1086710532281.html,included,
1086705008083,mens-shirts,美式磨毛格子长袖衬衫男宽松百搭潮流文艺青年设计感衬衣秋季外套,Long-Sleeve Checked Relaxed-Fit Men’s Shirt,18.8,2.76,https://detail.1688.com/offer/1086705008083.html,included,
1086684634733,mens-shirts,卡其色千鸟格衬衫男款秋季复古肌理格纹休闲衬衣外搭开衫翻领外套,Checked Men’s Shirt,23,3.37,https://detail.1688.com/offer/1086684634733.html,included,
1086683178202,mens-shirts,男士长袖翻领衬衫街头潮人涂鸦公仔满印衬衣潮流数码印花外贸上衣,Long-Sleeve Printed Men’s Shirt,26,3.81,https://detail.1688.com/offer/1086683178202.html,included,
1086680312300,mens-shirts,2026日系条纹长袖衬衫男士春秋季港风高街衬衣宽松潮流感休闲外套,Long-Sleeve Striped Relaxed-Fit Men’s Shirt,20,2.93,https://detail.1688.com/offer/1086680312300.html,included,
1086660342023,mens-shirts,男士长袖翻领衬衫游戏手柄满印潮流休闲上衣外贸货源个性印花衬衣,Long-Sleeve Printed Men’s Shirt,26,3.81,https://detail.1688.com/offer/1086660342023.html,included,
1086607987403,mens-shirts,高级感春秋季男士纯棉长袖衬衫中年爸爸装商务格子职业装衬衣免烫,Long-Sleeve Checked Men’s Shirt,136,19.94,https://detail.1688.com/offer/1086607987403.html,included,
1086599530032,mens-shirts,春季长袖牛仔衬衫男宽松复古大码衬衣男士潮流休闲百搭外套潮春秋,Long-Sleeve Relaxed-Fit Men’s Shirt,94,13.78,https://detail.1688.com/offer/1086599530032.html,included,
1086595936049,mens-shirts,白衬衫男长袖修身免烫纯色职业商务正装工作上班白色男士西装衬衣,Long-Sleeve Men’s Shirt,12.6,1.85,https://detail.1688.com/offer/1086595936049.html,included,
1086584236434,mens-shirts,春秋季牛津纺衬衫衣男士长袖纯色青少年休闲学生修身韩版潮寸衫,Long-Sleeve Men’s Shirt,16.6,2.43,https://detail.1688.com/offer/1086584236434.html,included,
1086575744442,mens-shirts,白衬衫男短袖免烫修身抗褶商务上班工作服秋季职业正装男士长衬衣,Short-Sleeve Men’s Shirt,11.7,1.72,https://detail.1688.com/offer/1086575744442.html,included,
1086575155613,mens-shirts,高级感长袖衬衫男气质男装商务通勤衬衣中年爸爸装免烫抗皱薄上衣,Long-Sleeve Men’s Shirt,175,25.66,https://detail.1688.com/offer/1086575155613.html,included,
1086575155468,mens-shirts,高级感男士长袖衬衫春秋新款商务中年爸爸装男装免烫抗皱薄款衬衣,Long-Sleeve Men’s Shirt,193,28.3,https://detail.1688.com/offer/1086575155468.html,included,
1086569872710,mens-shirts,春秋款港风ins格子衬衫男士长袖韩版潮流寸衣薄休闲百搭衬衣外套,Long-Sleeve Checked Men’s Shirt,15.6,2.29,https://detail.1688.com/offer/1086569872710.html,included,
1086557113890,mens-shirts,桑蚕丝条纹衬衣中年男士长袖衬衫爸爸装秋季商务休闲免烫男装上衣,Long-Sleeve Striped Men’s Shirt,28,4.11,https://detail.1688.com/offer/1086557113890.html,included,
1086491837411,mens-shirts,青少年学生翻领衬衫男士宽松时尚品质潮牌百搭休闲工装上衣男代发,Relaxed-Fit Men’s Shirt,58,8.5,https://detail.1688.com/offer/1086491837411.html,included,
1086453337599,mens-shirts,春秋季新品高品质超柔碳磨纯棉时尚长袖衬衫男士工装衬衣外套代发,Long-Sleeve Men’s Shirt,75,11.0,https://detail.1688.com/offer/1086453337599.html,included,
1086444057114,mens-shirts,春秋季白衬衫男长袖潮流商务修身韩版帅气寸衫职业正装男士长衬衣,Long-Sleeve Men’s Shirt,11.5,1.69,https://detail.1688.com/offer/1086444057114.html,included,
1086434293308,mens-shirts,2026新中式飘带立领衬衫男女春秋山本风中性风高级设计感男式衬衫,Men’s Shirt,19.99,2.93,https://detail.1688.com/offer/1086434293308.html,included,
1086430513930,mens-shirts,中青年男士春秋季大码磨毛格子条纹爸爸装商务休闲长袖衬衫男代发,Long-Sleeve Striped Checked Men’s Shirt,55,8.06,https://detail.1688.com/offer/1086430513930.html,included,
1086428357921,mens-shirts,跨境外贸春秋季大码磨毛格子条纹休闲长袖衬衫男高品质外套速卖通,Long-Sleeve Striped Checked Men’s Shirt,55,8.06,https://detail.1688.com/offer/1086428357921.html,included,
1086418301862,mens-shirts,春秋季白衬衫男长袖潮流商务修身韩版帅气寸衫职业正装男士长衬衣,Long-Sleeve Men’s Shirt,11.5,1.69,https://detail.1688.com/offer/1086418301862.html,included,
1086401305277,mens-shirts,跨境外贸男士长袖衬衣宫廷风鎏金花纹复古高级感衬衫源头工厂代发,Long-Sleeve Men’s Shirt,25,3.67,https://detail.1688.com/offer/1086401305277.html,included,
1086396917477,mens-shirts,纯棉格子衬衫男士休闲春秋新款潮流休闲百搭青年简约衬衣外套男装,Checked Men’s Shirt,59,8.65,https://detail.1688.com/offer/1086396917477.html,included,
1086386184379,mens-shirts,秋冬加厚加绒白色宽松胖人男士加绒长袖衬衫韩版商务工装男式衬衣,Long-Sleeve Relaxed-Fit Men’s Shirt,20,2.93,https://detail.1688.com/offer/1086386184379.html,included,
1086381845000,mens-shirts,纯色衬衫男免烫弹力透气商务高级感纯色无痕职业装长袖白衬衣工服,Long-Sleeve Men’s Shirt,35,5.13,https://detail.1688.com/offer/1086381845000.html,included,
1086373388859,mens-shirts,秋季男士美式潮流个性扎染长袖衬衫男青年韩系高级感痞帅叠穿衬衫,Long-Sleeve Men’s Shirt,25,3.67,https://detail.1688.com/offer/1086373388859.html,included,
1086341464968,mens-shirts,美式复古工装翻领长袖衬衫男士短款男款宽松外套色休闲衬衣外穿,Long-Sleeve Relaxed-Fit Men’s Shirt,110.21,16.16,https://detail.1688.com/offer/1086341464968.html,included,
1086241817763,mens-shirts,跨境2026新款扎染免烫美式长袖衬衣外套男士休闲简约翻领上衣日系,Long-Sleeve Men’s Shirt,65,9.53,https://detail.1688.com/offer/1086241817763.html,included,
1086194389941,mens-shirts,春秋季爆款衬衫男高档衬衫男士长袖无痕休闲商务衬衣时尚潮流男装,Long-Sleeve Men’s Shirt,35,5.13,https://detail.1688.com/offer/1086194389941.html,included,
1086188372136,mens-shirts,垂感冰丝长袖衬衫秋季轻熟风男内搭免熨衬衣高级感bf休闲痞帅上衣,Long-Sleeve Men’s Shirt,20,2.93,https://detail.1688.com/offer/1086188372136.html,included,
1086186538734,mens-shirts,男士春秋季渐变衬衫扎染设计长袖新款宽松休闲帅气衬衣外套男装,Long-Sleeve Relaxed-Fit Men’s Shirt,52.92,7.76,https://detail.1688.com/offer/1086186538734.html,included,
1086181330928,mens-shirts,美式复古龙鳞纹长袖衬衫男款春秋季高街潮牌宽松休闲百搭衬衣外套,Long-Sleeve Relaxed-Fit Men’s Shirt,80,11.73,https://detail.1688.com/offer/1086181330928.html,included,
1086175015985,mens-shirts,百搭休闲条纹衬衣男生春季日系条纹男士长袖衬衫青年新款潮流宽松,Long-Sleeve Striped Relaxed-Fit Men’s Shirt,44.64,6.55,https://detail.1688.com/offer/1086175015985.html,included,
1086168520698,mens-shirts,秋冬加绒保暖新款男士长袖衬衫薄款韩版修身男士衬衫印花免烫,Long-Sleeve Printed Men’s Shirt,62.46,9.16,https://detail.1688.com/offer/1086168520698.html,included,
1086165258369,mens-shirts,2026时尚潮流扎染衬衫新款外套宽松男士休闲长袖百搭衬衣男装上衣,Long-Sleeve Relaxed-Fit Men’s Shirt,57.54,8.44,https://detail.1688.com/offer/1086165258369.html,included,
1086165148616,mens-shirts,韩国港风上衣印花长袖衬衫男士韩版潮流时尚宽松痞帅衬衣现货,Long-Sleeve Printed Relaxed-Fit Men’s Shirt,36.72,5.38,https://detail.1688.com/offer/1086165148616.html,included,
1086154224051,mens-shirts,欧码2026秋冬亚马逊欧美休闲男士褶皱工艺长袖衬衫男时尚衬衣男,Long-Sleeve Men’s Shirt,53,7.77,https://detail.1688.com/offer/1086154224051.html,included,
1086153922737,mens-shirts,粉色格子小众长袖衬衫男春秋扎染刺绣潮牌衬衣美式高街学院风外套,Long-Sleeve Checked Men’s Shirt,51.2,7.51,https://detail.1688.com/offer/1086153922737.html,included,
1086141201922,mens-shirts,新款雪纺韩版长袖衬衫潮流休闲春秋季潮牌宽松帅气百搭宽松男士,Long-Sleeve Relaxed-Fit Men’s Shirt,13,1.91,https://detail.1688.com/offer/1086141201922.html,included,
1086138300645,mens-shirts,2026新款棉条纹中青年牛津纺男士长袖衬衫商务休闲潮流百搭衬衣,Long-Sleeve Striped Men’s Shirt,95.87,14.06,https://detail.1688.com/offer/1086138300645.html,included,
1086098498517,mens-shirts,2026春秋设计新款上衣拼接长袖衬衫潮流休闲男士条纹时尚百搭衬衣,Long-Sleeve Striped Men’s Shirt,43.74,6.41,https://detail.1688.com/offer/1086098498517.html,included,
1086073577062,mens-shirts,2026春秋季新款长袖衬衫男士翻领工装纯色衬衣日系复古百搭外套潮,Long-Sleeve Men’s Shirt,90,13.2,https://detail.1688.com/offer/1086073577062.html,included,
1086028342815,mens-shirts,男士绿白艺术方块印花长袖衬衫 春秋欧美风翻领休闲花衬衣跨境货,Long-Sleeve Printed Men’s Shirt,27,3.96,https://detail.1688.com/offer/1086028342815.html,included,
1086024837335,mens-shirts,男士长袖衬衫外套春秋竖条纹肌理翻领工装衬衣休闲口袋上衣,Long-Sleeve Striped Men’s Shirt,218,31.96,https://detail.1688.com/offer/1086024837335.html,included,
1085995522807,mens-shirts,长袖衬衫男秋冬韩版潮流纯色衬衣男士修身大码上班 S-4XL码 六色,Long-Sleeve Men’s Shirt,25,3.67,https://detail.1688.com/offer/1085995522807.html,included,
1085967115415,mens-shirts,潮牌原宿风格子衬衫男ins宽松长袖衬衣港味帅气情侣休闲开衫外套,Long-Sleeve Checked Relaxed-Fit Men’s Shirt,18.93,2.78,https://detail.1688.com/offer/1085967115415.html,included,
1085960692898,mens-shirts,美式复古龙鳞纹长袖衬衫男款春秋季高街潮牌宽松休闲百搭衬衣外套,Long-Sleeve Relaxed-Fit Men’s Shirt,35,5.13,https://detail.1688.com/offer/1085960692898.html,included,
1085943266046,mens-shirts,灯芯绒衬衫男士春秋季新款商务休闲免烫衬衣外套宽松休闲内搭上衣,Relaxed-Fit Men’s Shirt,20,2.93,https://detail.1688.com/offer/1085943266046.html,included,
1085943039743,mens-shirts,春秋季美式百搭扎染渐变衬衫男士长袖潮牌痞帅宽松休闲衬衣外套男,Long-Sleeve Relaxed-Fit Men’s Shirt,64.54,9.46,https://detail.1688.com/offer/1085943039743.html,included,
1085925664612,mens-shirts,秋冬季灯芯绒衬衫男ins长袖潮牌港风设计感衬衣痞帅小众宽松外套,Long-Sleeve Relaxed-Fit Men’s Shirt,21.43,3.14,https://detail.1688.com/offer/1085925664612.html,included,
1085894979392,mens-shirts,2026秋装新款男士衬衫美式复古格子宽松翻领休闲潮流长袖衬衣男,Long-Sleeve Checked Relaxed-Fit Men’s Shirt,39,5.72,https://detail.1688.com/offer/1085894979392.html,included,
1085886141284,mens-shirts,2026跨境街潮男士长袖翻领衬衫 春秋季万圣节南瓜3D数码 印花上衣,Long-Sleeve Printed Men’s Shirt,31.99,4.69,https://detail.1688.com/offer/1085886141284.html,included,
1085883046551,mens-shirts,秋冬季中老年人保暖衬衫男加绒加厚爸爸长袖宽松休闲大码爷爷衬衣,Long-Sleeve Relaxed-Fit Men’s Shirt,38,5.57,https://detail.1688.com/offer/1085883046551.html,included,
1085872899539,mens-shirts,男士亚麻衬衫长袖商务休闲纯色透气薄款青年简约翻领衬衣工装寸衫,Long-Sleeve Men’s Shirt,53,7.77,https://detail.1688.com/offer/1085872899539.html,included,
1085871970348,mens-shirts,纯棉100%春秋款衬衫男长袖工装外套休闲时尚简约纯色男士衬衣批发,Long-Sleeve Men’s Shirt,40,5.87,https://detail.1688.com/offer/1085871970348.html,included,
1085868399236,mens-shirts,男士长袖翻领衬衫民族几何拼块满印衬衣休闲数码印花外贸上衣,Long-Sleeve Printed Men’s Shirt,26,3.81,https://detail.1688.com/offer/1085868399236.html,included,
1085866523537,mens-shirts,男士长袖翻领衬衫国风荷塘花卉满印衬衣数码印花外贸上衣,Long-Sleeve Printed Men’s Shirt,26,3.81,https://detail.1688.com/offer/1085866523537.html,included,
1085865889883,mens-shirts,2026跨境热卖爆款男士数码印花长袖衬衫日常百搭休闲男款衬衣潮流,Long-Sleeve Printed Men’s Shirt,31.29,4.59,https://detail.1688.com/offer/1085865889883.html,included,
1085858276919,mens-shirts,春秋季商务休闲免烫弹力衬衫男士抗皱韩版潮流修身百搭长袖衬衣男,Long-Sleeve Men’s Shirt,58.07,8.51,https://detail.1688.com/offer/1085858276919.html,included,
1085844653165,mens-shirts,春秋外套男条纹衬衫男士长袖宽松痞帅气港风潮流韩版ins学生上衣,Long-Sleeve Striped Relaxed-Fit Men’s Shirt,40.53,5.94,https://detail.1688.com/offer/1085844653165.html,included,
1085842255099,mens-shirts,男士长袖衬衫春秋款格子衬衣时尚通勤爸爸装百搭休闲上衣,Long-Sleeve Checked Men’s Shirt,68,9.97,https://detail.1688.com/offer/1085842255099.html,included,
1085841536064,mens-shirts,2026春秋季新款男士中年翻领简约休闲纯色长袖衬衫上衣通勤男装,Long-Sleeve Men’s Shirt,55,8.06,https://detail.1688.com/offer/1085841536064.html,included,
1085826974694,mens-shirts,2025秋冬男士保暖衬衫加绒加厚加肥加大码爸爸免烫正装长袖衬衣,Long-Sleeve Men’s Shirt,85,12.46,https://detail.1688.com/offer/1085826974694.html,included,
1085820603583,mens-shirts,fulfil蓝色条纹灯芯绒衬衫男春秋宽松廓形复古慵懒风百搭长袖衬衣,Long-Sleeve Striped Relaxed-Fit Men’s Shirt,97,14.22,https://detail.1688.com/offer/1085820603583.html,included,
1085820479428,mens-shirts,春秋季格子衬衫男士长袖宽松休闲衬衣青少年外套男感扎染上衣,Long-Sleeve Checked Relaxed-Fit Men’s Shirt,52.82,7.74,https://detail.1688.com/offer/1085820479428.html,included,
1085801091097,mens-shirts,美式复古潮牌长袖衬衫男士白撞色西部玫瑰翻领修身个性男装跨境,Long-Sleeve Men’s Shirt,26,3.81,https://detail.1688.com/offer/1085801091097.html,included,
1085790962488,mens-shirts,2026长袖色衬衫出片男士春秋新款潮流百搭休闲衬衣上衣现货其他,Long-Sleeve Men’s Shirt,35.94,5.27,https://detail.1688.com/offer/1085790962488.html,included,
1085751258082,mens-shirts,设计感格纹衬衫男长袖2026春季新款潮牌宽松大码痞帅休闲衬衣外套,Long-Sleeve Checked Relaxed-Fit Men’s Shirt,17.8,2.61,https://detail.1688.com/offer/1085751258082.html,included,
1085733978735,mens-shirts,春秋薄款衬衫男长袖商务休闲纯色外套衣服教练上班水洗电焊潮,Long-Sleeve Men’s Shirt,14.5,2.13,https://detail.1688.com/offer/1085733978735.html,included,
1085720178118,mens-shirts,2026跨境外贸热卖爆款男士长袖西部牛仔风衬衫新款春秋男款衬衣,Long-Sleeve Men’s Shirt,27,3.96,https://detail.1688.com/offer/1085720178118.html,included,
1085659212446,mens-shirts,粉色格子小众长袖衬衫男春秋扎染刺绣潮牌衬衣美式高街学院风外套,Long-Sleeve Checked Men’s Shirt,50.5,7.4,https://detail.1688.com/offer/1085659212446.html,included,
1085634724596,mens-shirts,春秋季格子衬衫男士长袖美式复古潮牌痞帅防晒外套潮流衬衣服,Long-Sleeve Checked Men’s Shirt,19.56,2.87,https://detail.1688.com/offer/1085634724596.html,included,
1085623361681,mens-shirts,跨境外贸免烫宽松版衬衫男士长袖休闲工装衬衣春秋外套男装潮,Long-Sleeve Relaxed-Fit Men’s Shirt,17.8,2.61,https://detail.1688.com/offer/1085623361681.html,included,
1085614480810,mens-shirts,美式复古格子衬衫男款秋季宽松大码开衫长袖衬衣百搭休闲情侣外套,Long-Sleeve Checked Relaxed-Fit Men’s Shirt,21,3.08,https://detail.1688.com/offer/1085614480810.html,included,
1085606817647,mens-shirts,加厚加绒男白衬衫男长袖商务加绒免烫上班职业工装秋冬季衬衣寸衫,Long-Sleeve Men’s Shirt,20,2.93,https://detail.1688.com/offer/1085606817647.html,included,
1085540977770,mens-shirts,男士格子衬衫长袖春秋新款学生宽松寸衫外套港风韩版潮流衬衣,Long-Sleeve Checked Relaxed-Fit Men’s Shirt,14.6,2.14,https://detail.1688.com/offer/1085540977770.html,included,
1085537284873,mens-shirts,衬衫2026长袖秋冬季港风感男士加绒外套潮流宽松新款提花衬衣,Long-Sleeve Relaxed-Fit Men’s Shirt,40.08,5.88,https://detail.1688.com/offer/1085537284873.html,included,
1085537284692,mens-shirts,2026新款印花衬衫+喇叭裤套装70年代男生经典休闲迪斯科表演服装,Printed Men’s Shirt,63,9.24,https://detail.1688.com/offer/1085537284692.html,included,
1085529303473,mens-shirts,春秋男士长袖格子衬衫 潮流格纹衬衣 百搭休闲男装上衣货源,Long-Sleeve Checked Men’s Shirt,26,3.81,https://detail.1688.com/offer/1085529303473.html,included,
1085522507903,mens-shirts,跨境风男士翻领衬衣 国风神龙数码印花长袖衬衫 休闲男装支持代发,Long-Sleeve Printed Men’s Shirt,26,3.81,https://detail.1688.com/offer/1085522507903.html,included,
1085507803923,mens-shirts,秋冬季加绒加厚男士条纹衬衫宽松垂感休闲上衣痞帅高级感保暖衬衣,Striped Relaxed-Fit Men’s Shirt,58.87,8.63,https://detail.1688.com/offer/1085507803923.html,included,
1085496074695,mens-shirts,无痕长袖衬衫秋季新款男士条纹商务休闲衬衣翻领男上衣中年爸爸装,Long-Sleeve Striped Men’s Shirt,35,5.13,https://detail.1688.com/offer/1085496074695.html,included,
1085489002177,mens-shirts,青年男士牛仔衬衫男宽松翻领外套复古夹克春秋季工装美式潮牌代发,Relaxed-Fit Men’s Shirt,70,10.26,https://detail.1688.com/offer/1085489002177.html,included,
1085431096069,mens-shirts,新款经典磨毛男士长袖衬衫商务格子爸爸中年休闲宽松衬衣春秋款,Long-Sleeve Checked Relaxed-Fit Men’s Shirt,56.87,8.34,https://detail.1688.com/offer/1085431096069.html,included,
1085426158054,mens-shirts,港风春秋新款宽松纯色衬衫男学生韩版简约经典百搭长袖衬衣外套潮,Long-Sleeve Relaxed-Fit Men’s Shirt,43.37,6.36,https://detail.1688.com/offer/1085426158054.html,included,
1085425790625,mens-shirts,男士加绒衬衫长袖冬季保暖加厚商务休闲纯色翻领工装打底衬衣男,Long-Sleeve Men’s Shirt,40,5.87,https://detail.1688.com/offer/1085425790625.html,included,
1085403175359,mens-shirts,高级感全棉长袖衬衫男春秋季中年爸爸装纯棉衬衣商务职业正装免烫,Long-Sleeve Men’s Shirt,126,18.48,https://detail.1688.com/offer/1085403175359.html,included,
1085388045059,mens-shirts,衬衫男长袖白衬衫商务纯色棉质透气衬衣中青年职业装正装免烫工装,Long-Sleeve Men’s Shirt,29,4.25,https://detail.1688.com/offer/1085388045059.html,included,
1085339301298,mens-shirts,日系复古格子灯芯绒衬衫男装中青年春秋外搭开衫上衣外贸大码服装,Checked Men’s Shirt,21.9,3.21,https://detail.1688.com/offer/1085339301298.html,included,
1085339301121,mens-shirts,美式经典复古条纹长袖衬衫男秋季2026新款英伦休闲衬衣外套春秋款,Long-Sleeve Striped Men’s Shirt,88,12.9,https://detail.1688.com/offer/1085339301121.html,included,
1085313645200,mens-shirts,2026冬季新款中年男士羊绒衬衫商务休闲加绒加厚保暖格子加绒衬衣,Checked Men’s Shirt,288,42.23,https://detail.1688.com/offer/1085313645200.html,included,
1085292639612,mens-shirts,潮牌男士外套扎染设计2长袖衬衫025新款春秋季翻领宽松休闲衬衣男,Long-Sleeve Relaxed-Fit Men’s Shirt,57.54,8.44,https://detail.1688.com/offer/1085292639612.html,included,
1085258451252,mens-shirts,扎染渐变蓝色格子长袖衬衫男秋季美式复古脏脏外套春秋款痞帅衬衣,Long-Sleeve Checked Men’s Shirt,28.5,4.18,https://detail.1688.com/offer/1085258451252.html,included,
1085254468202,mens-shirts,美式复古龙鳞纹长袖衬衫男款春秋季高街潮牌宽松休闲百搭衬衣外套,Long-Sleeve Relaxed-Fit Men’s Shirt,23,3.37,https://detail.1688.com/offer/1085254468202.html,included,
1085251087549,mens-shirts,春秋感扎染长袖衬衫男士2026年宽松休闲百搭翻领衬衣外套男装,Long-Sleeve Relaxed-Fit Men’s Shirt,57.54,8.44,https://detail.1688.com/offer/1085251087549.html,included,
1085194087300,mens-shirts,新款春秋季男装休闲工装潮流衬衣宽松男士长袖新中式衬衫上衣外套,Long-Sleeve Relaxed-Fit Men’s Shirt,33.06,4.85,https://detail.1688.com/offer/1085194087300.html,included,
1085188605415,mens-shirts,日系男士长袖潮流耐脏印花耐磨上衣外套工装青年宽松时尚休闲衬衫,Long-Sleeve Printed Relaxed-Fit Men’s Shirt,21,3.08,https://detail.1688.com/offer/1085188605415.html,included,
1085187873076,mens-shirts,潮流男生小众设计感上衣气质男春装休闲百搭新款衬衫外套美式宽松,Relaxed-Fit Men’s Shirt,18,2.64,https://detail.1688.com/offer/1085187873076.html,included,
1085152881085,mens-shirts,七彩扎染长袖针织衬衫男装秋季韩系慵懒风设计感小众宽松开衫外套,Long-Sleeve Relaxed-Fit Men’s Shirt,53.1,7.79,https://detail.1688.com/offer/1085152881085.html,included,
1085150876172,mens-shirts,2026圣诞节衬衫男 跨境3D印花 秋季圣诞节印花 男士休闲长袖衬衫,Long-Sleeve Printed Men’s Shirt,25,3.67,https://detail.1688.com/offer/1085150876172.html,included,
1085150564974,mens-shirts,支持多平台一件代发跨境3D印花打印长袖衬衫男春秋款衬衫厂家直销,Long-Sleeve Printed Men’s Shirt,28,4.11,https://detail.1688.com/offer/1085150564974.html,included,
1085147113601,mens-shirts,男士2026长袖衬衫新款韩版时尚潮流修身痞帅设计男装休闲衬衣,Long-Sleeve Men’s Shirt,43.74,6.41,https://detail.1688.com/offer/1085147113601.html,included,
1085146841371,mens-shirts,秋冬加绒新款衬衫男修身韩版弹力长袖衬衣男装黑色潮流休闲男寸衫,Long-Sleeve Men’s Shirt,29.44,4.32,https://detail.1688.com/offer/1085146841371.html,included,
1085145897478,mens-shirts,男衬衫长袖男秋季2026新款墨绿色花格子水洗休闲男士衬衣外套上衣,Long-Sleeve Checked Men’s Shirt,51,7.48,https://detail.1688.com/offer/1085145897478.html,included,
1085145131384,mens-shirts,秋季男士长袖无痕高端衬衫抗皱商务百搭中青年工作上班衬衣男外贸,Long-Sleeve Men’s Shirt,29,4.25,https://detail.1688.com/offer/1085145131384.html,included,
1085136957724,mens-shirts,黑白格子衬衫男士长袖宽松休闲衬衣韩版潮流帅气工装寸衫外套秋季,Long-Sleeve Checked Relaxed-Fit Men’s Shirt,15.99,2.34,https://detail.1688.com/offer/1085136957724.html,included,
1085119238668,mens-shirts,扎染格纹拼接长袖衬衫男毛边贴布宽松翻领机能衬衣实体店男装批发,Long-Sleeve Checked Relaxed-Fit Men’s Shirt,138,20.23,https://detail.1688.com/offer/1085119238668.html,included,
1085114981979,mens-shirts,2026男士新款男式棉麻亨利衫长袖嬉皮休闲海滩立领衬衫欧码,Long-Sleeve Men’s Shirt,30,4.4,https://detail.1688.com/offer/1085114981979.html,included,
1085109976027,mens-shirts,欧美潮流印花长袖衬衫男士时尚百搭衬衣休闲宽松翻领男装男衬衫,Long-Sleeve Printed Relaxed-Fit Men’s Shirt,28,4.11,https://detail.1688.com/offer/1085109976027.html,included,
1085072315012,mens-shirts,跨境欧美商务休闲免烫衬衫3D印花男士撞色修身长袖衬衣,Long-Sleeve Printed Men’s Shirt,28,4.11,https://detail.1688.com/offer/1085072315012.html,included,
1085031277955,mens-shirts,美式个性涂鸦印花长袖翻领衬衫秋季男款韩版休闲设计感上衣外套,Long-Sleeve Printed Men’s Shirt,42,6.16,https://detail.1688.com/offer/1085031277955.html,included,
1085029798519,mens-shirts,春秋季新款男士长袖衬衫宽松潮流学生外套青年休闲帅气潮牌衬衣男,Long-Sleeve Relaxed-Fit Men’s Shirt,96.15,14.1,https://detail.1688.com/offer/1085029798519.html,included,
1084989846895,mens-shirts,长袖衬衫男士春秋季春秋新款潮流宽松港风外套加肥加大休闲衬衣男,Long-Sleeve Relaxed-Fit Men’s Shirt,64.74,9.49,https://detail.1688.com/offer/1084989846895.html,included,
1084980810959,mens-shirts,港风潮牌格子长袖衬衫男士春秋新款感文艺青年痞帅衣服男外套,Long-Sleeve Checked Men’s Shirt,53.33,7.82,https://detail.1688.com/offer/1084980810959.html,included,
1084969758285,mens-shirts,男士秋季时尚个性扎染肌理感长袖衬衫男青少年港式百搭宽松衬衫,Long-Sleeve Relaxed-Fit Men’s Shirt,37,5.43,https://detail.1688.com/offer/1084969758285.html,included,
1084912070470,mens-shirts,春秋季衬衫男装休闲工装长袖衬衣新中式新款宽松潮流上衣外套男士,Long-Sleeve Relaxed-Fit Men’s Shirt,18,2.64,https://detail.1688.com/offer/1084912070470.html,included,
1084912070467,mens-shirts,2026新款轻奢衬衫男士长袖暗门襟无痕白衬衣免烫抗皱韩版修身寸衫,Long-Sleeve Men’s Shirt,20,2.93,https://detail.1688.com/offer/1084912070467.html,included,
1084911610456,mens-shirts,春秋季衬衫男装休闲工装长袖衬衣新中式新款宽松潮流上衣外套男士,Long-Sleeve Relaxed-Fit Men’s Shirt,18,2.64,https://detail.1688.com/offer/1084911610456.html,included,
1084900681092,mens-shirts,秋冬季灯芯绒衬衫男ins长袖潮牌港风设计感衬衣痞帅小众宽松外套,Long-Sleeve Relaxed-Fit Men’s Shirt,20.5,3.01,https://detail.1688.com/offer/1084900681092.html,included,
1084883345220,mens-shirts,百搭休闲条纹衬衣男生春季日系条纹男士长袖衬衫青年新款潮流宽松,Long-Sleeve Striped Relaxed-Fit Men’s Shirt,44.64,6.55,https://detail.1688.com/offer/1084883345220.html,included,
1084856950164,mens-shirts,春秋季新款衬衫男长袖暗门襟纯色无痕免烫暗扣白衬衣男商务男装,Long-Sleeve Men’s Shirt,30,4.4,https://detail.1688.com/offer/1084856950164.html,included,
1084814774432,mens-shirts,冬季新款保暖衬衫男士长袖加绒加厚中年男装商务休闲羊绒衬衣衬衫,Long-Sleeve Men’s Shirt,188,27.57,https://detail.1688.com/offer/1084814774432.html,included,
1084808216120,mens-shirts,男士衬衫跨境四面弹黑白条纹衬衣休闲薄款开衫长袖衬衫男装,Long-Sleeve Striped Men’s Shirt,28,4.11,https://detail.1688.com/offer/1084808216120.html,included,
1084803782658,mens-shirts,冬季新款保暖衬衫男士长袖加绒加厚中年男装商务休闲羊绒衬衣衬衫,Long-Sleeve Men’s Shirt,178,26.1,https://detail.1688.com/offer/1084803782658.html,included,
1084765057902,mens-shirts,美式复古格子衬衫男秋季cleanfit连帽长袖衬衣情侣款工装格纹外套,Long-Sleeve Checked Hooded Men’s Shirt,40.5,5.94,https://detail.1688.com/offer/1084765057902.html,included,
1084761950742,mens-shirts,春秋季衬衫男长袖新款韩版休闲潮流衬衣港风帅气百搭灯芯绒外套,Long-Sleeve Men’s Shirt,60.92,8.93,https://detail.1688.com/offer/1084761950742.html,included,
1084711301124,mens-shirts,扎染衬衫男宽松秋季新款长袖上衣服韩版潮流痞帅衬衣港风日系外套,Long-Sleeve Relaxed-Fit Men’s Shirt,30.74,4.51,https://detail.1688.com/offer/1084711301124.html,included,
1084711121969,mens-shirts,个性新潮泼墨扎染衬衫男长袖宽松痞帅气小众设计感休闲衬衣男,Long-Sleeve Relaxed-Fit Men’s Shirt,43.74,6.41,https://detail.1688.com/offer/1084711121969.html,included,
1084691005172,mens-shirts,春秋季新款时尚扎染衬衣长袖衬衫男士宽松潮流休闲百搭感外套,Long-Sleeve Relaxed-Fit Men’s Shirt,56.74,8.32,https://detail.1688.com/offer/1084691005172.html,included,
1084658301313,mens-shirts,烟灰色美式复古扎染衬衫男感痞帅长袖衬衣老钱风外套,Long-Sleeve Men’s Shirt,45.04,6.6,https://detail.1688.com/offer/1084658301313.html,included,
1084609801887,mens-shirts,秋冬季灯芯绒衬衫男ins长袖潮牌港风设计感衬衣痞帅小众宽松外套,Long-Sleeve Relaxed-Fit Men’s Shirt,20.5,3.01,https://detail.1688.com/offer/1084609801887.html,included,
1084601468167,mens-shirts,格子衬衫男士春秋季长袖潮牌ins宽松衬衣学生青年休闲外套寸衣服,Long-Sleeve Checked Relaxed-Fit Men’s Shirt,12.5,1.83,https://detail.1688.com/offer/1084601468167.html,included,
1084536535187,mens-shirts,灯芯绒衬衫男春秋款日系长袖宽松港风痞帅长袖衬衣外套现货有吊牌,Long-Sleeve Relaxed-Fit Men’s Shirt,51.33,7.53,https://detail.1688.com/offer/1084536535187.html,included,
1084523522961,mens-shirts,美式复古条纹提花长袖牛仔衬衫男士2026春季新款大码休闲衬衣外套,Long-Sleeve Striped Men’s Shirt,78,11.44,https://detail.1688.com/offer/1084523522961.html,included,
1084517185687,mens-shirts,高级感潮方领商务修身轻奢青年高弹冰丝2026秋季酒红色长袖衬衣男,Long-Sleeve Men’s Shirt,60,8.8,https://detail.1688.com/offer/1084517185687.html,included,
1084500567936,mens-shirts,跨境男士格纹长袖衬衫翻领单口袋磨毛TK大码宽松休闲外搭衬衣加绒,Long-Sleeve Checked Relaxed-Fit Men’s Shirt,39,5.72,https://detail.1688.com/offer/1084500567936.html,included,
1084481878815,mens-shirts,2026港风衬衫男士长袖修身免烫商务潮牌青年潮流职业上班上衣衬衣,Long-Sleeve Men’s Shirt,11.7,1.72,https://detail.1688.com/offer/1084481878815.html,included,
1084478822832,mens-shirts,现货牛津纺长袖衬衫现货长袖衬衫,Long-Sleeve Men’s Shirt,42,6.16,https://detail.1688.com/offer/1084478822832.html,included,
1084409939702,mens-shirts,男士衬衫不规则金线印花弹力修身长袖衬衣跨境Temu亚马逊商务男装,Long-Sleeve Printed Men’s Shirt,27,3.96,https://detail.1688.com/offer/1084409939702.html,included,
1084365008533,mens-shirts,秋季长袖衬衫男士潮牌商务百搭衬衣春秋2026新款休闲痞帅寸衫外套,Long-Sleeve Men’s Shirt,11.5,1.69,https://detail.1688.com/offer/1084365008533.html,included,
1084356618647,mens-shirts,2026年春秋季新款韩版宽松灯芯绒长袖衬衫男潮流百搭男士外套,Long-Sleeve Relaxed-Fit Men’s Shirt,22.5,3.3,https://detail.1688.com/offer/1084356618647.html,included,
1084311482482,mens-shirts,白衬衫口袋长袖男士衬衫韩版商务宽松休闲薄款修身衬衣职业装寸衫,Long-Sleeve Relaxed-Fit Men’s Shirt,12.5,1.83,https://detail.1688.com/offer/1084311482482.html,included,
1084281694566,mens-shirts,美式复古迷彩重磅工装衬衫男秋季纯棉宽松大码休闲长袖衬衣外套男,Long-Sleeve Relaxed-Fit Men’s Shirt,102,14.96,https://detail.1688.com/offer/1084281694566.html,included,
1084187878934,mens-shirts,男士秋季时尚个性新中式刺绣衬衫男青少年高级感痞帅翻领宽松衬衫,Relaxed-Fit Men’s Shirt,26,3.81,https://detail.1688.com/offer/1084187878934.html,included,
1084145419174,mens-shirts,藏青色龙鳞纹衬衫男款秋季美式复古休闲慵懒长袖衬衣开衫情侣外套,Long-Sleeve Men’s Shirt,19,2.79,https://detail.1688.com/offer/1084145419174.html,included,
1084109247965,mens-shirts,翻领长袖衬衫男士2026春秋季新款日系复古重磅纯色衬衣外套潮流,Long-Sleeve Men’s Shirt,94,13.78,https://detail.1688.com/offer/1084109247965.html,included,
1084087562245,mens-shirts,毛呢衬衫男士长袖2026保暖秋冬新款轻奢修身百搭帅气衬衣杏色,Long-Sleeve Men’s Shirt,55.82,8.18,https://detail.1688.com/offer/1084087562245.html,included,
1084087309734,mens-shirts,加绒加厚假两件衬衫男长袖中老年商务休闲爸爸装轻奢男士保暖衬衣,Long-Sleeve Men’s Shirt,70,10.26,https://detail.1688.com/offer/1084087309734.html,included,
1084087238564,mens-shirts,新款免烫春秋男士长袖衬衫条纹潮流韩版休闲商务抗皱修身衬衣,Long-Sleeve Striped Men’s Shirt,56.74,8.32,https://detail.1688.com/offer/1084087238564.html,included,
1084086086635,mens-shirts,2026秋季新款男士格子衬衫韩版潮流帅气长袖休闲时尚百搭港风衬衣,Long-Sleeve Checked Men’s Shirt,36.07,5.29,https://detail.1688.com/offer/1084086086635.html,included,
1084043452810,mens-shirts,2026新款男士长袖格子衬衫翻领冬季中年商务时尚休闲加绒衬衣,Long-Sleeve Checked Men’s Shirt,55,8.06,https://detail.1688.com/offer/1084043452810.html,included,
1084017071207,mens-shirts,棉真口袋男士长袖衬衫色春秋衬衣休闲商务韩版男装上衣,Long-Sleeve Men’s Shirt,76.28,11.18,https://detail.1688.com/offer/1084017071207.html,included,
1083976566914,mens-shirts,新中式立领衬衫男长袖修身商务暗扣高级感衬衣男士百搭,Long-Sleeve Men’s Shirt,55,8.06,https://detail.1688.com/offer/1083976566914.html,included,
1083969018897,mens-shirts,春秋季日系小清新潮流工装长袖衬衫男士韩版百搭宽松帅气牛仔衬衣,Long-Sleeve Relaxed-Fit Men’s Shirt,65,9.53,https://detail.1688.com/offer/1083969018897.html,included,
1083950290309,mens-shirts,男士长袖衬衫奢华金色卷草纹宴会上衣夜店舞台演出修身衬衣外贸男,Long-Sleeve Men’s Shirt,27,3.96,https://detail.1688.com/offer/1083950290309.html,included,
1083926771252,mens-shirts,2026冬季新款保暖衬衫男长袖商务休闲中年男士加绒时尚格子衬衣男,Long-Sleeve Checked Men’s Shirt,178,26.1,https://detail.1688.com/offer/1083926771252.html,included,
1083925287494,mens-shirts,品牌羊绒衬衣长袖男2026秋冬新款中年爸爸装商务休闲加绒印花衬衣,Long-Sleeve Printed Men’s Shirt,178,26.1,https://detail.1688.com/offer/1083925287494.html,included,
1083918724933,mens-shirts,春秋季2026新款宽松痞帅扎染潮流长袖衬衫男士潮休闲上衣男装,Long-Sleeve Relaxed-Fit Men’s Shirt,50.59,7.42,https://detail.1688.com/offer/1083918724933.html,included,
1083881305471,mens-shirts,男士格子衬衫长袖宽松休闲纯棉衬衣时尚百搭男装时尚百搭全棉寸衫,Long-Sleeve Checked Relaxed-Fit Men’s Shirt,48,7.04,https://detail.1688.com/offer/1083881305471.html,included,
1083842230968,mens-shirts,秋冬季灯芯绒衬衫男ins长袖潮牌港风设计感衬衣痞帅小众宽松外套,Long-Sleeve Relaxed-Fit Men’s Shirt,21.43,3.14,https://detail.1688.com/offer/1083842230968.html,included,
1083832809440,mens-shirts,跨境外贸男装长袖衬衫简约时尚3d数码印花男士休闲衬衣碎花翻领,Long-Sleeve Printed Men’s Shirt,29,4.25,https://detail.1688.com/offer/1083832809440.html,included,
1083829419195,mens-shirts,日系经典文艺复古蓝软牛仔衬衫男秋季薄款宽松帅气长袖衬衣外套男,Long-Sleeve Relaxed-Fit Men’s Shirt,89,13.05,https://detail.1688.com/offer/1083829419195.html,included,
1083824221356,mens-shirts,时尚休闲男装2026新款工装长袖衬衫男翻领衬衣上衣外套,Long-Sleeve Men’s Shirt,54,7.92,https://detail.1688.com/offer/1083824221356.html,included,
1083821789644,mens-shirts,2025秋季新款男装条纹上衣3D印花宽松薄款休闲长袖衬衫,Long-Sleeve Striped Printed Men’s Shirt,33,4.84,https://detail.1688.com/offer/1083821789644.html,included,
1083812798452,mens-shirts,美式复古肌理感衬衫男款春秋季宽松休闲百搭开衫长袖衬衣情侣外套,Long-Sleeve Relaxed-Fit Men’s Shirt,64.85,9.51,https://detail.1688.com/offer/1083812798452.html,included,
1083789447000,mens-shirts,衬衫男长袖修身免烫色职业商务正装工作白色男士西装伴郎喜衬衣,Long-Sleeve Men’s Shirt,10,1.47,https://detail.1688.com/offer/1083789447000.html,included,
1083778458835,mens-shirts,新款男士秋冬轻奢商务休闲长袖衬衫时尚潮流帅气修身韩版上衣,Long-Sleeve Men’s Shirt,31.54,4.62,https://detail.1688.com/offer/1083778458835.html,included,
1083764453597,mens-shirts,美式复古龙鳞纹长袖衬衫男款春秋季高街潮牌宽松休闲百搭衬衣外套,Long-Sleeve Relaxed-Fit Men’s Shirt,25,3.67,https://detail.1688.com/offer/1083764453597.html,included,
1083712058173,mens-shirts,男士复古牛仔衬衫春秋长袖纯色宽松简约休闲衬衣外套新款一件代发,Long-Sleeve Relaxed-Fit Men’s Shirt,77,11.29,https://detail.1688.com/offer/1083712058173.html,included,
1083695340083,mens-shirts,2026秋冬莱赛尔磨毛男士衬衫长袖商务休闲格子中年时尚格子衬衣,Long-Sleeve Checked Men’s Shirt,85,12.46,https://detail.1688.com/offer/1083695340083.html,included,
1083692548535,mens-shirts,喜公公男士衬衫2026秋季新款商务休闲宽松免烫长袖无痕衬衣外套潮,Long-Sleeve Relaxed-Fit Men’s Shirt,80,11.73,https://detail.1688.com/offer/1083692548535.html,included,
1083686398802,mens-shirts,厂家直销】【男加绒衬衣男士保暖衬衫】秋冬外套寸衣服男装现批发,Men’s Shirt,32,4.69,https://detail.1688.com/offer/1083686398802.html,included,
1083686398236,mens-shirts,粉色美式复古扎染撞色长袖衬衫男款秋季高街潮牌宽松休闲衬衣外套,Long-Sleeve Relaxed-Fit Men’s Shirt,67.4,9.88,https://detail.1688.com/offer/1083686398236.html,included,
1083683856889,mens-shirts,喜公公2026秋新款高端商务长袖衬衫免熨秋季新品男士丝光免烫衬衣,Long-Sleeve Men’s Shirt,80,11.73,https://detail.1688.com/offer/1083683856889.html,included,
1083660344778,mens-shirts,2026秋冬新款轻奢级保暖衬衫男休闲百搭衬衫加绒加厚条纹格子衬衣,Striped Checked Men’s Shirt,82,12.02,https://detail.1688.com/offer/1083660344778.html,included,
1083615367083,mens-shirts,纯棉衬衫男士2025秋季新款痞帅感内搭外穿短袖衬衣长袖外套男现货,Short-Sleeve Long-Sleeve Men’s Shirt,36.5,5.35,https://detail.1688.com/offer/1083615367083.html,included,
1083599980187,mens-shirts,秋季日系黑白格子长袖衬衫男设计感小众复古港味宽松衬衣百搭外套,Long-Sleeve Checked Relaxed-Fit Men’s Shirt,12.35,1.81,https://detail.1688.com/offer/1083599980187.html,included,
1083594310331,mens-shirts,粉色渐变扎染衬衫男感痞帅特别的情侣装外套衬衣潮牌,Men’s Shirt,58.41,8.56,https://detail.1688.com/offer/1083594310331.html,included,
1083573574743,mens-shirts,棉长袖衬衫男扎染衬衣外套初高中学生青少年春秋季时尚潮流夹克,Long-Sleeve Men’s Shirt,91.19,13.37,https://detail.1688.com/offer/1083573574743.html,included,
1083572173034,mens-shirts,2026春秋季桑蚕丝长袖衬衫男士中年商务高端无痕免烫真丝条纹衬衣,Long-Sleeve Striped Men’s Shirt,199,29.18,https://detail.1688.com/offer/1083572173034.html,included,
1083557023605,mens-shirts,棉100男士长袖衬衫春秋季休闲爸爸装商务时尚上衣简约薄款中年衬,Long-Sleeve Men’s Shirt,54,7.92,https://detail.1688.com/offer/1083557023605.html,included,
1083551110546,mens-shirts,秋冬季灯芯绒衬衫男ins长袖潮牌港风设计感衬衣痞帅小众宽松外套,Long-Sleeve Relaxed-Fit Men’s Shirt,21.43,3.14,https://detail.1688.com/offer/1083551110546.html,included,
1083509377398,mens-shirts,美式复古格子衬衫男款春秋季宽松休闲百搭开衫长袖衬衣情侣外套,Long-Sleeve Checked Relaxed-Fit Men’s Shirt,27,3.96,https://detail.1688.com/offer/1083509377398.html,included,
1083495072929,mens-shirts,春秋季格子衬衫男士长袖韩版潮流学生帅气薄款外套休闲情侣衬衣,Long-Sleeve Checked Men’s Shirt,13.7,2.01,https://detail.1688.com/offer/1083495072929.html,included,
1083470087203,mens-shirts,复古工装牛仔衬衫男高级感韩版宽松长袖上衣潮流百搭蓝色衬衣外套,Long-Sleeve Relaxed-Fit Men’s Shirt,45.8,6.72,https://detail.1688.com/offer/1083470087203.html,included,
1083444724053,mens-shirts,慵懒风松弛感时尚百搭牛仔外套男士秋季新款宽松休闲格子长袖衬衫,Long-Sleeve Checked Relaxed-Fit Men’s Shirt,51,7.48,https://detail.1688.com/offer/1083444724053.html,included,
1083437447092,mens-shirts,男士衬衫2026新款秋季纯棉条纹长袖衬衫翻领休闲高级宽松蓝色衬衣,Long-Sleeve Striped Relaxed-Fit Men’s Shirt,74,10.85,https://detail.1688.com/offer/1083437447092.html,included,
1083428303140,mens-shirts,冬季新款保暖衬衫男中年爸爸装商务休闲格子男士加厚加绒抗皱衬衣,Checked Men’s Shirt,208,30.5,https://detail.1688.com/offer/1083428303140.html,included,
1083427711109,mens-shirts,老钱风麦穗纹长袖衬衫男款秋季肌理感宽松衬衣cleanfit高级感外套,Long-Sleeve Relaxed-Fit Men’s Shirt,26,3.81,https://detail.1688.com/offer/1083427711109.html,included,
1083387339234,mens-shirts,2023新款男士长袖衬衫 男装牛津纺休闲衬衣 男士修身韩版色衬衫棉,Long-Sleeve Men’s Shirt,13.5,1.98,https://detail.1688.com/offer/1083387339234.html,included,
1083361561110,mens-shirts,男式衬衫 胖子大码长袖男士商务正装衬衣宽松免熨肥佬工作衫,Long-Sleeve Relaxed-Fit Men’s Shirt,11,1.61,https://detail.1688.com/offer/1083361561110.html,included,
1083361535344,mens-shirts,休闲衬衫家居气质款职场男装上衣上衣简约休闲场合职场衬衫轻奢男,Men’s Shirt,27,3.96,https://detail.1688.com/offer/1083361535344.html,included,
1083335058402,mens-shirts,男士翻领长袖衬衫不对称巴洛克卷草印花衬衣欧美商务派对休闲男装,Long-Sleeve Printed Men’s Shirt,27,3.96,https://detail.1688.com/offer/1083335058402.html,included,
1083220521187,mens-shirts,美式复古格子衬衫男款春秋季宽松休闲百搭开衫长袖衬衣情侣外套,Long-Sleeve Checked Relaxed-Fit Men’s Shirt,69.8,10.23,https://detail.1688.com/offer/1083220521187.html,included,
1083215120502,mens-shirts,秋季热销爆款休闲长袖中年男士翻领衬衫商务上衣体恤男工服团体服,Long-Sleeve Men’s Shirt,53,7.77,https://detail.1688.com/offer/1083215120502.html,included,
1083194268443,mens-shirts,加肥加大春秋新款大码男装肥佬长袖衬衫胖哥免烫弹力纯色休闲衬衣,Long-Sleeve Men’s Shirt,11.8,1.73,https://detail.1688.com/offer/1083194268443.html,included,
1083190051935,mens-shirts,男士秋冬季加绒长袖衬衫商务休闲正装韩版白衬衣潮流修身白色衬衣,Long-Sleeve Men’s Shirt,36.07,5.29,https://detail.1688.com/offer/1083190051935.html,included,
1083139724099,mens-shirts,男士新款秋季潮流百搭休闲条纹衬衫商务免烫长袖时尚尖扣设计衬衣,Long-Sleeve Striped Men’s Shirt,43.87,6.43,https://detail.1688.com/offer/1083139724099.html,included,
1083091212301,mens-shirts,男士长袖衬衫白色男衬衫商务修身黑色工装职业12衬衣大码男装,Long-Sleeve Men’s Shirt,21.9,3.21,https://detail.1688.com/offer/1083091212301.html,included,
1083068998484,mens-shirts,美式高街扎染长袖衬衫男春秋季vibe潮牌休闲格纹宽松条纹衬衣外套,Long-Sleeve Striped Checked Men’s Shirt,28,4.11,https://detail.1688.com/offer/1083068998484.html,included,
1083013891585,mens-shirts,2026春季长袖衬衫男士带口袋衬衣男装上衣服,Long-Sleeve Men’s Shirt,58,8.5,https://detail.1688.com/offer/1083013891585.html,included,
1082967391852,mens-shirts,秋冬季灯芯绒衬衫男ins长袖潮牌港风设计感衬衣痞帅小众宽松外套,Long-Sleeve Relaxed-Fit Men’s Shirt,20.5,3.01,https://detail.1688.com/offer/1082967391852.html,included,
1082956069989,mens-shirts,男士爱心印花长袖衬衫跨境情人节休闲翻领衬衣亚马逊派对主题男装,Long-Sleeve Printed Men’s Shirt,27,3.96,https://detail.1688.com/offer/1082956069989.html,included,
1082923249599,mens-shirts,秋冬轻奢一体绒保暖衬衫男纯色免烫抗皱通勤加厚商务打底衬衣批发,Men’s Shirt,66,9.68,https://detail.1688.com/offer/1082923249599.html,included,
1082902115142,mens-shirts,春秋季衬衫长袖帅气男装修身职业帅气韩版商务休闲免烫衬衣正装,Long-Sleeve Men’s Shirt,28.93,4.24,https://detail.1688.com/offer/1082902115142.html,included,
1082902079283,mens-shirts,秋冬加绒新款衬衫男修身韩版弹力长袖衬衣男装黑色潮流休闲男寸衫,Long-Sleeve Men’s Shirt,30.01,4.4,https://detail.1688.com/offer/1082902079283.html,included,
1082884259754,mens-shirts,冬季韩版男士保暖衬衫加绒加厚潮流帅气商务休闲长袖条纹衬衣男装,Long-Sleeve Striped Men’s Shirt,58.07,8.51,https://detail.1688.com/offer/1082884259754.html,included,
1082833503466,mens-shirts,美式扎染水墨渐变色长袖衬衫男加肥大码宽松潮牌设计情侣百搭衬衣,Long-Sleeve Relaxed-Fit Men’s Shirt,89.5,13.12,https://detail.1688.com/offer/1082833503466.html,included,
1082828259182,mens-shirts,街头风手写涂鸦字母印花翻领衬衫男款秋季美式宽松长袖休闲上衣潮,Long-Sleeve Printed Relaxed-Fit Men’s Shirt,27,3.96,https://detail.1688.com/offer/1082828259182.html,included,
1082818187246,mens-shirts,美式 秋季垂感长袖衬衫男士韩版ins潮痞帅小众港风宽松花衬衣代发,Long-Sleeve Relaxed-Fit Men’s Shirt,20.88,3.06,https://detail.1688.com/offer/1082818187246.html,included,
1082810007103,mens-shirts,潮牌衬衫外套男秋季厚款长袖灯芯绒宽松港风日系修身休闲衬衣现货,Long-Sleeve Relaxed-Fit Men’s Shirt,35,5.13,https://detail.1688.com/offer/1082810007103.html,included,
1082806527480,mens-shirts,时尚扎染渐变男士衬衫秋季新款潮流休闲长袖外套外穿帅气百搭,Long-Sleeve Men’s Shirt,55.44,8.13,https://detail.1688.com/offer/1082806527480.html,included,
1082779123980,mens-shirts,加肥加大码扎染衬衫男春秋薄款学生美式复古情侣痞帅长袖衬衣外套,Long-Sleeve Men’s Shirt,68.44,10.04,https://detail.1688.com/offer/1082779123980.html,included,
1082779107762,mens-shirts,2026新款春秋季潮牌青少年外套感扎染渐变设计学生痞帅衬衫男,Men’s Shirt,69.87,10.24,https://detail.1688.com/offer/1082779107762.html,included,
1082727833481,mens-shirts,冬季新款加绒长袖衬衫男免烫男士商务休闲加厚衬衣高级感保暖上衣,Long-Sleeve Men’s Shirt,118,17.3,https://detail.1688.com/offer/1082727833481.html,included,
1082718089471,mens-shirts,新款秋季男士长袖衬衫正装职业批发衬衣长袖 男白色修身男式衬衫,Long-Sleeve Men’s Shirt,13.5,1.98,https://detail.1688.com/offer/1082718089471.html,included,
1082680541418,mens-shirts,喜公公冰丝长袖衬衫男2026秋季新款免烫抗皱商务无痕休闲衬衣,Long-Sleeve Men’s Shirt,80,11.73,https://detail.1688.com/offer/1082680541418.html,included,
1082668293655,mens-shirts,喜公公长袖衬衫男2026秋季新款韩版潮流免烫寸衫商务休闲纯色衬衣,Long-Sleeve Men’s Shirt,80,11.73,https://detail.1688.com/offer/1082668293655.html,included,
1082644091842,mens-shirts,美式复古格子衬衫男款春秋季宽松休闲百搭开衫长袖衬衣情侣外套,Long-Sleeve Checked Relaxed-Fit Men’s Shirt,21,3.08,https://detail.1688.com/offer/1082644091842.html,included,
1082502555956,mens-shirts,休闲日系复古秋冬季灯芯绒宽松衬衫男士长袖潮牌衬衣外套情侣外穿,Long-Sleeve Relaxed-Fit Men’s Shirt,41.27,6.05,https://detail.1688.com/offer/1082502555956.html,included,
1082498155032,mens-shirts,美式复古龙鳞纹长袖衬衫男款春秋季高街潮牌宽松休闲百搭衬衣外套,Long-Sleeve Relaxed-Fit Men’s Shirt,23,3.37,https://detail.1688.com/offer/1082498155032.html,included,
1082462705495,mens-shirts,港风复古长袖衬衫男春秋ins潮百搭休闲花衬衣设计感显瘦情侣外套,Long-Sleeve Men’s Shirt,24.9,3.65,https://detail.1688.com/offer/1082462705495.html,included,
1082433803016,mens-shirts,藏青色龙鳞纹长袖衬衫男款秋季透气休闲百搭开衫衬衣宽松情侣外套,Long-Sleeve Relaxed-Fit Men’s Shirt,48.94,7.18,https://detail.1688.com/offer/1082433803016.html,included,
1082401295905,mens-shirts,男装假两件格子衬衫翻领长袖中年衫男士爸爸秋季上衣,Long-Sleeve Checked Men’s Shirt,69.35,10.17,https://detail.1688.com/offer/1082401295905.html,included,
1082388461565,mens-shirts,日系少年感复古格纹长袖衬衫男街头百搭美式咖色宽松情侣休闲衬衣,Long-Sleeve Checked Relaxed-Fit Men’s Shirt,20,2.93,https://detail.1688.com/offer/1082388461565.html,included,
1082386544866,mens-shirts,春秋日系复古风条纹长袖衬衫男女宽松休闲百搭翻领男高级感衬衣,Long-Sleeve Striped Relaxed-Fit Men’s Shirt,33,4.84,https://detail.1688.com/offer/1082386544866.html,included,
1082321334582,mens-shirts,男士隐形暗扣西装打底衬衫纯色衬衣商务春季中年休闲袖寸衫长袖男,Long-Sleeve Men’s Shirt,25,3.67,https://detail.1688.com/offer/1082321334582.html,included,
1082213134014,mens-shirts,秋冬季男士保暖长袖白衬衫加绒加厚上班商务职业正装学生休闲衬衣,Long-Sleeve Men’s Shirt,56.17,8.24,https://detail.1688.com/offer/1082213134014.html,included,
1082188121637,mens-shirts,衬衫男秋季高级感暗格纹宽松长袖男装衬衣美式痞帅休闲翻领外套潮,Long-Sleeve Checked Relaxed-Fit Men’s Shirt,25,3.67,https://detail.1688.com/offer/1082188121637.html,included,
1082185091855,mens-shirts,2025外贸欧美男装春秋新款休闲潮男士长袖3D数码印花衬衫开衫衬衣,Long-Sleeve Printed Men’s Shirt,29.99,4.4,https://detail.1688.com/offer/1082185091855.html,included,
1082183633803,mens-shirts,格子衬衫男士长袖韩版宽松潮流帅气拼色学生外套秋冬新款男装衬衣,Long-Sleeve Checked Relaxed-Fit Men’s Shirt,13.7,2.01,https://detail.1688.com/offer/1082183633803.html,included,
1082157603334,mens-shirts,春秋款新款休闲帅气长袖衬衫翻领宽松潮流时尚涂鸦印花男外套1/2,Long-Sleeve Printed Relaxed-Fit Men’s Shirt,56.74,8.32,https://detail.1688.com/offer/1082157603334.html,included,
1082140163176,mens-shirts,商务休闲长袖衬衫春秋季新款男士四面弹高级感翻领衬衣免烫男衬衫,Long-Sleeve Men’s Shirt,28,4.11,https://detail.1688.com/offer/1082140163176.html,included,
1082129271554,mens-shirts,男士复古牛仔风衬衣跨境货源牛头图案满印户外派对翻领长袖衬衫,Long-Sleeve Men’s Shirt,28,4.11,https://detail.1688.com/offer/1082129271554.html,included,
1082089281864,mens-shirts,跨境2026秋新款扎染格子衬衫男女款美式长袖衬衣外套男休闲时尚潮,Long-Sleeve Checked Men’s Shirt,25,3.67,https://detail.1688.com/offer/1082089281864.html,included,
1082063138063,mens-shirts,2026新款男装冬季衬衣长袖男衬衫,Long-Sleeve Men’s Shirt,75,11.0,https://detail.1688.com/offer/1082063138063.html,included,
1082000499390,mens-shirts,日系潮流港风bf宽松衬衫男士长袖春秋季垂感休闲衬衣潮流百搭学生,Long-Sleeve Relaxed-Fit Men’s Shirt,20,2.93,https://detail.1688.com/offer/1082000499390.html,included,
1081998984423,mens-shirts,深蓝色长袖牛仔衬衫男感性张力穿搭禁欲系英伦雅痞衬衣薄外套,Long-Sleeve Men’s Shirt,30.88,4.53,https://detail.1688.com/offer/1081998984423.html,included,
1081983127140,mens-shirts,原宿新款文艺春秋衬衫男宽松中国古风男装百搭长袖立领亚麻衬衣男,Long-Sleeve Relaxed-Fit Men’s Shirt,27.9,4.09,https://detail.1688.com/offer/1081983127140.html,included,
1081965786426,mens-shirts,港风简约百搭休闲春秋季新款白衬衫男生长袖免烫衬衣商务修身上衣,Long-Sleeve Men’s Shirt,19,2.79,https://detail.1688.com/offer/1081965786426.html,included,
1081960628407,mens-shirts,春秋宽松设计感斜门大码外套不对称休闲酒红色小众衬衫男士新中式,Relaxed-Fit Men’s Shirt,82,12.02,https://detail.1688.com/offer/1081960628407.html,included,
1081894590227,mens-shirts,格子衬衫男长袖韩版潮流秋季港风日系衬衣春秋外套休闲上衣服,Long-Sleeve Checked Men’s Shirt,20.71,3.04,https://detail.1688.com/offer/1081894590227.html,included,
1081845728854,mens-shirts,白衬衫男士长袖免烫抗皱商务休闲正装帅气上班工装衬衣男蓝黑色,Long-Sleeve Men’s Shirt,11.67,1.71,https://detail.1688.com/offer/1081845728854.html,included,
1081805263591,mens-shirts,纯色长袖衬衫男士春秋季新款四面弹无痕免烫休闲弹力简约百搭衬衣,Long-Sleeve Men’s Shirt,46,6.74,https://detail.1688.com/offer/1081805263591.html,included,
1081699395491,mens-shirts,2026春秋中青年男士长袖衬衫桑蚕丝商务休闲纯色免烫爸爸装衬衣潮,Long-Sleeve Men’s Shirt,199,29.18,https://detail.1688.com/offer/1081699395491.html,included,
1081690543736,mens-shirts,2026春秋中青年男士长袖衬衫桑蚕丝商务休闲纯色免烫爸爸装衬衣潮,Long-Sleeve Men’s Shirt,197,28.89,https://detail.1688.com/offer/1081690543736.html,included,
1081675159096,mens-shirts,春秋季男装磨毛格子衬衫男长袖中青年休闲修身大码长袖格子男外穿,Long-Sleeve Checked Men’s Shirt,32.2,4.72,https://detail.1688.com/offer/1081675159096.html,included,
1081634671295,mens-shirts,男士春秋新款工装长袖衬衫宽松百搭纯色外穿日系潮流外套休闲衬衣,Long-Sleeve Relaxed-Fit Men’s Shirt,18,2.64,https://detail.1688.com/offer/1081634671295.html,included,
1081634671242,mens-shirts,秋季长袖衬衫男士潮牌商务百搭衬衣春秋2026新款休闲痞帅寸衫外套,Long-Sleeve Men’s Shirt,11.5,1.69,https://detail.1688.com/offer/1081634671242.html,included,
1081616294890,mens-shirts,跨境男士复古格纹长袖衬衫外贸大码休闲宽松翻领秋冬经典格子上衣,Long-Sleeve Checked Relaxed-Fit Men’s Shirt,35,5.13,https://detail.1688.com/offer/1081616294890.html,included,
1081486328065,mens-shirts,现货2026秋季新款扎染灯芯绒男大码潮牌长袖衬衫,Long-Sleeve Men’s Shirt,42,6.16,https://detail.1688.com/offer/1081486328065.html,included,
1081465612456,mens-shirts,秋季日系复古时尚加厚格子衬衫长袖男款潮牌宽松撞色休闲百搭衬衣,Long-Sleeve Checked Relaxed-Fit Men’s Shirt,39.2,5.75,https://detail.1688.com/offer/1081465612456.html,included,
1081459131347,mens-shirts,时尚个性印花休闲长袖衬衫男士2026春季新款潮流百搭宽松衬衣外套,Long-Sleeve Printed Relaxed-Fit Men’s Shirt,21,3.08,https://detail.1688.com/offer/1081459131347.html,included,
1081434385261,mens-shirts,欧货时尚潮牌早秋花衬衫男设计高级感小众轻奢衬衫男长袖痞帅外搭,Long-Sleeve Men’s Shirt,60,8.8,https://detail.1688.com/offer/1081434385261.html,included,
1081406238932,mens-shirts,那不勒斯豹纹长袖衬衫男模高级感气质轻熟风穿搭衬衣外搭开衫外套,Long-Sleeve Men’s Shirt,29,4.25,https://detail.1688.com/offer/1081406238932.html,included,
1081380341633,mens-shirts,深蓝色商务休闲酒红色灯芯绒衬衫深灰色春秋穿搭卡其色男士百搭,Men’s Shirt,25.9,3.8,https://detail.1688.com/offer/1081380341633.html,included,
1081353383379,mens-shirts,长袖衬衫男士春秋款2026新款宽松休闲长袖工装衬衣外套,Long-Sleeve Relaxed-Fit Men’s Shirt,39,5.72,https://detail.1688.com/offer/1081353383379.html,included,
1081350417462,mens-shirts,潮流美式复古假两件拼接开衫衬衫衣男潮牌秋季情侣百搭休闲外套,Men’s Shirt,35,5.13,https://detail.1688.com/offer/1081350417462.html,included,
1081350134782,mens-shirts,美式复古格子衬衫男士长袖2026春秋季新款宽松外套日系潮流衬衣服,Long-Sleeve Checked Relaxed-Fit Men’s Shirt,20,2.93,https://detail.1688.com/offer/1081350134782.html,included,
1081331520180,mens-shirts,厂家2026男士无痕长袖衬衫春秋款中青年商务休闲纯色弹力衬衣百搭,Long-Sleeve Men’s Shirt,28,4.11,https://detail.1688.com/offer/1081331520180.html,included,
1081288398071,mens-shirts,男士亨利衫欧美部落风狼羽毛艺术印花跨境宽松卷袖休闲长袖衬衣,Long-Sleeve Printed Relaxed-Fit Men’s Shirt,29,4.25,https://detail.1688.com/offer/1081288398071.html,included,
1081220784676,mens-shirts,春秋季日系复古格子衬衫男士长袖新款宽松休闲高级感男生衬衣外套,Long-Sleeve Checked Relaxed-Fit Men’s Shirt,23,3.37,https://detail.1688.com/offer/1081220784676.html,included,
1081200074063,mens-shirts,新中式花卉刺绣翻领长袖衬衫男春季新款潮牌宽松休闲百搭衬衣外套,Long-Sleeve Relaxed-Fit Men’s Shirt,23,3.37,https://detail.1688.com/offer/1081200074063.html,included,
1081150154012,mens-shirts,牛仔衬衫外套男美式日系复古韩版工装春秋季宽松休闲痞帅长袖衬衣,Long-Sleeve Relaxed-Fit Men’s Shirt,31,4.55,https://detail.1688.com/offer/1081150154012.html,included,
1081147158036,mens-shirts,长袖衬衫男亚麻衬衣百搭胖大码宽松休闲潮流通勤感痞帅仿垂感,Long-Sleeve Relaxed-Fit Men’s Shirt,32,4.69,https://detail.1688.com/offer/1081147158036.html,included,
1081134398510,mens-shirts,男士牛津纺长袖白衬衫秋冬季商务休闲男蓝色衬衣酒吧工作服,Long-Sleeve Men’s Shirt,25,3.67,https://detail.1688.com/offer/1081134398510.html,included,
1081134214371,mens-shirts,秋冬新中式男装加绒加厚复古衬衣外套立领盘扣爸爸装国风保暖上衣,Men’s Shirt,105,15.4,https://detail.1688.com/offer/1081134214371.html,included,
1081133287811,mens-shirts,时尚复古长袖衬衫男春秋季新款休闲百搭宽松上衣潮流帅气翻领衬衣,Long-Sleeve Relaxed-Fit Men’s Shirt,38,5.57,https://detail.1688.com/offer/1081133287811.html,included,
1081128360475,mens-shirts,男士商务休闲潮牌长袖衬衫白撞色拼接翻领修身通勤男装衬衣跨,Long-Sleeve Men’s Shirt,29,4.25,https://detail.1688.com/offer/1081128360475.html,included,
1081124878428,mens-shirts,男士新中式唐装衬衫外套秋冬加绒加厚立领盘扣爸爸装国风休闲保暖,Men’s Shirt,105,15.4,https://detail.1688.com/offer/1081124878428.html,included,
1081110426947,mens-shirts,清仓酒红长袖免烫衬衫男士春秋薄款修身高级休闲正装商务纯色衬衣,Long-Sleeve Men’s Shirt,25.9,3.8,https://detail.1688.com/offer/1081110426947.html,included,
1081097010130,mens-shirts,春秋男士长袖衬衫休闲宽松衬衣百搭上衣打底风痞格子帅寸衣青年,Long-Sleeve Checked Relaxed-Fit Men’s Shirt,38.79,5.69,https://detail.1688.com/offer/1081097010130.html,included,
1081082438252,mens-shirts,个性新潮泼墨扎染衬衫男长袖宽松痞帅气小众设计垂感衬衣外套,Long-Sleeve Relaxed-Fit Men’s Shirt,43.74,6.41,https://detail.1688.com/offer/1081082438252.html,included,
1081081845353,mens-shirts,日系时尚长袖衬衫男士高级感痞帅春秋季2026新款休闲衬衣纯色外套,Long-Sleeve Men’s Shirt,21,3.08,https://detail.1688.com/offer/1081081845353.html,included,
1081081119166,mens-shirts,2026秋冬季重磅加厚灯芯绒长袖衬衫男士港风休闲中青年衬衣外套潮,Long-Sleeve Men’s Shirt,28,4.11,https://detail.1688.com/offer/1081081119166.html,included,
1081078895473,mens-shirts,240支高端含桑蚕丝长袖衬衫男商务休闲蓝色抗皱免烫衬衣团单定制,Long-Sleeve Men’s Shirt,275,40.32,https://detail.1688.com/offer/1081078895473.html,included,
1081035058096,mens-shirts,老钱风美式高街解构翻领长袖衬衫男款春秋季新款宽松休闲百搭衬衣,Long-Sleeve Relaxed-Fit Men’s Shirt,30,4.4,https://detail.1688.com/offer/1081035058096.html,included,
1081021624802,mens-shirts,时尚潮流男衬衫韩系翻领春秋男士衬衣宽松复古工装外套气质日系男,Relaxed-Fit Men’s Shirt,18,2.64,https://detail.1688.com/offer/1081021624802.html,included,
1081017855542,mens-shirts,新款白色衬衫男内搭禁欲系长袖衬衫上衣春秋叠穿衬衣万用衬衫,Long-Sleeve Men’s Shirt,25.03,3.67,https://detail.1688.com/offer/1081017855542.html,included,
1080842080928,mens-shirts,美式复古紫色格子长袖衬衫男秋季慵懒松弛感休闲叠穿男生衬衣外套,Long-Sleeve Checked Men’s Shirt,34.8,5.1,https://detail.1688.com/offer/1080842080928.html,included,
1080796953029,mens-shirts,轻奢无痕长袖衬衫男士秋季新款潮流时尚休闲免烫中年条纹衬衣男装,Long-Sleeve Striped Men’s Shirt,50,7.33,https://detail.1688.com/offer/1080796953029.html,included,
1080725352250,mens-shirts,薄款宽松潮牌长袖衬衫男白底蓝几何印花翻领透气百搭男士上衣,Long-Sleeve Printed Relaxed-Fit Men’s Shirt,29,4.25,https://detail.1688.com/offer/1080725352250.html,included,
1080718000161,mens-shirts,男士翻领长袖衬衫美式复古黑白做旧竖条纹衬衣西部风宽松休闲男装,Long-Sleeve Striped Relaxed-Fit Men’s Shirt,29,4.25,https://detail.1688.com/offer/1080718000161.html,included,
1080717028345,mens-shirts,跨境男士复古长袖衬衣金色花卉植物满印衬衫春秋聚会通勤休闲男装,Long-Sleeve Men’s Shirt,29,4.25,https://detail.1688.com/offer/1080717028345.html,included,
1080698924776,mens-shirts,跨境男士西部风长袖衬衣手绘笔刷印花条纹衬衫街头随性可敞穿男装,Long-Sleeve Striped Printed Men’s Shirt,29,4.25,https://detail.1688.com/offer/1080698924776.html,included,
1080654976940,mens-shirts,新款男士长袖格子衬衫磨毛春秋款商务休闲宽松中青年免烫抗皱衬衣,Long-Sleeve Checked Relaxed-Fit Men’s Shirt,63,9.24,https://detail.1688.com/offer/1080654976940.html,included,
1080646675082,mens-shirts,2021薄款格子长袖衬衫男宽松ins潮流韩版衬衣男士工地干活工作服,Long-Sleeve Checked Relaxed-Fit Men’s Shirt,14.73,2.16,https://detail.1688.com/offer/1080646675082.html,included,
1080556811480,mens-shirts,日系复古格子衬衫男生春秋季薄款休闲外套长袖衬衣潮牌宽松上衣服,Long-Sleeve Checked Relaxed-Fit Men’s Shirt,30,4.4,https://detail.1688.com/offer/1080556811480.html,included,
1080517057558,mens-shirts,日系复古灯芯绒衬衫男长袖秋季休闲工装男士外套衬衣宽松上衣跨境,Long-Sleeve Relaxed-Fit Men’s Shirt,20,2.93,https://detail.1688.com/offer/1080517057558.html,included,
1080460023828,mens-shirts,'-2026秋季主推天丝麻新款轻奢长袖衬衫男休闲百搭,Long-Sleeve Men’s Shirt,42,6.16,https://detail.1688.com/offer/1080460023828.html,included,
1080379733576,mens-shirts,美式复古格子衬衫男款秋季宽松大码开衫长袖衬衣百搭休闲情侣外套,Long-Sleeve Checked Relaxed-Fit Men’s Shirt,19,2.79,https://detail.1688.com/offer/1080379733576.html,included,
1080361606096,mens-shirts,日系慵懒风混色条纹长袖衬衫男秋季薄款透气防晒宽松休闲衬衣外套,Long-Sleeve Striped Relaxed-Fit Men’s Shirt,37,5.43,https://detail.1688.com/offer/1080361606096.html,included,
1080357542111,mens-shirts,中年男士纯棉长袖衬衫纽扣领刺绣宽松休闲爸爸装秋季新款休闲衬衣,,78,,https://detail.1688.com/offer/1080357542111.html,held,product-identification-or-relevance-review
1080268047089,mens-shirts,咖色老钱风荆棘纹衬衫男款秋季美式暗纹高级感长袖衬衣松弛感上衣,Long-Sleeve Men’s Shirt,25,3.67,https://detail.1688.com/offer/1080268047089.html,included,
1080252399571,mens-shirts,高级免熨烫垂坠感丝滑纯色黑白衬衫男长袖宽松潮流行冰丝轻熟上衣,Long-Sleeve Relaxed-Fit Men’s Shirt,17.6,2.58,https://detail.1688.com/offer/1080252399571.html,included,
1080251352352,mens-shirts,弹力薄款长袖衬衫男士2026新款简约休闲男装纯色翻领打底衫衬衣男,Long-Sleeve Men’s Shirt,40,5.87,https://detail.1688.com/offer/1080251352352.html,included,
1080228323454,mens-shirts,2026新款春秋季高级感拼接衬衫男长袖潮牌痞帅设计感衬衣休闲上衣,Long-Sleeve Men’s Shirt,22,3.23,https://detail.1688.com/offer/1080228323454.html,included,
1080202615279,mens-shirts,春秋款大码100%纯棉磨毛长袖衬衫中青年男士时尚休闲百搭格子上衣,Long-Sleeve Checked Men’s Shirt,53,7.77,https://detail.1688.com/offer/1080202615279.html,included,
1080201235583,mens-shirts,秋季新款简约纯色立领休闲男士衬衫长袖时尚百搭中式唐装衬衣男棉,Long-Sleeve Men’s Shirt,50,7.33,https://detail.1688.com/offer/1080201235583.html,included,
1080201235287,mens-shirts,秋季2026新款泼墨扎染设计衬衫男士痞帅休闲长袖宽松高男装小衬衣,Long-Sleeve Relaxed-Fit Men’s Shirt,43.74,6.41,https://detail.1688.com/offer/1080201235287.html,included,
1080096768843,mens-shirts,牛津纺长袖衬衫男秋季商务通勤纯色百搭翻领休闲衬衣外贸爆款批发,Long-Sleeve Men’s Shirt,14,2.05,https://detail.1688.com/offer/1080096768843.html,included,
1080074861064,mens-shirts,春秋装新款男士长袖衬衣单口袋商务休闲修身衬衫刺绣小标小外套,Long-Sleeve Men’s Shirt,65,9.53,https://detail.1688.com/offer/1080074861064.html,included,
1079996467488,mens-shirts,高级感男士纯棉长袖衬衫春秋季薄款商务休闲寸衬半袖全棉男装衬衣,Long-Sleeve Men’s Shirt,168,24.63,https://detail.1688.com/offer/1079996467488.html,included,
1079990084664,mens-shirts,美式西部风翻领印花长袖衬衫男亚马逊中青年休闲通勤衬衣工厂货源,Long-Sleeve Printed Men’s Shirt,29,4.25,https://detail.1688.com/offer/1079990084664.html,included,
1079927262639,mens-shirts,英伦雅痞男装衬衫男长袖感灰色轻熟风西装内搭衬衣oversize潮,Long-Sleeve Men’s Shirt,14.88,2.18,https://detail.1688.com/offer/1079927262639.html,included,
1079793626082,mens-shirts,【送领带】衬衫男士长袖春季商务休闲免烫抗皱黑白色衬衣短袖工装,Short-Sleeve Long-Sleeve Men’s Shirt,18.53,2.72,https://detail.1688.com/offer/1079793626082.html,included,
1079783502945,mens-shirts,2021港风衬衫男士长袖修身免烫商务潮牌青年潮流职业上班上衣衬衣,Long-Sleeve Men’s Shirt,11.67,1.71,https://detail.1688.com/offer/1079783502945.html,included,
1079733460129,mens-shirts,跨境欧美风菱形竖条印花男士长袖衬衫亚马逊四面弹力薄款休闲上衣,Long-Sleeve Printed Men’s Shirt,29,4.25,https://detail.1688.com/offer/1079733460129.html,included,
1079699241048,mens-shirts,跨境男士翻领长袖衬衫个性金色卷草印花修身衬衣舞台聚会休闲男装,Long-Sleeve Printed Men’s Shirt,29,4.25,https://detail.1688.com/offer/1079699241048.html,included,
1079692245610,mens-shirts,男士翻领长袖衬衫白底蓝黑几何线条印花衬衣春秋宽松度假休闲男装,Long-Sleeve Printed Relaxed-Fit Men’s Shirt,29,4.25,https://detail.1688.com/offer/1079692245610.html,included,
1079650890508,mens-shirts,高级感衬衫外套春秋季新款百搭夹克男士美式日常潮流帅气开衫上衣,Men’s Shirt,22.9,3.36,https://detail.1688.com/offer/1079650890508.html,included,
1079625080899,mens-shirts,水洗原色牛仔衬衫男士2026春款宽松休闲百搭翻领长袖衬衣外套批发,Long-Sleeve Relaxed-Fit Men’s Shirt,87,12.76,https://detail.1688.com/offer/1079625080899.html,included,
1079604534623,mens-shirts,秋季新款高端男士衬衫商务休闲免烫中年男士羊绒针织格纹衬衣衬衫,Checked Men’s Shirt,238,34.9,https://detail.1688.com/offer/1079604534623.html,included,
1079498443928,mens-shirts,7730日系简约新款长袖衬衫男士时尚百搭文艺休闲宽松上衣一件代发,Long-Sleeve Relaxed-Fit Men’s Shirt,65,9.53,https://detail.1688.com/offer/1079498443928.html,included,
1079390151486,mens-shirts,休闲复古扎染民族风印花男士宽松长袖衬衫,Long-Sleeve Printed Relaxed-Fit Men’s Shirt,34,4.99,https://detail.1688.com/offer/1079390151486.html,included,
1079381874585,mens-shirts,啄木鸟无痕长袖衬衫春秋季男士商务休闲纯棉上衣免烫抗皱弹力衬衣,Long-Sleeve Men’s Shirt,96,14.08,https://detail.1688.com/offer/1079381874585.html,included,
1079329106641,mens-shirts,立领长袖衬衫男士工装纯色日系复古衬衣百搭休闲青少年外套潮流,Long-Sleeve Men’s Shirt,80,11.73,https://detail.1688.com/offer/1079329106641.html,included,
1079274212147,mens-shirts,高端免烫竹纤维衬衫男职业装商务销售正装男女同款工作服刺绣LOGO,Men’s Shirt,55,8.06,https://detail.1688.com/offer/1079274212147.html,included,
1079273840736,mens-shirts,棉麻新中式感立领长袖衬衫男款秋季上衣百搭休闲套头衬衣外套,Long-Sleeve Men’s Shirt,32.8,4.81,https://detail.1688.com/offer/1079273840736.html,included,
1079177528320,mens-shirts,新款宽松时尚男士长袖衬衣舒适帅气高级感轻奢衬衫2026年男装上衣,Long-Sleeve Relaxed-Fit Men’s Shirt,34.8,5.1,https://detail.1688.com/offer/1079177528320.html,included,
1079036060606,mens-shirts,2026春秋季纯色简约干净舒适打底男士长袖衬衫商务休闲百搭衬衣,Long-Sleeve Men’s Shirt,33,4.84,https://detail.1688.com/offer/1079036060606.html,included,
1079005775181,mens-shirts,西部风男士印花衬衫复古骏马数码印花长袖衬衣亚马逊复古风格穿搭,Long-Sleeve Printed Men’s Shirt,29,4.25,https://detail.1688.com/offer/1079005775181.html,included,
1078999609499,mens-shirts,男士西部复古印花长袖衬衫跨境亚马逊巴洛克卷草设计牛仔风格衬衣,Long-Sleeve Printed Men’s Shirt,29,4.25,https://detail.1688.com/offer/1078999609499.html,included,
1078892828215,mens-shirts,西部牛仔男士长袖衬衫羽毛印花撞色拼接欧美休闲衬衣跨境男装批发,Long-Sleeve Printed Men’s Shirt,29,4.25,https://detail.1688.com/offer/1078892828215.html,included,
1078667766078,mens-shirts,春秋新款条纹设计帅气长袖衬衫显瘦百搭高级男士休闲衬衣2026男装,Long-Sleeve Striped Men’s Shirt,25.8,3.78,https://detail.1688.com/offer/1078667766078.html,included,
1078664958448,mens-shirts,跨境男士长袖衬衫艺术涂鸦条纹印花衬衣宽松舒适版型出游休闲男装,Long-Sleeve Striped Printed Men’s Shirt,29,4.25,https://detail.1688.com/offer/1078664958448.html,included,
1078636865738,mens-shirts,2026新款春秋季男士长袖衬衫高端免烫商务休闲弹力垂感衬衣服,Long-Sleeve Men’s Shirt,16.9,2.48,https://detail.1688.com/offer/1078636865738.html,included,
1078447253537,mens-shirts,欧美风男士棉麻长袖衬衫纯色宽松翻领度假上衣秋季透气休闲男衬衣,Long-Sleeve Relaxed-Fit Men’s Shirt,27,3.96,https://detail.1688.com/offer/1078447253537.html,included,
1078373922110,mens-shirts,男士衬衫2026新款休闲宽松百搭格子外套男春秋季潮流帅气工装衬衣,Checked Relaxed-Fit Men’s Shirt,40,5.87,https://detail.1688.com/offer/1078373922110.html,included,
1078272669741,mens-shirts,新中式复古亚麻立领长袖衬衫秋季棉麻衬衣男士宽松休闲寸衣外套潮,Long-Sleeve Relaxed-Fit Men’s Shirt,45.6,6.69,https://detail.1688.com/offer/1078272669741.html,included,
1078248647192,mens-shirts,美式复古工装衬衫男2026春秋季新款潮牌翻领长袖衬衣男外套批发,Long-Sleeve Men’s Shirt,55,8.06,https://detail.1688.com/offer/1078248647192.html,included,
1078236785119,mens-shirts,2026老鹰新款男士长袖衬衫春秋季薄款印花弹力免烫商务休闲衬衣男,Long-Sleeve Printed Men’s Shirt,44,6.45,https://detail.1688.com/offer/1078236785119.html,included,
1078074698524,mens-shirts,美式复古格子衬衫男款秋季新款宽松开衫长袖衬衣百搭休闲情侣外套,Long-Sleeve Checked Relaxed-Fit Men’s Shirt,23,3.37,https://detail.1688.com/offer/1078074698524.html,included,
1077942345702,mens-shirts,竹节棉肌理刺绣透气春秋新款简约纯色亲肤透气休闲长袖衬衫衬衣男,Long-Sleeve Men’s Shirt,44,6.45,https://detail.1688.com/offer/1077942345702.html,included,
1077895657109,mens-shirts,新款男士衬衫春秋长袖中年时尚格子爸爸休闲上衣潮流衬衣男装薄款,Long-Sleeve Checked Men’s Shirt,95,13.93,https://detail.1688.com/offer/1077895657109.html,included,
1077848507722,mens-shirts,跨境男士衬衫缎面奢华纯色长袖衬衫休闲衬衫休闲舒适印花亮面衬衣,Long-Sleeve Printed Men’s Shirt,31,4.55,https://detail.1688.com/offer/1077848507722.html,included,
1077823194307,mens-shirts,2026秋季新款男士长袖衬衫休闲宽松工装衬衣休闲简约上衣外套男装,Long-Sleeve Relaxed-Fit Men’s Shirt,53,7.77,https://detail.1688.com/offer/1077823194307.html,included,
1077745500645,mens-shirts,新款春秋季上衣韩国宽松长袖衬衫棉麻男轻奢褶皱潮流休闲百搭衬衣,Long-Sleeve Relaxed-Fit Men’s Shirt,26,3.81,https://detail.1688.com/offer/1077745500645.html,included,
1077741591839,mens-shirts,男士翻领长袖衬衫春秋满版花鸟植物印花衬衣复古修身跨境男装批发,Long-Sleeve Printed Men’s Shirt,29,4.25,https://detail.1688.com/offer/1077741591839.html,included,
1077548202384,mens-shirts,秋冬重磅加厚格子衬衫男日系潮牌cityboy宽松痞帅翻领毛呢外套潮,Checked Relaxed-Fit Men’s Shirt,38,5.57,https://detail.1688.com/offer/1077548202384.html,included,
1077426696790,mens-shirts,设计轻熟风休闲男士长袖衬衣痞帅质感宽松帅气高级感衬衫男装上衣,Long-Sleeve Relaxed-Fit Men’s Shirt,34.8,5.1,https://detail.1688.com/offer/1077426696790.html,included,
1077395610068,mens-shirts,欧美竖条纹男士衬衫轻薄肌理四面弹上衣免烫翻领长袖衬衣跨境货源,Long-Sleeve Striped Men’s Shirt,29,4.25,https://detail.1688.com/offer/1077395610068.html,included,
1077375578861,mens-shirts,跨境新款春秋衬衫男3d数码印花翻领开衫外套休闲运动长袖上衣男款,Long-Sleeve Printed Men’s Shirt,21.88,3.21,https://detail.1688.com/offer/1077375578861.html,included,
1077370081992,mens-shirts,高智感条纹男士长袖衬衫宽松休闲翻领衬衣海边度假风跨境男装批发,Long-Sleeve Striped Relaxed-Fit Men’s Shirt,29,4.25,https://detail.1688.com/offer/1077370081992.html,included,
1077362763658,mens-shirts,长袖衬衫男士2025春秋新款无痕免烫商务休闲高端衬衣男装,Long-Sleeve Men’s Shirt,32,4.69,https://detail.1688.com/offer/1077362763658.html,included,
1077222099176,mens-shirts,男士新款提花个性黑色衬衫春秋长袖衬衣高级感痞帅发型师潮牌夜店,Long-Sleeve Men’s Shirt,47.76,7.0,https://detail.1688.com/offer/1077222099176.html,included,
1077137283773,mens-shirts,男高领正肩英伦绅士风春季新款条纹衬衫设计感四季衬衣男商务长袖,Long-Sleeve Striped Men’s Shirt,26,3.81,https://detail.1688.com/offer/1077137283773.html,included,
1077127796405,mens-shirts,爆款老钱风纯亚麻衬衫2026年秋季新款男装百搭潮流男装长袖衬衫,Long-Sleeve Men’s Shirt,135,19.79,https://detail.1688.com/offer/1077127796405.html,included,
1077102328727,mens-shirts,复古印花印花男士衬衫长袖开领舒适弹力跨境男装垂顺轻薄休闲衬衣,Long-Sleeve Printed Men’s Shirt,29,4.25,https://detail.1688.com/offer/1077102328727.html,included,
1077097695405,mens-shirts,男士棉麻长袖衬衫日常穿搭休闲纯色衬衣亚马逊跨境男装现货批发,Long-Sleeve Men’s Shirt,27,3.96,https://detail.1688.com/offer/1077097695405.html,included,
1077093457735,mens-shirts,格子衬衫男士秋季爆款日系复古潮流翻领衬衣宽松痞帅休闲长袖外套,Long-Sleeve Checked Relaxed-Fit Men’s Shirt,23,3.37,https://detail.1688.com/offer/1077093457735.html,included,
1077015082030,mens-shirts,男士高端衬衫无痕高弹力春秋季百搭商务上衣白色纯色职业休闲衬衣,Men’s Shirt,30,4.4,https://detail.1688.com/offer/1077015082030.html,included,
1077000030777,mens-shirts,2026秋季新款男士长袖衬衫休闲纯棉水洗大码上衣宽松纯色工装衬衣,Long-Sleeve Relaxed-Fit Men’s Shirt,68,9.97,https://detail.1688.com/offer/1077000030777.html,included,
1076971463299,mens-shirts,无痕隐形扣衬衫男士秋装新款男装翻领长袖条纹双门襟衬衣商务时尚,Long-Sleeve Striped Men’s Shirt,43,6.3,https://detail.1688.com/offer/1076971463299.html,included,
1076855838010,mens-shirts,跨境外贸长袖衬衫肌肉男撞色翻领四面弹免烫衬衣源头工厂一件批发,Long-Sleeve Men’s Shirt,26,3.81,https://detail.1688.com/offer/1076855838010.html,included,
1076831171016,mens-shirts,长袖衬衫男士春秋季外穿新款工装寸衫格子纯棉外套男款时尚潮流男,Long-Sleeve Checked Men’s Shirt,55,8.06,https://detail.1688.com/offer/1076831171016.html,included,
1076829322555,mens-shirts,男士长袖中青年衬衫修身春秋锦无痕免烫衣寸衫休闲简约氨韩版弹力,Long-Sleeve Men’s Shirt,66,9.68,https://detail.1688.com/offer/1076829322555.html,included,
1076648822551,mens-shirts,休闲长袖衬衫百搭宽松口袋上衣男士衬衣春秋潮流男装纯色工装跨境,Long-Sleeve Relaxed-Fit Men’s Shirt,18,2.64,https://detail.1688.com/offer/1076648822551.html,included,
1076642852533,mens-shirts,男士长袖衬衫2026新款秋季纯棉白色翻领宽松工装休闲衬衣上衣外套,Long-Sleeve Relaxed-Fit Men’s Shirt,58,8.5,https://detail.1688.com/offer/1076642852533.html,included,
1076588487852,mens-shirts,2026无痕加绒衬衫男冬季新款时尚韩版潮流加厚保暖中年男款衬衣,Men’s Shirt,35,5.13,https://detail.1688.com/offer/1076588487852.html,included,
1076567163131,mens-shirts,高品质秋季新款磨毛格纹棉衬衫上衣复古百搭长袖格子衬衣男装现货,Long-Sleeve Checked Men’s Shirt,100.2,14.69,https://detail.1688.com/offer/1076567163131.html,included,
1076373783581,mens-shirts,2026春季新款港风纯色长袖衬衫男日系潮流宽松休闲百搭衬衣外套薄,Long-Sleeve Relaxed-Fit Men’s Shirt,49.6,7.27,https://detail.1688.com/offer/1076373783581.html,included,
1076362459919,mens-shirts,衬衫外套男感格子美式牛仔衬衣男长袖宽松痞帅日系工装上衣服,Long-Sleeve Checked Relaxed-Fit Men’s Shirt,37,5.43,https://detail.1688.com/offer/1076362459919.html,included,
994325928860,womens-dresses,明星款小香风富家千金连衣裙修身显瘦长袖金色针织弹力荷叶边短裙,Long-Sleeve Women’s Dress,300,43.99,https://detail.1688.com/offer/994325928860.html,included,
969306565641,womens-dresses,U领羊绒连衣裙2026秋冬新款女温柔风宽松腰纯色抽条喇叭袖毛衣裙,Relaxed-Fit Women’s Dress,369,54.11,https://detail.1688.com/offer/969306565641.html,included,
678829528290,womens-dresses,2026秋季新款圆领简约纯色打底连衣裙宽松显瘦通勤全羊毛针织长裙,Round-Neck Relaxed-Fit Women’s Dress,189,27.71,https://detail.1688.com/offer/678829528290.html,included,
851619272017,womens-dresses,秋冬女新款财阀千金香槟色亮片绣花手工钉珠短款长袖连衣裙小洋装,Long-Sleeve Women’s Dress,200,29.33,https://detail.1688.com/offer/851619272017.html,included,
758673353616,womens-dresses,24春季新品V领蝴蝶结性感女神不规则收腰显瘦吊带晚会连衣裙,V-Neck Women’s Dress,245,,https://detail.1688.com/offer/758673353616.html,held,already-in-existing-catalogue
995174494211,womens-dresses,欧美跨境2026春季新款长袖纯色上衣高领紧身A字针织毛衣连衣裙女,Long-Sleeve Women’s Dress,53,7.77,https://detail.1688.com/offer/995174494211.html,included,
887068081406,womens-dresses,2026欧美女装亚马逊跨境热销裙子绑带露背V领紧身短裙性感连衣裙,V-Neck Women’s Dress,26,3.81,https://detail.1688.com/offer/887068081406.html,included,
729252408365,womens-dresses,亚马逊新款包臀裙欧美时尚辣妹连衣裙褶皱露肩露背吊带修身连衣裙,Women’s Dress,30,4.4,https://detail.1688.com/offer/729252408365.html,included,
904997525795,womens-dresses,2026跨境春夏亚马逊女士时尚气质高腰纯色收腰短袖连衣裙,Short-Sleeve Women’s Dress,45,6.6,https://detail.1688.com/offer/904997525795.html,included,
885905275948,womens-dresses,2025现货亚马逊晚礼服欧洲站拼接连衣裙圆领蕾丝长裙时尚气质轻熟,Round-Neck Women’s Dress,39,5.72,https://detail.1688.com/offer/885905275948.html,included,
894096853744,womens-dresses,C8622外贸女装新款优雅长款百褶连衣裙时尚V领时尚纯色跨境连衣裙,V-Neck Women’s Dress,53,7.77,https://detail.1688.com/offer/894096853744.html,included,
687927946679,womens-dresses,性感单肩抹胸拖地连衣裙夜总会修身显瘦包臀拖地女长裙宴会礼服裙,Women’s Dress,100,14.66,https://detail.1688.com/offer/687927946679.html,included,
835229340893,womens-dresses,C8599外贸2024秋冬新款女装OL时尚西装领压褶收腰大码非洲连衣裙,Women’s Dress,50,7.33,https://detail.1688.com/offer/835229340893.html,included,
899549388567,womens-dresses,2026欧美跨境女士镶边闪亮派对俱乐部一肩褶皱敬酒礼服时尚连衣裙,Women’s Dress,41.8,6.13,https://detail.1688.com/offer/899549388567.html,included,
919816139330,womens-dresses,优雅时尚气质新款蕾丝撞色白色夏季露肩吊带女装连衣裙轻奢高级感,Women’s Dress,46.9,6.88,https://detail.1688.com/offer/919816139330.html,included,
924651477160,womens-dresses,跨境法式欧美气质浅粉无袖钉珠连衣裙领口璀璨镶钻吸睛连衣裙,Sleeveless Women’s Dress,49.9,7.32,https://detail.1688.com/offer/924651477160.html,included,
933304945536,womens-dresses,法式轻奢荷叶边针织连衣裙2025欧美新款秋冬毛衣裙翻领紧身中长裙,Women’s Dress,43,6.3,https://detail.1688.com/offer/933304945536.html,included,
933334757278,womens-dresses,荷叶边连衣裙针织裙秋冬新款毛衣裙2023复古淑女欧美跨境法式裙女,Women’s Dress,46,6.74,https://detail.1688.com/offer/933334757278.html,included,
969806418024,womens-dresses,大朗针织衫工厂俏皮小兔子无袖针织连衣裙女秋冬季叠穿背心裙子,Sleeveless Women’s Dress,78,11.44,https://detail.1688.com/offer/969806418024.html,included,
875308957946,womens-dresses,MT389欧美跨境热卖气质女长裙珠片新款V领宽松连衣裙马来西亚裙子,V-Neck Relaxed-Fit Women’s Dress,119,17.45,https://detail.1688.com/offer/875308957946.html,included,
604376518725,womens-dresses,2027夏跨境欧美女装新款wish 连衣裙无袖性感短裙亮片V领吊带短裙,Sleeveless V-Neck Women’s Dress,32.88,4.82,https://detail.1688.com/offer/604376518725.html,included,
768687238700,womens-dresses,春装2026裙子女装连衣裙纯欲风法式亮片吊带裙紧身露背短裙包臀裙,Women’s Dress,45,6.6,https://detail.1688.com/offer/768687238700.html,included,
736898669373,womens-dresses,女款礼服连衣裙2025新夏季礼服 欧美跨境深V领ebay色丁多色连衣裙,V-Neck Women’s Dress,56,8.21,https://detail.1688.com/offer/736898669373.html,included,
886264477267,womens-dresses,职业连衣裙女春秋气质时尚中式茶楼接待养生会所工装美容院工作服,Women’s Dress,188,27.57,https://detail.1688.com/offer/886264477267.html,included,
899909411989,womens-dresses,工厂直销TB高版本夏季女士经典四杠条纹休闲百搭圆领无袖连衣裙,Sleeveless Round-Neck Striped Women’s Dress,150,21.99,https://detail.1688.com/offer/899909411989.html,included,
656538086092,womens-dresses,D9804亚马逊热卖欧美女装 性感时尚纯色单排扣开衫长袖长裙连衣裙,Long-Sleeve Women’s Dress,49,7.18,https://detail.1688.com/offer/656538086092.html,included,
885315229263,womens-dresses,2025欧美外贸跨境极简无袖V领纽扣条纹衬衫连衣裙时尚宽松休闲女,Sleeveless V-Neck Striped Women’s Dress,25,3.67,https://detail.1688.com/offer/885315229263.html,included,
817239643088,womens-dresses,定制热升华女款性感无挡板篮球连衣裙欧美风涤纶加大码篮球背心裙,Women’s Dress,52,7.62,https://detail.1688.com/offer/817239643088.html,included,
985613840248,womens-dresses,2026欧美跨境新款背带儿童节日万圣节鬼娃娃回魂cos服装扮连衣裙,,19.9,,https://detail.1688.com/offer/985613840248.html,held,product-identification-or-relevance-review
645919434111,womens-dresses,D9511亚马逊热卖欧美女装 性感休闲渐变色印花绑带网纱高领连衣裙,Printed Women’s Dress,30,4.4,https://detail.1688.com/offer/645919434111.html,included,
817545585602,womens-dresses,定制潮牌欧美风网球运动连衣裙涤纶速干数码印户外运动背心裙印图,Women’s Dress,52,7.62,https://detail.1688.com/offer/817545585602.html,included,
655254529873,womens-dresses,2026春夏女装欧美长裙V领跨境热卖外贸缎面宫廷收腰复古连衣裙女,V-Neck Women’s Dress,72,10.56,https://detail.1688.com/offer/655254529873.html,included,
740100636896,womens-dresses,法式灯笼袖连衣裙V领修身2025秋冬新款复古风气质优雅女跨境欧美,V-Neck Women’s Dress,64,9.38,https://detail.1688.com/offer/740100636896.html,included,
677878286166,womens-dresses,水溶蕾丝藏蓝色娃娃领口袋纽扣装饰连衣裙高腰修身气质铅笔长裙子,Women’s Dress,240,35.19,https://detail.1688.com/offer/677878286166.html,included,
969415897219,womens-dresses,新款山羊绒衫v领长袖垂感A字大摆裙纯色修身显瘦打底针织连衣裙,Long-Sleeve V-Neck Women’s Dress,389,57.04,https://detail.1688.com/offer/969415897219.html,included,
891640252783,womens-dresses,2026新款亚马逊外贸跨境女装欧美性感吊带抹胸露背连衣裙,Women’s Dress,29,4.25,https://detail.1688.com/offer/891640252783.html,included,
993810880920,womens-dresses,2026年冬季新款女装欧美亚马逊跨境外贸POLO领单排扣针织连衣裙女,Women’s Dress,58,8.5,https://detail.1688.com/offer/993810880920.html,included,
669802660271,womens-dresses,2027年跨境春季新款欧美时尚烫钻女装网纱透视长袖开叉长裙连衣裙,Long-Sleeve Women’s Dress,75,11.0,https://detail.1688.com/offer/669802660271.html,included,
610399184073,womens-dresses,2027跨境夏季新款欧美女装亚马逊连衣裙流苏尾性感洒金抹胸晚礼服,Women’s Dress,82,12.02,https://detail.1688.com/offer/610399184073.html,included,
733331671618,womens-dresses,2025年新款多色大量现货半高领亮片开衩灯笼袖大摆礼服雪纺连衣裙,Women’s Dress,78,11.44,https://detail.1688.com/offer/733331671618.html,included,
679506262541,womens-dresses,C8478欧美女装2022亚马逊新款V领性感压褶大摆礼服长裙跨境连衣裙,V-Neck Women’s Dress,66,9.68,https://detail.1688.com/offer/679506262541.html,included,
763209147776,womens-dresses,2026欧美跨境新款独立站亚马逊连衣裙女一字肩短袖印花荷叶边长裙,Short-Sleeve Printed Women’s Dress,43,6.3,https://detail.1688.com/offer/763209147776.html,included,
732933256029,womens-dresses,C8551秋冬新款大码女装时尚休闲牛仔拼接印花长裙大摆外贸连衣裙,Printed Women’s Dress,59,8.65,https://detail.1688.com/offer/732933256029.html,included,
974184428566,womens-dresses,跨境欧美针织高领长袖紧身裙秋冬新款长裙优雅法式针织连衣裙女潮,Long-Sleeve Women’s Dress,38,5.57,https://detail.1688.com/offer/974184428566.html,included,
957024703696,womens-dresses,2026跨境欧美女装新款春夏嘻哈风街头潮人挂脖无袖不规则连衣裙,Sleeveless Women’s Dress,39,5.72,https://detail.1688.com/offer/957024703696.html,included,
897524774870,womens-dresses,2026亚马逊跨境女士休闲修身圆领短袖纯色长款连衣裙,Short-Sleeve Round-Neck Women’s Dress,23,3.37,https://detail.1688.com/offer/897524774870.html,included,
609596781095,womens-dresses,D9215亚马逊热卖欧美女装 休闲休闲纯色绣花字母蝙蝠袖连帽连衣裙,Hooded Women’s Dress,43,6.3,https://detail.1688.com/offer/609596781095.html,included,
719543426419,womens-dresses,D9835亚马逊热卖欧美女装 时尚性感牛仔裤印花背心U字领连衣裙,Printed Women’s Dress,36,5.28,https://detail.1688.com/offer/719543426419.html,included,
737001435973,womens-dresses,2026秋冬新款时尚半高领立体花朵女士套头宽松休闲全羊毛针织长裙,Relaxed-Fit Women’s Skirt,199,29.18,https://detail.1688.com/offer/737001435973.html,included,
973876584596,womens-dresses,跨境爆款无袖丝绒晚礼服女装立领侧开叉修身包臀长款连衣裙度假风,Sleeveless Women’s Dress,49.9,7.32,https://detail.1688.com/offer/973876584596.html,included,
924154894332,womens-dresses,女装欧美亚马逊跨境外贸褶皱饰品开叉无袖纯色长裙欧美开叉长裙,Sleeveless Women’s Skirt,47.9,7.02,https://detail.1688.com/offer/924154894332.html,included,
703859135275,womens-dresses,重磅蕾丝奶油色娃娃领口袋纽扣蝴蝶结连衣裙高腰修身气质铅笔长裙,Women’s Dress,240,35.19,https://detail.1688.com/offer/703859135275.html,included,
817875774746,womens-dresses,2026跨境新款外贸女装欧美性感挂脖褶皱包臀荷叶边爆款连衣裙,Women’s Dress,31,4.55,https://detail.1688.com/offer/817875774746.html,included,
923915743396,womens-dresses,C8632跨境女装欧美亚马逊圆领气质优雅收腰大摆泡泡袖非洲连衣裙,Round-Neck Women’s Dress,52,7.62,https://detail.1688.com/offer/923915743396.html,included,
645903314454,womens-dresses,外贸女装2024夏季跨境大码喇叭袖圆领开叉包臀职业裙 非洲连衣裙,Round-Neck Women’s Dress,35,5.13,https://detail.1688.com/offer/645903314454.html,included,
604166555163,womens-dresses,2026亚马逊爆款跨境欧美女装 性感深v领露背秋冬新款性感连衣裙,V-Neck Women’s Dress,28,4.11,https://detail.1688.com/offer/604166555163.html,included,
664392118798,womens-dresses,2026欧美性感镂空褶皱连衣裙 亚马逊夏季新款荷叶边挂脖包臀裙,Women’s Dress,24,3.52,https://detail.1688.com/offer/664392118798.html,included,
670268223117,womens-dresses,D9813亚马逊热卖欧美女装 性感宽松睡衣居家服连衣裙外套裙睡裙,Relaxed-Fit Women’s Dress,45,6.6,https://detail.1688.com/offer/670268223117.html,included,
622733994307,womens-dresses,D9289亚马逊热卖欧美女装 时尚性感纯色紧身圆领短袖连衣裙长裙,Short-Sleeve Round-Neck Women’s Dress,28,4.11,https://detail.1688.com/offer/622733994307.html,included,
829503773647,womens-dresses,2027年新款欧美亚马逊外贸亮片聚会长裙 时尚吊带包臀A字裙连衣裙,Women’s Dress,108,15.84,https://detail.1688.com/offer/829503773647.html,included,
610713507003,womens-dresses,2027年跨境新款欧美女装亚马逊连衣裙蕾丝刺绣鱼尾黑色修身晚礼服,Women’s Dress,65,9.53,https://detail.1688.com/offer/610713507003.html,included,
775667620661,womens-dresses,2025春装欧美性感无袖彩色立体花朵刺绣修身包臀抹胸连衣裙中长裙,Sleeveless Women’s Dress,138,20.23,https://detail.1688.com/offer/775667620661.html,included,
733329063774,womens-dresses,2025秋季欧美外贸新款连衣裙 ebay亚马逊性感蕾丝V领露背连衣裙女,V-Neck Women’s Dress,57,8.36,https://detail.1688.com/offer/733329063774.html,included,
985263038617,womens-dresses,C8642外贸女装2025秋冬新款时尚圆领长袖纯色立体花朵欧美连衣裙,Long-Sleeve Round-Neck Women’s Dress,52,7.62,https://detail.1688.com/offer/985263038617.html,included,
936140132027,womens-dresses,C8633非洲外贸女装亚马逊灯笼袖夏V领时尚包臀通勒开叉欧美连衣裙,V-Neck Women’s Dress,53,7.77,https://detail.1688.com/offer/936140132027.html,included,
606965944708,womens-dresses,2026欧美跨境秋冬连衣裙女装 亚马逊ebay爆款性感露背包臀连衣裙,Women’s Dress,19,2.79,https://detail.1688.com/offer/606965944708.html,included,
970694669351,womens-dresses,2026亚马逊秋冬新款跨境女装欧美修身开叉裹胸包臀辣妹性感连衣裙,Women’s Dress,28,4.11,https://detail.1688.com/offer/970694669351.html,included,
590874433646,womens-dresses,D9101跨境女装亚马逊热卖欧美女装 性感多色拼接长袖印花连衣裙,Long-Sleeve Printed Women’s Dress,43,6.3,https://detail.1688.com/offer/590874433646.html,included,
649139657120,womens-dresses,D9500亚马逊热卖欧美女装 性感休闲数字图案印花短袖开叉连衣裙,Short-Sleeve Printed Women’s Dress,35,5.13,https://detail.1688.com/offer/649139657120.html,included,
604162889039,womens-dresses,2027跨境夏新款欧美外贸女装一字肩荷叶边镂空大摆蕾丝连衣裙长裙,Women’s Dress,60,8.8,https://detail.1688.com/offer/604162889039.html,included,
827294917856,womens-dresses,25夏季新款跨境欧美女装礼服荷叶边花苞收腰连衣裙单肩抹胸包臀裙,Women’s Dress,60,,https://detail.1688.com/offer/827294917856.html,held,already-in-existing-catalogue
732749489506,womens-dresses,2026春秋欧美新款跨境亚马逊连衣裙数码印花大摆气质碎花修身长裙,Printed Women’s Dress,28,4.11,https://detail.1688.com/offer/732749489506.html,included,
982209840158,womens-dresses,2026外贸跨境欧美包臀裙新款斜领露肩欧美时尚长袖褶皱性感连衣裙,Long-Sleeve Women’s Dress,28,4.11,https://detail.1688.com/offer/982209840158.html,included,
956695774795,womens-dresses,2026秋冬新款跨境外贸女装欧美一字领长袖褶皱修身包臀性感连衣裙,Long-Sleeve Women’s Dress,33,4.84,https://detail.1688.com/offer/956695774795.html,included,
1044048389023,womens-dresses,COMOS CMS 2026夏季Safari风翻领收腰棉感连衣裙高级感气质258509,Women’s Dress,249,36.51,https://detail.1688.com/offer/1044048389023.html,included,
1051127409181,womens-dresses,COMOS CMS A字无袖抽绳收腰显瘦背心连衣裙女夏季新款长裙258387,Sleeveless Women’s Dress,199,29.18,https://detail.1688.com/offer/1051127409181.html,included,
1046555664246,womens-dresses,2026跨境春夏季新款一字肩露肩条纹欧美风收腰显瘦连衣裙厂家货源,Striped Women’s Dress,41,6.01,https://detail.1688.com/offer/1046555664246.html,included,
977711678424,womens-dresses,跨境女装新款性感辣妹镂空长袖包臀短裙收腰修身欧美连衣裙女批发,Long-Sleeve Women’s Dress,72,10.56,https://detail.1688.com/offer/977711678424.html,included,
952951111615,womens-dresses,跨境女装新款时尚喇叭袖蕾丝花边欧美连衣裙性感晚礼服外贸秋冬裙,Women’s Dress,76,11.14,https://detail.1688.com/offer/952951111615.html,included,
762928314130,womens-dresses,2025年跨境春季新款欧美时尚烫钻女装网纱透视长袖开叉长裙连衣裙,Long-Sleeve Women’s Dress,76,,https://detail.1688.com/offer/762928314130.html,held,already-in-existing-catalogue
747050693547,womens-dresses,跨境欧美新款亚马逊独立站女装立体花朵时尚刺绣花包臀性感连衣裙,Women’s Dress,132,,https://detail.1688.com/offer/747050693547.html,held,already-in-existing-catalogue
903113208005,womens-dresses,跨境连衣裙印花沙滩海边开衫防晒蝙蝠袖时尚定制创意服海边度假裙,Printed Women’s Dress,35,5.13,https://detail.1688.com/offer/903113208005.html,included,
1060794336413,womens-dresses,TB新款夏季无袖V领针织镂空连衣裙显瘦百搭红白蓝v领针织连衣裙,Sleeveless V-Neck Women’s Dress,180,26.39,https://detail.1688.com/offer/1060794336413.html,included,
1038985293674,womens-dresses,TB连衣裙新款条纹下摆四杠女士学院风时尚百搭圆领无袖背心裙短裙,Sleeveless Round-Neck Striped Women’s Dress,150,21.99,https://detail.1688.com/offer/1038985293674.html,included,
1019417813080,womens-dresses,现货 2025跨境女装大码女装夏季新款时尚性感短袖连衣裙长裙,Short-Sleeve Women’s Dress,51,7.48,https://detail.1688.com/offer/1019417813080.html,included,
619190967866,womens-dresses,2026欧美新款V领吊带连衣裙女修身外贸裙子现货,V-Neck Women’s Dress,20,2.93,https://detail.1688.com/offer/619190967866.html,included,
1045274627186,womens-dresses,亚马逊速卖通temu跨境夏季新款纯色V领松紧腰收腰显瘦连衣裙,V-Neck Women’s Dress,51.5,7.55,https://detail.1688.com/offer/1045274627186.html,included,
1045893572840,womens-dresses,TW873欧美夏女亚马逊时尚polo领复古拼接撞色修身性感中长连衣裙,Women’s Dress,42,6.16,https://detail.1688.com/offer/1045893572840.html,included,
1034678664199,womens-dresses,MM2159春夏新品欧美货源亚马逊修身性感绑带褶皱女士连衣裙,Women’s Dress,30,4.4,https://detail.1688.com/offer/1034678664199.html,included,
1027297816602,womens-dresses,性感镂空包臀吊带连衣裙夜总会酒吧显瘦露背女短裙辣妹抹胸紧身裙,Women’s Dress,70,10.26,https://detail.1688.com/offer/1027297816602.html,included,
1027932112075,womens-dresses,性感低胸系带吊带包臀连衣裙一字领木耳边收腰紧身短裙女技师服,Women’s Dress,75,11.0,https://detail.1688.com/offer/1027932112075.html,included,
975843641835,womens-dresses,C8638欧美跨境半高领气质修身优雅OL通勒长袖立体花朵外贸连衣裙,Long-Sleeve Women’s Dress,64,9.38,https://detail.1688.com/offer/975843641835.html,included,
904395015806,womens-dresses,C8628外贸女装2026夏V领时尚短袖纯色优雅时尚压褶非洲欧美连衣裙,Short-Sleeve V-Neck Women’s Dress,57,8.36,https://detail.1688.com/offer/904395015806.html,included,
685527423138,womens-dresses,2026夏季亚马逊新款女装 跨境V领挂脖露背露肩性感简约褶皱连衣裙,V-Neck Women’s Dress,27,3.96,https://detail.1688.com/offer/685527423138.html,included,
603914152767,womens-dresses,2027欧美外贸新白色长裙 亚马逊性感V领吊带连衣裙镂空蕾丝连衣裙,V-Neck Women’s Dress,52,7.62,https://detail.1688.com/offer/603914152767.html,included,
852514959257,womens-dresses,2027欧美跨境新款时尚挂脖性感水晶流苏包臀亮片连衣裙中腰晚礼服,Women’s Dress,43,6.3,https://detail.1688.com/offer/852514959257.html,included,
735464964414,womens-dresses,2026年跨境新款春夏欧美女装连衣裙一字肩碎花时尚露肩长款印花裙,Printed Women’s Dress,45,6.6,https://detail.1688.com/offer/735464964414.html,included,
758892441774,womens-dresses,C8570欧美大码女装2024新款外贸纯色气质堆堆袖系带荷叶边连衣裙,Women’s Dress,53,7.77,https://detail.1688.com/offer/758892441774.html,included,
837196288052,womens-dresses,C8601跨境女装欧美亚马逊圆领气质优雅收腰大摆泡泡袖A字连衣裙,Round-Neck Women’s Dress,52,7.62,https://detail.1688.com/offer/837196288052.html,included,
646326947519,womens-dresses,2026亚马逊跨境新款夏季女装欧美潮流V领露背褶皱包臀性感连衣裙,V-Neck Women’s Dress,27,3.96,https://detail.1688.com/offer/646326947519.html,included,
707778074409,womens-dresses,跨境新款交叉吊带镂空连衣裙紧身显瘦露脐包臀裙辣妹无袖包臀裙,Sleeveless Women’s Dress,22,3.23,https://detail.1688.com/offer/707778074409.html,included,
680691831030,womens-dresses,2027年欧美春夏季独立站亚马逊新款一字肩红花印花长款大摆连衣裙,Printed Women’s Dress,46,6.74,https://detail.1688.com/offer/680691831030.html,included,
613631214416,womens-dresses,2027夏新款跨境亚马逊欧美女装连衣裙洒金露背透明镂空性感超短裙,Women’s Dress,63,9.24,https://detail.1688.com/offer/613631214416.html,included,
733974197355,womens-dresses,2026跨境夏新款欧美女装亚马逊连衣裙民族风蕾丝花气质小香风裙子,Women’s Dress,46,6.74,https://detail.1688.com/offer/733974197355.html,included,
775987597047,womens-dresses,包臀鱼尾裙2025春季新款轻奢圆领刺绣立体花朵泡泡袖中长款连衣裙,Round-Neck Women’s Dress,138,20.23,https://detail.1688.com/offer/775987597047.html,included,
902240384092,womens-dresses,C8627外贸大码女装夏季新款时尚荷叶边V领高腰气质大摆非洲连衣裙,V-Neck Women’s Dress,50,7.33,https://detail.1688.com/offer/902240384092.html,included,
824321300119,womens-dresses,2026亚马逊跨境新款女装短裙欧美夏季镂空系脖包臀性感连衣裙,Women’s Dress,31,4.55,https://detail.1688.com/offer/824321300119.html,included,
627507196751,womens-dresses,2026春季新款女装亚马逊跨境裙子欧美两件套单肩露脐性感连衣裙,Women’s Dress,27,3.96,https://detail.1688.com/offer/627507196751.html,included,
1088373769965,womens-dresses,LW海边度假绝吊带羽毛连衣裙三亚巴厘岛沙滩裙超仙长裙氛围感仙女,Women’s Dress,168,24.63,https://detail.1688.com/offer/1088373769965.html,included,
1067858179448,womens-dresses,洋气连衣裙泡泡两件套款裙子公主套装秋冬裙儿童儿童2025袖女童,,29.05,,https://detail.1688.com/offer/1067858179448.html,held,product-identification-or-relevance-review
1089334285260,womens-dresses,欧美撞色挂脖棉麻长裙 无袖宽松侧口袋露肩海边度假连衣裙女,Sleeveless Relaxed-Fit Women’s Dress,36.88,5.41,https://detail.1688.com/offer/1089334285260.html,included,
1088915145204,womens-dresses,欧美风无袖长款连衣裙女收腰系带开叉长裙度假宴会气质纯色礼服裙,Sleeveless Women’s Dress,51,7.48,https://detail.1688.com/offer/1088915145204.html,included,
975264422119,womens-dresses,2025小黑裙收腰法式赫本裙显瘦设计感中长款立体A字裙摆连衣裙女,Women’s Dress,23.9,3.5,https://detail.1688.com/offer/975264422119.html,included,
1089437168279,womens-dresses,LW民族风复古刺绣系带立领长袖连衣裙女夏季宽松遮肚子显瘦压褶长,Long-Sleeve Relaxed-Fit Women’s Dress,169,24.78,https://detail.1688.com/offer/1089437168279.html,included,
1086417693503,womens-dresses,2026亚马逊秋冬新品绑带跨境度假法式吊带收腰裙子连衣裙露背收腰,Women’s Dress,47,6.89,https://detail.1688.com/offer/1086417693503.html,included,
1058254962224,womens-dresses,【真丝折扣合集】桑蚕丝连衣裙女夏垂顺衬衫女装特价断码清仓捡漏,Women’s Dress,129,18.91,https://detail.1688.com/offer/1058254962224.html,included,
1089650612265,womens-dresses,跨境秋冬优雅气质立领长袖流苏直筒连衣裙灯芯绒女装宽松纯色欧美,Long-Sleeve Relaxed-Fit Women’s Dress,35,5.13,https://detail.1688.com/offer/1089650612265.html,included,
1087571530462,womens-dresses,欧美跨境新品高开叉长袖连衣裙圆领褶皱修身显瘦气质长裙优雅纯色,Long-Sleeve Round-Neck Women’s Dress,39,5.72,https://detail.1688.com/offer/1087571530462.html,included,
1070000238083,womens-dresses,欧美女装跨境外贸2026春新款无袖连衣裙修身气质波点收腰A字长裙,Sleeveless Women’s Dress,37,5.43,https://detail.1688.com/offer/1070000238083.html,included,
1068970771483,womens-dresses,现货跨境新款亚马逊女士大V领气质波西米亚风小飞袖长裙连衣裙,V-Neck Women’s Dress,23.5,3.45,https://detail.1688.com/offer/1068970771483.html,included,
1064214636621,womens-dresses,亚马逊欧美女装撞色交叉挂脖修身包臀中长款连衣裙跨境外贸度假风,Women’s Dress,11.58,1.7,https://detail.1688.com/offer/1064214636621.html,included,
1061227869503,womens-dresses,加工定制东莞大朗源头毛织厂条纹连衣裙来图来样针织圆领长袖开叉,Long-Sleeve Round-Neck Striped Women’s Dress,90,13.2,https://detail.1688.com/offer/1061227869503.html,included,
1084846313247,womens-dresses,2026 秋冬酒红撞色白边 V 领开叉鱼尾修身长袖针织连衣裙女,Long-Sleeve Women’s Dress,58,8.5,https://detail.1688.com/offer/1084846313247.html,included,
1084869409547,womens-dresses,2025跨境欧美女装夏季新品气质时尚V领印花连衣裙,V-Neck Printed Women’s Dress,47,6.89,https://detail.1688.com/offer/1084869409547.html,included,
1067859187384,womens-dresses,时尚连衣裙裙子女童宝宝连衣裙夏季儿童潮蕾丝夏装蓬蓬裙软纱仙女,,21.49,,https://detail.1688.com/offer/1067859187384.html,held,product-identification-or-relevance-review
1072485618001,womens-dresses,H008独立站货源欧美性感修身吊带连衣裙夜店服,Women’s Dress,35,5.13,https://detail.1688.com/offer/1072485618001.html,included,
944057500091,womens-dresses,TB夏季新款棉质条纹翻领针织学院风时尚休闲显瘦百搭短袖连衣裙,Short-Sleeve Striped Women’s Dress,195,28.59,https://detail.1688.com/offer/944057500091.html,included,
1044023801660,womens-dresses,现货跨境女装时尚性感蕾丝接拼吊带裙修身镂空欧美包臀连衣裙批发,Women’s Dress,94,13.78,https://detail.1688.com/offer/1044023801660.html,included,
1019774895161,womens-dresses,现货跨境女装时尚性感蕾丝拼接波点抹胸短裙修身欧美一字肩连衣裙,Women’s Dress,67,9.82,https://detail.1688.com/offer/1019774895161.html,included,
738705160115,womens-dresses,2025年欧美跨境 亚马逊 ebay一字领不对称露肩短袖数码印花连衣裙,Short-Sleeve Printed Women’s Dress,54,7.92,https://detail.1688.com/offer/738705160115.html,included,
733171782816,womens-dresses,2025年春季欧美新款性感时尚挂脖露肩流苏包臀水晶拼接亮片连衣裙,Women’s Dress,63,9.24,https://detail.1688.com/offer/733171782816.html,included,
1067746000554,womens-dresses,外贸性感女装高级感镂空露背褶皱紧身吊带连衣裙夜场低胸包臀短裙,Women’s Dress,75,11.0,https://detail.1688.com/offer/1067746000554.html,included,
1065189969444,womens-dresses,外贸跨境气质单肩包臀露背斜肩连衣裙性感夜场技师工作服聚会礼服,Women’s Dress,65,9.53,https://detail.1688.com/offer/1065189969444.html,included,
837801308871,womens-dresses,亚马逊热销方领修身包臀短裙女装欧美跨境时尚性感聚会辣妹连衣裙,Women’s Dress,27,3.96,https://detail.1688.com/offer/837801308871.html,included,
1065961305709,womens-dresses,TW909欧美亚马逊时尚复古条纹无袖圆领收腰连衣裙优雅女士休闲裙,Sleeveless Round-Neck Striped Women’s Dress,38,5.57,https://detail.1688.com/offer/1065961305709.html,included,
1073921033843,womens-dresses,现货跨境女装法式蕾丝拼接吊带鱼尾裙修身露背性感欧美包臀连衣裙,Women’s Dress,90,13.2,https://detail.1688.com/offer/1073921033843.html,included,
1049124849849,womens-dresses,现货跨境女装新款花朵名媛风挂脖长裙修身露背欧美连衣裙晚礼服,Women’s Dress,78,11.44,https://detail.1688.com/offer/1049124849849.html,included,
811641418123,womens-dresses,2025年秋跨境新款欧美 U领荷叶边蕾丝拼接开叉温柔大摆连衣裙长裙,Women’s Dress,53,7.77,https://detail.1688.com/offer/811641418123.html,included,
733332903560,womens-dresses,2025新款欧美外贸女装wish蕾丝镂空长袖立领系带 5色不规则连衣裙,Long-Sleeve Women’s Dress,63,9.24,https://detail.1688.com/offer/733332903560.html,included,
1050706058422,womens-dresses,性感深v包臀抹胸女短裙夜场酒吧修身显瘦裹胸连衣裙聚会生日礼服,Women’s Dress,68,9.97,https://detail.1688.com/offer/1050706058422.html,included,
1044708895797,womens-dresses,外贸性感女装高级感镂空露背褶皱紧身吊带连衣裙夜场低胸包臀短裙,Women’s Dress,75,11.0,https://detail.1688.com/offer/1044708895797.html,included,
718735859333,womens-dresses,欧美跨境时尚女装  2026长款吊带褶皱连衣裙,Women’s Dress,32,4.69,https://detail.1688.com/offer/718735859333.html,included,
1078720358497,womens-dresses,欧美2026秋季新款女装时尚蕾丝拼接性感深V领挂脖露背包臀连衣裙,V-Neck Women’s Dress,22.5,3.3,https://detail.1688.com/offer/1078720358497.html,included,
1078556213457,womens-dresses,0298性感网纱豹纹吊带连衣裙女夜场上班工作服露肩显身材包臀短裙,Women’s Dress,43,6.3,https://detail.1688.com/offer/1078556213457.html,included,
1078526118817,womens-dresses,【曲线建构】纯欲带胸垫吊带连衣裙褶皱修身收腰包臀短裙性感裙子,Women’s Dress,21,3.08,https://detail.1688.com/offer/1078526118817.html,included,
1078524949564,womens-dresses,辣妹性感深V领短袖针织连衣裙性感收腰修身显身材开叉包臀中长裙,Short-Sleeve V-Neck Women’s Dress,59,8.65,https://detail.1688.com/offer/1078524949564.html,included,
1078398489850,womens-dresses,跨境外贸日系格子不规则假两件连帽拼接连衣裙女秋中长款大摆伞裙,Checked Hooded Women’s Dress,36,5.28,https://detail.1688.com/offer/1078398489850.html,included,
1078273617442,womens-dresses,闪亮夜店灰色挂脖包臀裙女夏季新款性感露背短裙修身显瘦亮片裙,Women’s Skirt,9,1.32,https://detail.1688.com/offer/1078273617442.html,included,
1078124181560,womens-dresses,亚马逊跨境欧美夏季新款宽松长裙法式复古拼色无袖V领休闲连衣裙,Sleeveless V-Neck Relaxed-Fit Women’s Dress,36,5.28,https://detail.1688.com/offer/1078124181560.html,included,
1078043574413,womens-dresses,2026独立站大花宽松吊带蓬蓬短裙女法式蕾丝花边不规则度假连衣裙,Relaxed-Fit Women’s Dress,42,6.16,https://detail.1688.com/offer/1078043574413.html,included,
1077984001539,womens-dresses,夏季新款纯色纹理高腰A字短裙女 2026欧美时尚俏皮飞飞袖连衣裙女,Women’s Dress,30,4.4,https://detail.1688.com/offer/1077984001539.html,included,
1077939487884,womens-dresses,2026秋季新款修身包臀毛衣连帽长裙欧美女装半开领坑条针织连衣裙,Hooded Women’s Dress,59,8.65,https://detail.1688.com/offer/1077939487884.html,included,
1077859236225,womens-dresses,2026跨境秋冬新款金丝绒一字露肩长袖长款包臀连衣裙气质女装裙子,Long-Sleeve Women’s Dress,43,6.3,https://detail.1688.com/offer/1077859236225.html,included,
1077820020019,womens-dresses,2026夏季新款欧美风拼色无袖挂脖连衣裙女简约气质短款A字裙,Sleeveless Women’s Dress,39,5.72,https://detail.1688.com/offer/1077820020019.html,included,
1077731222908,womens-dresses,万圣节长款连衣裙A字裙复古波西米亚风派对常规款骷髅头长袖V领,Long-Sleeve V-Neck Women’s Dress,26,3.81,https://detail.1688.com/offer/1077731222908.html,included,
1077704189114,womens-dresses,欧美亚马逊2026春秋新款外贸女装长袖蕾丝西装领两件套连衣裙,Long-Sleeve Women’s Dress,83,12.17,https://detail.1688.com/offer/1077704189114.html,included,
1077628435167,womens-dresses,欧美风春夏性感辣妹裙跨境热销海边度假网纱挂脖茶歇连衣裙女雪纺,Women’s Dress,20,2.93,https://detail.1688.com/offer/1077628435167.html,included,
1077580603807,womens-dresses,跨境亚马逊欧美女装2026秋季裙子纽扣包臀裙长袖连衣裙女性感辣妹,Long-Sleeve Women’s Dress,24.36,3.57,https://detail.1688.com/offer/1077580603807.html,included,
1077522332305,womens-dresses,【Farte Shop】 比例重构 紫色宽肩带V领褶皱连衣裙女春夏包臀长,V-Neck Women’s Dress,20,2.93,https://detail.1688.com/offer/1077522332305.html,included,
1077462023048,womens-dresses,2026新款独立站欧美波西米亚风喇叭袖酒红色丝绒珍珠迷你连衣裙,Women’s Dress,31,4.55,https://detail.1688.com/offer/1077462023048.html,included,
1077427811943,womens-dresses,2026新款欧美复古波浪条纹V领连衣裙喇叭长袖修身短款包臀裙跨境,Long-Sleeve V-Neck Striped Women’s Dress,32.17,4.72,https://detail.1688.com/offer/1077427811943.html,included,
1077413997698,womens-dresses,欧美跨境2026秋冬V领毛毛连衣裙女长袖针织修身显瘦短裙,Long-Sleeve V-Neck Women’s Dress,55,8.06,https://detail.1688.com/offer/1077413997698.html,included,
1077290536561,womens-dresses,2026跨境新款金丝绒连衣裙时尚显瘦交叉V领长袖中裙 节日宴会女装,Long-Sleeve V-Neck Women’s Dress,39,5.72,https://detail.1688.com/offer/1077290536561.html,included,
1077235624686,womens-dresses,法式御姐风u领中袖连衣裙女收腰显瘦包臀裙性感气质显身材短裙子,Women’s Dress,17,2.49,https://detail.1688.com/offer/1077235624686.html,included,
1077230025378,womens-dresses,2色现货日韩秋季新款外贸高领中长款下摆不规则连衣裙跨境爆款,Women’s Dress,30,4.4,https://detail.1688.com/offer/1077230025378.html,included,
1077227074879,womens-dresses,纯欲风半高领中袖坑条包臀针织连衣裙女春秋季纯色修身打底中长裙,Women’s Dress,45,6.6,https://detail.1688.com/offer/1077227074879.html,included,
1077181700068,womens-dresses,纯欲辣妹隐形网纱拼接连衣裙(自带胸垫)欧美夏季纯色修身,Women’s Dress,50,7.33,https://detail.1688.com/offer/1077181700068.html,included,
1077149156898,womens-dresses,跨境欧美女装夏季新款斑马纹吊带蕾丝拼接低领性感包臀短款连衣裙,Women’s Dress,39,5.72,https://detail.1688.com/offer/1077149156898.html,included,
1077113811635,womens-dresses,夏季辣妹纯欲风网纱拼接一字肩连衣裙叠交叉束腰绑带包臀裙中长裙,Women’s Dress,72,10.56,https://detail.1688.com/offer/1077113811635.html,included,
1077097571291,womens-dresses,跨境辣妹豹纹印花修身长袖连衣裙女欧美紧身包臀短裙时尚性感女装,Long-Sleeve Printed Women’s Dress,34,4.99,https://detail.1688.com/offer/1077097571291.html,included,
1076937430439,womens-dresses,skims卡戴珊同款夏新款吊带连衣裙性感紧身包臀蕾丝短裙,Women’s Dress,98,14.37,https://detail.1688.com/offer/1076937430439.html,included,
1076849886810,womens-dresses,欧美复古长袖连衣裙女秋季翻领半拉链长袖修身短款麂皮绒包臀短裙,Long-Sleeve Women’s Dress,55,8.06,https://detail.1688.com/offer/1076849886810.html,included,
1076718941183,womens-dresses,欧美跨境2026新波西米亚风高腰大摆裙夏季海边度假宽松显瘦连衣裙,Relaxed-Fit Women’s Dress,43.66,6.4,https://detail.1688.com/offer/1076718941183.html,included,
1076686048706,womens-dresses,2026欧美独立站女装蕾丝拼接 V 领长款连衣裙 蝙蝠袖度假沙滩裙仙,Women’s Dress,49,7.18,https://detail.1688.com/offer/1076686048706.html,included,
1076641940530,womens-dresses,跨境大码波点长袖连衣裙女圆领小镂空收腰长裙宽松显瘦休闲女装,Long-Sleeve Round-Neck Relaxed-Fit Women’s Dress,41,6.01,https://detail.1688.com/offer/1076641940530.html,included,
1076590837803,womens-dresses,藏青金线抽象印花V领蕾丝镶边七分袖宽松度假风时尚连衣裙跨境女,V-Neck Printed Relaxed-Fit Women’s Dress,35,5.13,https://detail.1688.com/offer/1076590837803.html,included,
1076583616026,womens-dresses,韩国东大门春夏新款气质修身V领显身材开叉包臀中长款打底连衣裙,V-Neck Women’s Dress,33,4.84,https://detail.1688.com/offer/1076583616026.html,included,
1076551753466,womens-dresses,AL*跨境欧美吊带连衣裙女运动瑜伽透气防走光健身网球裙网球裙,Women’s Dress,75,11.0,https://detail.1688.com/offer/1076551753466.html,included,
1076522034681,womens-dresses,欧美跨境2026秋款立领半拉链连衣裙宽松灯笼袖荷叶边下摆度假短裙,Relaxed-Fit Women’s Dress,40,5.87,https://detail.1688.com/offer/1076522034681.html,included,
1076413901055,womens-dresses,通勤气质开叉裙V领长袖袖亮丝面料交叉裹身收腰包臀连衣裙女3660,,93,,https://detail.1688.com/offer/1076413901055.html,held,product-identification-or-relevance-review
1076390330141,womens-dresses,跨境爆款INS复古花卉豹纹鱼骨束腰吊带街头辣妹开叉性感连衣裙,Women’s Dress,41.9,6.14,https://detail.1688.com/offer/1076390330141.html,included,
1076273835722,womens-dresses,2026跨境Y2欧美亚马逊秋季新款辣妹时尚性感修身包臀polo领连衣裙,Women’s Dress,59,8.65,https://detail.1688.com/offer/1076273835722.html,included,
1076264652487,womens-dresses,新品亚马孙跨境夏季无袖口袋休闲印花气质长裙连衣裙修身连衣裙,Sleeveless Printed Women’s Dress,22,3.23,https://detail.1688.com/offer/1076264652487.html,included,
1076214589754,womens-dresses,亚马逊2026秋季新款女装气质优雅长袖方领褶皱收腰大摆连衣裙跨境,Long-Sleeve Women’s Dress,59.8,8.77,https://detail.1688.com/offer/1076214589754.html,included,
1076180509206,womens-dresses,2026秋季新款连衣裙复古法式露背喇叭袖长裙欧美外贸波点连衣裙女,Women’s Dress,42,6.16,https://detail.1688.com/offer/1076180509206.html,included,
1076153084635,womens-dresses,欧美跨境女装新款夏季纯色无袖一字领缩皱收腰性感包臀连衣裙批发,Sleeveless Women’s Dress,26.8,3.93,https://detail.1688.com/offer/1076153084635.html,included,
1076061834059,womens-dresses,纯欲风性感褶皱带胸垫不规则包臀连衣裙夏季新款收腰修身辣妹短裙,Women’s Dress,51,7.48,https://detail.1688.com/offer/1076061834059.html,included,
1076005331628,womens-dresses,亚马逊独立站新款性感纯色包臀连衣裙欧美蕾丝吊带连衣裙绑带女装,Women’s Dress,50,7.33,https://detail.1688.com/offer/1076005331628.html,included,
1075969359291,womens-dresses,2026现货欧美跨境雪纺不规则长裙度假风宽松大摆斗篷袖连衣裙女,Relaxed-Fit Women’s Dress,61,8.94,https://detail.1688.com/offer/1075969359291.html,included,
1075968809686,womens-dresses,【江南区】纯欲气质U领中袖连衣裙女chic收腰多色包臀短裙御姐风,Women’s Dress,17,2.49,https://detail.1688.com/offer/1075968809686.html,included,
1075951548688,womens-dresses,2026跨境亚马逊独立站欧美风喇叭袖纯色宽松系腰带中长款连衣裙,Relaxed-Fit Women’s Dress,44,6.45,https://detail.1688.com/offer/1075951548688.html,included,
1075816149799,womens-dresses,薄荷绿亮片流苏吊带裙女细肩带V领收腰荷叶飘带不规则包臀短裙,V-Neck Women’s Dress,41,6.01,https://detail.1688.com/offer/1075816149799.html,included,
1075807016457,womens-dresses,跨境亚马逊欧美女士夏季新款甜美清新印花度假风肩带深V领连衣裙,V-Neck Printed Women’s Dress,42,6.16,https://detail.1688.com/offer/1075807016457.html,included,
1075802686527,womens-dresses,tk爆款2026秋冬欧美跨境韩国绒polo领纯色纽扣针织中长连衣裙,Women’s Dress,46,6.74,https://detail.1688.com/offer/1075802686527.html,included,
1075706209117,womens-dresses,2026跨境欧美秋冬新款女士小V领不对称下摆棉混纺中长宽松连衣裙,V-Neck Relaxed-Fit Women’s Dress,46,6.74,https://detail.1688.com/offer/1075706209117.html,included,
1075702449051,womens-dresses,名媛风方领蝴蝶结吊带连衣裙女夏季2026新款洋气收腰显瘦A字短裙,Women’s Dress,29.5,4.33,https://detail.1688.com/offer/1075702449051.html,included,
1075672954062,womens-dresses,2026秋冬季新品坑条长袖连衣裙女跨境款纯色翻领收腰纽扣A字长裙,Long-Sleeve Women’s Dress,65,9.53,https://detail.1688.com/offer/1075672954062.html,included,
1075645057144,womens-dresses,黑色一字肩连衣裙女抹胸泡泡网纱袖宽松遮肉仙气短款派对小礼裙子,Relaxed-Fit Women’s Dress,28,4.11,https://detail.1688.com/offer/1075645057144.html,included,
1075558592463,womens-dresses,法式轻熟御姐风圆领七分袖连衣裙女秋季纯欲显瘦包臀短裙修身裙子,Round-Neck Women’s Dress,21.9,3.21,https://detail.1688.com/offer/1075558592463.html,included,
1075524653657,womens-dresses,现货2026欧美跨境新款V领长袖开叉修身显瘦时尚气质中长款连衣裙,Long-Sleeve V-Neck Women’s Dress,58,8.5,https://detail.1688.com/offer/1075524653657.html,included,
1075516338077,womens-dresses,减龄薄款修身辣妹V领慵懒感时尚褶皱收腰显瘦包臀连衣裙气质长袖,Long-Sleeve V-Neck Women’s Dress,26.8,3.93,https://detail.1688.com/offer/1075516338077.html,included,
1075414756822,womens-dresses,法式V领碎花吊带连衣裙女夏季收腰显瘦气质肌理感小个子a字短裙子,V-Neck Printed Women’s Dress,129.25,18.95,https://detail.1688.com/offer/1075414756822.html,included,
1075356946979,womens-dresses,2026欧美秋季新款气质撞色V领蕾丝花边灯笼袖宽松连衣裙,V-Neck Relaxed-Fit Women’s Dress,46,6.74,https://detail.1688.com/offer/1075356946979.html,included,
1075309419944,womens-dresses,2026欧美跨境亚马逊独秋季新款露肩气质优雅修身连衣裙,Women’s Dress,36,5.28,https://detail.1688.com/offer/1075309419944.html,included,
1075220440646,womens-dresses,气质纯欲针织连衣裙女2026夏新款欧美小香风纯色V领中长款包臀裙,V-Neck Women’s Dress,56,8.21,https://detail.1688.com/offer/1075220440646.html,included,
1075194099040,womens-dresses,欧美热销女装2026春季新品时尚性感斜领褶皱不规则纯色连衣裙批发,Women’s Dress,59.8,8.77,https://detail.1688.com/offer/1075194099040.html,included,
1075184626873,womens-dresses,2026欧美跨境亚马逊春夏新款时尚休闲棉麻长袖纽扣开衫女装连衣裙,Long-Sleeve Women’s Dress,47,6.89,https://detail.1688.com/offer/1075184626873.html,included,
1075171582610,womens-dresses,跨境亚马逊新款光泽纱质荷叶边领泡泡袖短裙深V轻奢氛围连衣群女,Women’s Skirt,47,6.89,https://detail.1688.com/offer/1075171582610.html,included,
1075166141992,womens-dresses,2026跨境新款3D热销印花无袖圆领显瘦大裙摆连衣裙创意条纹裙子,Sleeveless Round-Neck Striped Women’s Dress,57,8.36,https://detail.1688.com/offer/1075166141992.html,included,
1075107494799,womens-dresses,法式气质复古拼接假两件连衣裙感春秋新款收腰显瘦别致时尚中长裙,Women’s Dress,31,4.55,https://detail.1688.com/offer/1075107494799.html,included,
1074970632964,womens-dresses,跨境ins热款性感抹胸吊带百搭独特镂空紧身包臀短款连衣裙,Women’s Dress,38,5.57,https://detail.1688.com/offer/1074970632964.html,included,
1074966184233,womens-dresses,欧美跨境新品女装独立站复古雪纺印花圆领长袖压褶收腰碎花连衣裙,Long-Sleeve Round-Neck Printed Women’s Dress,59,8.65,https://detail.1688.com/offer/1074966184233.html,included,
1074957591844,womens-dresses,新款跨境性感大露背夜店辣妹亮片蕾丝连衣裙 包臀连衣裙短裙批发,Women’s Dress,64,9.38,https://detail.1688.com/offer/1074957591844.html,included,
1074941854566,womens-dresses,欧美跨境女士长裙复古玫瑰印花面料裹身版型褶皱腰身蕾丝边连衣裙,,58,,https://detail.1688.com/offer/1074941854566.html,held,product-identification-or-relevance-review
1074905686879,womens-dresses,外贸欧美风2026秋季新款时尚流苏设计长袖性感褶皱修身连衣裙女,Long-Sleeve Women’s Dress,58.8,8.62,https://detail.1688.com/offer/1074905686879.html,included,
1074898125562,womens-dresses,欧美女装网纱中长礼服裙一字肩七分袖植绒花朵条纹收腰连衣裙,Striped Women’s Dress,59,8.65,https://detail.1688.com/offer/1074898125562.html,included,
1074889456888,womens-dresses,现货|黑色蕾丝V领吊带鱼尾连衣裙修身垂感拖地长款晚礼服跨境女装,V-Neck Women’s Dress,168,24.63,https://detail.1688.com/offer/1074889456888.html,included,
1074734284089,womens-dresses,夜店性感连衣裙低胸V领生日礼服酒吧夜场ktv衣服纯欲辣妹包臀短裙,V-Neck Women’s Dress,82,12.02,https://detail.1688.com/offer/1074734284089.html,included,
1074696442845,womens-dresses,欧美风 法式立体花朵泡泡袖连衣裙女夏新款宽松A字裙纯色圆领短裙,Round-Neck Relaxed-Fit Women’s Dress,64,9.38,https://detail.1688.com/offer/1074696442845.html,included,
1074675489779,womens-dresses,2026跨境秋冬新款金丝绒一字露肩长袖长款包臀连衣裙气质女装裙子,Long-Sleeve Women’s Dress,43,6.3,https://detail.1688.com/offer/1074675489779.html,included,
1074629707864,womens-dresses,法式御姐风u领中袖连衣裙女收腰显瘦包臀裙性感气质显身材短裙子,Women’s Dress,17,2.49,https://detail.1688.com/offer/1074629707864.html,included,
1074485470734,womens-dresses,2026欧美跨境独立站亚马逊女装 印花蝙蝠袖露背修身长款连衣裙,Printed Women’s Dress,62,9.09,https://detail.1688.com/offer/1074485470734.html,included,
1074457210656,womens-dresses,法式温柔风甜美粉色格子无袖系带背心连衣裙女夏宽松收腰钟型长裙,Sleeveless Checked Relaxed-Fit Women’s Dress,38,5.57,https://detail.1688.com/offer/1074457210656.html,included,
1074439888691,womens-dresses,欧美风深V褶皱收腰连衣裙束腰腰封设计修身显瘦辣妹短裙 跨境女装,Women’s Dress,43,6.3,https://detail.1688.com/offer/1074439888691.html,included,
1074414614484,womens-dresses,带胸垫 丝巾~法式千金风粉色波点吊带连衣裙夏季新款超仙女蛋糕裙,Women’s Dress,56,8.21,https://detail.1688.com/offer/1074414614484.html,included,
1074358467204,womens-dresses,欧美风外贸女装夏季新款礼服裙后开叉修身显瘦性感蕾丝挂脖连衣裙,Women’s Dress,44,6.45,https://detail.1688.com/offer/1074358467204.html,included,
1074297941875,womens-dresses,C家标准版型抽褶棉质格纹连衣裙圆领宽松裙子26秋新品 1342272001,Round-Neck Checked Relaxed-Fit Women’s Dress,140,20.53,https://detail.1688.com/offer/1074297941875.html,included,
1074286571704,womens-dresses,时尚跨境2026秋季新品女装性感御姐抹胸亮片设计露背包臀连衣裙女,Women’s Dress,23.9,3.5,https://detail.1688.com/offer/1074286571704.html,included,
1074209144363,womens-dresses,2026春夏新款温柔气质半高领飘带背心连衣裙女紧身纯欲打底包臀裙,Women’s Dress,25.4,3.72,https://detail.1688.com/offer/1074209144363.html,included,
1074167047850,womens-dresses,LazyDidi奥德琳千金 天鹅系列 缎光钉珠立裁收腰A字裙鎏金连衣裙,Women’s Dress,99,14.52,https://detail.1688.com/offer/1074167047850.html,included,
1074124758275,womens-dresses,欧美跨境女装2026新款甜美印花大摆中长裙挂脖绑带收腰连衣裙,Printed Women’s Dress,38,5.57,https://detail.1688.com/offer/1074124758275.html,included,
1074088995219,womens-dresses,2026秋季跨境欧美风V领裹身连衣裙女 多色长袖收腰系带蝴蝶结长裙,Long-Sleeve V-Neck Women’s Dress,40,5.87,https://detail.1688.com/offer/1074088995219.html,included,
1074015425705,womens-dresses,欧美秋宽松长款连衣裙女立领V领长袖大口袋遮肉显瘦跨境外贸长裙,Long-Sleeve V-Neck Relaxed-Fit Women’s Dress,42.5,6.23,https://detail.1688.com/offer/1074015425705.html,included,
1073999633597,womens-dresses,欧美外贸女装晚礼服新品性感低胸吊带蕾丝连衣裙轻奢气质修身长裙,Women’s Dress,63,9.24,https://detail.1688.com/offer/1073999633597.html,included,
1073961135869,womens-dresses,跨境2026秋季新款欧美女装气质流苏裙摆长袖褶皱包臀礼服连衣裙女,Long-Sleeve Women’s Dress,58.8,8.62,https://detail.1688.com/offer/1073961135869.html,included,
1073960141993,womens-dresses,亚马逊跨境欧美抹胸修身包臀黑色立体金色花朵装饰短连衣裙性感,Women’s Dress,56,8.21,https://detail.1688.com/offer/1073960141993.html,included,
1073934437789,womens-dresses,挂脖连衣裙女千金名媛重工不规则挂脖生日裙子度假风收腰不规则短,Women’s Dress,43,6.3,https://detail.1688.com/offer/1073934437789.html,included,
1073922040207,womens-dresses,欧美风跨境女装夏季新款吊带褶皱一字领收腰大摆裙时尚气质连衣裙,Women’s Dress,37.8,5.54,https://detail.1688.com/offer/1073922040207.html,included,
1073757744301,womens-dresses,2026跨境欧美风新款性感吊带露背包臀不规则肩带优雅热卖连衣裙女,Women’s Dress,43.9,6.44,https://detail.1688.com/offer/1073757744301.html,included,
1073736592011,womens-dresses,欧美跨境外贸新款女装V领锁褶蕾丝拼接收腰垂坠感大袖外连衣裙,V-Neck Women’s Dress,96,14.08,https://detail.1688.com/offer/1073736592011.html,included,
1073604907004,womens-dresses,2026跨境春夏一字肩连衣裙女气质修身包臀长裙工厂现货批发,Women’s Dress,28,4.11,https://detail.1688.com/offer/1073604907004.html,included,
1073552615599,womens-dresses,跨境欧美风2026秋季新款女装烫钻睫毛蕾丝拼接吊带包臀短裙连衣裙,Women’s Dress,53.9,7.9,https://detail.1688.com/offer/1073552615599.html,included,
1073547845388,womens-dresses,2026欧美跨境外贸新款女装休闲时尚真牛仔拼印花接宽松复古连衣裙,Printed Relaxed-Fit Women’s Dress,56,8.21,https://detail.1688.com/offer/1073547845388.html,included,
1073497889292,womens-dresses,度假红色印花吊带裙女夏季轻奢感长款连衣裙修身显瘦显白套装,Printed Women’s Dress,14,2.05,https://detail.1688.com/offer/1073497889292.html,included,
1073495135937,womens-dresses,2026秋季跨境欧美连帽半拉链棉麻长袖连衣裙束口袖度假风慵懒风,Long-Sleeve Hooded Women’s Dress,48,7.04,https://detail.1688.com/offer/1073495135937.html,included,
1073489601758,womens-dresses,跨境2026欧美独立站外贸优雅条纹圆领纽扣时尚长款连衣裙女装,Round-Neck Striped Women’s Dress,47,6.89,https://detail.1688.com/offer/1073489601758.html,included,
1073462630340,womens-dresses,欧美风2026夏季跨境新款休闲度假性感辣妹无袖挂脖露背包臀连衣裙,Sleeveless Women’s Dress,40.9,6.0,https://detail.1688.com/offer/1073462630340.html,included,
1073433687828,womens-dresses,2026秋冬跨境新款亚马逊独立站欧美女装一字领褶皱修身长裙连衣裙,Women’s Dress,34,4.99,https://detail.1688.com/offer/1073433687828.html,included,
1073352641360,womens-dresses,0254夜店性感吊带连衣裙女新款气质长款晚礼服足浴按摩技师工作服,Women’s Dress,49,7.18,https://detail.1688.com/offer/1073352641360.html,included,
1073320980558,womens-dresses,欧美跨境外贸新款2026秋季亚马逊女装一字肩荷叶边长袖收腰连衣裙,Long-Sleeve Women’s Dress,40,5.87,https://detail.1688.com/offer/1073320980558.html,included,
1073273787400,womens-dresses,2026欧美女子V领泡泡袖短裙 袖口印花宽松遮肉显瘦度假连衣裙,V-Neck Printed Relaxed-Fit Women’s Dress,32,4.69,https://detail.1688.com/offer/1073273787400.html,included,
1073273684636,womens-dresses,2026欧美跨境外贸夏季ins性感女吊带露背荷叶边不规则连衣裙礼服,Women’s Dress,45.8,6.72,https://detail.1688.com/offer/1073273684636.html,included,
1073266447918,womens-dresses,欧美跨境辣妹性感荡领胸前镂空金属扣长袖连衣裙修身派对包臀短裙,Long-Sleeve Women’s Dress,36,5.28,https://detail.1688.com/offer/1073266447918.html,included,
1073265332730,womens-dresses,2026夏季新款跨境欧美女装 宴会纯色礼服裙 名媛风修身包臀连衣裙,Women’s Dress,47,6.89,https://detail.1688.com/offer/1073265332730.html,included,
1073247505664,womens-dresses,2026新款欧美风高领短裙女 喇叭长袖露背泡泡下摆宴会度假连衣裙,Long-Sleeve Women’s Dress,42,6.16,https://detail.1688.com/offer/1073247505664.html,included,
1073215726735,womens-dresses,欧美跨境2026秋冬新款简约复古风短款波点蕾丝V领长袖修身连衣裙,Long-Sleeve V-Neck Women’s Dress,45,6.6,https://detail.1688.com/offer/1073215726735.html,included,
1073163726125,womens-dresses,【带胸垫】法式白色一字肩连衣裙女露背收腰长裙度假气质仙女裙子,Women’s Dress,32.5,4.77,https://detail.1688.com/offer/1073163726125.html,included,
1073159112568,womens-dresses,2026欧美跨境波西米亚风深V领泡泡袖不规则白色荷叶边中长连衣裙,V-Neck Women’s Dress,68,9.97,https://detail.1688.com/offer/1073159112568.html,included,
1072999675510,womens-dresses,2026夏季新款法式学院海军风小飞袖软糯针织时尚修身系带连衣裙女,Women’s Dress,19,2.79,https://detail.1688.com/offer/1072999675510.html,included,
1072995940088,womens-dresses,跨境外贸欧美新款女士长裙休闲宽松翻领扣子褶皱短袖棉麻连衣裙女,Short-Sleeve Relaxed-Fit Women’s Dress,45,6.6,https://detail.1688.com/offer/1072995940088.html,included,
1072984680217,womens-dresses,tiktok跨境欧美气质衬衫裙2026新款短裙子系带收腰波点女士连衣裙,Women’s Dress,48,7.04,https://detail.1688.com/offer/1072984680217.html,included,
1072948401975,womens-dresses,2026年欧美跨境夏季新品连衣裙无袖性感辣妹包臀裙修身高级感女装,Sleeveless Women’s Dress,18,2.64,https://detail.1688.com/offer/1072948401975.html,included,
1072907987892,womens-dresses,欧美跨境2026秋季新款女装性感露背吊带修身不规则撞色网纱连衣裙,Women’s Dress,41.9,6.14,https://detail.1688.com/offer/1072907987892.html,included,
1072759217206,womens-dresses,2026 新款女装欧美高领蓬蓬短裙 长袖露背泡泡下摆宴会度假连衣裙,Long-Sleeve Women’s Dress,42,6.16,https://detail.1688.com/offer/1072759217206.html,included,
1072744977894,womens-dresses,欧美秋冬V领女式灯笼袖连衣裙跨境海边度假长裙三粒扣外贸女装,V-Neck Women’s Dress,33,4.84,https://detail.1688.com/offer/1072744977894.html,included,
1072723250721,womens-dresses,茶歇法式白色连衣裙子女春季感气质仙女蓬蓬裙收腰小个子短裙,Women’s Dress,44,6.45,https://detail.1688.com/offer/1072723250721.html,included,
1072710690074,womens-dresses,2026亚马逊独立站欧美跨境外贸长袖衬衫领扭扣时尚拼接口袋连衣裙,Long-Sleeve Women’s Dress,45,6.6,https://detail.1688.com/offer/1072710690074.html,included,
1072654435666,womens-dresses,2026年欧美亚马逊独立站春款女装挂脖度假纯色蕾丝拼接无袖连衣裙,Sleeveless Women’s Dress,30,4.4,https://detail.1688.com/offer/1072654435666.html,included,
1072556552442,womens-dresses,2026夏季新品欧美跨境时尚优雅休闲性感度假风印花无袖吊带连衣裙,Sleeveless Printed Women’s Dress,33,4.84,https://detail.1688.com/offer/1072556552442.html,included,
1072534884406,womens-dresses,2026欧美秋季新款女装法式优雅性感蕾丝拼接辣妹长袖包臀连衣裙,Long-Sleeve Women’s Dress,45.9,6.73,https://detail.1688.com/offer/1072534884406.html,included,
1072440181895,womens-dresses,2026亚马逊热销晚礼服女夏连衣裙 气质开叉挂脖无袖派对缩褶长裙,Sleeveless Women’s Dress,39,5.72,https://detail.1688.com/offer/1072440181895.html,included,
1072399817162,womens-dresses,杨杨YANGRUOYU【春晓语蝶】缎面吊带裙女松弛气质度假绝美连衣裙,Women’s Dress,152,22.29,https://detail.1688.com/offer/1072399817162.html,included,
1072349539671,womens-dresses,【胸垫+肩带可调节】新款花魁纯欲度假风气质吊带连衣裙修身长裙,Women’s Dress,29,4.25,https://detail.1688.com/offer/1072349539671.html,included,
1072183120609,womens-dresses,2026亚马逊独立站欧美跨境女装一字肩褶皱收腰显瘦长袖连衣裙短裙,Long-Sleeve Women’s Dress,55,8.06,https://detail.1688.com/offer/1072183120609.html,included,
1072167776834,womens-dresses,2026亚马逊独立站法式立体花朵灯笼袖连衣裙,Women’s Dress,64,9.38,https://detail.1688.com/offer/1072167776834.html,included,
1072166138150,womens-dresses,2026亚马逊欧美跨境秋冬新款韩国绒连衣裙 圆领灯笼袖系带短裙女,Round-Neck Women’s Dress,36,5.28,https://detail.1688.com/offer/1072166138150.html,included,
1072082601055,womens-dresses,跨境新款女装长袖收腰2026年欧美抽褶抽绳靠左A字连衣裙外贸,Long-Sleeve Women’s Dress,48,7.04,https://detail.1688.com/offer/1072082601055.html,included,
1072018181829,womens-dresses,2026夏季shein热销欧美外贸吊带裙 时尚优雅气质休闲田园风连衣裙,Women’s Dress,28,4.11,https://detail.1688.com/offer/1072018181829.html,included,
1071984311277,womens-dresses,2026女夏欧美大码跨境休闲无袖花卉印花开叉裙后背镂空花边连衣裙,Sleeveless Printed Women’s Dress,25,3.67,https://detail.1688.com/offer/1071984311277.html,included,
1071984027364,womens-dresses,2026小个子春秋新款法式少女复古气质打底裙子法国小众卫衣连衣裙,Women’s Dress,29,4.25,https://detail.1688.com/offer/1071984027364.html,included,
1071924592378,womens-dresses,刺绣连衣裙女新款云南大理度假风系带裙流苏显瘦裙子海边度假裙,Women’s Dress,44,6.45,https://detail.1688.com/offer/1071924592378.html,included,
1071903937812,womens-dresses,2026亚马逊独立站欧美跨境夏秋季新款复古拼接宽松背心女士连衣裙,Relaxed-Fit Women’s Dress,55,8.06,https://detail.1688.com/offer/1071903937812.html,included,
1071824372121,womens-dresses,亚马逊俄罗斯跨境2026春秋外贸款七分袖牛仔裙女灯笼袖宽松连衣裙,Relaxed-Fit Women’s Dress,46,6.74,https://detail.1688.com/offer/1071824372121.html,included,
1071664043410,womens-dresses,2026亚马逊独立站光泽纱质泡泡袖短裙V领荷叶边轻奢氛围感连衣裙,V-Neck Women’s Dress,47,6.89,https://detail.1688.com/offer/1071664043410.html,included,
1071661328457,womens-dresses,2026跨境爆款度假风一字领泡泡袖宽松显瘦大摆女式长裙连衣裙显瘦,Relaxed-Fit Women’s Dress,33.69,4.94,https://detail.1688.com/offer/1071661328457.html,included,
1071652536088,womens-dresses,跨境babyboo欧美不规则开叉独特设计ins火爆宴会吊带紧身连衣长裙,Women’s Skirt,48,7.04,https://detail.1688.com/offer/1071652536088.html,included,
1071587475788,womens-dresses,云南大理批发手工纯植物板蓝根蓝染扎染旅游度假百搭带袖女连衣裙,Women’s Dress,60,8.8,https://detail.1688.com/offer/1071587475788.html,included,
1071445187800,womens-dresses,2026亚马逊冰丝皱纯色抽褶露背吊带长裙沙滩度假裙宽松居家连衣裙,Relaxed-Fit Women’s Dress,17,2.49,https://detail.1688.com/offer/1071445187800.html,included,
1071374838413,womens-dresses,欧美风性感包臀连衣裙低胸蕾丝拼接撞色修身辣妹街头细吊带短裙女,Women’s Dress,36.8,5.4,https://detail.1688.com/offer/1071374838413.html,included,
1071321141405,womens-dresses,2026 新款垂坠荡领长袖连衣裙 气质收腰褶皱长裙欧美风通勤礼服女,Long-Sleeve Women’s Dress,37,5.43,https://detail.1688.com/offer/1071321141405.html,included,
1071305490654,womens-dresses,独立站 欧美新款秋季长袖连衣裙 大码V领创意休闲长袖 宽松连衣裙,Long-Sleeve V-Neck Relaxed-Fit Women’s Dress,26,3.81,https://detail.1688.com/offer/1071305490654.html,included,
1071293978248,womens-dresses,欧美跨境度假风 V领烫金纹理印花立领蕾丝短裙 七分袖宽松连衣裙,V-Neck Printed Relaxed-Fit Women’s Dress,51,7.48,https://detail.1688.com/offer/1071293978248.html,included,
1071199456026,womens-dresses,亚马逊欧美风时尚夏季数码印花性感低胸荡领吊带连衣裙度假长裙女,Printed Women’s Dress,36,5.28,https://detail.1688.com/offer/1071199456026.html,included,
1071186424526,womens-dresses,外贸2026秋冬新款欧美辣妹波点长袖圆领收腰显高荷叶边短款连衣裙,Long-Sleeve Round-Neck Women’s Dress,38,5.57,https://detail.1688.com/offer/1071186424526.html,included,
1071181048628,womens-dresses,2026亚马逊独立站跨境新款 长袖收腰立领斜襟包臀连衣裙西装裙,Long-Sleeve Women’s Dress,39,5.72,https://detail.1688.com/offer/1071181048628.html,included,
1071170983456,womens-dresses,2026年欧美亚马逊外贸跨境新款女装大波点长袖圆领连衣裙工厂直发,Long-Sleeve Round-Neck Women’s Dress,37,5.43,https://detail.1688.com/offer/1071170983456.html,included,
1071153004686,womens-dresses,温柔风白色连衣裙女2026夏季新款绝美气质收腰显瘦法式无袖长裙子,Sleeveless Women’s Dress,38.8,5.69,https://detail.1688.com/offer/1071153004686.html,included,
1071145209448,womens-dresses,韩系纯欲黑色针织T恤上衣女2026夏季新款甜美波点垫带连衣裙短裙,Women’s Dress,21.8,3.2,https://detail.1688.com/offer/1071145209448.html,included,
1071101153036,womens-dresses,法式千金白色圆领无袖连衣裙女夏季气质名媛洋气精致性感A字短裙,Sleeveless Round-Neck Women’s Dress,25.5,3.74,https://detail.1688.com/offer/1071101153036.html,included,
1071091263472,womens-dresses,26031-新款欧美风女装气球宽松无袖连衣裙女式,Sleeveless Relaxed-Fit Women’s Dress,48,7.04,https://detail.1688.com/offer/1071091263472.html,included,
1071073940884,womens-dresses,2026跨境宴会礼服女装无袖开叉高腰裙子修身气质连衣裙女夏欧美,Sleeveless Women’s Dress,32.8,4.81,https://detail.1688.com/offer/1071073940884.html,included,
1071036384156,womens-dresses,跨境欧美风2026夏季新款女装性感纯欲黑色蕾丝镂空高开叉连衣裙,Women’s Dress,79,11.58,https://detail.1688.com/offer/1071036384156.html,included,
1071029845985,womens-dresses,纯欲风性感辣妹白色吊带连衣裙女夏季新款修身显瘦甜美包臀短裙子,Women’s Dress,14.9,2.18,https://detail.1688.com/offer/1071029845985.html,included,
1070873983363,womens-dresses,coucou原标七分袖船领法式连衣裙 气质通勤辣妹短裙伯克利高知裙,Women’s Dress,100,14.66,https://detail.1688.com/offer/1070873983363.html,included,
1070836855562,womens-dresses,UNIZERA女装2026秋季新品休闲优雅短袖V领衬衣式连衣裙女 2266015,Short-Sleeve V-Neck Women’s Dress,52,7.62,https://detail.1688.com/offer/1070836855562.html,included,
1070824474828,womens-dresses,SN欧美独立站亚马逊2026新款简约风流苏拼接大摆长款纯色连衣裙,Women’s Dress,36,5.28,https://detail.1688.com/offer/1070824474828.html,included,
1070806183473,womens-dresses,2026欧美跨境秋冬新款亚马逊女士长裙宽松休闲V领长袖褶皱连衣裙,Long-Sleeve V-Neck Relaxed-Fit Women’s Dress,45,6.6,https://detail.1688.com/offer/1070806183473.html,included,
1070803917396,womens-dresses,欧美2026夏季跨境新款女装修身辣妹性感无袖拼接网纱包臀连衣裙女,Sleeveless Women’s Dress,46.9,6.88,https://detail.1688.com/offer/1070803917396.html,included,
1070758052204,womens-dresses,黑色纯欲风辣妹抹胸连衣裙夏季新款小个子紧身掐腰配腰带包臀短裙,Women’s Dress,17,2.49,https://detail.1688.com/offer/1070758052204.html,included,
1070658491645,womens-dresses,0246新中式复古改良旗袍足浴工作服女长裙礼服盘扣镂空修身连衣裙,Women’s Dress,52,7.62,https://detail.1688.com/offer/1070658491645.html,included,
1070610902030,womens-dresses,欧美跨境气质重工钉钻优雅宴会礼服裙女2026新款后背系带连衣裙,Women’s Dress,183,26.83,https://detail.1688.com/offer/1070610902030.html,included,
1070549939570,womens-dresses,欧美跨境秋季新款热销喇叭袖收腰短裙外贸性感辣妹单排扣连衣裙,Women’s Dress,34.8,5.1,https://detail.1688.com/offer/1070549939570.html,included,
1070531573983,womens-dresses,欧美跨境女装度假修身性感露背挂脖系带收腰上衣蓬蓬短裙连衣裙子,Women’s Dress,23.5,3.45,https://detail.1688.com/offer/1070531573983.html,included,
1070529561639,womens-dresses,外贸欧美风2026夏季新款时尚流苏设计长袖性感褶皱修身连衣裙批发,Long-Sleeve Women’s Dress,56,8.21,https://detail.1688.com/offer/1070529561639.html,included,
1070470566812,womens-dresses,2026欧美跨境亚马逊女士优雅西部休闲度假风丝绒拉链鱼尾连衣裙,Women’s Dress,51,7.48,https://detail.1688.com/offer/1070470566812.html,included,
1070411628159,womens-dresses,法式复古港风时尚气质波点碎花连衣裙女夏季新款收腰露背显瘦长裙,Printed Women’s Dress,14,2.05,https://detail.1688.com/offer/1070411628159.html,included,
1070371837849,womens-dresses,2026欧美女装 吊带蕾丝拼接黑色连衣裙性感V领短裙跨境时尚吊带裙,V-Neck Women’s Dress,40,5.87,https://detail.1688.com/offer/1070371837849.html,included,
1070355512332,womens-dresses,欧美跨境2026秋冬新款甜酷复古风波点方领雪纺喇叭袖修身连衣裙女,Women’s Dress,48,7.04,https://detail.1688.com/offer/1070355512332.html,included,
1070350758498,womens-dresses,0241新款网纱连衣裙辣妹性感低胸名媛风修身长裙子女上班技师工衣,Women’s Dress,50,7.33,https://detail.1688.com/offer/1070350758498.html,included,
1070329584933,womens-dresses,黑色纯欲风辣妹抹胸连衣裙夏季新款小个子紧身掐腰配腰带包臀短裙,Women’s Dress,17,2.49,https://detail.1688.com/offer/1070329584933.html,included,
1070319623347,womens-dresses,法式缎面甜美连衣裙女公主出游夏日小个子穿搭气质绝美吊带小裙子,Women’s Dress,39.99,5.86,https://detail.1688.com/offer/1070319623347.html,included,
1070273645410,womens-dresses,亚马逊2026跨境欧美风新款时尚性感抹胸束腰抽褶修身包臀连衣裙,Women’s Dress,64,9.38,https://detail.1688.com/offer/1070273645410.html,included,
1070217503560,womens-dresses,2026法式跨境新款秋夏季收腰显瘦醋酸缎面优雅高级感长袖连衣裙女,Long-Sleeve Women’s Dress,42,6.16,https://detail.1688.com/offer/1070217503560.html,included,
1070194877045,womens-dresses,721-欧美风性感辣妹抹胸包臀裙女2026春夏新款收腰显瘦连衣裙,Women’s Dress,64,9.38,https://detail.1688.com/offer/1070194877045.html,included,
1070168871827,womens-dresses,棉麻吊带连衣裙女春夏2026新款宽松大码韩版休闲中长款无袖背带裙,Sleeveless Relaxed-Fit Women’s Dress,31,4.55,https://detail.1688.com/offer/1070168871827.html,included,
1070112138184,womens-dresses,知性性感姐姐V领气质修身蕾丝拼接鱼尾连衣裙女,V-Neck Women’s Dress,72,10.56,https://detail.1688.com/offer/1070112138184.html,included,
1070083258872,womens-dresses,24春季新款女欧美风后开叉辣妹风性感V领针织休闲包臀吊带连衣裙,V-Neck Women’s Dress,45,6.6,https://detail.1688.com/offer/1070083258872.html,included,
1070071286140,womens-dresses,2026新款欧美跨境春夏女士优雅蕾丝网纱拼接长袖堆堆领女装连衣裙,Long-Sleeve Women’s Dress,36,5.28,https://detail.1688.com/offer/1070071286140.html,included,
1070065712480,womens-dresses,缎面无袖高领修身连衣裙女春夏新款纯色包臀短裙优雅气质时尚裙,Sleeveless Women’s Dress,25.8,3.78,https://detail.1688.com/offer/1070065712480.html,included,
1070053087564,womens-dresses,夏日绝美巨好看度假无袖连衣裙女2026新款独特漂亮压褶背心长裙子,Sleeveless Women’s Dress,43.99,6.45,https://detail.1688.com/offer/1070053087564.html,included,
1070028050552,womens-dresses,tiktok跨境欧美衬衫裙子2026秋冬新款送腰带收腰气质条纹连衣裙女,Striped Women’s Dress,43,6.3,https://detail.1688.com/offer/1070028050552.html,included,
1069956081730,womens-dresses,跨境亚马逊新款现货纯色礼服7分袖婚礼气质优雅圆领针织连衣裙女,Round-Neck Women’s Dress,46,6.74,https://detail.1688.com/offer/1069956081730.html,included,
1069863964224,womens-dresses,2026跨境女夏美拉德风挂脖牛奶丝连衣裙女串珠挂脖露背包臀短裙,Women’s Dress,25,3.67,https://detail.1688.com/offer/1069863964224.html,included,
1069821735035,womens-dresses,绝美拼接大露背绑带蕾丝吊带连衣裙纯欲度假优雅仙气显瘦长裙女夏,Women’s Dress,39.99,5.86,https://detail.1688.com/offer/1069821735035.html,included,
1069812625303,womens-dresses,2026新款女装夏季欧美亚马逊时尚挂脖扭结宽松无袖沙滩度假连衣裙,Sleeveless Relaxed-Fit Women’s Dress,35,5.13,https://detail.1688.com/offer/1069812625303.html,included,
1069789160885,womens-dresses,夏季新款酒红色性感蝴蝶链条包臀短裙纯欲气质辣妹修身显瘦连衣裙,Women’s Dress,21,3.08,https://detail.1688.com/offer/1069789160885.html,included,
1069770338066,womens-dresses,跨境欧美新款外贸时尚纯色绷带U领弹力坑条修身吊带包臀连衣裙女,Women’s Dress,66,9.68,https://detail.1688.com/offer/1069770338066.html,included,
1069768867260,womens-dresses,2026夏季新款法式洋气心机纯欲风薄纱捏褶收腰显瘦显身材连衣裙,Women’s Dress,68.8,10.09,https://detail.1688.com/offer/1069768867260.html,included,
1069759802678,womens-dresses,御姐赫本风黑色polo衬衫无袖连衣裙气质超好看收腰a 字蓬蓬短裙子,Sleeveless Women’s Dress,52.98,7.77,https://detail.1688.com/offer/1069759802678.html,included,
1069734068071,womens-dresses,欧美跨境女装2026新款抹胸辣妹紧身时尚性感包臀拼接绷带连衣裙,Women’s Dress,152,22.29,https://detail.1688.com/offer/1069734068071.html,included,
1069733299939,womens-dresses,跨境欧美女装亚马逊女春秋季新款波点连衣裙长袖收腰显瘦修身长裙,Long-Sleeve Women’s Dress,38,5.57,https://detail.1688.com/offer/1069733299939.html,included,
1069733299890,womens-dresses,2026欧美亚马逊跨境法式温柔风丝绒灯笼袖荷叶边翻领衬衫连衣裙女,Women’s Dress,47,6.89,https://detail.1688.com/offer/1069733299890.html,included,
1069689295319,womens-dresses,2026欧美跨境新款纯色挂脖深V修身欧美纯欲度假风性感短款连衣裙,Women’s Dress,55.9,8.2,https://detail.1688.com/offer/1069689295319.html,included,
1069620373028,womens-dresses,复古黑白小碎花连衣裙女舒适宽松打底连衣裙圆领泡泡袖度假旅游裙,Round-Neck Printed Relaxed-Fit Women’s Dress,44,6.45,https://detail.1688.com/offer/1069620373028.html,included,
1069493964522,womens-dresses,J2759   欧美跨境女装  性感印花修身连衣裙包臀裙,Printed Women’s Dress,34,4.99,https://detail.1688.com/offer/1069493964522.html,included,
1069480213409,womens-dresses,2026春夏新款跨境外贸女装无袖吊带撒金包臀舞会性感礼服连衣裙,Sleeveless Women’s Dress,92,13.49,https://detail.1688.com/offer/1069480213409.html,included,
1069447580473,womens-dresses,2026跨境欧美轻奢浅黄色抹胸蕾丝亮片高开叉重工褶皱抹胸礼服裙,Women’s Dress,104,15.25,https://detail.1688.com/offer/1069447580473.html,included,
1069230848355,womens-dresses,纯欲风性感V领褶皱收腰包臀长裙夏季修身显瘦辣妹连衣裙背心裙女,V-Neck Women’s Dress,45,6.6,https://detail.1688.com/offer/1069230848355.html,included,
1069199510531,womens-dresses,亚马逊欧美女式秋冬新款性感豹纹印花圆领荷叶边长袖修身连衣裙,Long-Sleeve Round-Neck Printed Women’s Dress,38,5.57,https://detail.1688.com/offer/1069199510531.html,included,
1069167845774,womens-dresses,2026欧美跨境新款纯色V领腰节交叉褶皱长袖中长裙长款连衣裙女装,Long-Sleeve V-Neck Women’s Dress,33,4.84,https://detail.1688.com/offer/1069167845774.html,included,
1069126404519,womens-dresses,秋季新款条纹连衣裙女短袖抽绳收腰显瘦中长款休闲时尚气质裙,Short-Sleeve Striped Women’s Dress,29.9,4.38,https://detail.1688.com/offer/1069126404519.html,included,
1069103455226,womens-dresses,2026欧美跨境夏季新款细肩带纯色性感气质风显瘦微透设计感连衣裙,Women’s Dress,46.9,6.88,https://detail.1688.com/offer/1069103455226.html,included,
1069071523441,womens-dresses,度假风印花连衣裙女夏季新款欧美外贸女装 轻奢高级感简约长裙,Printed Women’s Dress,43,6.3,https://detail.1688.com/offer/1069071523441.html,included,
1068909520809,womens-dresses,2026欧美跨境独立站新款夏季无袖印花百搭休闲女装 V领连衣裙,Sleeveless V-Neck Printed Women’s Dress,28,4.11,https://detail.1688.com/offer/1068909520809.html,included,
1068783765062,womens-dresses,夏装新款无袖蕾丝网纱拼接中长款包臀连衣裙女修身显瘦性感打底裙,Sleeveless Women’s Dress,6.3,0.92,https://detail.1688.com/offer/1068783765062.html,included,
1068733016950,womens-dresses,C8666亚马逊外贸女装欧美2026年新款褶皱圆领拼接压褶跨境连衣裙,Round-Neck Women’s Dress,64,9.38,https://detail.1688.com/offer/1068733016950.html,included,
1068709605668,womens-dresses,D3379非洲外贸亚马逊跨境翻领包臀包臀气质大码假两件欧美连衣裙,Women’s Dress,59,8.65,https://detail.1688.com/offer/1068709605668.html,included,
1068683602166,womens-dresses,欧美跨境亚马逊TK女士波西米亚V领分层 休闲飘逸长款荷叶边连衣裙,V-Neck Women’s Dress,41,6.01,https://detail.1688.com/offer/1068683602166.html,included,
1068648452981,womens-dresses,2026跨境纯色棉麻短裙女 V领荷叶花边无袖宽松沙滩度假连衣裙多色,Sleeveless V-Neck Relaxed-Fit Women’s Dress,42,6.16,https://detail.1688.com/offer/1068648452981.html,included,
1068647259423,womens-dresses,亚马逊独立站 2026 新款斜肩牛仔连衣裙欧美风跨境热卖爆款女装,Women’s Dress,45,6.6,https://detail.1688.com/offer/1068647259423.html,included,
1068583932144,womens-dresses,温柔风白色连衣裙女2026夏季新款法式长裙子巨好看夏季小个子收腰,Women’s Dress,33.9,4.97,https://detail.1688.com/offer/1068583932144.html,included,
1068550168422,womens-dresses,名媛千金风V领中袖针织连衣裙女夏季小个子收腰显瘦气质百褶短裙,V-Neck Women’s Dress,34.8,5.1,https://detail.1688.com/offer/1068550168422.html,included,
1068506677938,womens-dresses,法式气质高级感一字肩连衣裙女夏季2026新款修身显瘦包臀礼服长裙,Women’s Dress,31,4.55,https://detail.1688.com/offer/1068506677938.html,included,
1068490300099,womens-dresses,2026亚马逊独立站欧美跨境女装一字肩褶皱收腰显瘦长袖连衣裙女,Long-Sleeve Women’s Dress,55,8.06,https://detail.1688.com/offer/1068490300099.html,included,
1068482583666,womens-dresses,纯欲风性感辣妹蕾丝吊带连衣裙女夏新款气质绝美修身约会包臀短裙,Women’s Dress,49.9,7.32,https://detail.1688.com/offer/1068482583666.html,included,
1068419067505,womens-dresses,2026年轻熟辣妹蕾丝吊带连衣裙透视款镂空性感低胸V领夜总会工服,V-Neck Women’s Dress,79,11.58,https://detail.1688.com/offer/1068419067505.html,included,
1068404475891,womens-dresses,欧美夏季新款跨境女装性感抹胸露背束腰绑带褶皱包臀礼服连衣裙,Women’s Dress,65.5,9.6,https://detail.1688.com/offer/1068404475891.html,included,
1068400487156,womens-dresses,欧美2026夏季新款女装性感不规则大露背低领挂脖修身印花连衣裙女,Printed Women’s Dress,36.9,5.41,https://detail.1688.com/offer/1068400487156.html,included,
1068325926882,womens-dresses,黑色性感抹胸连衣裙女设计感修身收腰包臀裙御姐风配腰带鱼骨短裙,Women’s Dress,17,2.49,https://detail.1688.com/offer/1068325926882.html,included,
1068247184891,womens-dresses,2026新款女装欧美夏季吊带度假开叉修身气质宴会礼服连衣裙裙子,Women’s Dress,38,5.57,https://detail.1688.com/offer/1068247184891.html,included,
1068195187839,womens-dresses,2026跨境欧美秋冬新款女士简约优雅风棉混纺圆领褶皱开衩长连衣裙,Round-Neck Women’s Dress,45,6.6,https://detail.1688.com/offer/1068195187839.html,included,
1068094226831,womens-dresses,欧美女装跨境2026亚马逊独立站秋冬气质V领收腰时尚长袖连衣裙,Long-Sleeve V-Neck Women’s Dress,52,7.62,https://detail.1688.com/offer/1068094226831.html,included,
1068088387727,womens-dresses,跨境2026独立站欧美女装新款性感优雅网纱拼接网纱两件套连衣裙,Women’s Dress,52,7.62,https://detail.1688.com/offer/1068088387727.html,included,
1068028114463,womens-dresses,现货跨境欧美风2026夏季新款女装修身性感吊带包臀鱼尾荷叶连衣裙,Women’s Dress,68,9.97,https://detail.1688.com/offer/1068028114463.html,included,
1067952453933,womens-dresses,跨境欧美圣诞女装 雪花洒点印花 V 领长袖连衣裙 大摆显瘦过膝节,Long-Sleeve Printed Women’s Dress,36.5,5.35,https://detail.1688.com/offer/1067952453933.html,included,
1067806994711,womens-dresses,2026跨境亚马逊欧美长袖连衣裙纽扣衬衫裙显瘦开叉休闲宽松,Long-Sleeve Relaxed-Fit Women’s Dress,39,5.72,https://detail.1688.com/offer/1067806994711.html,included,
1067803043887,womens-dresses,跨境欧美轻熟风衬衫式长裙竖条纹修身收腰长袖不规则大摆连衣裙女,Long-Sleeve Striped Women’s Dress,63,9.24,https://detail.1688.com/offer/1067803043887.html,included,
1067784742992,womens-dresses,2026欧美外贸跨境女装亚马逊爆品欲性感玫瑰修身气质显瘦连衣裙,Women’s Dress,42,6.16,https://detail.1688.com/offer/1067784742992.html,included,
1067780965436,womens-dresses,法式白色蕾丝绑带露背吊带连衣裙女夏季度假风气质收腰绝美长裙子,Women’s Dress,45,6.6,https://detail.1688.com/offer/1067780965436.html,included,
1067741897567,womens-dresses,无袖圆领收腰大摆黑色连衣裙气质通勤法式赫本风中长款小黑裙8078,Sleeveless Round-Neck Women’s Dress,138,20.23,https://detail.1688.com/offer/1067741897567.html,included,
1067741466454,womens-dresses,法式千金甜美抹胸连衣裙夏季新款漂亮精致小裙子收腰花苞蓬蓬短裙,Women’s Dress,41.8,6.13,https://detail.1688.com/offer/1067741466454.html,included,
1067706005056,womens-dresses,欧美风跨境纯色修身女装露背性感后开叉包臀裙气质裹胸徒步连衣裙,Women’s Dress,32.9,4.82,https://detail.1688.com/offer/1067706005056.html,included,
1067605306348,womens-dresses,2026年跨境亚马逊独立站女士纯色长袖翻领麂皮流苏拉链连衣裙,Long-Sleeve Women’s Dress,58,8.5,https://detail.1688.com/offer/1067605306348.html,included,
1067601233193,womens-dresses,2026秋冬新款跨境欧美女装ins修身半高领收腰A字裙长袖坑条连衣裙,Long-Sleeve Women’s Dress,29,4.25,https://detail.1688.com/offer/1067601233193.html,included,
1067584031529,womens-dresses,2026法式复古假两件连衣裙女夏季新款气质感波点泡泡袖蓬蓬裙,Women’s Dress,20,2.93,https://detail.1688.com/offer/1067584031529.html,included,
1067374110872,womens-dresses,法式气质白色连衣裙女2026夏新款一字肩收腰显瘦中长款A字裙9651,Women’s Dress,39.98,5.86,https://detail.1688.com/offer/1067374110872.html,included,
1067342281378,womens-dresses,JuJu同款｜莱赛尔缎面“Slip on小黑裙“蕾丝拼接吊带连衣裙,Women’s Dress,185,27.13,https://detail.1688.com/offer/1067342281378.html,included,
1067292212920,womens-dresses,亚马逊热销新款女装挂脖V领时尚优雅性感礼服褶皱收腰开叉连衣裙,V-Neck Women’s Dress,77,11.29,https://detail.1688.com/offer/1067292212920.html,included,
1067279181343,womens-dresses,灰色挂脖吊带连衣裙女夏季新款包臀短裙纯欲风气质修身显瘦裙装,Women’s Dress,7.5,1.1,https://detail.1688.com/offer/1067279181343.html,included,
1067269784316,womens-dresses,2026欧美跨境秋冬季优雅气质丝绒紧身一字领一步裙连衣裙长裙,Women’s Dress,46,6.74,https://detail.1688.com/offer/1067269784316.html,included,
1067171088878,womens-dresses,跨境亚马逊独立站欧美新款女装休闲棉麻纯色连衣裙绣花荷叶边裙子,Women’s Dress,20,2.93,https://detail.1688.com/offer/1067171088878.html,included,
1067151002326,womens-dresses,轻熟风跨境一字领连衣裙夏季新款气质通勤收腰显瘦侧开叉中长款裙,Women’s Dress,34,4.99,https://detail.1688.com/offer/1067151002326.html,included,
1067108537046,womens-dresses,0222辣妹纯欲风性感网纱挂脖吊带连衣裙女新款夜场褶皱修身包臀裙,Women’s Dress,43,6.3,https://detail.1688.com/offer/1067108537046.html,included,
1067100600999,womens-dresses,现货欧美外贸万圣节派对网纱骷髅头印花复古大摆连衣裙女度假风,Printed Women’s Dress,30,4.4,https://detail.1688.com/offer/1067100600999.html,included,
1067058601389,womens-dresses,2026春夏跨境欧美亚马逊棉麻希腊风古典单肩腰带不规则下摆连衣裙,Women’s Dress,53,7.77,https://detail.1688.com/offer/1067058601389.html,included,
1067054631603,womens-dresses,法式优雅 2026早秋蕾丝花边不规则斜下摆无袖圆领连衣裙,Sleeveless Round-Neck Women’s Dress,219,32.11,https://detail.1688.com/offer/1067054631603.html,included,
1067044902639,womens-dresses,2026跨境夏热卖条纹挂脖针织修身包臀海边度假显瘦裙子女夏连衣裙,Striped Women’s Dress,27,3.96,https://detail.1688.com/offer/1067044902639.html,included,
1066939243308,womens-dresses,欧美跨境2026秋冬新款甜酷复古风波点V领系带喇叭长袖短款连衣裙,Long-Sleeve V-Neck Women’s Dress,37,5.43,https://detail.1688.com/offer/1066939243308.html,included,
1066932325151,womens-dresses,浅蓝挂脖胸前流苏不规则拖尾礼服长裙欧美度假风长裙飘逸连衣裙,Women’s Dress,120,17.6,https://detail.1688.com/offer/1066932325151.html,included,
1066772526480,womens-dresses,法式白色蕾丝绑带露背吊带连衣裙女夏季度假风气质收腰绝美长裙子,Women’s Dress,42,6.16,https://detail.1688.com/offer/1066772526480.html,included,
1066724648092,womens-dresses,2026欧美跨境秋冬新款休闲风长裙时尚袋纯色纽扣长袖翻领连衣裙,Long-Sleeve Women’s Dress,56,8.21,https://detail.1688.com/offer/1066724648092.html,included,
1066703510688,womens-dresses,2026新品亚马逊速卖通休闲纯色宽松连衣裙,Relaxed-Fit Women’s Dress,42,6.16,https://detail.1688.com/offer/1066703510688.html,included,
1066694695778,womens-dresses,明媚色系超衬肤色 温柔纯欲显白斜裁显瘦荷叶边吊带连衣裙,Women’s Dress,19,2.79,https://detail.1688.com/offer/1066694695778.html,included,
1066651492286,womens-dresses,跨境Polo翻领长款针织连衣裙女宽松长袖直筒毛衣裙秋冬通勤打底裙,Long-Sleeve Relaxed-Fit Women’s Dress,49.9,7.32,https://detail.1688.com/offer/1066651492286.html,included,
1066523422968,womens-dresses,亚马逊欧美跨境2026秋冬新款气质优雅通勤风纯色长袖开叉连衣裙,Long-Sleeve Women’s Dress,52,7.62,https://detail.1688.com/offer/1066523422968.html,included,
1066430380925,womens-dresses,9276#夏新款大货宽松复古缇花拼色开叉牛仔连衣裙长背心裙,Relaxed-Fit Women’s Dress,57,8.36,https://detail.1688.com/offer/1066430380925.html,included,
1066402916835,womens-dresses,2026秋冬爆款欧美跨境修身拉链立领开叉长款亚马逊独立站连衣裙,Women’s Dress,53,7.77,https://detail.1688.com/offer/1066402916835.html,included,
1066389137467,womens-dresses,2026跨境新款复古印花挂脖连衣裙时尚优雅收腰显瘦法式气质雪纺女,Printed Women’s Dress,68.9,10.1,https://detail.1688.com/offer/1066389137467.html,included,
1066266129106,womens-dresses,2026夏季性感千金风一字肩连衣裙女气质度假风长裙,Women’s Dress,31.99,4.69,https://detail.1688.com/offer/1066266129106.html,included,
1066228728788,womens-dresses,法式西装连衣裙女2023秋季新款感气质显瘦温柔系长袖裙子麻,Long-Sleeve Women’s Dress,71,10.41,https://detail.1688.com/offer/1066228728788.html,included,
1066212158324,womens-dresses,赵露思同款2026夏季新款学院风无袖收腰淑女连衣裙女TTOW2625CCK,Sleeveless Women’s Dress,125,18.33,https://detail.1688.com/offer/1066212158324.html,included,
1066207177274,womens-dresses,一字领皱褶包臀裙女2026夏季新款美式辣妹纯色弹力修身无袖连衣裙,Sleeveless Women’s Dress,34,4.99,https://detail.1688.com/offer/1066207177274.html,included,
1066202288582,womens-dresses,2026亚马逊独立站欧美夏季新款复古气质polo领格纹泡泡袖连衣裙,Checked Women’s Dress,36,5.28,https://detail.1688.com/offer/1066202288582.html,included,
1066200356324,womens-dresses,2026新款欧美风独立站挂脖纯色雪纺长裙度假风收腰显瘦褶皱连衣裙,Women’s Dress,56,8.21,https://detail.1688.com/offer/1066200356324.html,included,
1066188206462,womens-dresses,现货/26早秋新品/法式蕾丝拼接U领镂空花边长款连衣裙,Women’s Dress,299,43.84,https://detail.1688.com/offer/1066188206462.html,included,
1066172044699,womens-dresses,欧美时尚新款蕾丝拼接雪纺伴娘礼服 无袖A字裙收腰显瘦婚礼派对连,Sleeveless Women’s Dress,45,6.6,https://detail.1688.com/offer/1066172044699.html,included,
1066155189207,womens-dresses,2026新款欧美跨境亚马逊女士修身时尚气质无袖吊带连衣裙纯色,Sleeveless Women’s Dress,32,4.69,https://detail.1688.com/offer/1066155189207.html,included,
1066127944245,womens-dresses,2026亚马逊欧美跨境外贸女装纯色气质长款衬衫裙钮扣长袖连衣裙,Long-Sleeve Women’s Dress,47,6.89,https://detail.1688.com/offer/1066127944245.html,included,
1066126003013,womens-dresses,圆领短袖重工蕾丝收腰鱼尾旗袍裙新中式订婚敬酒礼服连衣裙22067,Short-Sleeve Round-Neck Women’s Dress,148,21.7,https://detail.1688.com/offer/1066126003013.html,included,
1066118593785,womens-dresses,蕾丝花边吊带裙不规则裙摆高腰连衣裙温柔度假风褶皱碎花裙长裙,Printed Women’s Dress,39,5.72,https://detail.1688.com/offer/1066118593785.html,included,
1066096340821,womens-dresses,小香风粉色蝴蝶结挂脖连衣裙女夏季法式收腰千金风荷叶边A字裙,Women’s Dress,28,4.11,https://detail.1688.com/offer/1066096340821.html,included,
1066078704708,womens-dresses,2026亚马逊独立站 高领褶皱长袖修身包臀连衣裙开叉显瘦气质女裙,Long-Sleeve Women’s Dress,38,5.57,https://detail.1688.com/offer/1066078704708.html,included,
1066043042190,womens-dresses,棉麻简约文艺范连衣裙女夏宽松显瘦2026新款大码胖mm200斤中长裙,Relaxed-Fit Women’s Dress,21,3.08,https://detail.1688.com/offer/1066043042190.html,included,
1066028692482,womens-dresses,2026 欧美时尚露背挂脖性感镶钻饰休闲包臀长款连衣裙女装,Women’s Dress,220,32.26,https://detail.1688.com/offer/1066028692482.html,included,
1066004925017,womens-dresses,春夏纯欲性感气质收腰包臀裙鱼尾连衣裙妹修身显瘦显身材吊带长裙,Women’s Dress,13.5,1.98,https://detail.1688.com/offer/1066004925017.html,included,
1066001480570,womens-dresses,天丝麻印花连衣裙女夏季新款文艺轻熟风收腰显瘦飘逸凉感中长裙女,Printed Women’s Dress,114.74,16.82,https://detail.1688.com/offer/1066001480570.html,included,
1065976834142,womens-dresses,云南大理植物手工扎染夏季双口袋衬衫收腰连衣裙M0319,Women’s Dress,64,9.38,https://detail.1688.com/offer/1065976834142.html,included,
1065971799271,womens-dresses,现货2026欧美女装 独立站 亚马逊 复古v领吊带拼接蕾丝连衣裙,V-Neck Women’s Dress,56,8.21,https://detail.1688.com/offer/1065971799271.html,included,
1065940681010,womens-dresses,2026欧美夏季新款女装性感大露背礼服时尚亮面辣妹荡领包臀连衣裙,Women’s Dress,44.9,6.58,https://detail.1688.com/offer/1065940681010.html,included,
1065872628793,womens-dresses,韩国东大门新品 带胸垫 纯欲荷叶边性感显身材修身收腰吊带连衣裙,Women’s Dress,34,4.99,https://detail.1688.com/offer/1065872628793.html,included,
1065819581901,womens-dresses,欧美跨境2026夏季新款无袖条纹吊带连衣裙优雅旅游度假女装长裙,Sleeveless Striped Women’s Dress,36,5.28,https://detail.1688.com/offer/1065819581901.html,included,
1065799304833,womens-dresses,2026秋季亚马逊独立站欧美跨境气质复古宽松不规则下摆流苏连衣裙,Relaxed-Fit Women’s Dress,56,8.21,https://detail.1688.com/offer/1065799304833.html,included,
1065755319222,womens-dresses,欧美风牛仔连衣裙女装深蓝系带长袖翻领收腰短款衬衫裙 Y2K辣妹风,Long-Sleeve Women’s Dress,79,11.58,https://detail.1688.com/offer/1065755319222.html,included,
1065744716855,womens-dresses,2026亚马逊欧美女装V领裹身连衣裙 长袖泡泡袖收腰系带宴会短裙,Long-Sleeve V-Neck Women’s Dress,31,4.55,https://detail.1688.com/offer/1065744716855.html,included,
1065717097720,womens-dresses,法兰西热吻法式红色丝绒细闪连衣裙荷叶边圣诞礼服裙酒红色薄纱,Women’s Dress,117,17.16,https://detail.1688.com/offer/1065717097720.html,included,
1065684498788,womens-dresses,欧美风外贸纯色街头女装时尚绑带包臀裙一字领无袖挂脖抹胸连衣裙,Sleeveless Women’s Dress,36.9,5.41,https://detail.1688.com/offer/1065684498788.html,included,
1065674922082,womens-dresses,跨境欧美2026新款礼服 气质性感收腰抹胸鱼骨褶皱缎面包臀连衣裙,Women’s Dress,77,11.29,https://detail.1688.com/offer/1065674922082.html,included,
1065645887598,womens-dresses,好质量 2026夏季色织棉麻格子亚麻长款连衣裙纸片人优雅复古长裙,Checked Women’s Dress,39,5.72,https://detail.1688.com/offer/1065645887598.html,included,
1065624930608,womens-dresses,白色大裙摆长裙子女夏季高腰a字法式高质感赫本风无袖背心连衣裙,Sleeveless Women’s Dress,50,7.33,https://detail.1688.com/offer/1065624930608.html,included,
1065491449003,womens-dresses,AMV竹节棉跨境速卖通女装夏季莫代尔沙滩连衣裙纯色背心宽松长裙,Relaxed-Fit Women’s Dress,70,10.26,https://detail.1688.com/offer/1065491449003.html,included,
1065465422455,womens-dresses,2026春夏跨境欧美亚马逊棉麻希腊风古典单肩腰带不规则下摆连衣裙,Women’s Dress,52,7.62,https://detail.1688.com/offer/1065465422455.html,included,
1065418981545,womens-dresses,韩系桃心领收腰包臀连衣裙女夏季小众气质带胸垫显瘦打底短裙子,Women’s Dress,53,7.77,https://detail.1688.com/offer/1065418981545.html,included,
1065396253746,womens-dresses,2026跨境独立站圆领麻花针织雪纺拼接甜美气质迷你连衣裙灰色黑色,Round-Neck Women’s Dress,47,6.89,https://detail.1688.com/offer/1065396253746.html,included,
1065377096325,womens-dresses,欧美时尚重工吊带连衣裙2026新款性感镂空无袖层叠荷叶边纯色短裙,Sleeveless Women’s Dress,163,23.9,https://detail.1688.com/offer/1065377096325.html,included,
1065366279582,womens-dresses,亚马逊2026跨境欧美夏季新款女装女士V领无袖休闲宽松棉麻连衣裙,Sleeveless V-Neck Relaxed-Fit Women’s Dress,38,5.57,https://detail.1688.com/offer/1065366279582.html,included,
1065353068338,womens-dresses,2026新品跨境亚马逊热销款通勤度假连衣裙无袖翻领收腰衬衫式长裙,Sleeveless Women’s Dress,45,6.6,https://detail.1688.com/offer/1065353068338.html,included,
1065347682728,womens-dresses,外贸跨境2026新款欧美碎花裹身系带收腰V领连衣裙长款短袖裙26,Short-Sleeve V-Neck Printed Women’s Dress,33.5,4.91,https://detail.1688.com/offer/1065347682728.html,included,
1065345762895,womens-dresses,新款现货夏秋2026跨境长款碎花裹身系带收腰V领外贸欧美连衣裙26,V-Neck Printed Women’s Dress,33.5,4.91,https://detail.1688.com/offer/1065345762895.html,included,
1065336530613,womens-dresses,2026 夏季法式立领无袖收腰褶皱中长款亚麻气质通勤 A 字女连衣裙,Sleeveless Women’s Dress,45,6.6,https://detail.1688.com/offer/1065336530613.html,included,
1065302346918,womens-dresses,2026 夏季法式立领无袖收腰褶皱中长款亚麻气质通勤 A 字女连衣裙,Sleeveless Women’s Dress,43,6.3,https://detail.1688.com/offer/1065302346918.html,included,
1065260651619,womens-dresses,小个子暗黑学院风连衣裙夏季设计感别致掐腰显瘦短裙领衬衫裙,Women’s Dress,43,6.3,https://detail.1688.com/offer/1065260651619.html,included,
1065225390969,womens-dresses,韩里韩气设计感无袖米白连衣裙女夏季新款小个子高品质绝美仙女裙,Sleeveless Women’s Dress,27.99,4.1,https://detail.1688.com/offer/1065225390969.html,included,
1065102333551,womens-dresses,2026欧美跨境女装纯色时尚气质无袖V领收腰修身包臀短款连衣裙,Sleeveless V-Neck Women’s Dress,11,1.61,https://detail.1688.com/offer/1065102333551.html,included,
1065082977572,womens-dresses,2026春新款条纹衬衫裙宽松休闲长裙气质通勤印花拼接连衣裙女,Striped Printed Relaxed-Fit Women’s Dress,38,5.57,https://detail.1688.com/offer/1065082977572.html,included,
1065070114273,womens-dresses,欧美跨境女装纯色V领长裙 波西米亚不规则荷叶边雪纺长袖连衣裙,Long-Sleeve V-Neck Women’s Dress,69,10.12,https://detail.1688.com/offer/1065070114273.html,included,
1065005630504,womens-dresses,2026秋冬季新款欧美女装亚马逊跨境女士气质宽松长袖灯笼袖连衣裙,Long-Sleeve Relaxed-Fit Women’s Dress,26.98,3.96,https://detail.1688.com/offer/1065005630504.html,included,
1064949013704,womens-dresses,纯欲风波点露背抹胸连衣裙女装夏季收腰包臀裙子气质绝美显瘦短裙,Women’s Dress,22.9,3.36,https://detail.1688.com/offer/1064949013704.html,included,
1064934969238,womens-dresses,御姐性感一字肩露背白色连衣裙女夏季纯欲收腰修身褶皱包臀短裙子,Women’s Dress,22.9,3.36,https://detail.1688.com/offer/1064934969238.html,included,
1064917610342,womens-dresses,2026欧美风跨境夏季新款不规则时尚单肩斜领纯色修身显瘦连衣裙女,Women’s Dress,19.9,2.92,https://detail.1688.com/offer/1064917610342.html,included,
1064865443483,womens-dresses,速卖通秋季新款复古法式优雅翻领短裙欧美热卖波点中长袖连衣裙女,Long-Sleeve Women’s Dress,39,5.72,https://detail.1688.com/offer/1064865443483.html,included,
1064804846361,womens-dresses,废土风沙漠度假风长袖网纱连衣裙女早秋设计感飘带绝美辣妹长裙子,Long-Sleeve Women’s Dress,25,3.67,https://detail.1688.com/offer/1064804846361.html,included,
1064759707815,womens-dresses,2026新款针织连衣裙女秋冬轻熟风紧身包臀配大衣的内搭打底裙过膝,Women’s Dress,50,7.33,https://detail.1688.com/offer/1064759707815.html,included,
1064752238225,womens-dresses,2026欧美女装 休闲丝绒性感新款长袖 显瘦褶皱长款开叉包臀连衣裙,Long-Sleeve Women’s Dress,47,6.89,https://detail.1688.com/offer/1064752238225.html,included,
1064666499913,womens-dresses,26深圳南油小众女装百搭气质领部蝴蝶结设计圆领无袖连衣裙女显瘦,Sleeveless Round-Neck Women’s Dress,179,26.25,https://detail.1688.com/offer/1064666499913.html,included,
1064625813848,womens-dresses,法式黑色V领飘带雪纺长袖连衣裙女装夏季气质收腰a字短裙巨好看裙,Long-Sleeve V-Neck Women’s Dress,26,3.81,https://detail.1688.com/offer/1064625813848.html,included,
1064515706341,womens-dresses,性感网纱挂脖吊带连衣裙女纯欲辣妹包臀裙有里布度假风连衣裙,Women’s Dress,17,2.49,https://detail.1688.com/offer/1064515706341.html,included,
1064501763258,womens-dresses,复古亮面水晶丝绒连衣裙半拉链立领喇叭荷叶长袖宽松娃娃短裙跨境,Long-Sleeve Relaxed-Fit Women’s Dress,44.16,6.48,https://detail.1688.com/offer/1064501763258.html,included,
1064495095562,womens-dresses,2026跨境欧美法式女士拉链翻领松紧腰长款连衣裙度假风穿搭女装,Women’s Dress,59,8.65,https://detail.1688.com/offer/1064495095562.html,included,
1064442398944,womens-dresses,2026欧美女装 独立站 亚马逊 花朵印花 吊带V领木耳边连衣裙,V-Neck Printed Women’s Dress,50,7.33,https://detail.1688.com/offer/1064442398944.html,included,
1064435839194,womens-dresses,法式甜美小飞袖碎花连衣裙女夏季小个子蝴蝶结收腰在逃公主蓬蓬裙,Printed Women’s Dress,27.99,4.1,https://detail.1688.com/offer/1064435839194.html,included,
1064420619475,womens-dresses,不规则法式复古荷叶边女装夏季系带方领跨境开叉度假风连衣裙长款,Women’s Dress,129,18.91,https://detail.1688.com/offer/1064420619475.html,included,
1064414604437,womens-dresses,欧美风2026春季新款女装辣妹性感豹纹修身露背蕾丝拼接吊带连衣裙,Women’s Dress,53.9,7.9,https://detail.1688.com/offer/1064414604437.html,included,
1064366480031,womens-dresses,法式方领提花印花连衣裙女春夏新款收腰显瘦a字中长裙,Printed Women’s Dress,764.09,112.04,https://detail.1688.com/offer/1064366480031.html,included,
1064360820539,womens-dresses,泡泡袖收腰连衣裙夏季女2026新款小个子高级感格纹裙子,Checked Women’s Dress,670.9,98.37,https://detail.1688.com/offer/1064360820539.html,included,
1064355908981,womens-dresses,ZA外贸欧美风2026年夏季新 性感风蕾丝饰迷笛吊带连衣裙5919241,Women’s Dress,63,9.24,https://detail.1688.com/offer/1064355908981.html,included,
1064300509039,womens-dresses,2026春夏tiktok跨境欧美慵懒风V领排扣棉麻长裙无袖背心连衣长裙,Sleeveless V-Neck Women’s Skirt,25,3.67,https://detail.1688.com/offer/1064300509039.html,included,
1064286907879,womens-dresses,2026新款波西米亚风V领印花长裙宽松防晒罩衫海边度假沙滩连衣裙,V-Neck Printed Relaxed-Fit Women’s Dress,78.02,11.44,https://detail.1688.com/offer/1064286907879.html,included,
1064274413354,womens-dresses,总店性感连衣裙低胸小个子遮肚减龄显瘦摆裙足浴足疗技师工作服,Women’s Dress,52,7.62,https://detail.1688.com/offer/1064274413354.html,included,
1064189340911,womens-dresses,法式复古假两件连衣裙女夏季新款气质感波点泡泡袖蓬蓬裙2026新款,Women’s Dress,24,3.52,https://detail.1688.com/offer/1064189340911.html,included,
1064157846623,womens-dresses,【佰分之衣】TEMU2026新款法式复古风波点蕾丝V领收腰短款连衣裙,V-Neck Women’s Dress,45,6.6,https://detail.1688.com/offer/1064157846623.html,included,
1064143542126,womens-dresses,2026新款跨境女装春秋时尚长袖复古长裙纯色荷叶边下摆连衣裙,Long-Sleeve Women’s Dress,26,3.81,https://detail.1688.com/offer/1064143542126.html,included,
1064113851163,womens-dresses,欧美跨境2026秋冬新款热卖复古甜美风蝴蝶结长袖波点修身连衣裙,Long-Sleeve Women’s Dress,49,7.18,https://detail.1688.com/offer/1064113851163.html,included,
1064101446718,womens-dresses,米色斜肩a字包臀连衣裙初夏日独特漂亮绝美小个子短裙子夏季穿搭,Women’s Dress,45.9,6.73,https://detail.1688.com/offer/1064101446718.html,included,
1064073771826,womens-dresses,跨境欧美女装夏 新款无袖V领连衣裙荷叶边不规则裙摆雪纺度假长裙,Sleeveless V-Neck Women’s Dress,68,9.97,https://detail.1688.com/offer/1064073771826.html,included,
1064053497018,womens-dresses,2026欧美女装 独立站 亚马逊 雪纺 花朵印花 吊带V领木耳边连衣裙,V-Neck Printed Women’s Dress,55,8.06,https://detail.1688.com/offer/1064053497018.html,included,
1063996731282,womens-dresses,波西米亚挂脖无袖豹纹撞色拼接长裙 复古度假风垂坠宽松连衣裙女,Sleeveless Relaxed-Fit Women’s Dress,36,5.28,https://detail.1688.com/offer/1063996731282.html,included,
1063942751796,womens-dresses,2026新款亚马逊独立站欧美跨境时尚棉麻 V 领半正式连衣裙,Women’s Dress,19,2.79,https://detail.1688.com/offer/1063942751796.html,included,
1063898936815,womens-dresses,80382 鎏金花境100%桑蚕丝连衣裙 V领收腰七分袖印花中年女装批发,V-Neck Printed Women’s Dress,405,59.38,https://detail.1688.com/offer/1063898936815.html,included,
1063883738902,womens-dresses,辣妹别致褶皱吊带连衣裙女夏季气质性感纯欲风包臀裙收腰显瘦短裙,Women’s Dress,21,3.08,https://detail.1688.com/offer/1063883738902.html,included,
1063852050841,womens-dresses,2026跨境欧美新款亚麻圆领泡泡袖简约波西米亚风宽松长款连衣裙,Round-Neck Relaxed-Fit Women’s Dress,48,7.04,https://detail.1688.com/offer/1063852050841.html,included,
1063816520556,womens-dresses,2026夏季独立站欧美新款海边度假白色女士休闲纯色棉连衣裙混批,Women’s Dress,20,2.93,https://detail.1688.com/offer/1063816520556.html,included,
1063790541530,womens-dresses,2026新款欧美 网红爆款亚马逊跨境 V 领无袖宽松荷叶边连衣裙,Sleeveless Relaxed-Fit Women’s Dress,32.99,4.84,https://detail.1688.com/offer/1063790541530.html,included,
1063711445671,womens-dresses,跨境亚马逊欧美万圣节爆款哥特风辣妹气质修身蝙蝠袖鱼尾裙连衣裙,Women’s Dress,35,5.13,https://detail.1688.com/offer/1063711445671.html,included,
1063676538694,womens-dresses,欧美女装2026新款夏季 法式气质修身纯色斜肩收腰包臀飘带连衣裙,Women’s Dress,27,3.96,https://detail.1688.com/offer/1063676538694.html,included,
1063645465275,womens-dresses,2026连衣裙女夏长裙 欧美外贸女装 时尚休闲波点a字吊带裙长裙,Women’s Dress,40,5.87,https://detail.1688.com/offer/1063645465275.html,included,
1063627066574,womens-dresses,绝美海滩裙海边度假法式无袖挂脖收腰蓝色印花v领连衣裙露背长裙,Sleeveless V-Neck Printed Women’s Dress,20,2.93,https://detail.1688.com/offer/1063627066574.html,included,
1063603556489,womens-dresses,2025跨境欧美亚马逊新款女装丝绒亮片拼接长袖时尚性感气质连衣裙,Long-Sleeve Women’s Dress,35,5.13,https://detail.1688.com/offer/1063603556489.html,included,
1063597863301,womens-dresses,SDM249气质挂脖新品辣妹抹胸开叉蕾丝拼接连衣裙2026年外贸货批发,Women’s Dress,117,17.16,https://detail.1688.com/offer/1063597863301.html,included,
1063595784188,womens-dresses,跨境欧美速卖通ins热门女装时尚圆领复古印花流苏连衣裙,Round-Neck Printed Women’s Dress,63,9.24,https://detail.1688.com/offer/1063595784188.html,included,
1063595394515,womens-dresses,速卖通亚马逊跨境新款女士长袖V领木耳边印花不规则下摆连衣裙,Long-Sleeve V-Neck Printed Women’s Dress,38,5.57,https://detail.1688.com/offer/1063595394515.html,included,
1063572600155,womens-dresses,法式白色蕾丝绑带露背吊带连衣裙女夏季度假风气质收腰绝美长裙子,Women’s Dress,48,7.04,https://detail.1688.com/offer/1063572600155.html,included,
1063572590984,womens-dresses,欧美INS风女装晚礼服长裙2026夏季时尚性感露背高开叉吊带连衣裙,Women’s Dress,29.6,4.34,https://detail.1688.com/offer/1063572590984.html,included,
1063561216231,womens-dresses,2026高级设计感红色印花雪纺荷叶边大摆连衣裙长款露背超仙度假裙,Printed Women’s Dress,85,12.46,https://detail.1688.com/offer/1063561216231.html,included,
1088620290034,mens-jeans,新塘秋冬新款深色水洗牛仔裤男修身小直筒男士秋季牛仔长裤子男款,Men’s Jeans,95,13.93,https://detail.1688.com/offer/1088620290034.html,included,
1049450650589,mens-jeans,美拉德杏色奶卡色复古潮流牛仔裤长裤春季时尚休闲百搭直筒裤男士,Men’s Jeans,47,6.89,https://detail.1688.com/offer/1049450650589.html,included,
1089685429493,mens-jeans,新塘秋冬新款深色水洗牛仔裤男修身小直筒男士秋季牛仔长裤子男款,Men’s Jeans,95,13.93,https://detail.1688.com/offer/1089685429493.html,included,
684304487983,mens-jeans,nirben牛仔|  基础走量款 十色可选宽松半松紧腰宽松直筒牛仔长裤,Relaxed-Fit Men’s Trousers,50,7.33,https://detail.1688.com/offer/684304487983.html,included,
1019247729242,mens-jeans,复古蓝美式弯刀牛仔裤男秋季高街vibe水洗阔腿裤子休闲微喇直筒裤,Men’s Jeans,38.9,5.7,https://detail.1688.com/offer/1019247729242.html,included,
867967843910,mens-jeans,牛仔裤定做跨境外贸裤装长裤来图来样定制OEMODM服装工厂免费打样,Men’s Jeans,68,9.97,https://detail.1688.com/offer/867967843910.html,included,
1019243685282,mens-jeans,美式高街vibe高腰提档裤子男春季复古蓝弯刀牛仔裤水洗直筒微喇裤,Men’s Jeans,38,5.57,https://detail.1688.com/offer/1019243685282.html,included,
1080246718718,mens-jeans,白色纯棉三防牛仔裤男2026新款高端直筒春秋裤子男士休闲秋季长裤,Men’s Jeans,128,18.77,https://detail.1688.com/offer/1080246718718.html,included,
606743302663,mens-jeans,nirben牛仔|  宽松韩版百搭显瘦水洗ins直筒阔腿长裤子潮流男潮,Relaxed-Fit Men’s Trousers,48,7.04,https://detail.1688.com/offer/606743302663.html,included,
1071134999692,mens-jeans,高端羊毛牛仔裤男士宽松直筒阔腿休闲裤中年爸爸商务裤子春秋季款,Relaxed-Fit Men’s Jeans,158,23.17,https://detail.1688.com/offer/1071134999692.html,included,
976869775376,mens-jeans,高端牛仔裤男直筒宽松中年爸爸裤子春秋款男士高腰中老年阔腿男裤,Relaxed-Fit Men’s Jeans,114.9,16.85,https://detail.1688.com/offer/976869775376.html,included,
1074962305718,mens-jeans,高端蓝色牛仔裤男士直筒宽松秋款男裤2026秋冬新款新塘休闲长裤子,Relaxed-Fit Men’s Jeans,108,15.84,https://detail.1688.com/offer/1074962305718.html,included,
1056990615178,mens-jeans,G60009高街美式中性潮流水洗原牛色金属扣设计男式宽松复古牛仔裤,Relaxed-Fit Men’s Jeans,84,12.32,https://detail.1688.com/offer/1056990615178.html,included,
1028341930563,mens-jeans,2026牛仔裤男士春秋季纯色直筒宽松阔腿复古休闲潮款长裤跨境,Relaxed-Fit Men’s Jeans,13,1.91,https://detail.1688.com/offer/1028341930563.html,included,
979216174672,mens-jeans,尚谷男装|重磅男士直筒修身牛仔裤2026春季款青年商务休闲棉弹款,Men’s Jeans,61,8.94,https://detail.1688.com/offer/979216174672.html,included,
1072066327743,mens-jeans,尚谷男装 春秋季男士商务牛仔裤透气韩版直筒修身锥型小脚长裤子,Men’s Jeans,66,9.68,https://detail.1688.com/offer/1072066327743.html,included,
1085295049709,mens-jeans,秋冬高端牛仔裤男士宽松直筒2026秋季新款男裤新塘中年休闲长裤子,Relaxed-Fit Men’s Jeans,79,11.58,https://detail.1688.com/offer/1085295049709.html,included,
998514662457,mens-jeans,11KN美式复古原牛蓝牛仔裤男女明线个性腰扣设计显瘦潮宽松休闲裤,Relaxed-Fit Men’s Jeans,102,14.96,https://detail.1688.com/offer/998514662457.html,included,
790661449133,mens-jeans,夏季新款美式复古牛仔裤男款宽松直筒松紧腰潮牌阔腿裤休闲长裤子,Relaxed-Fit Men’s Jeans,17.9,2.62,https://detail.1688.com/offer/790661449133.html,included,
1043610611591,mens-jeans,直筒牛仔裤男外贸宽松裤子松紧腰休闲美式高街阔腿长裤牛仔裤男款,Relaxed-Fit Men’s Jeans,13,1.91,https://detail.1688.com/offer/1043610611591.html,included,
1039092678255,mens-jeans,广州新塘牛仔裤定制 牛仔裤男定制 男裤牛仔裤定制 男牛仔裤定制,Men’s Jeans,30,4.4,https://detail.1688.com/offer/1039092678255.html,included,
1071216204119,mens-jeans,牛仔裤男秋冬季新款2026潮牌美式复古宽松直筒男士休闲阔腿长裤子,Relaxed-Fit Men’s Jeans,25.8,3.78,https://detail.1688.com/offer/1071216204119.html,included,
1087751869978,mens-jeans,牛仔裤男秋冬2026新款潮牌宽松直筒修身休闲男士裤子春秋男生加绒,Relaxed-Fit Men’s Jeans,32,4.69,https://detail.1688.com/offer/1087751869978.html,included,
1074416911659,mens-jeans,纯色牛仔裤男款春秋季直筒宽松大码阔腿裤美式潮牌休闲长裤子男生,Relaxed-Fit Men’s Jeans,14,2.05,https://detail.1688.com/offer/1074416911659.html,included,
1074657644312,mens-jeans,水洗刮烂牛仔男贴布高端刺绣印花宽松锥形直筒牛仔裤直筒牛仔裤男,Printed Relaxed-Fit Men’s Jeans,34,4.99,https://detail.1688.com/offer/1074657644312.html,included,
1090240012516,mens-jeans,APO男装|跨境美式复古原色牛仔裤潮牌痞帅宽松直筒男士休闲裤长裤,Relaxed-Fit Men’s Jeans,85,12.46,https://detail.1688.com/offer/1090240012516.html,included,
1081274370651,mens-jeans,跨境y2k美式复古条纹迷彩牛仔裤原宿街头嘻哈哥特休闲宽松长裤子,Striped Relaxed-Fit Men’s Jeans,55,8.06,https://detail.1688.com/offer/1081274370651.html,included,
1056912087781,mens-jeans,南非毛巾底男士牛仔长裤定制 重磅牛仔小直脚长裤男定制 外贸工厂,Men’s Trousers,55,8.06,https://detail.1688.com/offer/1056912087781.html,included,
771958166886,mens-jeans,跨境电商欧美风街头牛仔裤男Y2K印花嘻哈直筒复古宽松阔腿牛仔裤,Printed Relaxed-Fit Men’s Jeans,50,7.33,https://detail.1688.com/offer/771958166886.html,included,
1002392674925,mens-jeans,美潮Purple Brand复古泼墨破洞牛仔裤高街水洗休闲潮流微喇长裤男,Men’s Jeans,110,16.13,https://detail.1688.com/offer/1002392674925.html,included,
1083340049881,mens-jeans,弹力牛仔裤男士春秋款宽松直筒百搭男裤耐磨干活休闲工地裤子夏季,Relaxed-Fit Men’s Jeans,14.5,2.13,https://detail.1688.com/offer/1083340049881.html,included,
1088331930110,mens-jeans,MYQ水洗做旧阔腿牛仔裤男士秋春季韩系复古风cleanfit直筒裤子,Men’s Jeans,103,15.1,https://detail.1688.com/offer/1088331930110.html,included,
623850460927,mens-jeans,MTLCLOTHES男装|新品 韩版黑色明细百搭宽松垂感直筒牛仔裤男,Relaxed-Fit Men’s Jeans,42,6.16,https://detail.1688.com/offer/623850460927.html,included,
992603131603,mens-jeans,MTLCLOTHES男装|复古多纽扣中腰原牛基础阔腿直筒水洗牛仔裤百搭,,45,,https://detail.1688.com/offer/992603131603.html,held,product-identification-or-relevance-review
1043872404403,mens-jeans,捷展男装|美式复古廓形水洗弯刀裤2026新品美式潮牌休闲牛仔裤子,Men’s Jeans,91,13.34,https://detail.1688.com/offer/1043872404403.html,included,
1076667820330,mens-jeans,亚马逊2026新款男士夏季美式百搭痞帅工装牛仔裤直筒休闲裤批发,Men’s Jeans,26,3.81,https://detail.1688.com/offer/1076667820330.html,included,
1039009304355,mens-jeans,2026春夏季新款竹节纹做旧水洗阔腿牛仔裤男高街潮牌弯刀拖地裤,Men’s Jeans,55,8.06,https://detail.1688.com/offer/1039009304355.html,included,
799565887714,mens-jeans,2026秋冬加绒高端商务牛仔裤男款弹力修身直筒百搭休闲裤子加绒厚,Men’s Jeans,93,13.64,https://detail.1688.com/offer/799565887714.html,included,
1074699224060,mens-jeans,#BDTP男装#美式解构拼接弯刀牛仔裤男,Men’s Jeans,40,5.87,https://detail.1688.com/offer/1074699224060.html,included,
853948000194,mens-jeans,美式复古水洗做旧弯刀牛仔裤男生潮牌宽松阔腿设计感长裤子镰刀裤,Relaxed-Fit Men’s Jeans,87,12.76,https://detail.1688.com/offer/853948000194.html,included,
781303315388,mens-jeans,Y2K大男孩牛仔裤裤子嘻哈卡通图案刺绣宽松牛仔裤男士潮厂家批发,Relaxed-Fit Men’s Jeans,40,5.87,https://detail.1688.com/offer/781303315388.html,included,
1066004903348,mens-jeans,夏季薄款凉感牛仔裤男士美式直筒松紧腰阔腿裤纯色牛仔裤男抽绳裤,Men’s Jeans,13.3,1.95,https://detail.1688.com/offer/1066004903348.html,included,
1087380579971,mens-jeans,MYQ老钱风直筒牛仔裤男士秋春季宽松阔腿裤韩系cleanifit穿搭,Relaxed-Fit Men’s Jeans,93,13.64,https://detail.1688.com/offer/1087380579971.html,included,
1075031992111,mens-jeans,APO男装|跨境纯棉美式vibe男式牛仔裤高街痞帅宽松休闲直筒长裤男,Relaxed-Fit Men’s Jeans,85,12.46,https://detail.1688.com/offer/1075031992111.html,included,
825752696593,mens-jeans,男士冬季弹力加绒牛仔裤男加厚直筒中年保暖带绒男裤子立体剪裁,Men’s Jeans,79,11.58,https://detail.1688.com/offer/825752696593.html,included,
1072760459544,mens-jeans,原牛美式A字版型宽松直筒裤顶男牛仔裤,Relaxed-Fit Men’s Jeans,60,8.8,https://detail.1688.com/offer/1072760459544.html,included,
1056711629429,mens-jeans,BK|斜纹编织弯刀工装牛仔裤290G美式复古纯色休闲男装拼接牛仔裤,Men’s Jeans,88,,https://detail.1688.com/offer/1056711629429.html,held,already-in-existing-catalogue
907616745209,mens-jeans,捷展男装|廓形洗水牛仔弯刀裤26春夏新品美式街头baggy镰刀阔腿裤,,83,,https://detail.1688.com/offer/907616745209.html,held,product-identification-or-relevance-review
1080718309036,mens-jeans,欧美千禧年哥特朋克复古朋克绣花牛仔裤男士水洗棕色宽松直筒长裤,Relaxed-Fit Men’s Jeans,59.9,8.78,https://detail.1688.com/offer/1080718309036.html,included,
795325857592,mens-jeans,美式高街vibe中高腰提档裤子男高个子复古蓝牛仔裤窄版直筒微喇裤,Men’s Jeans,29,4.25,https://detail.1688.com/offer/795325857592.html,included,
1074603873696,mens-jeans,源头工厂弯刀牛仔裤男秋冬新款遮肉显瘦百搭休闲裤时尚宽松直筒裤,Relaxed-Fit Men’s Jeans,38,5.57,https://detail.1688.com/offer/1074603873696.html,included,
793425913698,mens-jeans,美式高街vibe渐变水洗潮流牛仔裤男春秋新款宽松直筒阔腿长裤子,Relaxed-Fit Men’s Jeans,28,4.11,https://detail.1688.com/offer/793425913698.html,included,
959714638361,mens-jeans,时尚牛仔裤男士跨境速卖通亚马逊外贸新款弹力贴布叠层直筒长裤子,Men’s Jeans,58,8.5,https://detail.1688.com/offer/959714638361.html,included,
1064244207744,mens-jeans,美式复古做旧牛仔裤男士夏季新款宽松直筒休闲裤水洗弯刀阔腿裤子,Relaxed-Fit Men’s Jeans,38,5.57,https://detail.1688.com/offer/1064244207744.html,included,
1072098369508,mens-jeans,ETAI男装|跨境休闲垂顺感宽松弯刀牛仔裤百搭透气300g休闲长裤男,Relaxed-Fit Men’s Jeans,85,12.46,https://detail.1688.com/offer/1072098369508.html,included,
1088462601965,mens-jeans,牛仔喇叭裤男春夏新款男士大喇叭宽裤脚口阔腿大脚腿粗宽松长包邮,,37.91,,https://detail.1688.com/offer/1088462601965.html,held,product-identification-or-relevance-review
1086499663530,mens-jeans,牛仔喇叭裤男春夏新款男士大喇叭宽裤脚口阔腿大脚腿粗宽松长阙峻,,34.01,,https://detail.1688.com/offer/1086499663530.html,held,product-identification-or-relevance-review
1080508432942,mens-jeans,墨麦客街头休闲做旧洗水牛仔裤男2026秋季新款复古休闲裤男97415.,Men’s Jeans,107,15.69,https://detail.1688.com/offer/1080508432942.html,included,
899443795589,mens-jeans,墨麦客男装天丝莱赛尔牛仔裤2026秋季新款微锥水洗男士裤子97287.,Men’s Jeans,115,16.86,https://detail.1688.com/offer/899443795589.html,included,
1074714844550,mens-jeans,APO男装|跨境莱赛尔痞帅cleanfit弯刀裤男街头潮牌宽松直筒牛仔裤,Relaxed-Fit Men’s Jeans,88,12.9,https://detail.1688.com/offer/1074714844550.html,included,
1071316602868,mens-jeans,美式高街重磅多口袋牛仔裤春秋季男女同款金属装饰阔脚直筒长裤子,Men’s Jeans,55,8.06,https://detail.1688.com/offer/1071316602868.html,included,
1070394956915,mens-jeans,外单意式高端黑牛原5369酵洗弹力欧美男士秋冬简约小直筒牛仔裤,Men’s Jeans,140,20.53,https://detail.1688.com/offer/1070394956915.html,included,
1080684186590,mens-jeans,加绒男士休闲牛仔裤做旧裤潮流百搭秋冬显高舒适直筒宽松阔腿长裤,Relaxed-Fit Men’s Jeans,29,4.25,https://detail.1688.com/offer/1080684186590.html,included,
792754083755,mens-jeans,牛仔裤新款男士休闲大码宽松秋冬潮流日系潮流直筒运动阔腿长裤子,Relaxed-Fit Men’s Jeans,36,5.28,https://detail.1688.com/offer/792754083755.html,included,
1087681038187,mens-jeans,美式复古小众彩色格子牛仔裤男夏季直筒宽松阔腿裤2026年新款高街,Checked Relaxed-Fit Men’s Jeans,30,4.4,https://detail.1688.com/offer/1087681038187.html,included,
1069906295617,mens-jeans,黑色弯刀阔腿牛仔裤男美式复古水洗牛仔裤潮牌宽松直筒拖地长裤子,Relaxed-Fit Men’s Jeans,54.33,7.97,https://detail.1688.com/offer/1069906295617.html,included,
1088626490083,mens-jeans,美式复古弯刀牛仔裤男秋冬季高街vibe直筒工装裤子痞帅宽松阔腿裤,Relaxed-Fit Men’s Jeans,36,5.28,https://detail.1688.com/offer/1088626490083.html,included,
983575428703,mens-jeans,美式复古牛仔裤定做跨境外贸休闲裤定制来图来样OEMODM打版打样,Men’s Jeans,75,11.0,https://detail.1688.com/offer/983575428703.html,included,
1003967947599,mens-jeans,嘉衣库男装2026新款美式高街弯刀裤十字架贴布刺绣牛仔裤阔腿长裤,Men’s Jeans,96,14.08,https://detail.1688.com/offer/1003967947599.html,included,
1078618473529,mens-jeans,魔法熊美式轻亚街头亚文痞帅个性涂鸦牛仔裤直筒裤子宽松阔腿长裤,Relaxed-Fit Men’s Jeans,115,16.86,https://detail.1688.com/offer/1078618473529.html,included,
1084773714052,mens-jeans,Pu跨境拼接直筒微弹力牛仔裤复古做旧泼墨破洞跨境牛仔长裤,Men’s Jeans,118.75,17.41,https://detail.1688.com/offer/1084773714052.html,included,
1087427841926,mens-jeans,Gallery Dept新款基础款水洗微喇拼接牛仔裤潮牌男女休闲百搭长裤,Men’s Jeans,109,15.98,https://detail.1688.com/offer/1087427841926.html,included,
842928682210,mens-jeans,2024年新品牛仔百搭长裤秋季牛仔裤男裤子男款美式高街直筒阔腿裤,Men’s Jeans,62,9.09,https://detail.1688.com/offer/842928682210.html,included,
1068184874581,mens-jeans,春夏新款水洗弯刀牛仔裤夏季男款美式高街设计炸裤子ins微喇叭,Men’s Jeans,50,7.33,https://detail.1688.com/offer/1068184874581.html,included,
760442789279,mens-jeans,nirben牛仔|国潮水洗牛仔裤男士痞帅韩版宽松水洗直筒阔腿拖地裤,Relaxed-Fit Men’s Jeans,55,8.06,https://detail.1688.com/offer/760442789279.html,included,
1071989416851,mens-jeans,高端牛仔裤男春秋款宽松直筒中年男裤子2026新款秋季男士休闲长裤,Relaxed-Fit Men’s Jeans,128,18.77,https://detail.1688.com/offer/1071989416851.html,included,
1077205964107,mens-jeans,美式铆钉水洗伞兵牛仔裤男夏季潮牌设计感直筒裤复古宽松休闲长裤,Relaxed-Fit Men’s Jeans,45.5,6.67,https://detail.1688.com/offer/1077205964107.html,included,
1080278803826,mens-jeans,高端烟灰色牛仔裤男士弹力宽松直筒裤子2026秋季新款商务休闲长裤,Relaxed-Fit Men’s Jeans,105,15.4,https://detail.1688.com/offer/1080278803826.html,included,
983639505621,mens-jeans,尚谷男装|复古宽松直筒牛仔裤男士美式高街水洗磨白显瘦青年长裤,Relaxed-Fit Men’s Jeans,61,8.94,https://detail.1688.com/offer/983639505621.html,included,
1030076712465,mens-jeans,日系抽绳浅色牛仔裤男松紧腰宽松直筒拖地裤潮流阔腿休闲牛仔裤男,Relaxed-Fit Men’s Jeans,13,1.91,https://detail.1688.com/offer/1030076712465.html,included,
991900539572,mens-jeans,新款蓝色美式斜切弯刀牛仔裤男款工装直筒长裤子高街显瘦休闲裤男,Men’s Jeans,40.5,5.94,https://detail.1688.com/offer/991900539572.html,included,
1086693422734,mens-jeans,高端加绒牛仔裤男士秋冬季新款宽松百搭直筒男裤商务休闲长裤子男,Relaxed-Fit Men’s Jeans,33.5,4.91,https://detail.1688.com/offer/1086693422734.html,included,
980514179684,mens-jeans,尚谷男装|新款水洗牛仔裤秋冬加绒加厚直筒百搭潮流男士显高显瘦,Men’s Jeans,50,7.33,https://detail.1688.com/offer/980514179684.html,included,
1077248019392,mens-jeans,夏季薄款男士牛仔裤宽松直筒男裤耐磨弹力百搭干活工地休闲裤子,Relaxed-Fit Men’s Jeans,13,1.91,https://detail.1688.com/offer/1077248019392.html,included,
1074416113989,mens-jeans,美式大码牛仔裤男士秋季青春新款直筒宽松休闲潮牌长裤牛仔裤男款,Relaxed-Fit Men’s Jeans,33,4.84,https://detail.1688.com/offer/1074416113989.html,included,
1083042725381,mens-jeans,MYQ复古风阔腿牛仔裤男士秋季宽松直筒拖地裤韩系cleanfit穿搭,Relaxed-Fit Men’s Jeans,90,13.2,https://detail.1688.com/offer/1083042725381.html,included,
792627932298,mens-jeans,Y2K-Bigboy-Men街头服饰宽松牛仔裤休闲男士牛仔裤源头厂家批发,Relaxed-Fit Men’s Jeans,50,7.33,https://detail.1688.com/offer/792627932298.html,included,
914770798861,mens-jeans,befearless美式复古原色丹宁14.5盎司牛仔裤潮牌宽松阔腿休闲长裤,Relaxed-Fit Men’s Jeans,90,13.2,https://detail.1688.com/offer/914770798861.html,included,
729424747155,mens-jeans,MYQ复古水洗做旧牛仔裤男秋季新款韩版潮流宽松阔腿直筒裤休闲,Relaxed-Fit Men’s Jeans,78,11.44,https://detail.1688.com/offer/729424747155.html,included,
976150840723,mens-jeans,MTLCLOTHES男装|复古美式男士原牛黑色经典百搭通勤宽松牛仔裤潮,Relaxed-Fit Men’s Jeans,65,9.53,https://detail.1688.com/offer/976150840723.html,included,
1050363904802,mens-jeans,牛仔裤男款阔腿定制 松紧腰直筒牛仔裤男定制 欧美雪花牛仔裤定制,Men’s Jeans,46,6.74,https://detail.1688.com/offer/1050363904802.html,included,
1085264595703,mens-jeans,秋季新款水洗做旧浅蓝色牛仔裤男宽松直筒长裤斜口袋简约高街长裤,Relaxed-Fit Men’s Jeans,43,6.3,https://detail.1688.com/offer/1085264595703.html,included,
1088259948333,mens-jeans,Ins韩版潮流男式拼接九分牛仔裤春秋季青少年学生帅气束脚哈伦裤,Men’s Jeans,47,6.89,https://detail.1688.com/offer/1088259948333.html,included,
1064970576544,mens-jeans,MYQ痞帅直筒牛仔裤男士秋季新款宽松微喇裤子韩系通勤拖地长裤,Relaxed-Fit Men’s Jeans,88,12.9,https://detail.1688.com/offer/1064970576544.html,included,
855213242414,mens-jeans,美式复古水洗做旧廓形弯刀牛仔裤潮牌高级感男生宽松阔腿长裤批发,Relaxed-Fit Men’s Jeans,87,12.76,https://detail.1688.com/offer/855213242414.html,included,
1077155327827,mens-jeans,2026秋冬高端欧货男士休闲修身弹力直筒轻奢商务牛仔裤男款九分,Men’s Jeans,132,19.35,https://detail.1688.com/offer/1077155327827.html,included,
1075672726867,mens-jeans,#BDTP男装#刺绣牛仔裤男宽松嘻哈潮流阔腿裤子,Relaxed-Fit Men’s Jeans,63,9.24,https://detail.1688.com/offer/1075672726867.html,included,
1073611078536,mens-jeans,#BDTP男装#高街宽松直筒裤子男春秋牛仔裤,Relaxed-Fit Men’s Jeans,51,7.48,https://detail.1688.com/offer/1073611078536.html,included,
1063244618166,mens-jeans,男装牛仔裤定制 高端男款牛仔裤工厂 男士阔腿直筒水洗牛仔裤定制,Men’s Jeans,50,7.33,https://detail.1688.com/offer/1063244618166.html,included,
910151339277,mens-jeans,捷展男装|美式阔腿牛仔长裤26春夏新品街头宽松休闲洗水牛仔裤男,Relaxed-Fit Men’s Jeans,84,12.32,https://detail.1688.com/offer/910151339277.html,included,
1086379727741,mens-jeans,墨麦客街头休闲猫须磨白牛仔裤男2026秋新款阔腿男士牛仔裤97427.,Men’s Jeans,135,19.79,https://detail.1688.com/offer/1086379727741.html,included,
1074601893758,mens-jeans,秋冬新款弯刀裤男柔软简约休闲百搭直筒裤纯色宽松遮肉拼接牛仔裤,Relaxed-Fit Men’s Jeans,38,5.57,https://detail.1688.com/offer/1074601893758.html,included,
1085421115268,mens-jeans,蓝色复古水洗日系弯刀牛仔裤男生新款秋季休闲宽松百搭阔腿长裤子,Relaxed-Fit Men’s Jeans,49.9,7.32,https://detail.1688.com/offer/1085421115268.html,included,
1081473766543,mens-jeans,春秋复古蓝修身牛仔裤男美式高街vibe裤子高级感弹力显瘦直筒裤男,Men’s Jeans,33.8,4.96,https://detail.1688.com/offer/1081473766543.html,included,
965948211964,mens-jeans,捷展男装|直筒伐木牛仔裤26春夏新品美式街头做旧水洗泼墨休闲裤,Men’s Jeans,85,12.46,https://detail.1688.com/offer/965948211964.html,included,
837554725064,mens-jeans,nirben牛仔|新品美式复古牛仔裤男水洗宽松百搭休闲直筒阔腿长裤,Relaxed-Fit Men’s Jeans,50,7.33,https://detail.1688.com/offer/837554725064.html,included,
1078130600675,mens-jeans,高端宽松直筒牛仔裤男士2026秋季新款商务休闲春秋款中年男士裤子,Relaxed-Fit Men’s Jeans,108,15.84,https://detail.1688.com/offer/1078130600675.html,included,
1075053579678,mens-jeans,高端宽松直筒牛仔裤男士春秋款深蓝色休闲男裤秋季中年弹力长裤子,Relaxed-Fit Men’s Jeans,108,15.84,https://detail.1688.com/offer/1075053579678.html,included,
1062718166468,mens-jeans,尚谷男装 2026新款港风拼接直筒牛仔裤男士复古水洗中腰宽松长裤,Relaxed-Fit Men’s Jeans,62,9.09,https://detail.1688.com/offer/1062718166468.html,included,
818867570158,mens-jeans,尚谷男装 春季直筒牛仔裤男新塘牛仔之都宽松休闲男士直筒裤夏季,Relaxed-Fit Men’s Jeans,58,8.5,https://detail.1688.com/offer/818867570158.html,included,
1064969070745,mens-jeans,美式直筒微喇牛仔裤男竹节纹高级感cleanfit薄款水洗浅蓝色牛仔裤,Men’s Jeans,40,5.87,https://detail.1688.com/offer/1064969070745.html,included,
1069800418272,mens-jeans,美式高街渐变牛仔裤男款春秋高个子提档裤子vibe修身微喇裤,Men’s Jeans,19.99,2.93,https://detail.1688.com/offer/1069800418272.html,included,
1075905497266,mens-jeans,MYQ黑色弯刀阔腿裤男士秋季宽松直筒牛仔裤子韩系cleanfit穿搭,Relaxed-Fit Men’s Jeans,90,13.2,https://detail.1688.com/offer/1075905497266.html,included,
1048283287143,mens-jeans,MYQ复古做旧工装阔腿牛仔裤男士夏季韩系垂坠感直筒vintage裤子,Men’s Jeans,105,15.4,https://detail.1688.com/offer/1048283287143.html,included,
684249958488,mens-jeans,MTLCLOTHES男装|美式复古水洗做旧牛仔裤男宽松直筒cleanfit裤子,Relaxed-Fit Men’s Jeans,52,7.62,https://detail.1688.com/offer/684249958488.html,included,
637097020963,mens-jeans,MTLCLOTHES男装|四季款新品 韩版潮流港风宽松简约水洗牛仔裤男,Relaxed-Fit Men’s Jeans,48,7.04,https://detail.1688.com/offer/637097020963.html,included,
1073582147548,mens-jeans,秋冬季磨毛牛仔裤男士宽松保暖抓绒长裤子男中年加厚薄绒男裤冬款,Relaxed-Fit Men’s Jeans,118,17.3,https://detail.1688.com/offer/1073582147548.html,included,
973756166067,mens-jeans,美式复古17.6oz重磅水洗猫须微喇牛仔裤潮牌男女宽松直筒休闲长裤,Relaxed-Fit Men’s Jeans,100,14.66,https://detail.1688.com/offer/973756166067.html,included,
971376199160,mens-jeans,美式高街刺绣牛仔裤男款秋季新款宽松潮牌复古痞帅直筒休闲裤子男,Relaxed-Fit Men’s Jeans,37.5,5.5,https://detail.1688.com/offer/971376199160.html,included,
996124548946,mens-jeans,夏季新款美式复古牛仔裤男款潮牌抽绳阔腿裤休闲宽松直筒长裤子男,Relaxed-Fit Men’s Jeans,26,3.81,https://detail.1688.com/offer/996124548946.html,included,
1022768688515,mens-jeans,美式复古15.5oz重磅高难度水洗牛仔裤潮牌做旧宽松直筒牛王长裤子,Relaxed-Fit Men’s Jeans,105,15.4,https://detail.1688.com/offer/1022768688515.html,included,
1084385092026,mens-jeans,春季男士弹力修身潮牌牛仔裤男直筒宽松休闲黑色长裤子男商务潮流,Relaxed-Fit Men’s Jeans,14.5,2.13,https://detail.1688.com/offer/1084385092026.html,included,
798769777153,mens-jeans,街头服饰JeansY2K原宿嘻哈卡通刺绣黑色宽松的牛仔裤男士宽裤子,Relaxed-Fit Men’s Jeans,42,6.16,https://detail.1688.com/offer/798769777153.html,included,
1071494266464,mens-jeans,2026秋冬新男士弹力大码牛仔裤宽松直筒牛仔裤商务休闲长裤子,Relaxed-Fit Men’s Jeans,89,13.05,https://detail.1688.com/offer/1071494266464.html,included,
792499526419,mens-jeans,跨境电商Y2K嘻哈哥特式宽松牛仔裤街阔腿裤休闲裤子男士街头服饰,Relaxed-Fit Men’s Jeans,45,6.6,https://detail.1688.com/offer/792499526419.html,included,
992633419166,mens-jeans,nirben牛仔|直筒牛仔裤男韩版百搭阔腿裤宽松显瘦百搭拖地长裤子,Relaxed-Fit Men’s Jeans,60,8.8,https://detail.1688.com/offer/992633419166.html,included,
877228623598,mens-jeans,nirben牛仔|早春新款纯色基础款牛仔裤男宽松阔腿百搭弯刀休闲裤,Relaxed-Fit Men’s Jeans,50,7.33,https://detail.1688.com/offer/877228623598.html,included,
1033885705252,mens-jeans,白色弯刀新塘牛仔裤男提档高腰vibe裤子美式直筒微喇裤cleanfit,Men’s Jeans,36,5.28,https://detail.1688.com/offer/1033885705252.html,included,
950539839698,mens-jeans,MYQ复古做旧阔腿牛仔裤男士春秋宽松牛仔夹克韩系通勤时尚套装,Relaxed-Fit Men’s Jeans,98,14.37,https://detail.1688.com/offer/950539839698.html,included,
1038038666554,mens-jeans,跨境欧美2025新款复古图案印花牛仔裤男女y2k高街头嘻哈百搭长裤,Printed Men’s Jeans,55,8.06,https://detail.1688.com/offer/1038038666554.html,included,
1073182339273,mens-jeans,BK|废土风喷马骝430G牛仔裤男女不规则刷色脏洗阔腿宽松短裤男款,Relaxed-Fit Men’s Jeans,83,12.17,https://detail.1688.com/offer/1073182339273.html,included,
1079232768769,mens-jeans,新款外贸风水洗蓝色印花贴布弹力高街紧身中腰男式喇叭牛仔裤8412,Printed Men’s Jeans,80,11.73,https://detail.1688.com/offer/1079232768769.html,included,
1079228048454,mens-jeans,保暖加绒加厚牛仔裤男款2026新款潮流男士高端弹力韩版修身直筒裤,Men’s Jeans,43.5,6.38,https://detail.1688.com/offer/1079228048454.html,included,
1079120829915,mens-jeans,春秋新款男士弹力修身直筒青年百搭宽松小直筒系皮带牛仔长裤子,Relaxed-Fit Men’s Trousers,47.88,7.02,https://detail.1688.com/offer/1079120829915.html,included,
1078950800432,mens-jeans,秋季加绒深蓝色原色牛仔裤男明线口袋装饰宽松直筒耐磨百搭青年,Relaxed-Fit Men’s Jeans,56,8.21,https://detail.1688.com/offer/1078950800432.html,included,
1078904925557,mens-jeans,16盎司深色赤耳丹宁牛仔裤四季款重磅水洗标准直筒男装厂家批发,Men’s Jeans,468,68.62,https://detail.1688.com/offer/1078904925557.html,included,
1078802390935,mens-jeans,泼漆潮牌宽松直筒牛仔裤男秋冬款美式复古黄泥染水洗高级锥形裤子,Relaxed-Fit Men’s Jeans,37.9,5.56,https://detail.1688.com/offer/1078802390935.html,included,
1078754974467,mens-jeans,高端蓝灰色牛仔裤男直筒春秋厚款轻商务修身百搭2026新款男士裤子,Men’s Jeans,63,9.24,https://detail.1688.com/offer/1078754974467.html,included,
1078687554616,mens-jeans,跨境潮牌CH2026克罗秋冬新款橙绿经典十字拼皮灰色牛仔裤男女款批,Men’s Jeans,125,18.33,https://detail.1688.com/offer/1078687554616.html,included,
1078649197266,mens-jeans,美式复古怀旧牛仔裤男秋季2026高腰宽松柳叶档水洗大码休闲裤子,Relaxed-Fit Men’s Jeans,81,11.88,https://detail.1688.com/offer/1078649197266.html,included,
1078537376206,mens-jeans,宽松直筒牛仔裤男2026秋季新款宽松舒适垂感百搭青年水洗牛仔裤子,Relaxed-Fit Men’s Jeans,56,8.21,https://detail.1688.com/offer/1078537376206.html,included,
1078523438126,mens-jeans,正品苹果牛仔裤男春秋新品中年高腰直筒弹力深档休闲牛仔长裤男裤,Men’s Jeans,58.63,8.6,https://detail.1688.com/offer/1078523438126.html,included,
1078489990377,mens-jeans,欧货潮牌烫钻牛仔裤男士修身时尚裤子黑色长裤时尚百搭小脚牛仔裤,Men’s Jeans,82,12.02,https://detail.1688.com/offer/1078489990377.html,included,
1078360625359,mens-jeans,美式高街牛仔裤男士春秋潮牌拼接复古水洗做旧直筒百搭休闲阔腿裤,Men’s Jeans,34,4.99,https://detail.1688.com/offer/1078360625359.html,included,
1078336770880,mens-jeans,重磅牛仔裤复古水洗赤耳丹宁牛仔裤男士微弹直筒牛仔裤14OZ秋季,Men’s Jeans,468,68.62,https://detail.1688.com/offer/1078336770880.html,included,
1078315505229,mens-jeans,美式复古牛仔裤男士春秋新款潮牌宽松直筒百搭港风休闲长裤子男款,Relaxed-Fit Men’s Jeans,70,10.26,https://detail.1688.com/offer/1078315505229.html,included,
1078312106207,mens-jeans,日系纯色卡其弯刀牛仔裤男潮流秋季款宽松休闲纯棉直筒阔腿长裤子,Relaxed-Fit Men’s Jeans,106,15.54,https://detail.1688.com/offer/1078312106207.html,included,
1078274469167,mens-jeans,高端复古牛仔裤男士2026新款春秋宽松直筒棉弹秋季中年休闲裤子男,Relaxed-Fit Men’s Jeans,118,17.3,https://detail.1688.com/offer/1078274469167.html,included,
1078261258866,mens-jeans,高端牛仔裤男春秋款宽松直筒休闲男裤2026新款秋季中年弹力长裤子,Relaxed-Fit Men’s Jeans,108,15.84,https://detail.1688.com/offer/1078261258866.html,included,
1078232997805,mens-jeans,外贸风格朋克黑色修身弹力中腰刺绣青少年喇叭男式牛仔裤潮3985-,Men’s Jeans,80,11.73,https://detail.1688.com/offer/1078232997805.html,included,
1078033241221,mens-jeans,跨境男装美式猫须竹节纹黑色牛仔裤男士修身显瘦直筒微喇长裤子,Men’s Jeans,58,8.5,https://detail.1688.com/offer/1078033241221.html,included,
1077981109352,mens-jeans,2026秋冬新款男士牛仔裤商务休闲宽松直筒中年男长裤爸爸装,Relaxed-Fit Men’s Jeans,80,11.73,https://detail.1688.com/offer/1077981109352.html,included,
1077907075188,mens-jeans,美式复古豹纹拼接牛仔裤男秋季新款设计感宽松直筒阔腿裤弯刀裤子,Relaxed-Fit Men’s Jeans,29,4.25,https://detail.1688.com/offer/1077907075188.html,included,
1077816495204,mens-jeans,纯色阔腿牛仔裤男高街垂感拖地版型挺括有型宽松直筒修饰腿型,Relaxed-Fit Men’s Jeans,46,6.74,https://detail.1688.com/offer/1077816495204.html,included,
1077790168604,mens-jeans,美式微喇弯刀牛仔裤男复古百搭水洗直筒裤休闲宽松阔腿拖地长裤子,Relaxed-Fit Men’s Jeans,48,7.04,https://detail.1688.com/offer/1077790168604.html,included,
1077759414254,mens-jeans,美式复古水洗猫须显高微喇牛仔裤男休闲日常通勤阔腿裤子,Men’s Jeans,39,5.72,https://detail.1688.com/offer/1077759414254.html,included,
1077627599409,mens-jeans,高腰微喇牛仔裤男款水洗做旧宽松直筒长裤复古潮流休闲裤,Relaxed-Fit Men’s Jeans,83,12.17,https://detail.1688.com/offer/1077627599409.html,included,
1077578098913,mens-jeans,品质PU牛仔裤男士2025年春秋新款潮牌刺绣弹力修身破洞印花长裤,Printed Men’s Jeans,45,6.6,https://detail.1688.com/offer/1077578098913.html,included,
1077572718504,mens-jeans,新款秋季高品质男士牛仔裤潮牌四季赤耳丹宁标准直筒14盎司牛仔裤,Men’s Jeans,298,43.7,https://detail.1688.com/offer/1077572718504.html,included,
1077384800775,mens-jeans,2026秋季新款水洗做旧磨破牛仔裤男士美式复古宽松阔腿直筒长裤子,Relaxed-Fit Men’s Jeans,52,7.62,https://detail.1688.com/offer/1077384800775.html,included,
1077315010479,mens-jeans,大码男装秋季新款复古水洗牛仔裤男宽松潮牌柳叶裆弹力小直筒长裤,Relaxed-Fit Men’s Jeans,73,10.7,https://detail.1688.com/offer/1077315010479.html,included,
1077314454212,mens-jeans,秋冬款肥佬牛仔裤男加大加肥特大号商务休闲百搭中高腰高弹力宽松,Relaxed-Fit Men’s Jeans,55,8.06,https://detail.1688.com/offer/1077314454212.html,included,
1077282347228,mens-jeans,提花牛仔裤男士秋季新款美式复古涂鸦印花潮牌痞帅宽松阔腿长裤子,Printed Relaxed-Fit Men’s Jeans,49,7.18,https://detail.1688.com/offer/1077282347228.html,included,
1077230025457,mens-jeans,重磅拼接工装牛仔裤男士宽松复古美式高街裤子潮流百搭哈伦束脚男,Relaxed-Fit Men’s Jeans,5,0.73,https://detail.1688.com/offer/1077230025457.html,included,
1077222391181,mens-jeans,浅色牛仔裤男秋季条纹高街九分裤宽松束脚港风裤子潮牌ins老爹裤,Striped Relaxed-Fit Men’s Jeans,43.3,6.35,https://detail.1688.com/offer/1077222391181.html,included,
1077191270640,mens-jeans,欧美风格2025春季朋克男式牛仔裤蓝色破洞贴布修身中腰男裤D4019,Men’s Jeans,80,11.73,https://detail.1688.com/offer/1077191270640.html,included,
1077187870725,mens-jeans,现货新款2025年春季重工艺后代绣花男式小直筒牛仔裤潮流男裤2603,Men’s Jeans,75,11.0,https://detail.1688.com/offer/1077187870725.html,included,
1077187630791,mens-jeans,源头工厂新款2026春季街字母刺绣紧身青少年小脚男士牛仔裤潮6003,Men’s Jeans,80,11.73,https://detail.1688.com/offer/1077187630791.html,included,
1077185894846,mens-jeans,外贸风朋克蓝色修身弹力浮雕压花柳丁青少年喇叭男式牛仔裤潮8408,Men’s Jeans,80,11.73,https://detail.1688.com/offer/1077185894846.html,included,
1077185786866,mens-jeans,2026新款欧美风刺绣鸟纹弹力修身中腰男式小脚牛仔裤潮4109,Men’s Jeans,80,11.73,https://detail.1688.com/offer/1077185786866.html,included,
1077183734788,mens-jeans,外贸风格朋克风修身弹力蓝色后代刺绣猫须中腰小脚男式牛仔裤3974,Men’s Jeans,80,11.73,https://detail.1688.com/offer/1077183734788.html,included,
1077167158967,mens-jeans,外贸风格朋克黑色重工艺修身刺绣十字徽章直筒无弹男式牛仔裤9266,Men’s Jeans,80,11.73,https://detail.1688.com/offer/1077167158967.html,included,
1077067245064,mens-jeans,美式复古宽松阔腿牛仔裤男高街潮流拖地直筒长裤蓝色水洗牛仔裤,Relaxed-Fit Men’s Jeans,59,8.65,https://detail.1688.com/offer/1077067245064.html,included,
1076930480911,mens-jeans,磨白水洗做旧直筒牛仔长裤男款复古美式街潮刺绣后口袋宽松阔腿裤,Relaxed-Fit Men’s Trousers,108,15.84,https://detail.1688.com/offer/1076930480911.html,included,
1076863092222,mens-jeans,美式微喇弯刀牛仔裤男复古百搭水洗直筒裤休闲宽松阔腿拖地长裤子,Relaxed-Fit Men’s Jeans,48,7.04,https://detail.1688.com/offer/1076863092222.html,included,
1076797633496,mens-jeans,亦止13.3盎司直筒微锥牛仔裤男士2026秋冬新款牛仔裤美式休闲长裤,Men’s Jeans,132,19.35,https://detail.1688.com/offer/1076797633496.html,included,
1076689920422,mens-jeans,秋冬新品男士牛仔裤商务休闲宽松直筒弹力中腰蓝灰色裤子厚J9017,Relaxed-Fit Men’s Jeans,95,13.93,https://detail.1688.com/offer/1076689920422.html,included,
1076682883958,mens-jeans,大码男装秋冬新品美式渐变弯刀牛仔裤男宽松潮牌弹力阔腿直筒长裤,Relaxed-Fit Men’s Jeans,70,10.26,https://detail.1688.com/offer/1076682883958.html,included,
1076572191887,mens-jeans,【100%纯棉】纯色亲肤透气牛仔裤男2026秋季云感弹力直筒休闲裤,Men’s Jeans,154,22.58,https://detail.1688.com/offer/1076572191887.html,included,
1076457551133,mens-jeans,欧洲站2026春秋季新款欧货男士牛仔裤修身小脚刺绣潮牌时尚长裤子,Men’s Jeans,42,6.16,https://detail.1688.com/offer/1076457551133.html,included,
1076412033887,mens-jeans,秋冬新品男士牛仔裤商务休闲宽松直筒弹力中腰彩色牛仔裤厚J9009,Relaxed-Fit Men’s Jeans,100,14.66,https://detail.1688.com/offer/1076412033887.html,included,
1076329959885,mens-jeans,外贸风朋克蓝色修身弹力刺绣徽章青少年喇叭男式牛仔裤潮8309,Men’s Jeans,80,11.73,https://detail.1688.com/offer/1076329959885.html,included,
1076329767249,mens-jeans,外贸风朋克黑色修身弹力柳丁刺绣青少年喇叭男式牛仔裤潮3900,Men’s Jeans,80,11.73,https://detail.1688.com/offer/1076329767249.html,included,
1076329623857,mens-jeans,外贸风朋克黑色修身弹力刺绣印花青少年喇叭男式牛仔裤潮8405,Printed Men’s Jeans,80,11.73,https://detail.1688.com/offer/1076329623857.html,included,
1076329387781,mens-jeans,秋季新款牛仔裤男士百搭直筒长裤男中年爸爸宽松厚款男裤春秋款,Relaxed-Fit Men’s Jeans,79,11.58,https://detail.1688.com/offer/1076329387781.html,included,
1076328071715,mens-jeans,新款外贸风格水洗灰色破洞贴布刺绣弹力高街小脚男式牛仔裤潮3830,Men’s Jeans,80,11.73,https://detail.1688.com/offer/1076328071715.html,included,
1076178965564,mens-jeans,男士设计款时尚简约个性百搭气质痞帅洋气减龄直筒舒适牛仔休闲裤,Men’s Trousers,53,7.77,https://detail.1688.com/offer/1076178965564.html,included,
1076171423993,mens-jeans,14盎司浅色赤耳丹宁牛仔裤小众复古潮流男士长裤合体直筒弹力秋季,Men’s Jeans,298,43.7,https://detail.1688.com/offer/1076171423993.html,included,
1075969220493,mens-jeans,Q003男士牛仔背带裤春秋男士牛仔连体多口袋宽松纯色休闲背带裤,,29,,https://detail.1688.com/offer/1075969220493.html,held,product-identification-or-relevance-review
1075955736250,mens-jeans,2026大码美式弯刀牛仔裤男秋冬加肥加大胖子宽松橡筋腰直筒牛仔裤,Relaxed-Fit Men’s Jeans,76,11.14,https://detail.1688.com/offer/1075955736250.html,included,
1075897130615,mens-jeans,美式复古水洗潮牌牛仔裤男2025秋季新款直筒休闲裤宽松阔腿拖地裤,Relaxed-Fit Men’s Jeans,38,5.57,https://detail.1688.com/offer/1075897130615.html,included,
1075658136140,mens-jeans,春秋季九分裤男士新款宽松休闲松紧腰牛仔裤子休闲百搭牛仔裤男款,Relaxed-Fit Men’s Jeans,35,5.13,https://detail.1688.com/offer/1075658136140.html,included,
1075657142519,mens-jeans,跨境独立站欧美男士圣诞节款工装牛仔裤硬汉气质风,Men’s Jeans,45,6.6,https://detail.1688.com/offer/1075657142519.html,included,
1075478338378,mens-jeans,水洗弯刀牛仔裤男款秋季2026新款美式裤子休闲潮牌宽松直筒阔腿裤,Relaxed-Fit Men’s Jeans,38,5.57,https://detail.1688.com/offer/1075478338378.html,included,
1075457550750,mens-jeans,牛仔裤男士宽松直筒2026新款秋冬季高端潮牌修身弹力休闲长裤子男,Relaxed-Fit Men’s Jeans,44,6.45,https://detail.1688.com/offer/1075457550750.html,included,
1075426496660,mens-jeans,牛仔裤男士秋季青春休闲新款直筒宽松休闲潮牌长裤牛仔裤男款,Relaxed-Fit Men’s Jeans,33,4.84,https://detail.1688.com/offer/1075426496660.html,included,
1075276634507,mens-jeans,Men jeans wholesale 男士牛仔裤弹力修身百搭长裤批发,Men’s Jeans,8,1.17,https://detail.1688.com/offer/1075276634507.html,included,
1075187576987,mens-jeans,黑灰色高端男士牛仔裤秋季2026新款中年裤子春秋款直筒弹力长裤男,Men’s Jeans,76.9,11.28,https://detail.1688.com/offer/1075187576987.html,included,
1075004470600,mens-jeans,美式复古cleanfit水洗做旧牛仔裤男小众闪电纹vibe宽松阔腿长裤子,Relaxed-Fit Men’s Jeans,38.8,5.69,https://detail.1688.com/offer/1075004470600.html,included,
1074995067131,mens-jeans,跨境美式高街复古牛仔裤男士设计感涂鸦潮牌痞帅宽松直筒阔腿裤子,Relaxed-Fit Men’s Jeans,53,7.77,https://detail.1688.com/offer/1074995067131.html,included,
1074906731963,mens-jeans,秋季新款美式复古潮流百搭休闲设计师款宽松立体口袋男款牛仔长裤,Relaxed-Fit Men’s Trousers,75,11.0,https://detail.1688.com/offer/1074906731963.html,included,
1074905801102,mens-jeans,男士阔腿牛仔裤定制 高腰宽松直筒深蓝原牛水洗男装来图来样打样,Relaxed-Fit Men’s Jeans,53,7.77,https://detail.1688.com/offer/1074905801102.html,included,
1074862659169,mens-jeans,亦止2026秋季直筒牛仔裤男士美式复古休闲13盎司磨白阔腿牛仔裤,Men’s Jeans,132,19.35,https://detail.1688.com/offer/1074862659169.html,included,
1074859746246,mens-jeans,2026秋冬新款浅蓝色高端牛仔裤男士夏款宽松百搭潮牌休闲长裤男裤,Relaxed-Fit Men’s Jeans,79,11.58,https://detail.1688.com/offer/1074859746246.html,included,
1074850763114,mens-jeans,Lettu牛仔裤男外贸高端欧货秋冬直筒宽松高弹力商务休闲长裤厚款,Relaxed-Fit Men’s Jeans,59.9,8.78,https://detail.1688.com/offer/1074850763114.html,included,
1074608273041,mens-jeans,cleanfit排扣门襟牛仔长裤男士高街潮牌简约基础宽松阔腿直筒裤子,Relaxed-Fit Men’s Trousers,83,12.17,https://detail.1688.com/offer/1074608273041.html,included,
1074561889054,mens-jeans,跨境微喇叭渐变耐磨牛仔裤美式废土风美式复古春秋男生拼接长裤子,Men’s Jeans,64,9.38,https://detail.1688.com/offer/1074561889054.html,included,
1074553690422,mens-jeans,2026秋冬后袋印花雪白色修身百搭牛仔裤男生弹力小直筒牛仔男裤子,Printed Men’s Jeans,93,13.64,https://detail.1688.com/offer/1074553690422.html,included,
1074539464509,mens-jeans,品质PU牛仔裤男士2026年春秋新款潮牌刺绣弹力修身破洞印花长裤,Printed Men’s Jeans,65,9.53,https://detail.1688.com/offer/1074539464509.html,included,
1074496305207,mens-jeans,2026年秋季新款潮牌黑色高端牛仔裤男士秋款宽松直筒百搭休闲长裤,Relaxed-Fit Men’s Jeans,79,11.58,https://detail.1688.com/offer/1074496305207.html,included,
1074406806441,mens-jeans,大码男装秋季新品美式复古水洗牛仔裤宽松潮牌松紧腰弹力直筒长裤,Relaxed-Fit Men’s Jeans,73,10.7,https://detail.1688.com/offer/1074406806441.html,included,
1074395366898,mens-jeans,【CSMY】HAS2SONS 「反转牛3.0」原牛弯刀双腰13.5oz原牛牛仔裤男,Men’s Jeans,158,23.17,https://detail.1688.com/offer/1074395366898.html,included,
1074291788499,mens-jeans,春季美式弯刀大码牛仔裤男阔腿裤肥胖子加肥加大宽松潮胖男生裤子,Relaxed-Fit Men’s Jeans,79,11.58,https://detail.1688.com/offer/1074291788499.html,included,
1074238217360,mens-jeans,美式水洗侧边条纹弯刀牛仔裤男女秋季宽松微喇长裤微喇牛仔裤男,Striped Relaxed-Fit Men’s Jeans,39,5.72,https://detail.1688.com/offer/1074238217360.html,included,
1074185070291,mens-jeans,高端黑色牛仔裤男春秋厚款商务休闲直筒宽松2026新款男士棉弹长裤,Relaxed-Fit Men’s Jeans,69,10.12,https://detail.1688.com/offer/1074185070291.html,included,
1074164622259,mens-jeans,2026新款广州高版本男式牛仔裤修身小直筒弹力水洗长裤潮流百搭款,Men’s Jeans,68,9.97,https://detail.1688.com/offer/1074164622259.html,included,
1074144641466,mens-jeans,新款潮牌宽松直筒黑色潮染牛仔裤男款长裤个性牛仔裤服装,Relaxed-Fit Men’s Jeans,114.82,16.84,https://detail.1688.com/offer/1074144641466.html,included,
1074080063765,mens-jeans,跨境秋冬季加绒牛仔裤男学生宽松直筒裤运动休闲百搭时尚潮流长裤,Relaxed-Fit Men’s Jeans,52.69,7.73,https://detail.1688.com/offer/1074080063765.html,included,
1074039089879,mens-jeans,欧美男士牛仔背带裤潮牌高街简约气质连体直筒长裤跨境代发批发,Men’s Trousers,68,9.97,https://detail.1688.com/offer/1074039089879.html,included,
1073993429542,mens-jeans,黑色牛仔裤男装2026春秋季美式复古高街潮牌炸街宽松直筒休闲裤子,Relaxed-Fit Men’s Jeans,18,2.64,https://detail.1688.com/offer/1073993429542.html,included,
1073942619816,mens-jeans,跨境purple美式高街破洞补丁潮流复古直筒amiri牛仔长裤子男brand,Men’s Trousers,43,6.3,https://detail.1688.com/offer/1073942619816.html,included,
1073910200146,mens-jeans,韩路|日系复古条纹弯刀牛仔裤男秋款复古老钱宽松廓形休闲长裤子,Striped Relaxed-Fit Men’s Jeans,50,7.33,https://detail.1688.com/offer/1073910200146.html,included,
1073908958058,mens-jeans,美式大码牛仔裤男士秋季青春新款直筒宽松休闲潮牌长裤牛仔裤男款,Relaxed-Fit Men’s Jeans,33,4.84,https://detail.1688.com/offer/1073908958058.html,included,
1073904746523,mens-jeans,牛仔裤美式男士秋季青春新款直筒宽松休闲潮牌长裤牛仔裤男款,Relaxed-Fit Men’s Jeans,33,4.84,https://detail.1688.com/offer/1073904746523.html,included,
1073875482527,mens-jeans,咖色vintage工装牛仔裤男美式复古大口袋直筒裤vibe显瘦微喇裤子,Men’s Jeans,36,5.28,https://detail.1688.com/offer/1073875482527.html,included,
1073828625534,mens-jeans,牛仔裤男士大码直筒裤子男秋季宽松潮流港风ins阔腿裤休闲长裤子,Relaxed-Fit Men’s Jeans,12.9,1.89,https://detail.1688.com/offer/1073828625534.html,included,
1073729863824,mens-jeans,高端轻奢牛仔裤男士秋季新款商务中高腰棉质弹力休闲直筒牛仔长裤,Men’s Jeans,69,10.12,https://detail.1688.com/offer/1073729863824.html,included,
1073699718026,mens-jeans,美式乐谱印花牛仔裤男秋高街设计感微喇长裤vibe潮牌原牛丹宁裤子,Printed Men’s Jeans,29,4.25,https://detail.1688.com/offer/1073699718026.html,included,
1073683909791,mens-jeans,老钱风弹力直筒牛仔裤男秋季新款美式宽松休闲cleanfit阔腿长裤男,Relaxed-Fit Men’s Jeans,95,13.93,https://detail.1688.com/offer/1073683909791.html,included,
1073636706520,mens-jeans,爆款裤子男春季裤子休闲牛仔裤男士2026年新款百搭春秋牛仔裤男款,Men’s Jeans,33,4.84,https://detail.1688.com/offer/1073636706520.html,included,
1073560558438,mens-jeans,美式复古直筒牛仔长裤男士高街潮牌cleanfit基础简约阔腿休闲裤子,Men’s Trousers,71,10.41,https://detail.1688.com/offer/1073560558438.html,included,
1073477114430,mens-jeans,斜切破洞牛仔裤男直筒宽松高街美式vibe裤子潮牌痞帅百搭显瘦长裤,Relaxed-Fit Men’s Jeans,36.8,5.4,https://detail.1688.com/offer/1073477114430.html,included,
1073436710212,mens-jeans,新款直筒宽松休闲大码牛仔裤男士潮牌长裤美式秋季青春牛仔裤男款,Relaxed-Fit Men’s Jeans,33,4.84,https://detail.1688.com/offer/1073436710212.html,included,
1073428750494,mens-jeans,春季裤子男士牛仔裤男士2026新款百搭春秋男士休闲直筒牛仔裤男款,Men’s Jeans,33,4.84,https://detail.1688.com/offer/1073428750494.html,included,
1073412062772,mens-jeans,美式大码牛仔裤男士秋季青春新款直筒宽松休闲潮牌长裤牛仔裤男款,Relaxed-Fit Men’s Jeans,33,4.84,https://detail.1688.com/offer/1073412062772.html,included,
1073408544584,mens-jeans,美式复古水洗刺绣印花牛仔裤男2026春秋新款设计感宽松阔腿长裤潮,Printed Relaxed-Fit Men’s Jeans,33,4.84,https://detail.1688.com/offer/1073408544584.html,included,
1073269796971,mens-jeans,美式复古水洗做旧宽松直筒牛仔裤男士2026秋显瘦垂感休闲阔腿裤,Relaxed-Fit Men’s Jeans,156,22.87,https://detail.1688.com/offer/1073269796971.html,included,
1073250614477,mens-jeans,新款秋冬季男士牛仔时尚潮牌休闲纯棉无弹宽松直筒青年牛仔裤男,Relaxed-Fit Men’s Jeans,53,7.77,https://detail.1688.com/offer/1073250614477.html,included,
1073240663983,mens-jeans,cleanfit牛仔弯刀裤男士高街潮牌廓形宽松休闲长裤撞色明线工装风,Relaxed-Fit Men’s Trousers,93,13.64,https://detail.1688.com/offer/1073240663983.html,included,
1073225574122,mens-jeans,牛仔裤男士2026秋冬季潮牌工装大码带绒棉裤宽松休闲束脚裤子男,Relaxed-Fit Men’s Jeans,57,8.36,https://detail.1688.com/offer/1073225574122.html,included,
1073107279138,mens-jeans,Q003春秋新款潮流男士牛仔连体时尚多口袋宽松纯色休闲牛仔裤,Relaxed-Fit Men’s Jeans,29,4.25,https://detail.1688.com/offer/1073107279138.html,included,
1073053963649,mens-jeans,牛仔裤美式男士秋季青春新款直筒宽松休闲潮牌长裤牛仔裤男款,Relaxed-Fit Men’s Jeans,33,4.84,https://detail.1688.com/offer/1073053963649.html,included,
1073053451431,mens-jeans,裤子男春季裤子男士牛仔裤男士2024年新款百搭春秋男士牛仔裤男款,Men’s Jeans,33,4.84,https://detail.1688.com/offer/1073053451431.html,included,
1073053330332,mens-jeans,欧美跨境男士牛仔裤背带裤高街宽松直筒潮流口袋连体裤外贸批发,Relaxed-Fit Men’s Jeans,71,10.41,https://detail.1688.com/offer/1073053330332.html,included,
1073052051474,mens-jeans,束脚裤春秋薄款潮流韩版渐变复古水洗裤子男士青年收口牛仔裤男款,Men’s Jeans,35,5.13,https://detail.1688.com/offer/1073052051474.html,included,
1073048972604,mens-jeans,小众解构设计感明线牛仔裤男女宽松阔腿拖地男长子裤,Relaxed-Fit Men’s Jeans,49.89,7.32,https://detail.1688.com/offer/1073048972604.html,included,
1073037407671,mens-jeans,ACU男装|夹格纹里布阔腿牛仔裤2026秋冬新品潮牌街头宽松直筒裤男,Checked Relaxed-Fit Men’s Jeans,109,15.98,https://detail.1688.com/offer/1073037407671.html,included,
1072793171820,mens-jeans,束脚牛仔裤春秋薄款潮流韩版渐变复古水洗裤子男士青年牛仔裤男款,Men’s Jeans,35,5.13,https://detail.1688.com/offer/1072793171820.html,included,
1072791295695,mens-jeans,牛仔裤束脚春秋薄款潮流渐变复古水洗裤子男士青年收口牛仔裤男款,Men’s Jeans,35,5.13,https://detail.1688.com/offer/1072791295695.html,included,
1072757631909,mens-jeans,Men's cargo jeans高品质男士牛仔裤baggy jeans潮流男装现货批发,Men’s Jeans,10,1.47,https://detail.1688.com/offer/1072757631909.html,included,
1072706774760,mens-jeans,2026秋冬复古黄修身百搭牛仔裤男款修身小直筒弹力男裤代发,Men’s Jeans,95,13.93,https://detail.1688.com/offer/1072706774760.html,included,
1072568783645,mens-jeans,美式大码牛仔裤男士秋季青春新款直筒宽松休闲潮牌长裤牛仔裤男款,Relaxed-Fit Men’s Jeans,33,4.84,https://detail.1688.com/offer/1072568783645.html,included,
1072513090784,mens-jeans,直筒牛仔裤男款中高腰直筒小脚男弹力休闲韩版牛仔裤男士修身潮牌,Men’s Jeans,22,3.23,https://detail.1688.com/offer/1072513090784.html,included,
1072298773729,mens-jeans,韩路|复古老钱撞色细条纹弯刀牛仔裤男秋季日系宽松廓形休闲长裤,Striped Relaxed-Fit Men’s Jeans,52,7.62,https://detail.1688.com/offer/1072298773729.html,included,
1072143255342,mens-jeans,马登工装美式复古水洗丹宁蓝猫须牛仔裤重磅直筒印花休闲长裤男秋,Printed Men’s Jeans,135,19.79,https://detail.1688.com/offer/1072143255342.html,included,
1071875375199,mens-jeans,贵气时尚洋气宽松阔腿牛仔裤男秋季设计感斜切裤子修身显瘦长裤子,Relaxed-Fit Men’s Jeans,35,5.13,https://detail.1688.com/offer/1071875375199.html,included,
1071866605398,mens-jeans,NASA ABOUT美式复古牛仔裤男士新款宽松直筒裤男生阔腿休闲长裤子,Relaxed-Fit Men’s Jeans,74,10.85,https://detail.1688.com/offer/1071866605398.html,included,
1071846780732,mens-jeans,贸易渠道2026秋冬新品老钱风BC男士直筒弹力牛仔裤百搭商务休闲裤,Men’s Jeans,158,23.17,https://detail.1688.com/offer/1071846780732.html,included,
1071751235425,mens-jeans,北界男装 2026秋季新款两色复古牛仔裤男潮流休闲直筒裤宽松长裤,Relaxed-Fit Men’s Jeans,101,14.81,https://detail.1688.com/offer/1071751235425.html,included,
1071715583345,mens-jeans,男式牛仔裤直筒宽松水洗秋冬ins潮高街裤子休闲阔腿裤美式日常,Relaxed-Fit Men’s Jeans,48.6,7.13,https://detail.1688.com/offer/1071715583345.html,included,
1071346637619,mens-jeans,跨境亚马逊牛仔裤男士高街复古做旧时尚青年帅气阔腿直筒裤批发,Men’s Jeans,52,7.62,https://detail.1688.com/offer/1071346637619.html,included,
1071314572602,mens-jeans,美式复古贴皮刺绣牛仔裤男2026春季新款时尚潮流高街痞帅直筒裤子,Men’s Jeans,42,6.16,https://detail.1688.com/offer/1071314572602.html,included,
1071074988172,mens-jeans,美式复古扎染牛仔裤男春秋季水洗渐变高街vibe风宽松直筒阔腿裤子,Relaxed-Fit Men’s Jeans,5,0.73,https://detail.1688.com/offer/1071074988172.html,included,
1071034246414,mens-jeans,nirben牛仔|美式原牛黑飞机扣微喇牛仔裤男简约复古宽松休闲长裤,Relaxed-Fit Men’s Jeans,65,9.53,https://detail.1688.com/offer/1071034246414.html,included,
1070883733849,mens-jeans,贸易渠道26秋冬老钱风BC男士牛仔裤美式潮牌宽松直筒阔腿裤休闲裤,Relaxed-Fit Men’s Jeans,155,22.73,https://detail.1688.com/offer/1070883733849.html,included,
1070838374915,mens-jeans,春秋新款男士牛仔裤休闲百搭束脚裤男工装松紧腰舒适哈伦长裤男款,Men’s Jeans,26.8,3.93,https://detail.1688.com/offer/1070838374915.html,included,
1070799942726,mens-jeans,美式重磅复古水洗棉质牛仔裤男款秋季潮牌工装裤子男直筒宽松长裤,Relaxed-Fit Men’s Jeans,99,14.52,https://detail.1688.com/offer/1070799942726.html,included,
1070688648115,mens-jeans,铆钉男士直筒牛仔裤美式复古水洗做旧猫须纹设计中性宽松阔腿长裤,Relaxed-Fit Men’s Jeans,93,13.64,https://detail.1688.com/offer/1070688648115.html,included,
1070562222162,mens-jeans,慕沅男装 蓝色原牛弹力直筒牛仔裤男士质感潮牌简约百搭素版长裤,Men’s Jeans,78,11.44,https://detail.1688.com/offer/1070562222162.html,included,
1070471386150,mens-jeans,复古水洗做旧宽松直筒牛仔裤美式简约潮流阔腿长裤休闲裤男跨境版,Relaxed-Fit Men’s Jeans,39,5.72,https://detail.1688.com/offer/1070471386150.html,included,
1070444004159,mens-jeans,沐希服装 潮牌百搭撞色牛仔裤复古直筒显瘦阔腿裤男cleanfit裤子,Men’s Jeans,73,10.7,https://detail.1688.com/offer/1070444004159.html,included,
1070441181639,mens-jeans,正确版新款水洗美式脏脏风宽松复古阔腿直筒男款牛仔裤现货棉,Relaxed-Fit Men’s Jeans,115,16.86,https://detail.1688.com/offer/1070441181639.html,included,
1070328180151,mens-jeans,高街简约舒适弹力水洗做旧男装牛仔裤美式复古潮牌新直筒显瘦长裤,Men’s Jeans,68,9.97,https://detail.1688.com/offer/1070328180151.html,included,
1070310990656,mens-jeans,牛仔裤男士松紧腰修身小脚潮牌舒适休闲弹力耐磨工作裤休闲长裤潮,Men’s Jeans,22.7,3.33,https://detail.1688.com/offer/1070310990656.html,included,
1070193133081,mens-jeans,纯色纹理猫须微喇牛仔裤男春季新款显瘦显高修身直筒休闲长裤女女,Men’s Jeans,130,19.06,https://detail.1688.com/offer/1070193133081.html,included,
1070086522183,mens-jeans,外贸复古做旧水洗牛仔裤男冬季美式高街宽松拖地裤子潮牌百搭长裤,Relaxed-Fit Men’s Jeans,22,3.23,https://detail.1688.com/offer/1070086522183.html,included,
1069995538721,mens-jeans,美式高街复古拼接解构牛仔裤男cleanfit直筒微喇叭潮牌设计感裤子,Men’s Jeans,37,5.43,https://detail.1688.com/offer/1069995538721.html,included,
1069987244366,mens-jeans,法国盾牌欧货男士牛仔裤白色洗水修身直筒弹力休闲男长裤刺绣批发,Men’s Jeans,39,5.72,https://detail.1688.com/offer/1069987244366.html,included,
1069982055461,mens-jeans,G60090美式潮流男女款重工金属铆钉高街贴布设计男式微喇牛仔裤,Men’s Jeans,99,14.52,https://detail.1688.com/offer/1069982055461.html,included,
1069934024495,mens-jeans,黑色铆钉牛仔裤男春秋季设计感小众修身直筒立体线条绣花弯刀裤潮,Men’s Jeans,34,4.99,https://detail.1688.com/offer/1069934024495.html,included,
1069787166529,mens-jeans,跨境潮牌PURPLE JEANS欧美高街男士潮休闲破洞百搭微喇显瘦牛仔裤,Men’s Jeans,130,19.06,https://detail.1688.com/offer/1069787166529.html,included,
1069762935444,mens-jeans,男春秋款宽松潮牌阔腿日系简约基础款高街潮流休闲长裤牛仔裤男款,Relaxed-Fit Men’s Jeans,13.5,1.98,https://detail.1688.com/offer/1069762935444.html,included,
1069717571060,mens-jeans,独驰【水墨涂鸦】秋季宽松直筒水洗牛仔裤男弹力休闲百搭蓝色裤子,Relaxed-Fit Men’s Jeans,99,14.52,https://detail.1688.com/offer/1069717571060.html,included,
1069713667948,mens-jeans,慕沅男装 美式vintage怀旧水洗微喇叭牛仔裤男潮牌磨破装饰长裤子,Men’s Jeans,86,12.61,https://detail.1688.com/offer/1069713667948.html,included,
1069555576533,mens-jeans,跨境专供美式雪花水洗浅蓝阔腿牛仔裤男复古高街宽松拖地直筒长裤,Relaxed-Fit Men’s Jeans,51,7.48,https://detail.1688.com/offer/1069555576533.html,included,
1069521160541,mens-jeans,amiri风格高街复古水洗破洞牛仔裤男打揽补丁油漆涂鸦牛仔裤6883,Men’s Jeans,120,17.6,https://detail.1688.com/offer/1069521160541.html,included,
1069451796069,mens-jeans,men jeans 牛仔裤男2026新款修身高端水洗复古百搭休闲长裤子批发,Men’s Jeans,10,1.47,https://detail.1688.com/offer/1069451796069.html,included,
1069429807815,mens-jeans,跨境外贸爆款牛仔裤男潮流时尚宽松百搭束脚裤拼接松紧腰九分裤子,Relaxed-Fit Men’s Jeans,21,3.08,https://detail.1688.com/offer/1069429807815.html,included,
1069409517027,mens-jeans,Cleanfit美式拼接牛仔长裤男士双明线侧撞色条宽松直筒情侣同款,Relaxed-Fit Men’s Trousers,99,14.52,https://detail.1688.com/offer/1069409517027.html,included,
1069389794573,mens-jeans,韩路|美式复古巴黎扣牛仔裤男秋季款水洗宽松百搭BAGGY直筒长裤子,Relaxed-Fit Men’s Jeans,60,8.8,https://detail.1688.com/offer/1069389794573.html,included,
1069380492707,mens-jeans,秋冬爆款男士复古牛仔裤加绒九分裤修身直筒小脚裤透气舒适休闲裤,Men’s Jeans,65,9.53,https://detail.1688.com/offer/1069380492707.html,included,
1069375258279,mens-jeans,美式高街刺绣牛仔裤男秋季复古水洗宽松阔腿男裤潮牌痞帅直筒裤子,Relaxed-Fit Men’s Jeans,89,13.05,https://detail.1688.com/offer/1069375258279.html,included,
1069138743186,mens-jeans,2026年美式高街港风复古水洗黑牛修身显瘦牛仔裤弹力垂感长裤子男,Men’s Jeans,59.8,8.77,https://detail.1688.com/offer/1069138743186.html,included,
1069113340073,mens-jeans,秋冬新款高端轻奢新疆棉商务牛仔裤男士直筒宽松弹力休闲男装裤子,Relaxed-Fit Men’s Jeans,73,10.7,https://detail.1688.com/offer/1069113340073.html,included,
1069098245568,mens-jeans,ZOEWATSON男装跨境阔腿牛仔裤男宽松2026秋新款高腰弯刀休闲裤子,Relaxed-Fit Men’s Jeans,75,11.0,https://detail.1688.com/offer/1069098245568.html,included,
1068990363333,mens-jeans,美式高街vibe牛仔裤男士复古潮流水洗微喇修身耐磨直筒休闲长裤子,Men’s Jeans,21.7,3.18,https://detail.1688.com/offer/1068990363333.html,included,
1068972598895,mens-jeans,欧美潮牌男士青少年休闲长裤裤街头时尚洗水做旧牛仔裤批发,Men’s Jeans,88,12.9,https://detail.1688.com/offer/1068972598895.html,included,
1068933329204,mens-jeans,韩式男装牛仔裤宽松A型小众撞色红线原色黑丹宁微喇阔腿拖地长裤,Relaxed-Fit Men’s Jeans,76,11.14,https://detail.1688.com/offer/1068933329204.html,included,
1068899751909,mens-jeans,工厂直发高街破洞牛仔裤修身欧美潮牌绒布补丁美式牛仔裤男9335,Men’s Jeans,115,16.86,https://detail.1688.com/offer/1068899751909.html,included,
1068627763386,mens-jeans,益泰牛仔裤宽松男款美式高街复古炭灰水洗磨白阔腿裤直筒休闲长裤,Relaxed-Fit Men’s Jeans,78,11.44,https://detail.1688.com/offer/1068627763386.html,included,
1068554460030,mens-jeans,2026秋季新款美式潮牌复古水洗烫钻牛仔裤宽松直筒休闲裤长裤子男,Relaxed-Fit Men’s Jeans,46.75,6.85,https://detail.1688.com/offer/1068554460030.html,included,
1068526209391,mens-jeans,美式复古黑色阔腿牛仔裤男士高级感弯刀裤春秋宽松休闲工装长裤子,Relaxed-Fit Men’s Jeans,40,5.87,https://detail.1688.com/offer/1068526209391.html,included,
1068515137958,mens-jeans,韩路|美式原牛复古牛仔裤男秋季民族风绣花直筒裤撞色明线长裤子q,Men’s Jeans,39.91,5.85,https://detail.1688.com/offer/1068515137958.html,included,
1068501011515,mens-jeans,美式街头水洗做旧牛仔裤男春秋直筒宽松欧美高街vibe风长裤子现货,Relaxed-Fit Men’s Jeans,29.8,4.37,https://detail.1688.com/offer/1068501011515.html,included,
1068497882490,mens-jeans,三条杠直筒牛仔裤男款休闲简约通勤百搭垂感宽松阔腿垂感抽绳长裤,Relaxed-Fit Men’s Jeans,33.1,4.85,https://detail.1688.com/offer/1068497882490.html,included,
1068482916460,mens-jeans,G60070美式潮流水洗牛王复古搓猫须纹高街设计男式宽松阔腿牛仔裤,Relaxed-Fit Men’s Jeans,94,13.78,https://detail.1688.com/offer/1068482916460.html,included,
1068482243399,mens-jeans,春秋季弹力男士牛仔裤厚款烟灰色潮流男装修身直筒休闲宽松男裤子,Relaxed-Fit Men’s Jeans,31.8,4.66,https://detail.1688.com/offer/1068482243399.html,included,
1068480872802,mens-jeans,G60076美式高街中性款水洗原牛音符刺绣设计男式宽松直通型牛仔裤,Relaxed-Fit Men’s Jeans,89,13.05,https://detail.1688.com/offer/1068480872802.html,included,
1068244945099,mens-jeans,oversize Loose Straight Jeans 男加肥加大牛仔裤 Джинсы,Men’s Jeans,39.2,5.75,https://detail.1688.com/offer/1068244945099.html,included,
1068141232008,mens-jeans,城市凡品 2026年秋季新款直筒牛仔裤男ins潮牌水洗做旧扎染裤子潮,Men’s Jeans,110,16.13,https://detail.1688.com/offer/1068141232008.html,included,
1067963825675,mens-jeans,文艺美式复古小众涂鸦牛仔裤男女款设计感油漆直筒休闲裤潮流简约,Men’s Jeans,39,5.72,https://detail.1688.com/offer/1067963825675.html,included,
1067871543367,mens-jeans,折痕闪电纹褶皱喇叭牛仔裤男士潮穿绳系带开叉设计感排扣门襟长裤,Men’s Jeans,123,18.04,https://detail.1688.com/offer/1067871543367.html,included,
1067720378959,mens-jeans,韩路|原牛美式复古直筒牛仔裤男秋季撞色贴布绣Cleanfit休闲长裤,Men’s Jeans,55,8.06,https://detail.1688.com/offer/1067720378959.html,included,
1067653480166,mens-jeans,OREETA闪电爆裂纹重工牛仔裤男女款修身显瘦y2k高街风视觉系长裤,Men’s Jeans,108,15.84,https://detail.1688.com/offer/1067653480166.html,included,
1067628623138,mens-jeans,GALLERY DEPT拼接贴布泼墨牛仔喇叭裤洗水做旧拼接青年男士牛仔裤,Men’s Jeans,68,9.97,https://detail.1688.com/offer/1067628623138.html,included,
1067315866749,mens-jeans,潮牌牛仔裤男春秋季新款韩版小直筒休闲九分裤青年时尚帅气哈伦裤,Men’s Jeans,31.9,4.68,https://detail.1688.com/offer/1067315866749.html,included,
1067291627682,mens-jeans,沐希服装 美式复古水洗百搭牛仔裤男宽松微喇长裤猫须A字版型裤子,Relaxed-Fit Men’s Jeans,61,8.94,https://detail.1688.com/offer/1067291627682.html,included,
1067267234664,mens-jeans,美式废土风脏脏白牛仔裤男立体黑皮标小众高街男女潮牌牛仔长裤,Men’s Jeans,109,15.98,https://detail.1688.com/offer/1067267234664.html,included,
1067086628798,mens-jeans,跨境现货高版Men jean美式牛仔裤男修身小脚潮牌纽扣补丁牛仔裤棉,,143,,https://detail.1688.com/offer/1067086628798.html,held,product-identification-or-relevance-review
1066914544818,mens-jeans,高端水洗蓝牛仔裤厂家男士长裤季新款宽松直筒休闲弹力长裤牛仔裤,Relaxed-Fit Men’s Jeans,50,7.33,https://detail.1688.com/offer/1066914544818.html,included,
1066838805210,mens-jeans,跨境外贸批发Purple美式高街男款修身显瘦休闲款破洞设计牛仔裤,Men’s Jeans,85,12.46,https://detail.1688.com/offer/1066838805210.html,included,
1066732291886,mens-jeans,美式高街 vintage 破洞牛仔裤男款水洗做旧宽松直筒阔腿休闲长裤,Relaxed-Fit Men’s Jeans,58,8.5,https://detail.1688.com/offer/1066732291886.html,included,
1066712919560,mens-jeans,三叶草绣标2026秋季男士牛仔裤宽松直筒三条杠休闲裤潮流长裤批发,Relaxed-Fit Men’s Jeans,83,12.17,https://detail.1688.com/offer/1066712919560.html,included,
1066692040258,mens-jeans,欧美跨境水洗做旧牛仔裤男复古秋冬街头设计感宽松直筒休闲长裤,Relaxed-Fit Men’s Jeans,63.9,9.37,https://detail.1688.com/offer/1066692040258.html,included,
1066511827450,mens-jeans,美式复古直筒牛仔裤男士潮流百搭宽松春秋季新款休闲阔腿长裤现货,Relaxed-Fit Men’s Jeans,24,3.52,https://detail.1688.com/offer/1066511827450.html,included,
1066486886007,mens-jeans,美式高街黑灰色牛仔裤男秋季新款抽绳松紧腰潮流宽松直筒休闲裤子,Relaxed-Fit Men’s Jeans,31,4.55,https://detail.1688.com/offer/1066486886007.html,included,
1066362820074,mens-jeans,非洲 欧美 牛仔裤男百搭基本款黑色水洗做旧男士直筒牛仔裤长裤棉,Men’s Jeans,31,4.55,https://detail.1688.com/offer/1066362820074.html,included,
1066300577937,mens-jeans,2026美式高街复古牛仔裤男冬季时尚潮流痞帅阔腿裤贴皮弯刀直筒裤,Men’s Jeans,65,9.53,https://detail.1688.com/offer/1066300577937.html,included,
1066206170833,mens-jeans,跨境速卖通亚马逊热销复古水洗牛仔裤男哥特街头潮流直筒牛仔长裤,Men’s Jeans,59,8.65,https://detail.1688.com/offer/1066206170833.html,included,
1066132123412,mens-jeans,G60079美式潮流中性款复古猫须纹铆钉高街设计男式宽松休闲牛仔裤,Relaxed-Fit Men’s Jeans,94,13.78,https://detail.1688.com/offer/1066132123412.html,included,
1066090736425,mens-jeans,美式街头水洗做旧牛仔裤男春秋直筒宽松欧美高街风长裤子,Relaxed-Fit Men’s Jeans,16.5,2.42,https://detail.1688.com/offer/1066090736425.html,included,
1065880465889,mens-jeans,春季黑灰色牛仔裤男款直筒修身男裤潮牌百搭高端休闲长裤子春秋款,Men’s Jeans,79,11.58,https://detail.1688.com/offer/1065880465889.html,included,
1065819493059,mens-jeans,跨境2026美式街头骨头印花牛仔裤男vibe高街嘻哈宽松直筒阔腿长裤,Printed Relaxed-Fit Men’s Jeans,37,5.43,https://detail.1688.com/offer/1065819493059.html,included,
1065813713636,mens-jeans,cleanfit黑色斜切弯刀牛仔裤男美式高街国潮vibe直筒显瘦微喇裤子,Men’s Jeans,36,5.28,https://detail.1688.com/offer/1065813713636.html,included,
1065272522945,mens-jeans,美式复古字母星星弯刀牛仔裤男2026春秋新款宽松百搭黑色阔腿长裤,Relaxed-Fit Men’s Jeans,39.99,5.86,https://detail.1688.com/offer/1065272522945.html,included,
1065154483142,mens-jeans,美式潮牌原色丹宁刺绣弹力牛仔裤男款2026年春季新款百搭休闲长裤,Men’s Jeans,45,6.6,https://detail.1688.com/offer/1065154483142.html,included,
1065142805675,mens-jeans,百搭春秋新款设计款渐变色牛仔裤男修身小脚美式休闲个性痞帅长裤,Men’s Jeans,39,5.72,https://detail.1688.com/offer/1065142805675.html,included,
1064827481967,mens-jeans,跨境复古做旧破烂补丁牛仔裤男士微锥直筒裤宽松美式高街嘻哈长裤,Relaxed-Fit Men’s Jeans,65,9.53,https://detail.1688.com/offer/1064827481967.html,included,
1064781090024,mens-jeans,美式街头涂鸦字母牛仔裤男高街风做旧小众直筒宽松阔腿裤子,Relaxed-Fit Men’s Jeans,52,7.62,https://detail.1688.com/offer/1064781090024.html,included,
1064672268388,mens-jeans,暗系创意剑花体印花阔腿牛仔裤男士高街设计感个性宽松长裤嘻哈潮,Printed Relaxed-Fit Men’s Jeans,106,15.54,https://detail.1688.com/offer/1064672268388.html,included,
1064453575626,mens-jeans,新款欧洲站轻奢三防防褪色牛仔裤男式弹力休闲修身小直筒裤男裤,Men’s Jeans,77,11.29,https://detail.1688.com/offer/1064453575626.html,included,
1064427240421,mens-jeans,广州新塘牛仔裤男修身弹力小脚高端潮牌弹力秋季小蜜蜂长裤子批发,Men’s Jeans,83,12.17,https://detail.1688.com/offer/1064427240421.html,included,
1064158702859,mens-jeans,韩路|原牛复古弯刀牛仔裤男秋季廓形宽松直筒裤系扣腰带休闲长裤,Relaxed-Fit Men’s Jeans,59,8.65,https://detail.1688.com/offer/1064158702859.html,included,
1064097179763,mens-jeans,【清仓】轻奢春季薄款高端精梳棉休闲裤男潮流小直筒纯色牛仔裤,Men’s Jeans,39,5.72,https://detail.1688.com/offer/1064097179763.html,included,
1064059619965,mens-jeans,复古蓝牛仔裤男秋季美式潮牌水洗做旧阔腿裤青少年宽松直筒长裤子,Relaxed-Fit Men’s Jeans,79,11.58,https://detail.1688.com/offer/1064059619965.html,included,
1063900717037,mens-jeans,美式复古cleanfit水洗做旧牛仔裤男小众闪电纹vibe宽松阔腿长裤子,Relaxed-Fit Men’s Jeans,39,5.72,https://detail.1688.com/offer/1063900717037.html,included,
1063832452512,mens-jeans,美拉德白色牛仔裤男2026春季潮流ins阔腿休闲拖地裤男女同款,Men’s Jeans,65,9.53,https://detail.1688.com/offer/1063832452512.html,included,
1063828845751,mens-jeans,2026秋冬新款潮流高街牛仔裤男美式直筒水洗裤百搭复古长裤子潮男,Men’s Jeans,38,5.57,https://detail.1688.com/offer/1063828845751.html,included,
670543579140,womens-tops,卢浮夏季新款韩版复古宫廷风丝绒印花衬衫宽松显瘦休闲垂坠上衣女,Printed Relaxed-Fit Women’s Blouse,161.5,23.68,https://detail.1688.com/offer/670543579140.html,included,
1064708401623,womens-tops,卢浮早秋新款韩系简约慵懒感亨利领显瘦桑蚕丝亚麻T恤轻薄上衣女,Women’s T-Shirt,108,15.84,https://detail.1688.com/offer/1064708401623.html,included,
1073119352979,womens-tops,2026欧美跨境亚马逊新款时尚钮扣女式长袖上衣连帽衫纯色针织衫,Long-Sleeve Hooded Women’s Jumper,28,4.11,https://detail.1688.com/offer/1073119352979.html,included,
715096898453,womens-tops,2026年春夏新品打底吊带背心无袖上衣时尚休闲百搭纯色外穿小背心,Sleeveless Women’s Vest Top,19.9,2.92,https://detail.1688.com/offer/715096898453.html,included,
866419064631,womens-tops,新款短款塑身衣性感女士上衣无肩带印花小背心外穿内搭抹胸束身衣,Printed Women’s Vest Top,35,5.13,https://detail.1688.com/offer/866419064631.html,included,
773305292792,womens-tops,2026春夏新款圆领纯色鼓包女士套头宽松显瘦通勤薄款针织短袖T恤,Short-Sleeve Round-Neck Relaxed-Fit Women’s T-Shirt,47,6.89,https://detail.1688.com/offer/773305292792.html,included,
682334006642,womens-tops,H898半高领莫代尔打底衫女秋季新款内搭洋气长袖T恤上衣修身百搭,Long-Sleeve Women’s T-Shirt,11.8,1.73,https://detail.1688.com/offer/682334006642.html,included,
1054593247301,womens-tops,女士上衣休闲开衫跨境欧美女装性感镂空机织爱心提花沙滩短罩衫,Women’s Cardigan,28,4.11,https://detail.1688.com/offer/1054593247301.html,included,
1086134504402,womens-tops,0聚酯羊毛德绒发热保暖打底衫女秋冬内搭圆领修身亲肤针织上衣,Round-Neck Women’s Top,28.3,4.15,https://detail.1688.com/offer/1086134504402.html,included,
650929307242,womens-tops,秋衣女士纯棉春秋纯色内衣女单件内穿打底衫棉毛衫薄款上衣,Women’s Top,23.9,3.5,https://detail.1688.com/offer/650929307242.html,included,
1078509794721,womens-tops,秋冬新款桑蚕丝羊绒开衫女高领拉链加厚针织外套宽松显瘦外搭上衣,Relaxed-Fit Women’s Cardigan,799,117.16,https://detail.1688.com/offer/1078509794721.html,included,
971351641926,womens-tops,秋季女装高级感针织衫薄款韩系百搭修身收腰半开领内搭上衣打底衫,Women’s Jumper,25,3.67,https://detail.1688.com/offer/971351641926.html,included,
1086873455156,womens-tops,新款女士蜂窝棉打底短款圆领卫衣纯色上衣保暖休闲运动长袖运动,Long-Sleeve Round-Neck Women’s Sweatshirt,20,2.93,https://detail.1688.com/offer/1086873455156.html,included,
989591347968,womens-tops,欧美跨境2025秋冬圆领套头针织衫女亚马逊宽松慵懒风纯色女式毛衣,Round-Neck Relaxed-Fit Women’s Jumper,46,6.74,https://detail.1688.com/offer/989591347968.html,included,
1072940367331,womens-tops,假两件拼色外穿莱塞尔羊毛女士上衣2026新款英伦风设计感打底衫女,Women’s Top,102,14.96,https://detail.1688.com/offer/1072940367331.html,included,
1058865563192,womens-tops,秋冬加厚优质水貂毛外套收腰修身青果领仿皮草大衣保暖毛毛上衣女,Women’s Jacket,145,21.26,https://detail.1688.com/offer/1058865563192.html,included,
1086434980190,womens-tops,秋冬季山羊绒针织马甲女士拼色圆领背心内搭叠穿百搭上衣打底毛衣,Round-Neck Women’s Jumper,168,24.63,https://detail.1688.com/offer/1086434980190.html,included,
1081956023386,womens-tops,6034#7A防螨蚕丝纤维女士背心带杯修身显瘦时尚百搭外穿型保暖衣,Women’s Vest Top,24,3.52,https://detail.1688.com/offer/1081956023386.html,included,
1035725545014,womens-tops,2026亚马逊跨境欧美夏季新款宽松上衣 女士V领竹节棉纽扣衬衫,V-Neck Relaxed-Fit Women’s Blouse,25,3.67,https://detail.1688.com/offer/1035725545014.html,included,
954452973934,womens-tops,*女士超短上衣跨境欧美女装性感露脐镂空衫休闲时尚网衫外搭罩衫,Women’s Top,26.5,3.89,https://detail.1688.com/offer/954452973934.html,included,
963238168610,womens-tops,2025秋冬新款高领打底衫女薄款堆堆领长袖针织衫内搭外穿女士上衣,Long-Sleeve Women’s Jumper,11.5,1.69,https://detail.1688.com/offer/963238168610.html,included,
1086433017936,womens-tops,跨境连帽女装宠物猫咪口袋休闲卫衣女士拉链长袖连帽加绒上衣,,40,,https://detail.1688.com/offer/1086433017936.html,held,product-identification-or-relevance-review
669822247729,womens-tops,奥薇姿带胸垫吊带背心女士春夏新款双肩吊带可外穿内搭冰丝睡衣女,Women’s Vest Top,31,4.55,https://detail.1688.com/offer/669822247729.html,included,
1073947657957,womens-tops,夏季简约美式辣妹修身显身材半开扣连帽卫衣收腰内搭女士长袖上衣,Long-Sleeve Hooded Women’s Sweatshirt,25,3.67,https://detail.1688.com/offer/1073947657957.html,included,
1080557934389,womens-tops,设计感排扣女士针织衫初秋新款甜辣妹修身显瘦外穿长袖t恤女上衣,Long-Sleeve Women’s T-Shirt,25,3.67,https://detail.1688.com/offer/1080557934389.html,included,
948880650483,womens-tops,跨境欧美女士蕾丝时尚百搭优雅气质衬衫上衣休闲度假派对镂空衬衫,Women’s Blouse,39.8,5.84,https://detail.1688.com/offer/948880650483.html,included,
1085486925819,womens-tops,2026欧美外贸跨境新款亚马逊爆款V领长袖蕾丝拼接宽松上衣女,Long-Sleeve V-Neck Relaxed-Fit Women’s Top,23,3.37,https://detail.1688.com/offer/1085486925819.html,included,
1072945330572,womens-tops,纯色V领正肩长袖t恤女夏季2026新款设计感修身显瘦内搭打底衫上衣,Long-Sleeve V-Neck Women’s T-Shirt,17.6,2.58,https://detail.1688.com/offer/1072945330572.html,included,
939841744498,womens-tops,爆款220g美式斜肩t恤慵懒风上衣一字肩辣妹短袖露肩显瘦跨境,Short-Sleeve Women’s T-Shirt,18,2.64,https://detail.1688.com/offer/939841744498.html,included,
1079884396100,womens-tops,三宅风褶皱设计感宽松圆领长袖上衣女早秋新款显瘦纯色气质现货,Long-Sleeve Round-Neck Relaxed-Fit Women’s Top,73,10.7,https://detail.1688.com/offer/1079884396100.html,included,
1069417756876,womens-tops,现货欧美跨境新款宽松上衣花边v领亚马逊夏季宽松女上衣TUME爆款,V-Neck Relaxed-Fit Women’s Top,30,4.4,https://detail.1688.com/offer/1069417756876.html,included,
1080229932161,womens-tops,跨境欧美外贸夏季新款花朵印花无袖上衣休闲时尚女士背心可外穿,Sleeveless Printed Women’s Vest Top,21,3.08,https://detail.1688.com/offer/1080229932161.html,included,
824167440214,womens-tops,美式甜辣妹v领正肩t恤女长袖春秋冬季新款内搭打底修身上衣跨境,Long-Sleeve V-Neck Women’s T-Shirt,17,2.49,https://detail.1688.com/offer/824167440214.html,included,
844596616679,womens-tops,tb澳洲羊毛开衫女士针织V领开衫男女同款休闲百搭四扣上衣保暖粗,V-Neck Women’s Cardigan,280,41.06,https://detail.1688.com/offer/844596616679.html,included,
677989222820,womens-tops,蓝白色短袖衬衫女士通勤正装上衣业务员前台气质职业工作服衬衣,Short-Sleeve Women’s Blouse,45,6.6,https://detail.1688.com/offer/677989222820.html,included,
1029285984635,womens-tops,天丝雨露麻短袖T恤女士透气凉感上衣大V领显瘦打底衫短袖上衣女夏,Short-Sleeve V-Neck Women’s T-Shirt,48.9,7.17,https://detail.1688.com/offer/1029285984635.html,included,
1069915779493,womens-tops,2025 跨境欧美风女装上衣半高领压褶长袖修身显瘦衬衫,Long-Sleeve Women’s Blouse,3990,585.04,https://detail.1688.com/offer/1069915779493.html,included,
891230933037,womens-tops,TB 100%羊毛女士春秋圆领针织开衫百搭女款小狗嵌花开衫上衣开衫,Round-Neck Women’s Cardigan,250,36.66,https://detail.1688.com/offer/891230933037.html,included,
852725070636,womens-tops,跨境女士早秋冬季女款长袖辣妹上衣T恤半开领内搭衣服百搭款打底,Long-Sleeve Women’s T-Shirt,22.8,3.34,https://detail.1688.com/offer/852725070636.html,included,
992787942376,womens-tops,2026新款女士短款外套春季加绒保暖内搭修身显瘦立领瑜伽服上衣,Women’s Jacket,31,4.55,https://detail.1688.com/offer/992787942376.html,included,
892703800738,womens-tops,速干衣新款瑜伽服上衣长袖速干衣运动健身服户外跑步外套女,Long-Sleeve Women’s Jacket,19.5,2.86,https://detail.1688.com/offer/892703800738.html,included,
993846331291,womens-tops,"SC6""一衣两穿""辣妹飘带瘦腰长袖爵士跳舞系腰腰搭上衣爵士舞上衣",Long-Sleeve Women’s Top,23.9,3.5,https://detail.1688.com/offer/993846331291.html,included,
1001860788821,womens-tops,2026跨境欧美秋冬新款灯芯绒纯色宽松休闲V领纽扣长袖女式上衣T恤,Long-Sleeve V-Neck Relaxed-Fit Women’s T-Shirt,33,4.84,https://detail.1688.com/offer/1001860788821.html,included,
892705156764,womens-tops,速干衣速干跨境女士健身服运动上衣健身衣长袖瑜伽拉链外套,Long-Sleeve Women’s Jacket,19.5,2.86,https://detail.1688.com/offer/892705156764.html,included,
951345821808,womens-tops,亚马逊欧美外贸2026新款纽扣绞花女式长袖针织开衫上衣外套毛衣女,Long-Sleeve Women’s Cardigan,64,9.38,https://detail.1688.com/offer/951345821808.html,included,
1036866407812,womens-tops,亚马逊女士方领罗纹T恤无袖弹力修身基本款背心上衣性感辣妹女,Sleeveless Women’s T-Shirt,10.3,1.51,https://detail.1688.com/offer/1036866407812.html,included,
1042757048572,womens-tops,真丝衬衫女2026新款春季上衣透气高端衬衣19姆通勤桑蚕丝长袖衬衫,Long-Sleeve Women’s Blouse,225,32.99,https://detail.1688.com/offer/1042757048572.html,included,
1079710341648,womens-tops,白色上衣衬衫女士休闲装女装加工定制来图来样定制小量起订OEM,Women’s Blouse,68,9.97,https://detail.1688.com/offer/1079710341648.html,included,
904331827450,womens-tops,春季新款短袖纽扣亨利衫针织收腰显瘦内搭打底衫运动瑜伽服上衣,Short-Sleeve Women’s Top,43,6.3,https://detail.1688.com/offer/904331827450.html,included,
1086782869463,womens-tops,跨境连帽女装宠物猫咪口袋休闲卫衣女士拉链长袖连帽加绒上衣,,34,,https://detail.1688.com/offer/1086782869463.html,held,product-identification-or-relevance-review
1086123244908,womens-tops,NEIHE内赫一字肩软糯亲肤慵懒细马海羊毛衣女冬季新款上衣260110,Women’s Jumper,325,47.65,https://detail.1688.com/offer/1086123244908.html,included,
1043992937679,womens-tops,2026春夏新款修身波点衬衣女跨境欧美设计感气质通勤百搭上衣,Women’s Blouse,50,7.33,https://detail.1688.com/offer/1043992937679.html,included,
1082277147347,womens-tops,2026欧美跨境秋冬新款半拉链女士卫衣3d数码印花条纹宽松长袖上衣,Long-Sleeve Striped Printed Women’s Sweatshirt,26,3.81,https://detail.1688.com/offer/1082277147347.html,included,
1057816391542,womens-tops,开衫毛衣外套女春秋季2026年新款女士外搭短款洋气V领上衣潮,V-Neck Women’s Cardigan,53,7.77,https://detail.1688.com/offer/1057816391542.html,included,
1087417587150,womens-tops,秋冬绵羊毛堆堆领保暖上衣女抗菌四面弹修身内搭长袖打底衫发热衣,Long-Sleeve Women’s Top,22,3.23,https://detail.1688.com/offer/1087417587150.html,included,
1051675396026,womens-tops,跨境2026亚马逊夏季新品时尚优雅V领花边瑞士点衬衣短袖休闲上衣,Short-Sleeve V-Neck Women’s Blouse,27,3.96,https://detail.1688.com/offer/1051675396026.html,included,
845969653821,womens-tops,2025秋冬欧美圆领针织打底衫女简约时尚拼接内搭白色长袖上衣女装,Long-Sleeve Round-Neck Women’s Top,29.5,4.33,https://detail.1688.com/offer/845969653821.html,included,
1090009096537,womens-tops,欧美跨境欧美时尚亚马逊休闲圆领带口袋宽松舒适可调节袖款上衣女,Round-Neck Relaxed-Fit Women’s Top,32,4.69,https://detail.1688.com/offer/1090009096537.html,included,
987070263444,womens-tops,跨境新款时尚气质瑜伽长袖上衣套装健身运动长裤普拉提速干两件套,Long-Sleeve Women’s Top,91,13.34,https://detail.1688.com/offer/987070263444.html,included,
977675655760,womens-tops,雪花绒秋冬半高领打底衫女加绒加厚保暖秋衣打底内搭女士修身上衣,Women’s Top,65.9,9.66,https://detail.1688.com/offer/977675655760.html,included,
1075800906929,womens-tops,2026欧美独立站跨境亚马逊新款女士休闲宽松波点上衣长袖卫衣假两,Long-Sleeve Relaxed-Fit Women’s Sweatshirt,41,6.01,https://detail.1688.com/offer/1075800906929.html,included,
1077783927883,womens-tops,轻薄款女士上衣长袖衬衫加工定制女装来图来样加工定制,Long-Sleeve Women’s Blouse,59,8.65,https://detail.1688.com/offer/1077783927883.html,included,
1018934991970,womens-tops,高级感短袖纯色翻领针织衫夏季2026新款跨境现货修身显瘦上衣女装,Short-Sleeve Women’s Jumper,17.75,2.6,https://detail.1688.com/offer/1018934991970.html,included,
996650992919,womens-tops,定制新品2025双面德绒女士卫衣t恤潮流卫衣男女同款保暖长袖上衣,Long-Sleeve Women’s T-Shirt,21,3.08,https://detail.1688.com/offer/996650992919.html,included,
997227914959,womens-tops,跨境女装欧美时尚优雅短袖简约斜肩上衣内搭T外贸亚马逊250365,Short-Sleeve Women’s Top,9.08,1.33,https://detail.1688.com/offer/997227914959.html,included,
1055585493311,womens-tops,部分现2026夏季韩系新款设计蕾丝镂空花边小飞袖小衫古早感上衣女,Women’s Top,129,18.91,https://detail.1688.com/offer/1055585493311.html,included,
975037839633,womens-tops,秋冬女装跨境欧美女士套头衫一字领露肩宽松上衣随机混色钩花毛衣,Relaxed-Fit Women’s Jumper,36,5.28,https://detail.1688.com/offer/975037839633.html,included,
1076681306650,womens-tops,2026跨境欧美亚马逊新款女式优雅通勤蕾丝拼接上衣蕾丝女装,Women’s Top,32,4.69,https://detail.1688.com/offer/1076681306650.html,included,
1078912796889,womens-tops,亚马逊跨境欧美时尚新款花卉刺绣网纱荷叶边袖假领长袖上衣女装,Long-Sleeve Women’s Top,35,5.13,https://detail.1688.com/offer/1078912796889.html,included,
1082237646729,womens-tops,秋季新款费尔岛提花羊绒衫女款宽松针织毛衣条纹连帽领打底衫上衣,Striped Relaxed-Fit Hooded Women’s Jumper,447.5,65.62,https://detail.1688.com/offer/1082237646729.html,included,
610538992816,womens-tops,春夏新款女士短袖圆领运动T恤跑步健身上衣修身透气瑜伽短袖S2067,Short-Sleeve Round-Neck Women’s T-Shirt,21,3.08,https://detail.1688.com/offer/610538992816.html,included,
965730248577,womens-tops,欧美跨境2026春夏亚马逊新休闲衬衫荷叶边褶皱圆领短袖上衣时尚女,Short-Sleeve Round-Neck Women’s Blouse,24.5,3.59,https://detail.1688.com/offer/965730248577.html,included,
1083949210662,womens-tops,韩系小众设计感斜肩长袖t恤女春秋新款露锁骨显气质女士打底上衣,Long-Sleeve Women’s T-Shirt,21,3.08,https://detail.1688.com/offer/1083949210662.html,included,
768718499649,womens-tops,卢浮秋季新款日系街头简约圆领T恤宽松挺括亲肤舒适休闲上衣女,Round-Neck Relaxed-Fit Women’s T-Shirt,97,14.22,https://detail.1688.com/offer/768718499649.html,included,
988936568860,womens-tops,卢浮冬季新款韩版时髦双面呢肩部门襟设计T恤带披肩宽松上衣女,Relaxed-Fit Women’s T-Shirt,715,104.84,https://detail.1688.com/offer/988936568860.html,included,
988451460452,womens-tops,亚马逊欧美2025新款女士卫衣跨境休闲纯色加绒连帽长袖卫衣上衣女,Long-Sleeve Hooded Women’s Sweatshirt,30,4.4,https://detail.1688.com/offer/988451460452.html,included,
713525408437,womens-tops,TB女士春秋新款针织棉开衫休闲百搭男同款后背花朵开衫V领上衣,V-Neck Women’s Cardigan,290,42.52,https://detail.1688.com/offer/713525408437.html,included,
971122346196,womens-tops,TB女士秋冬季新款嵌花圆领毛衣休闲百搭大鹅嵌花毛衣圆领上衣,Round-Neck Women’s Jumper,230,33.72,https://detail.1688.com/offer/971122346196.html,included,
1083574271442,womens-tops,2026欧美跨境新款女式格子衬衫长袖翻领休闲宽松口袋上衣外套,Long-Sleeve Checked Relaxed-Fit Women’s Blouse,32,4.69,https://detail.1688.com/offer/1083574271442.html,included,
922003254137,womens-tops,2026跨境亚马逊新款女士圆领T恤7分袖纯色上衣,Round-Neck Women’s T-Shirt,20,2.93,https://detail.1688.com/offer/922003254137.html,included,
674244112224,womens-tops,秋冬圣诞上衣女外贸跨境套头女式毛衣圣诞节新款针织衫女工厂直供,Women’s Jumper,33,4.84,https://detail.1688.com/offer/674244112224.html,included,
906969322790,womens-tops,220g圆领正肩上衣女显瘦短袖t恤爆款修身基础款多巴胺大码跨境,Short-Sleeve Round-Neck Women’s T-Shirt,16,2.35,https://detail.1688.com/offer/906969322790.html,included,
1086792085855,womens-tops,跨境连帽女装宠物猫咪休闲卫衣亚马逊女士拉链长袖连帽加绒上衣,,38,,https://detail.1688.com/offer/1086792085855.html,held,product-identification-or-relevance-review
1069902651116,womens-tops,跨境欧美夏季新款纯色短袖女款宽松圆领休闲扭结T恤上衣跨境爆款,Short-Sleeve Round-Neck Relaxed-Fit Women’s T-Shirt,3590,526.39,https://detail.1688.com/offer/1069902651116.html,included,
1009953232120,womens-tops,跨境欧美亚马逊新款时尚女款衬衫宽领露肩性感舒适休闲纯色上衣,Women’s Blouse,45,6.6,https://detail.1688.com/offer/1009953232120.html,included,
1086543267914,womens-tops,跨境连帽女装宠物猫咪口袋休闲卫衣女士拉链长袖连帽加绒上衣,,36,,https://detail.1688.com/offer/1086543267914.html,held,product-identification-or-relevance-review
961962878779,womens-tops,秋冬咖色圆领修身显瘦长袖T恤女百搭韩版辣妹穿搭打底上衣女潮,Long-Sleeve Round-Neck Women’s T-Shirt,8,1.17,https://detail.1688.com/offer/961962878779.html,included,
963243516047,womens-tops,秋冬黑色圆领修身显瘦长袖T恤女百搭韩版辣妹穿搭打底上衣女潮,Long-Sleeve Round-Neck Women’s T-Shirt,8,1.17,https://detail.1688.com/offer/963243516047.html,included,
1083159706414,womens-tops,2026欧美跨境女士卫衣3d数码印花舒适休闲宽松秋冬款长袖上衣外套,Long-Sleeve Printed Relaxed-Fit Women’s Sweatshirt,26,3.81,https://detail.1688.com/offer/1083159706414.html,included,
1072062287875,womens-tops,美式复古印花正肩短袖t恤夏辣妹显瘦短款上衣女士2026新款设计感,Short-Sleeve Printed Women’s T-Shirt,14.66,2.15,https://detail.1688.com/offer/1072062287875.html,included,
1073004770731,womens-tops,韩系大码遮肉蝙蝠袖亨利领短袖/长袖女秋夏抽褶收腰显瘦透气上衣,Short-Sleeve Long-Sleeve Women’s Top,36.3,5.32,https://detail.1688.com/offer/1073004770731.html,included,
651025235468,womens-tops,纯色德绒堆堆高领打底衫女内搭秋冬季加绒加厚长袖打底衣紧身t恤,Long-Sleeve Women’s T-Shirt,18,2.64,https://detail.1688.com/offer/651025235468.html,included,
879839045240,womens-tops,纯棉230g螺纹长袖圆领男大码宽松打底白色T恤女时尚休闲休闲百搭,Long-Sleeve Round-Neck Relaxed-Fit Women’s T-Shirt,16.5,2.42,https://detail.1688.com/offer/879839045240.html,included,
859691435146,womens-tops,BM风 白色花边领蝴蝶结打底吊带背心女bm新款辣妹风修身内搭上衣,Women’s Vest Top,9.8,1.44,https://detail.1688.com/offer/859691435146.html,included,
992694946774,womens-tops,新款时尚美拉德灯芯绒外套女士复古翻领短外套秋冬宽松显瘦上衣,Relaxed-Fit Women’s Jacket,149,21.85,https://detail.1688.com/offer/992694946774.html,included,
823504292553,womens-tops,DP全棉成衣免烫高档抗皱衬衫女士修身职业装通勤简约短袖衬衣女款,Short-Sleeve Women’s Blouse,93,13.64,https://detail.1688.com/offer/823504292553.html,included,
1084100278357,womens-tops,女士圆领保暖上衣内穿修身显瘦打底长袖秋冬加绒发热护背女式秋衣,Long-Sleeve Round-Neck Women’s Top,18,2.64,https://detail.1688.com/offer/1084100278357.html,included,
1038466771605,womens-tops,H194欧美跨境货源长袖圆领长袖特色印花女士T恤卫衣上衣,Long-Sleeve Round-Neck Printed Women’s T-Shirt,36,5.28,https://detail.1688.com/offer/1038466771605.html,included,
1079771884944,womens-tops,三宅褶皱设计感洋气宽松上衣轻薄长袖简约百搭2026宽松圆领气质t,Long-Sleeve Round-Neck Relaxed-Fit Women’s Top,98,14.37,https://detail.1688.com/offer/1079771884944.html,included,
700114459739,womens-tops,夏季透气女短袖白衬衫OL修身职业装面试工作服棉质V领衬衣正装,Short-Sleeve V-Neck Women’s Blouse,27,3.96,https://detail.1688.com/offer/700114459739.html,included,
962662109818,womens-tops,跨境紧身无缝假两件运动上衣长袖跑步健身运动上衣外穿瑜伽服上衣,Long-Sleeve Women’s Top,49,7.18,https://detail.1688.com/offer/962662109818.html,included,
1068417222027,womens-tops,2026亚马逊独立站欧美跨境多色多码现货休闲风女士衬衫,Women’s Blouse,25,3.67,https://detail.1688.com/offer/1068417222027.html,included,
1076422582760,womens-tops,欧美跨境爆款丝绒高领连体衣女长袖大露背性感修身内搭打底衫上衣,Long-Sleeve Women’s Top,32,4.69,https://detail.1688.com/offer/1076422582760.html,included,
1021355936163,womens-tops,230g螺纹打底百搭纯色夏季短袖女士打底T恤弹力薄款上衣短袖,Short-Sleeve Women’s T-Shirt,14,2.05,https://detail.1688.com/offer/1021355936163.html,included,
921860601964,womens-tops,修身短袖翻领上衣2024夏季新款螺纹紧身撞色欧美气质针织衫,Short-Sleeve Women’s Jumper,45.58,6.68,https://detail.1688.com/offer/921860601964.html,included,
1088321285680,womens-tops,莫代尔2026年秋季新款小立领打底衫女内搭韩版长袖T恤女休闲上衣,Long-Sleeve Women’s T-Shirt,38,5.57,https://detail.1688.com/offer/1088321285680.html,included,
991167730838,womens-tops,跨境秋款显瘦裸感瑜伽长袖普拉提运动健身瑜伽服上衣,Long-Sleeve Women’s Top,19.9,2.92,https://detail.1688.com/offer/991167730838.html,included,
1088446012612,womens-tops,欧美跨境爆款条纹刺绣长袖衬衫女立领抽绳收腰灯笼袖休闲短款上衣,Long-Sleeve Striped Women’s Blouse,32,4.69,https://detail.1688.com/offer/1088446012612.html,included,
1081887989338,womens-tops,2026年秋冬季新款莫代尔T恤女内搭立领长袖上衣女休闲打底衫薄款,Long-Sleeve Women’s T-Shirt,38,5.57,https://detail.1688.com/offer/1081887989338.html,included,
920659419069,womens-tops,亚马逊外贸欧美跨境独立站2024 春秋季纯色v领针织衫宽松上衣女装,V-Neck Relaxed-Fit Women’s Jumper,41.3,6.06,https://detail.1688.com/offer/920659419069.html,included,
1085818263066,womens-tops,欧美跨境爆款豹纹蛇纹网纱长袖上衣女圆领修身褶皱透视辣妹打底衫,Long-Sleeve Round-Neck Women’s Top,23,3.37,https://detail.1688.com/offer/1085818263066.html,included,
1087239305185,womens-tops,AMI爱心刺绣条纹衬衫休闲宽松棉质衬衣男女情侣长袖上衣跨境代发,Long-Sleeve Striped Relaxed-Fit Women’s Blouse,73,10.7,https://detail.1688.com/offer/1087239305185.html,included,
987284868716,womens-tops,狗狗宽松长袖美式爱2025休闲秋季上衣T恤插肩袖复古男女撞色百搭,Long-Sleeve Relaxed-Fit Women’s T-Shirt,5,0.73,https://detail.1688.com/offer/987284868716.html,included,
733171467687,womens-tops,支持质检无缝100%纯羊毛2026一线成衣秋冬新短款圆领针织打底毛衣,Round-Neck Women’s Jumper,43,6.3,https://detail.1688.com/offer/733171467687.html,included,
1084722769122,womens-tops,燕麦色小猫刺绣毛衣女2026早秋季新款胖mm假两件宽松休闲针织上衣,Relaxed-Fit Women’s Jumper,38,5.57,https://detail.1688.com/offer/1084722769122.html,included,
1083743535817,womens-tops,捷展女装|仿麻感假两件女士长袖26秋冬新品潮牌运动纯棉印花T恤女,Long-Sleeve Printed Women’s T-Shirt,54,7.92,https://detail.1688.com/offer/1083743535817.html,included,
1082265755048,womens-tops,2026秋季新款韩系条纹针织衫女假两件蕾丝拼接V领扭结设计感上衣,V-Neck Striped Women’s Jumper,23,3.37,https://detail.1688.com/offer/1082265755048.html,included,
934032595053,womens-tops,纯欲温柔bm风带胸垫假两件短袖t恤女夏季甜辣挂脖系带修身短上衣,Short-Sleeve Women’s T-Shirt,15.5,2.27,https://detail.1688.com/offer/934032595053.html,included,
590147132235,womens-tops,春夏少女装学院风polo纯棉女装幼儿园老师上衣聚会教师节短袖T恤,Short-Sleeve Women’s T-Shirt,39.21,5.75,https://detail.1688.com/offer/590147132235.html,included,
1032991966371,womens-tops,日系潮牌格纹猿人头短袖T恤男女同款 夏季纯棉宽松圆领半袖上衣,Short-Sleeve Round-Neck Checked Women’s T-Shirt,24.8,3.64,https://detail.1688.com/offer/1032991966371.html,included,
739710214443,womens-tops,仿水貂打底毛衣女上衣秋冬新款慵懒风中长款套头软糯上衣针织衫,Women’s Jumper,29,4.25,https://detail.1688.com/offer/739710214443.html,included,
1080873560231,womens-tops,【纯色V领短袖T恤】正肩V领短袖修身显瘦t恤 女高级锁骨侧边褶皱,Short-Sleeve V-Neck Women’s T-Shirt,12.63,1.85,https://detail.1688.com/offer/1080873560231.html,included,
1080533808187,womens-tops,直播爆款薄绒面保暖打底衫2025秋冬季长袖T恤女百搭上衣,Long-Sleeve Women’s T-Shirt,27,3.96,https://detail.1688.com/offer/1080533808187.html,included,
1080427292818,womens-tops,一件代发爆款2026春秋季印花网纱打底衫显瘦半高领长袖T恤女上衣,Long-Sleeve Printed Women’s T-Shirt,30,4.4,https://detail.1688.com/offer/1080427292818.html,included,
1079884588077,womens-tops,高品质纯棉长袖T恤女2026新款秋季宽松休闲高级感圆领印花上衣潮,Long-Sleeve Round-Neck Printed Women’s T-Shirt,17.9,2.62,https://detail.1688.com/offer/1079884588077.html,included,
1079863308720,womens-tops,2026新款春秋季纯棉长袖t恤女宽松内搭休闲百搭显瘦高级感打底衫,Long-Sleeve Relaxed-Fit Women’s T-Shirt,17.9,2.62,https://detail.1688.com/offer/1079863308720.html,included,
1079791465497,womens-tops,夏季新款百搭纯色宽松圆领长袖冰丝防晒T恤打底衫女外罩衫女,Long-Sleeve Round-Neck Relaxed-Fit Women’s T-Shirt,7.3,1.07,https://detail.1688.com/offer/1079791465497.html,included,
1079759081286,womens-tops,小马刺绣元气粉色POLO领短袖针织衫女夏季独特超好看单穿小衫上衣,Short-Sleeve Women’s Jumper,48,7.04,https://detail.1688.com/offer/1079759081286.html,included,
1079695741126,womens-tops,83104女士户外运动上衣2026秋季新款圆领速干打底衫长袖T恤潮显瘦,Long-Sleeve Round-Neck Women’s T-Shirt,50,7.33,https://detail.1688.com/offer/1079695741126.html,included,
1079670740853,womens-tops,女士半高领加绒打底衫长袖修身保暖内搭亲肤弹力立领半拉链打底衣,Long-Sleeve Women’s Top,22,3.23,https://detail.1688.com/offer/1079670740853.html,included,
1079651548269,womens-tops,秋冬韩系温柔慵懒设计感长袖针织衫女宽松显瘦百搭套头毛衣打底衫,Long-Sleeve Relaxed-Fit Women’s Jumper,33.86,4.96,https://detail.1688.com/offer/1079651548269.html,included,
1079497161942,womens-tops,欧美2026纯色丝绒绑带假两件套女上衣短款扣饰小披肩搭配交叉系带,Women’s Top,35.86,5.26,https://detail.1688.com/offer/1079497161942.html,included,
1079440048605,womens-tops,2026秋季新款插肩袖纯棉正肩长袖女T恤小众时尚百搭显瘦内搭上衣,Long-Sleeve Women’s T-Shirt,30,4.4,https://detail.1688.com/offer/1079440048605.html,included,
1079378444085,womens-tops,竹节拉架 秋季新款洋气纯色连帽纽扣长袖T恤女百搭时尚显瘦上衣,Long-Sleeve Hooded Women’s T-Shirt,19,2.79,https://detail.1688.com/offer/1079378444085.html,included,
1079270444631,womens-tops,2026新款莫代尔长袖打底衫女修身内搭洋气显瘦半高领上衣,Long-Sleeve Women’s Top,16.5,2.42,https://detail.1688.com/offer/1079270444631.html,included,
1079243821853,womens-tops,————————【实拍】L~露女士一字领长袖T恤 082901,Long-Sleeve Women’s T-Shirt,68,9.97,https://detail.1688.com/offer/1079243821853.html,included,
1079122853994,womens-tops,秋冬新款莱赛尔圆领长袖女纯色简约舒适百搭休闲基础款打底衫,Long-Sleeve Round-Neck Women’s Top,28,4.11,https://detail.1688.com/offer/1079122853994.html,included,
1079122581139,womens-tops,跨境新款荷叶边娃娃领针织衫女长袖灯笼袖套头毛衣秋冬温柔风上衣,Long-Sleeve Women’s Jumper,37,5.43,https://detail.1688.com/offer/1079122581139.html,included,
1079068781248,womens-tops,32070#秋冬新款奢感螺纹羊毛蕾丝半高领内搭打底衫长袖小众上衣女,Long-Sleeve Women’s Top,45,6.6,https://detail.1688.com/offer/1079068781248.html,included,
1079067749533,womens-tops,德绒发热保暖衣内搭女秋冬艾草润肤抗菌秋衣修身显瘦半高领打底衫,Women’s Top,8.5,1.25,https://detail.1688.com/offer/1079067749533.html,included,
1079007157770,womens-tops,32055#秋冬高级感丝绒高领薄款打底衫气质优雅套头保暖长袖上衣女,Long-Sleeve Women’s Top,45,6.6,https://detail.1688.com/offer/1079007157770.html,included,
1079455577652,womens-tops,68291秋季女士新款凉感吸湿速干透气长袖 T 恤弹性打底上衣,Long-Sleeve Women’s Top,60,8.8,https://detail.1688.com/offer/1079455577652.html,included,
1078870640392,womens-tops,跨境专供欧美秋冬V领坑条针织打底衫女不规则下摆长袖内搭上衣,Long-Sleeve V-Neck Women’s Top,37.5,5.5,https://detail.1688.com/offer/1078870640392.html,included,
1078715210468,womens-tops,一件代发爆款印花半高领打底衫2026春秋季网纱长袖T恤女百搭上衣,Long-Sleeve Printed Women’s T-Shirt,30,4.4,https://detail.1688.com/offer/1078715210468.html,included,
1078691938237,womens-tops,秋季新款女士韩系百搭显瘦圆领轻薄透气长袖T恤A0941,Long-Sleeve Round-Neck Women’s T-Shirt,85,12.46,https://detail.1688.com/offer/1078691938237.html,included,
1078541758490,womens-tops,一件代发2026秋季新款时尚黑色丝绒打底衫长袖T恤内搭上衣女装,Long-Sleeve Women’s T-Shirt,31,4.55,https://detail.1688.com/offer/1078541758490.html,included,
1078486962496,womens-tops,优质纯棉长袖t恤女秋季新款女装时尚韩版胖mm宽松显瘦内搭上衣ins,Long-Sleeve Relaxed-Fit Women’s T-Shirt,17.9,2.62,https://detail.1688.com/offer/1078486962496.html,included,
1078439352364,womens-tops,女士春秋冬款B家半拉链打底衫,Women’s Top,75,11.0,https://detail.1688.com/offer/1078439352364.html,included,
1078355281364,womens-tops,欧美跨境秋冬新款纯色女士丝绒T恤宽松复古休闲长袖圆领常规上衣,Long-Sleeve Round-Neck Relaxed-Fit Women’s T-Shirt,35,5.13,https://detail.1688.com/offer/1078355281364.html,included,
1078228598163,womens-tops,秋冬华棉350g重磅连帽开衫卫衣女宽松拉链外套男女同款休闲上衣,Relaxed-Fit Hooded Women’s Cardigan,39.8,5.84,https://detail.1688.com/offer/1078228598163.html,included,
1078187877860,womens-tops,文艺短袖针织衫2026复古简约丝巾圆领柔软显瘦百搭休闲套头上衣女,Short-Sleeve Round-Neck Women’s Jumper,38,5.57,https://detail.1688.com/offer/1078187877860.html,included,
1078180001711,womens-tops,春秋新款韩系拼色条纹叠穿针织开衫女设计感毛衣外套两件式上衣,Striped Women’s Cardigan,29,4.25,https://detail.1688.com/offer/1078180001711.html,included,
1078045042291,womens-tops,宽松印花纯棉长袖t恤2026新款春秋季女装休闲百搭洋气中长款上衣,Long-Sleeve Printed Relaxed-Fit Women’s T-Shirt,17.9,2.62,https://detail.1688.com/offer/1078045042291.html,included,
1077977125267,womens-tops,2026秋冬款醋酸羊毛圆领打底衫女内搭修身高级感新款休闲长袖t恤,Long-Sleeve Round-Neck Women’s T-Shirt,33,4.84,https://detail.1688.com/offer/1077977125267.html,included,
1077820298426,womens-tops,瑜伽运动吊带背心女士一体带胸垫夏季跑步健身防震收副乳美背内衣,Women’s Vest Top,11.8,1.73,https://detail.1688.com/offer/1077820298426.html,included,
1077819043274,womens-tops,跨境外贸批发2026夏季新款欧美时尚女装长袖大廓形混纺长袖衬衫,Long-Sleeve Women’s Blouse,45,6.6,https://detail.1688.com/offer/1077819043274.html,included,
1077805080241,womens-tops,2026秋冬亚马逊跨境新款女士华夫格翻领长袖T恤 宽松休闲套头上衣,Long-Sleeve Relaxed-Fit Women’s T-Shirt,34,4.99,https://detail.1688.com/offer/1077805080241.html,included,
1077776801319,womens-tops,【现货代发】秋季新款女法式系带花边领钉珠衬衫时尚长袖缎面衬衣,Long-Sleeve Women’s Blouse,26,3.81,https://detail.1688.com/offer/1077776801319.html,included,
1077755095756,womens-tops,女装跨境新款A/0美式螺纹工字吊带背心运动修身显瘦辣妹女上衣,Women’s Vest Top,32,4.69,https://detail.1688.com/offer/1077755095756.html,included,
1077754576542,womens-tops,2026秋季新款蓝色条纹衬衫女长袖翻领通勤风百搭上衣简约精致衬衣,Long-Sleeve Striped Women’s Blouse,92,13.49,https://detail.1688.com/offer/1077754576542.html,included,
1077728821303,womens-tops,新款半高领蕾丝叠穿内搭小衫女秋冬新款透视网纱打底衫女长袖,Long-Sleeve Women’s Top,7.5,1.1,https://detail.1688.com/offer/1077728821303.html,included,
1077669603786,womens-tops,2026亚马逊欧美跨境秋季新款丝绒女装交叉V领褶皱长袖T恤休闲上衣,Long-Sleeve V-Neck Women’s T-Shirt,26,3.81,https://detail.1688.com/offer/1077669603786.html,included,
1077625761850,womens-tops,跨境女式夏季针织短袖上衣亚麻娃娃领欧美新款休闲2026独立站,Short-Sleeve Women’s Top,24,3.52,https://detail.1688.com/offer/1077625761850.html,included,
1077547064700,womens-tops,紧身针织开衫女短款厚款修身韩版秋冬新款毛衣复古长袖小外套上衣,Long-Sleeve Women’s Cardigan,18.8,2.76,https://detail.1688.com/offer/1077547064700.html,included,
1077540547163,womens-tops,大码设计感2026白色短袖衬衫女早春新款胖MM显瘦休闲百搭翻领上衣,Short-Sleeve Women’s Blouse,19.99,2.93,https://detail.1688.com/offer/1077540547163.html,included,
1077534647084,womens-tops,跨境外贸法式美背吊带蕾丝文胸内穿外搭罩杯一体式吊带蕾丝美背女,Women’s Vest Top,10.8,1.58,https://detail.1688.com/offer/1077534647084.html,included,
1077508427887,womens-tops,0763  女款长袖打底衫,Long-Sleeve Women’s Top,60,8.8,https://detail.1688.com/offer/1077508427887.html,included,
1077452363249,womens-tops,2026新款春秋夏季大码宽松纯棉长袖t恤女条纹上衣内搭打底衫,Long-Sleeve Striped Relaxed-Fit Women’s T-Shirt,25.5,3.74,https://detail.1688.com/offer/1077452363249.html,included,
1077451599005,womens-tops,2026新款半高领正肩磨毛短袖t恤女小众时尚减龄洋气上衣打底衫潮,Short-Sleeve Women’s T-Shirt,30,4.4,https://detail.1688.com/offer/1077451599005.html,included,
1077405115755,womens-tops,慵懒风～时髦落肩袖宽松显瘦长袖T恤打底衫女上衣26秋新款H082913,Long-Sleeve Relaxed-Fit Women’s T-Shirt,71,10.41,https://detail.1688.com/offer/1077405115755.html,included,
1077360189751,womens-tops,毛衣内搭新款打底衫修身西装女式针织衫洋气长袖半高领女外搭上衣,Long-Sleeve Women’s Jumper,14.8,2.17,https://detail.1688.com/offer/1077360189751.html,included,
1077284428358,womens-tops,现货 小众设计火柴人度假印花水洗蓝色圆领短袖T恤女修身显瘦上衣,Short-Sleeve Round-Neck Printed Women’s T-Shirt,79,11.58,https://detail.1688.com/offer/1077284428358.html,included,
1077265732122,womens-tops,正肩方领短袖T恤女2026夏季新款休闲显瘦百搭上衣ins韩版修身T恤,Short-Sleeve Women’s T-Shirt,12.8,1.88,https://detail.1688.com/offer/1077265732122.html,included,
1077191713815,womens-tops,欧美跨境秋冬新款纯色荷叶边V领修身长袖套头毛衣时尚气质女装,Long-Sleeve V-Neck Women’s Jumper,44,6.45,https://detail.1688.com/offer/1077191713815.html,included,
1077164584730,womens-tops,胸前圆弧形设计薄款 女士圆领莱赛尔打底衫长袖T恤衫瑜伽打底上衣,Long-Sleeve Round-Neck Women’s T-Shirt,58,8.5,https://detail.1688.com/offer/1077164584730.html,included,
1077150726981,womens-tops,纯棉300斤胖mm收腰小衫正肩短袖大码t恤女装夏季胖MM显瘦休闲上衣,Short-Sleeve Women’s T-Shirt,34.1,5.0,https://detail.1688.com/offer/1077150726981.html,included,
1077149156857,womens-tops,圆领羊毛打底衫女2026新款春秋米白色针织衫软糯薄款洋气内搭上衣,Round-Neck Women’s Jumper,65.9,9.66,https://detail.1688.com/offer/1077149156857.html,included,
1077103045506,womens-tops,欧美秋冬新品跨境女装独立站荷叶边V领不规则下摆长袖上衣衬衫女,Long-Sleeve V-Neck Women’s Blouse,29,4.25,https://detail.1688.com/offer/1077103045506.html,included,
1077064601857,womens-tops,女装新款韩版半高中领上衣2026秋冬新款洋气套头针织毛衣打底衫女,Women’s Jumper,26,3.81,https://detail.1688.com/offer/1077064601857.html,included,
1077006638508,womens-tops,设计感翻领外套女2026秋冬新款软糯纯色毛衣时尚开衫厚百搭针织衫,Women’s Cardigan,102,14.96,https://detail.1688.com/offer/1077006638508.html,included,
1076989354816,womens-tops,诠释优雅 基础款V领针织衫女修身内搭打底衫直播爆款显瘦长袖上衣,Long-Sleeve V-Neck Women’s Jumper,49.9,7.32,https://detail.1688.com/offer/1076989354816.html,included,
1076948963937,womens-tops,LiHniEr李慧儿月蒙尘 淡人高知老钱风穿搭女半高领针织衫上衣,Women’s Jumper,78,11.44,https://detail.1688.com/offer/1076948963937.html,included,
1076903307399,womens-tops,欧美跨境纯色坑条针织开衫上衣女秋冬双拉链立领毛衣外套女装批发,Women’s Cardigan,37,5.43,https://detail.1688.com/offer/1076903307399.html,included,
1076888069354,womens-tops,2026亚马逊欧美跨境秋季新款女装交叉V领褶皱长袖T恤休闲上衣女,Long-Sleeve V-Neck Women’s T-Shirt,23,3.37,https://detail.1688.com/offer/1076888069354.html,included,
1076873945926,womens-tops,2026亚马逊欧美跨境秋季新款丝绒女装交叉V领褶皱长袖T恤休闲上衣,Long-Sleeve V-Neck Women’s T-Shirt,26,3.81,https://detail.1688.com/offer/1076873945926.html,included,
1076852630569,womens-tops,跨境2026秋装时尚假两件上衣女针织衫拼接条纹衬衫女减龄百搭衬衣,Striped Women’s Blouse,44.6,6.54,https://detail.1688.com/offer/1076852630569.html,included,
1076852356521,womens-tops,衣橱刚需秋季新品温柔显瘦半高领抽绳小飞袖不规则打底T恤女,Women’s T-Shirt,51,7.48,https://detail.1688.com/offer/1076852356521.html,included,
1076830489972,womens-tops,高级感气质黑色中袖T恤小圆领内搭打底衫女春夏基础半袖正肩上衣,Round-Neck Women’s T-Shirt,17,2.49,https://detail.1688.com/offer/1076830489972.html,included,
1076826784348,womens-tops,2026新款中袖春秋半高领拼接网纱打底衫女t恤七分袖高端网纱上衣,Women’s T-Shirt,23.99,3.52,https://detail.1688.com/offer/1076826784348.html,included,
1076756950320,womens-tops,大码正肩Polo领长袖T恤女内搭春秋款褶皱收腰修身短款打底衫上衣,Long-Sleeve Women’s T-Shirt,21,3.08,https://detail.1688.com/offer/1076756950320.html,included,
1076744549025,womens-tops,跨境女装纯欲螺纹镂空紧身长袖t恤女修身辣妹紧身小针织上衣韩系,Long-Sleeve Women’s T-Shirt,46.9,6.88,https://detail.1688.com/offer/1076744549025.html,included,
1076671995254,womens-tops,2026秋季新款纯棉长袖T恤女大码气质圆领宽松时尚休闲ins印花上衣,Long-Sleeve Round-Neck Printed Women’s T-Shirt,59.8,8.77,https://detail.1688.com/offer/1076671995254.html,included,
1076638772807,womens-tops,纯棉正肩短袖T恤女夏季新款圆领宽松显瘦字母印花时尚休闲上衣,Short-Sleeve Round-Neck Printed Women’s T-Shirt,24,3.52,https://detail.1688.com/offer/1076638772807.html,included,
1076552581088,womens-tops,纯欲甜辣妹波点假两件吊带背心女带胸垫外穿内搭显瘦露背美背上衣,Women’s Vest Top,14,2.05,https://detail.1688.com/offer/1076552581088.html,included,
1076516760783,womens-tops,针织开衫女春秋2026新款中年妈妈高级感洋气外搭上衣红色毛衣外套,Women’s Cardigan,101,14.81,https://detail.1688.com/offer/1076516760783.html,included,
1076486629638,womens-tops,2954#夏季新款辣妹风蕾丝花边拼接吊带背心女修身固定带胸垫上衣,Women’s Vest Top,10.8,1.58,https://detail.1688.com/offer/1076486629638.html,included,
1076456774544,womens-tops,衣尔衫 纯色半高领中袖百搭基础修身花边T恤女内搭外穿舒适YE0251,Women’s T-Shirt,66.59,9.76,https://detail.1688.com/offer/1076456774544.html,included,
1076447338438,womens-tops,纯棉重磅220克短袖t恤女定制印logo图案活动服定制男女宽松款上衣,Short-Sleeve Relaxed-Fit Women’s T-Shirt,5,0.73,https://detail.1688.com/offer/1076447338438.html,included,
1076419036511,womens-tops,白色带胸垫吊带背心女秋冬内搭外穿美背挂脖吊带打底衫短款上衣,Women’s Vest Top,16.8,2.46,https://detail.1688.com/offer/1076419036511.html,included,
1076404186678,womens-tops,春秋新款时尚休闲圆领纯棉长袖t恤简约百搭中长款大码套头上衣女,Long-Sleeve Round-Neck Women’s T-Shirt,17.9,2.62,https://detail.1688.com/offer/1076404186678.html,included,
1076367579892,womens-tops,莫代尔半高领打底衫秋冬外穿正肩长袖上衣保暖修身气质女装内穿搭,Long-Sleeve Women’s Top,16.5,2.42,https://detail.1688.com/offer/1076367579892.html,included,
1076365251559,womens-tops,新款时尚花边领上衣显瘦长袖春秋百搭打底衫显瘦飘带黑色女士小衫,Long-Sleeve Women’s Top,23,3.37,https://detail.1688.com/offer/1076365251559.html,included,
1076359552309,womens-tops,NEWOPENORIGINAL早秋韩系慵懒松弛软糯显瘦宽松长袖针织衫女F1129,Long-Sleeve Relaxed-Fit Women’s Jumper,119,17.45,https://detail.1688.com/offer/1076359552309.html,included,
1076342570379,womens-tops,2026秋冬新款修身收腰性感V领针织打底衫女,V-Neck Women’s Top,19.9,,https://detail.1688.com/offer/1076342570379.html,held,already-in-existing-catalogue
1076329387229,womens-tops,秋季美式辣妹条纹V领短款收腰紧身长袖t恤女装新款休闲打底衫上衣,Long-Sleeve V-Neck Striped Women’s T-Shirt,18,2.64,https://detail.1688.com/offer/1076329387229.html,included,
1076329187525,womens-tops,2026亚马逊跨境女装舒适百搭t恤休闲圆领正肩长袖外穿内搭上衣,Long-Sleeve Round-Neck Women’s T-Shirt,28,4.11,https://detail.1688.com/offer/1076329187525.html,included,
1076301981993,womens-tops,工厂直供莱赛尔U领双层包边打底女天丝醋酸绵羊毛微修身版型上衣,Women’s Top,27,3.96,https://detail.1688.com/offer/1076301981993.html,included,
1076195784474,womens-tops,52205圆领T恤女2026春秋新款花边修身百搭上衣洋气内搭休闲上衣,Round-Neck Women’s T-Shirt,36,5.28,https://detail.1688.com/offer/1076195784474.html,included,
1076158710760,womens-tops,空调衬衣上衣防晒衬衫女轻薄长袖气质宽松慵懒外搭开衫毛衣格子,Long-Sleeve Checked Relaxed-Fit Women’s Blouse,15.9,2.33,https://detail.1688.com/offer/1076158710760.html,included,
1076091540699,womens-tops,韩系字母圆领条纹长袖针织衫女2026秋季新款修身气质撞色T恤上衣,Long-Sleeve Round-Neck Striped Women’s T-Shirt,65,9.53,https://detail.1688.com/offer/1076091540699.html,included,
1076055959447,womens-tops,半高领打底衫女2026秋冬新款保暖长袖内搭修身洋气上衣,Long-Sleeve Women’s Top,6.3,0.92,https://detail.1688.com/offer/1076055959447.html,included,
1075960880937,womens-tops,外贸新款波点印花卫衣女 慵懒风宽松长袖圆领套头衫侧开叉亚马逊,Long-Sleeve Round-Neck Printed Women’s Sweatshirt,40,5.87,https://detail.1688.com/offer/1075960880937.html,included,
1075865178030,womens-tops,2026亚马逊欧美跨境秋冬新款纯色复古丝绒半拉链立领长袖T恤女,Long-Sleeve Women’s T-Shirt,35,5.13,https://detail.1688.com/offer/1075865178030.html,included,
1075846388601,womens-tops,秋新款款长袖女装上衣A0768,Long-Sleeve Women’s Top,105,15.4,https://detail.1688.com/offer/1075846388601.html,included,
1075824367700,womens-tops,伊琳娜秋冬时尚装饰扣子上衣女显瘦百搭洋气长袖褶皱气质打底衫女,Long-Sleeve Women’s Top,49.9,7.32,https://detail.1688.com/offer/1075824367700.html,included,
1075795147791,womens-tops,一件代发爆款2026春秋季半高领长袖T恤女打底衫显瘦印花网纱上衣,Long-Sleeve Printed Women’s T-Shirt,36,5.28,https://detail.1688.com/offer/1075795147791.html,included,
1075685145208,womens-tops,韩系秋冬季半高领加厚小狗绣花彩色扣宽松针织开衫毛衣女显瘦上衣,Relaxed-Fit Women’s Cardigan,47.8,7.01,https://detail.1688.com/offer/1075685145208.html,included,
1075672160199,womens-tops,跨境高领毛衣女秋冬季新款不规则修身针织衫长袖内搭打底上衣女,Long-Sleeve Women’s Jumper,38,5.57,https://detail.1688.com/offer/1075672160199.html,included,
1075671156641,womens-tops,实拍有货夏日感蓝色系泡泡印花上衣开衫 薄款防晒衣长袖衬衫女,Long-Sleeve Printed Women’s Blouse,37,5.43,https://detail.1688.com/offer/1075671156641.html,included,
1075645801821,womens-tops,秋冬新款半开领纽扣长袖T恤打底衫女内搭修身显瘦设计感保暖上衣,Long-Sleeve Women’s T-Shirt,18,2.64,https://detail.1688.com/offer/1075645801821.html,included,
1075624007265,womens-tops,跨境连帽假两件针织开衫女秋冬百搭时髦洋气宽松外穿毛衣外套女装,Relaxed-Fit Hooded Women’s Cardigan,39,5.72,https://detail.1688.com/offer/1075624007265.html,included,
1075574212598,womens-tops,2026秋季TEMU亚马逊TK跨境女修身长袖T恤早秋正肩上衣修身长袖T恤,Long-Sleeve Women’s T-Shirt,26,3.81,https://detail.1688.com/offer/1075574212598.html,included,
1075559170396,womens-tops,U领短袖正肩T恤女2026夏季新款美式辣妹风纯色基础款修身显瘦上衣,Short-Sleeve Women’s T-Shirt,26,3.81,https://detail.1688.com/offer/1075559170396.html,included,
1075422789011,womens-tops,shein2026上衣宽松V领纽扣拼接长袖T恤女休闲通勤纯色外设计感,Long-Sleeve V-Neck Relaxed-Fit Women’s T-Shirt,31.68,4.65,https://detail.1688.com/offer/1075422789011.html,included,
1075319676679,womens-tops,【星空幻彩】2026秋季新款韩版彩色慵懒棉衫百搭女士宽松显瘦针织,,22,,https://detail.1688.com/offer/1075319676679.html,held,product-identification-or-relevance-review
1075272690008,womens-tops,2026秋季新款港味复古修身显瘦衬衫女宽松中长款韩版格子磨毛外套,Checked Relaxed-Fit Women’s Blouse,20.5,3.01,https://detail.1688.com/offer/1075272690008.html,included,
1075254414721,womens-tops,5700挂脖波点吊带背心女夏季修身显瘦外穿辣妹风短款无袖上衣美背,Sleeveless Women’s Vest Top,11.5,1.69,https://detail.1688.com/offer/1075254414721.html,included,
1075240855808,womens-tops,娇茜婷 蓝色V领条纹防晒长袖T恤女韩系松弛慵懒感宽松罩衫上衣女,Long-Sleeve V-Neck Striped Women’s T-Shirt,49.98,7.33,https://detail.1688.com/offer/1075240855808.html,included,
1075211385009,womens-tops,亚马逊欧美女装 立领排扣衬衫 不规则下摆开叉喇叭袖气质通勤上衣,Women’s Blouse,26,3.81,https://detail.1688.com/offer/1075211385009.html,included,
1075202487995,womens-tops,2026跨境亚马逊气质优雅欧美女装V领蕾丝拼接长袖丝绒上衣女T恤,Long-Sleeve V-Neck Women’s T-Shirt,32,4.69,https://detail.1688.com/offer/1075202487995.html,included,
1075152081672,womens-tops,2025秋季新款衬衫亚马逊独立站wish条纹丝绒拼接衬衫女装上衣,Striped Women’s Blouse,39,5.72,https://detail.1688.com/offer/1075152081672.html,included,
1075114241402,womens-tops,2026亚马逊新款丝绒V领长袖女式T恤欧美时尚优雅上衣跨境外贸女装,Long-Sleeve V-Neck Women’s T-Shirt,26,3.81,https://detail.1688.com/offer/1075114241402.html,included,
1074970256726,womens-tops,2025秋冬新款跨境外贸亚马逊欧美女装坑条时尚V领长袖针织上衣女,Long-Sleeve V-Neck Women’s Top,23,3.37,https://detail.1688.com/offer/1074970256726.html,included,
1074955133997,womens-tops,羊毛混纺半高领针织背心女春秋修身晕染无袖打底衫显瘦内搭上衣,Sleeveless Women’s Vest Top,46,6.74,https://detail.1688.com/offer/1074955133997.html,included,
1074714844524,womens-tops,2026夏季女半高领修身T恤百搭外穿通勤遮肚显瘦印花女士短袖上衣,Short-Sleeve Printed Women’s T-Shirt,23,3.37,https://detail.1688.com/offer/1074714844524.html,included,
1074672873887,womens-tops,一件代发爆款打底衫2026夏季新款时尚彩色条纹短袖T恤女百搭上衣,Short-Sleeve Striped Women’s T-Shirt,25,3.67,https://detail.1688.com/offer/1074672873887.html,included,
1074611798478,womens-tops,白色天丝羊毛高品质长袖打底衫女秋冬季内搭V领磨毛正肩百搭上衣,Long-Sleeve V-Neck Women’s Top,18,2.64,https://detail.1688.com/offer/1074611798478.html,included,
1074578351051,womens-tops,跨境女装V领七分袖竹节棉上衣 百搭显瘦单排扣简约休闲衬衣现货,V-Neck Women’s Blouse,29,4.25,https://detail.1688.com/offer/1074578351051.html,included,
1074553416333,womens-tops,吊带背心2026春夏女内搭带胸垫文胸一体交叉美背内衣打底抹胸上衣,Women’s Vest Top,20.8,3.05,https://detail.1688.com/offer/1074553416333.html,included,
1074525619106,womens-tops,2026秋季新款女装学院风系带假两件长袖圆领T恤TTLA26A37A260KTX,Long-Sleeve Round-Neck Women’s T-Shirt,70,10.26,https://detail.1688.com/offer/1074525619106.html,included,
1074416911730,womens-tops,红色格子衬衫女春秋致漂亮日杂风穿搭设计感港风复古宽松上衣,Checked Relaxed-Fit Women’s Blouse,19.5,2.86,https://detail.1688.com/offer/1074416911730.html,included,
1074375882278,womens-tops,半高领打底衫女秋冬季纯棉内搭长袖T恤修身小立领保暖叠穿上衣,Long-Sleeve Women’s T-Shirt,39,5.72,https://detail.1688.com/offer/1074375882278.html,included,
1074321738987,womens-tops,时尚休闲撞色翻领单排扣假两件衬衫女春秋洋气妈妈装长袖小衫上衣,Long-Sleeve Women’s Blouse,34,4.99,https://detail.1688.com/offer/1074321738987.html,included,
1074301651025,womens-tops,100%纯羊毛高领毛衣女秋季内搭可外穿堆堆领打底衫长袖针织衫上衣,Long-Sleeve Women’s Jumper,78,11.44,https://detail.1688.com/offer/1074301651025.html,included,
1074163138363,womens-tops,莫代尔棉含羊毛打底衫女基础T恤26秋冬女装正肩长袖中领气质上衣,Long-Sleeve Women’s T-Shirt,55,8.06,https://detail.1688.com/offer/1074163138363.html,included,
1074093913253,womens-tops,女士吊带背心夏新款无袖工字背心吊带休闲运动修身显瘦短款螺纹女,Sleeveless Women’s Vest Top,26,3.81,https://detail.1688.com/offer/1074093913253.html,included,
1074043769970,womens-tops,————————【实拍】B~女装纽结长袖T恤衫 081006,Long-Sleeve Women’s T-Shirt,79,11.58,https://detail.1688.com/offer/1074043769970.html,included,
1074020708077,womens-tops,纯欲风甜辣设计感褶皱吊带背心女带胸垫一体杯内搭外穿美背上衣女,Women’s Vest Top,3.45,0.51,https://detail.1688.com/offer/1074020708077.html,included,
1074018885255,womens-tops,基础款圆领长袖打底衫百搭女春秋新款内搭纯色修身显瘦百搭上衣t,Long-Sleeve Round-Neck Women’s Top,11.5,1.69,https://detail.1688.com/offer/1074018885255.html,included,
1073881998207,womens-tops,工字挂脖吊带背心女带胸垫内搭外穿无袖运动健身美背露背上衣,Sleeveless Women’s Vest Top,8.8,1.29,https://detail.1688.com/offer/1073881998207.html,included,
1073733618935,womens-tops,韩系简约半高领打底衫女26秋季新修身内搭弹力基础长袖上衣2049,Long-Sleeve Women’s Top,56,8.21,https://detail.1688.com/offer/1073733618935.html,included,
1073695195889,womens-tops,针织衫圆领麻花针织毛衣女跨境长袖加厚纽花毛衣针织衫新款打底衫,Long-Sleeve Round-Neck Women’s Jumper,40,5.87,https://detail.1688.com/offer/1073695195889.html,included,
1073579143932,womens-tops,短款Polo翻领毛衣外套2026新款春秋修身开衫女士小个子针织上衣减,Women’s Cardigan,101,14.81,https://detail.1688.com/offer/1073579143932.html,included,
1073476462885,womens-tops,【正确版】26火柴人印花长袖T恤女韩版基础宽松圆领情侣纯色上衣,Long-Sleeve Round-Neck Printed Women’s T-Shirt,69,10.12,https://detail.1688.com/offer/1073476462885.html,included,
1073425968208,womens-tops,欧美外贸秋冬新款针织衫跨境V领灯笼袖宽松大码套头纯色毛衣裙女,V-Neck Relaxed-Fit Women’s Jumper,40,5.87,https://detail.1688.com/offer/1073425968208.html,included,
1073331733577,womens-tops,纯棉长袖欧美纯棉美式潮牌卡通正肩袖t恤女新款小众设计感,Long-Sleeve Women’s T-Shirt,21.9,3.21,https://detail.1688.com/offer/1073331733577.html,included,
1073319170833,womens-tops,夏日绝美俏皮小上衣减龄波点蕾丝拼接修身收腰吊带挂脖背心女新款,Women’s Vest Top,10.8,1.58,https://detail.1688.com/offer/1073319170833.html,included,
1073251919679,womens-tops,蓝色打底衫女春秋内搭边半高领针织衫超好看的毛衣上衣黑色,Women’s Jumper,17.4,2.55,https://detail.1688.com/offer/1073251919679.html,included,
1073212235049,womens-tops,（统一版型）多色可选2026欧美风独立站跨境女士长袖荷叶边开衫,Long-Sleeve Women’s Cardigan,50,7.33,https://detail.1688.com/offer/1073212235049.html,included,
1073074437555,womens-tops,夏季速干女短袖圆领 上衣专业透气跑步衣时尚显瘦春夏健身服t恤,Short-Sleeve Round-Neck Women’s T-Shirt,21,3.08,https://detail.1688.com/offer/1073074437555.html,included,
1073002679278,womens-tops,白色三粒纽扣长袖T恤女春夏款韩系慵懒温柔风修身显瘦打底衫上衣,Long-Sleeve Women’s T-Shirt,45,6.6,https://detail.1688.com/offer/1073002679278.html,included,
1073000303381,womens-tops,2026秋季新款条纹正肩纯棉长袖t恤女时尚百搭洋气内搭打底衫上衣,Long-Sleeve Striped Women’s T-Shirt,31,4.55,https://detail.1688.com/offer/1073000303381.html,included,
1073000303102,womens-tops,条纹设计感纯棉长袖t恤女装韩版时尚百搭上衣打底衫2026新款秋季,Long-Sleeve Striped Women’s T-Shirt,31,4.55,https://detail.1688.com/offer/1073000303102.html,included,
1072987846316,womens-tops,2026欧美新款圆领长袖T恤女纯色宽松前短后长不规则上衣时尚休闲,Long-Sleeve Round-Neck Relaxed-Fit Women’s T-Shirt,19,2.79,https://detail.1688.com/offer/1072987846316.html,included,
1072949346570,womens-tops,格子衬衫女2026新款春韩版百搭女上衣宽松复古港味长袖防晒衣衬衫,Long-Sleeve Checked Relaxed-Fit Women’s Blouse,17,2.49,https://detail.1688.com/offer/1072949346570.html,included,
1072905355562,womens-tops,2026初秋新款韩版复古港味衬衣女设计感上衣中长款灯芯绒衬衫外套,Women’s Blouse,28.9,4.24,https://detail.1688.com/offer/1072905355562.html,included,
1072761185295,womens-tops,秋季莱赛尔针织上衣女围裹交叠 V 领飘带系带长袖收腰针织打底衫,Long-Sleeve Women’s Top,77,11.29,https://detail.1688.com/offer/1072761185295.html,included,
1072738657151,womens-tops,深圳南油2026秋女装XSJ4M10D可拆卸毛领单排扣长袖针织衫S260449,Long-Sleeve Women’s Jumper,295,43.26,https://detail.1688.com/offer/1072738657151.html,included,
1072599584284,womens-tops,半高领打底衫女春秋内搭2026新款纯色针织中领立领长袖t恤衫上衣,Long-Sleeve Women’s T-Shirt,8.98,1.32,https://detail.1688.com/offer/1072599584284.html,included,
1072469426283,womens-tops,荷荷巴油柔润保暖内衣女内搭长袖加绒加厚外穿抗起球半高领打底衫,Long-Sleeve Women’s Top,11.5,1.69,https://detail.1688.com/offer/1072469426283.html,included,
1072446755157,womens-tops,2026欧美外贸wish速卖通秋冬新款女装中长款长袖时尚间色开衫毛衣,Long-Sleeve Women’s Cardigan,50,7.33,https://detail.1688.com/offer/1072446755157.html,included,
1072421487052,womens-tops,欧美跨境一字领长袖T恤女美式复古修身弹力打底衫 辣妹风内搭上衣,Long-Sleeve Women’s T-Shirt,22,3.23,https://detail.1688.com/offer/1072421487052.html,included,
1072352263897,womens-tops,条纹连帽T恤女 2026秋新品 韩版宽松休闲简约时尚打底衫上衣 517,Striped Relaxed-Fit Hooded Women’s T-Shirt,65,9.53,https://detail.1688.com/offer/1072352263897.html,included,
1072277561973,womens-tops,半高领镂空蕾丝边针织衫女2026年新款内搭气质洋气修身显瘦打底衫,Women’s Jumper,27.9,4.09,https://detail.1688.com/offer/1072277561973.html,included,
1072066073026,womens-tops,2026欧美跨境亚马逊爆款女装华夫格针织V领荷叶袖宽松显瘦女上衣,V-Neck Relaxed-Fit Women’s Top,27,3.96,https://detail.1688.com/offer/1072066073026.html,included,
1072051839347,womens-tops,欧美跨境秋冬新品欧美风纯色V领辣妹交叉带修身显瘦长袖T恤女装,Long-Sleeve V-Neck Women’s T-Shirt,26,3.81,https://detail.1688.com/offer/1072051839347.html,included,
1072020550133,womens-tops,韩系高知感V领褶皱扭结收腰衬衫女26秋季松弛感通勤上衣小衫3981,V-Neck Women’s Blouse,73,10.7,https://detail.1688.com/offer/1072020550133.html,included,
1072012552266,womens-tops,JY23017欧美暗黑性感蕾丝花边喇叭袖罩衫上衣 街头气质纱网外套女,Women’s Jacket,27.8,4.08,https://detail.1688.com/offer/1072012552266.html,included,
1071850057196,womens-tops,辣妹韩系条纹吊带背心女带胸垫百搭显瘦性感外穿美背无袖上衣女夏,Sleeveless Striped Women’s Vest Top,8.8,1.29,https://detail.1688.com/offer/1071850057196.html,included,
1071844846840,womens-tops,2026春秋新款V领纯色衬衫女 缎面衬衣职业正装上衣OL通勤女装衬衣,V-Neck Women’s Blouse,35.9,5.26,https://detail.1688.com/offer/1071844846840.html,included,
1071835676739,womens-tops,白色纯棉手绘趣味涂鸦短袖t恤女夏2026新款宽松慵懒风半袖上衣潮,Short-Sleeve Relaxed-Fit Women’s T-Shirt,16,2.35,https://detail.1688.com/offer/1071835676739.html,included,
1071711958604,womens-tops,2026 欧美 跨境条纹拉链长袖 上衣落肩 休闲百搭显瘦圆领T恤 女装,Long-Sleeve Round-Neck Striped Women’s T-Shirt,33,4.84,https://detail.1688.com/offer/1071711958604.html,included,
1071668127384,womens-tops,2026欧美跨境秋冬新款宽松V领须边长袖T纯色时尚休闲上衣衬衫女装,Long-Sleeve V-Neck Relaxed-Fit Women’s Blouse,28,4.11,https://detail.1688.com/offer/1071668127384.html,included,
1071653619042,womens-tops,欧美跨境慵懒风毛衣外套女2026秋冬新款纯色立领拉链针织开衫上衣,Women’s Cardigan,46,6.74,https://detail.1688.com/offer/1071653619042.html,included,
1071491913293,womens-tops,2026新款飞飞袖线条短袖t恤女设计感时尚百搭藕粉色纯棉上衣夏季,Short-Sleeve Women’s T-Shirt,24,3.52,https://detail.1688.com/offer/1071491913293.html,included,
1071412854483,womens-tops,跨境外贸鱼骨女装蕾丝美背吊带背心女鱼骨胸衣带胸垫修身抹胸上衣,Women’s Vest Top,18,2.64,https://detail.1688.com/offer/1071412854483.html,included,
1071255168852,womens-tops,棉吊带蕾丝花边针织吊带背心女 修身显瘦内搭打底衫百搭纯色上衣,Women’s Vest Top,11.8,1.73,https://detail.1688.com/offer/1071255168852.html,included,
1071248038788,womens-tops,黑色中袖t恤女2026新款春秋高级感v领修身显瘦七分袖高端网纱上衣,V-Neck Women’s T-Shirt,29.9,4.38,https://detail.1688.com/offer/1071248038788.html,included,
1071173355998,womens-tops,韩系水果印花防晒衣女夏新款甜辣风撞色圆领微透宽松显瘦长袖上衣,Long-Sleeve Round-Neck Printed Women’s Top,57,8.36,https://detail.1688.com/offer/1071173355998.html,included,
1071151590117,womens-tops,2026欧美亚马逊跨境女装秋冬新款半高领拼接波浪纹雪纺长袖上衣,Long-Sleeve Women’s Top,29,4.25,https://detail.1688.com/offer/1071151590117.html,included,
1070966561422,womens-tops,半高领中袖t恤女2026新款夏季网纱修身七分袖咖色上衣设计感小众,Women’s T-Shirt,26.9,3.94,https://detail.1688.com/offer/1070966561422.html,included,
1070903699383,womens-tops,蕾丝拼接吊带背心女夏季新款性感纯欲风辣妹显瘦修身内搭外穿上衣,Women’s Vest Top,10.5,1.54,https://detail.1688.com/offer/1070903699383.html,included,
1070816082219,womens-tops,辣妹纯色吊带背心女带胸垫修身性感美背外搭显瘦打底无袖上衣夏季,Sleeveless Women’s Vest Top,7.5,1.1,https://detail.1688.com/offer/1070816082219.html,included,
1070813305634,womens-tops,新款纯欲风性感蕾丝挂脖吊带小背心带胸垫修身内搭外穿美背内衣女,Women’s Vest Top,21.8,,https://detail.1688.com/offer/1070813305634.html,held,already-in-existing-catalogue
1070799942974,womens-tops,性感辣妹蕾丝吊带背心女带胸垫露背显瘦外穿内搭抹胸美背上衣女夏,Women’s Vest Top,9.91,1.45,https://detail.1688.com/offer/1070799942974.html,included,
1070786693579,womens-tops,2026欧美跨境亚马逊女装秋冬新款时尚优雅纯色丝绒长袖开衫外套,Long-Sleeve Women’s Cardigan,30,4.4,https://detail.1688.com/offer/1070786693579.html,included,
1070712896271,womens-tops,2026跨境欧美女装夏秋新款纯色V领长袖气质百搭通勤修身女士上衣,Long-Sleeve V-Neck Women’s Top,35,5.13,https://detail.1688.com/offer/1070712896271.html,included,
1070699244093,womens-tops,【92棉】春秋韩版棉质条纹长袖t恤女打底衫洋气百搭显瘦上衣圆领,Long-Sleeve Round-Neck Striped Women’s T-Shirt,13.5,1.98,https://detail.1688.com/offer/1070699244093.html,included,
1070504958145,womens-tops,半高领中袖t恤女2026新款夏季网纱微透修身七分袖咖色高级短袖,Short-Sleeve Women’s T-Shirt,26.9,3.94,https://detail.1688.com/offer/1070504958145.html,included,
1070475909939,womens-tops,可扫码经典款拉夫RL亚麻小马标刺绣长袖亚麻衬衫女士战马POLO衫,Long-Sleeve Women’s Blouse,155,22.73,https://detail.1688.com/offer/1070475909939.html,included,
1070461099264,womens-tops,2026 欧美跨境专供秋冬爆款纯色简约女上衣圆领宽松时尚休闲女T恤,Round-Neck Relaxed-Fit Women’s T-Shirt,35,5.13,https://detail.1688.com/offer/1070461099264.html,included,
1070455252926,womens-tops,韩版文艺V领上衣百搭长袖内搭打底衫T恤衫春秋季新款大码女装休闲,Long-Sleeve V-Neck Women’s T-Shirt,12.5,1.83,https://detail.1688.com/offer/1070455252926.html,included,
1070449426828,womens-tops,飞飞袖圆领纯棉短袖t恤女装时尚洋气显瘦上衣打底衫2026夏季新款,Short-Sleeve Round-Neck Women’s T-Shirt,24,3.52,https://detail.1688.com/offer/1070449426828.html,included,
1070240589352,womens-tops,跨境欧美亚马逊休闲长袖圆领新款3D数码印花花卉元素女式长袖T恤,Long-Sleeve Round-Neck Printed Women’s T-Shirt,23,3.37,https://detail.1688.com/offer/1070240589352.html,included,
1070177607079,womens-tops,欧美跨境性感ins船领绑带喇叭袖T恤女春秋收腰修身长袖打底女上衣,Long-Sleeve Women’s T-Shirt,11.9,1.74,https://detail.1688.com/offer/1070177607079.html,included,
1070174154256,womens-tops,美式无袖背心女高街跨境外贸印花坎肩 街头嘻哈宽松潮牌马甲,Sleeveless Printed Relaxed-Fit Women’s Vest Top,30,4.4,https://detail.1688.com/offer/1070174154256.html,included,
1070097128110,womens-tops,2026夏季新款白色短袖打底衫内搭t恤女显瘦修身辣妹短款正肩上衣,Short-Sleeve Women’s T-Shirt,7.5,1.1,https://detail.1688.com/offer/1070097128110.html,included,
1070089252359,womens-tops,秋季莱赛尔天丝针织衫女飘带挂脖领坑条修身长袖气质显瘦打底上衣,Long-Sleeve Women’s Jumper,63,9.24,https://detail.1688.com/offer/1070089252359.html,included,
1069979821597,womens-tops,纯欲风蕾丝拼接吊带背心女夏季新款修身显瘦外穿内搭辣妹风上衣,Women’s Vest Top,12.8,1.88,https://detail.1688.com/offer/1069979821597.html,included,
1069967655322,womens-tops,美式烫钻字母修身背心女外穿辣妹风无袖紧身吊带显瘦上衣,Sleeveless Women’s Vest Top,13.5,1.98,https://detail.1688.com/offer/1069967655322.html,included,
1069849618807,womens-tops,圆领黑色网纱打底衫女内搭秋季2026新款修身长袖T恤小衫蕾丝上衣,Long-Sleeve Round-Neck Women’s T-Shirt,20,2.93,https://detail.1688.com/offer/1069849618807.html,included,
1069821020783,womens-tops,源头工厂鸡心领t恤长袖女160g雪花棉薄款透气打底纯色百搭空白衫,Long-Sleeve Women’s T-Shirt,18.5,2.71,https://detail.1688.com/offer/1069821020783.html,included,
1069799816845,womens-tops,拓谷 辣妹微透网纱打底衫女秋季显瘦内搭圆领上衣薄款长袖T恤罩衫,Long-Sleeve Round-Neck Women’s T-Shirt,188,27.57,https://detail.1688.com/offer/1069799816845.html,included,
1069783746463,womens-tops,亚马逊2026新款跨境欧美女装时尚宽松流苏装饰外套翻领衬衫,Relaxed-Fit Women’s Blouse,49,7.18,https://detail.1688.com/offer/1069783746463.html,included,
1069750499253,womens-tops,美式高级感超好看复古夏季新款显瘦T恤女迷彩上衣潮圆领短袖修身,Short-Sleeve Round-Neck Women’s T-Shirt,11.8,1.73,https://detail.1688.com/offer/1069750499253.html,included,
1069745219128,womens-tops,跨境烫钻女装烫钻字母ANGEL吊带背心女修身显瘦辣妹风外穿小背心,Women’s Vest Top,13.5,1.98,https://detail.1688.com/offer/1069745219128.html,included,
1069680118505,womens-tops,妈妈纯棉背心带胸垫一体紧身免穿文胸中老年内衣女士大码内搭,Women’s Vest Top,12.8,1.88,https://detail.1688.com/offer/1069680118505.html,included,
1069622179709,womens-tops,线条设计感正肩纯棉圆领短袖女装t恤韩版时尚洋气小飞袖上衣夏季,Short-Sleeve Round-Neck Women’s T-Shirt,24,3.52,https://detail.1688.com/offer/1069622179709.html,included,
1069568718495,womens-tops,秋冬双拉链软糯毛衣外套女2026新款韩版宽松外穿纯色圆领针织开衫,Round-Neck Relaxed-Fit Women’s Cardigan,23,3.37,https://detail.1688.com/offer/1069568718495.html,included,
1069438726082,womens-tops,秋冬新款Y2K复古印花蕾丝拼接假两件交叉V领喇叭袖收腰修身T恤女,V-Neck Printed Women’s T-Shirt,38.9,5.7,https://detail.1688.com/offer/1069438726082.html,included,
1069428893606,womens-tops,夏季圆领短袖T恤女2026新款时尚修身运动百搭上衣,Short-Sleeve Round-Neck Women’s T-Shirt,32,4.69,https://detail.1688.com/offer/1069428893606.html,included,
1069364895546,womens-tops,秋冬款打底衫女圆领长袖半高领上衣显瘦修身针织高弹力保暖打底衫,Long-Sleeve Round-Neck Women’s Top,8.5,1.25,https://detail.1688.com/offer/1069364895546.html,included,
1069167937243,womens-tops,慵懒风条纹长袖T恤休闲宽松中长款外穿内搭打底上衣女士上衣简约,Long-Sleeve Striped Relaxed-Fit Women’s T-Shirt,8.5,1.25,https://detail.1688.com/offer/1069167937243.html,included,
1069099600842,womens-tops,小飞袖正肩纯棉咖啡色短袖t恤女设计感时尚百搭洋气显瘦上衣夏季,Short-Sleeve Women’s T-Shirt,23,3.37,https://detail.1688.com/offer/1069099600842.html,included,
1068930413688,womens-tops,2026欧美秋冬新款跨境纯色休闲时尚纽扣连帽金丝绒长袖开衫外套女,Long-Sleeve Hooded Women’s Cardigan,40,5.87,https://detail.1688.com/offer/1068930413688.html,included,
1068909593122,womens-tops,气质修身深V领显身材飞飞袖针织短袖女夏季高级感别致绝美T恤上衣,Short-Sleeve V-Neck Women’s T-Shirt,12,1.76,https://detail.1688.com/offer/1068909593122.html,included,
1068906072591,womens-tops,大码德绒双拉链立领长袖外套女秋冬新款修身显瘦遮肉外穿保暖上衣,Long-Sleeve Women’s Jacket,16.8,2.46,https://detail.1688.com/offer/1068906072591.html,included,
1068871461819,womens-tops,欧美秋冬宽松纯色百搭毛衣亚马女装女针织新款跨境套头V领针织衫,V-Neck Relaxed-Fit Women’s Jumper,32,4.69,https://detail.1688.com/offer/1068871461819.html,included,
1068834236534,womens-tops,精纺羊毛翻领针织衫长袖女2026秋冬新款拼色修身显瘦打底衫上衣,Long-Sleeve Women’s Jumper,45,6.6,https://detail.1688.com/offer/1068834236534.html,included,
1068727603736,womens-tops,针织开衫外套女士毛衣春秋季新款妈妈连帽洋气减龄上衣时尚宽松潮,Relaxed-Fit Hooded Women’s Cardigan,56,8.21,https://detail.1688.com/offer/1068727603736.html,included,
1068656571833,womens-tops,夏季蕾丝开衫女短袖薄款防晒外搭镂空小披肩短外套 白色黑色款,Short-Sleeve Women’s Cardigan,7,1.03,https://detail.1688.com/offer/1068656571833.html,included,
1068543321771,womens-tops,蕾丝抹胸背心女夏季纯欲风修身显瘦吊带上衣带胸垫外穿性感短款,Women’s Vest Top,11.8,1.73,https://detail.1688.com/offer/1068543321771.html,included,
1068480872864,womens-tops,现货 春夏季慵懒风文艺宽松显瘦修身女装简约百搭蝙蝠袖上衣短袖,Short-Sleeve Relaxed-Fit Women’s Top,26,3.81,https://detail.1688.com/offer/1068480872864.html,included,
1068470510211,womens-tops,欧美跨境设计师女装修身长袖显瘦T恤女百搭辣妹穿搭打底衫女上衣,Long-Sleeve Women’s T-Shirt,8,1.17,https://detail.1688.com/offer/1068470510211.html,included,
1068408400902,womens-tops,2026秋季新品女装亚马逊欧美女式针织上衣华夫格斜肩套头上衣T恤,Women’s T-Shirt,22,3.23,https://detail.1688.com/offer/1068408400902.html,included,
1068321728722,womens-tops,2026亚马逊欧美跨境秋季新款女装交叉V领褶皱长袖T恤休闲上衣女,Long-Sleeve V-Neck Women’s T-Shirt,23,3.37,https://detail.1688.com/offer/1068321728722.html,included,
1068321111222,womens-tops,新款女士蕾丝V领小吊带背心夏季修身无袖上衣弹力显瘦打底内衣,Sleeveless V-Neck Women’s Vest Top,15.9,2.33,https://detail.1688.com/offer/1068321111222.html,included,
1068313359716,womens-tops,新款法式花边真丝蕾丝缎面V领吊带背心女修身显瘦内搭百搭打底衣,V-Neck Women’s Vest Top,14.9,2.18,https://detail.1688.com/offer/1068313359716.html,included,
1068288013782,womens-tops,韩版别致蕾丝边飞飞袖卡通印花雪花棉上衣女2026夏季宽松T恤衫潮,Printed Relaxed-Fit Women’s T-Shirt,34,4.99,https://detail.1688.com/offer/1068288013782.html,included,
1068192528129,womens-tops,莫代尔半高领打底衫女春秋内搭修身面膜长袖t恤中领薄款上衣,Long-Sleeve Women’s T-Shirt,21,3.08,https://detail.1688.com/offer/1068192528129.html,included,
1068144937588,womens-tops,纯棉中长款打底衫上衣修身收腰小个子春秋圆领正肩长袖T恤女内搭,Long-Sleeve Round-Neck Women’s T-Shirt,23,3.37,https://detail.1688.com/offer/1068144937588.html,included,
1068108655335,womens-tops,气质温柔风粉色软糯蝴蝶结系带毛衣女秋冬新宽松甜美针织开衫上衣,Relaxed-Fit Women’s Cardigan,30,4.4,https://detail.1688.com/offer/1068108655335.html,included,
1068097427764,womens-tops,2026跨境欧美秋冬新款修身坑条针织开衫V 领收腰长袖弹力女装上衣,Long-Sleeve Women’s Cardigan,48,7.04,https://detail.1688.com/offer/1068097427764.html,included,
1068097046930,womens-tops,欧美风慵懒风针织毛衣2026秋冬装新款不规则设计感蝙蝠袖女上衣,Women’s Jumper,31,4.55,https://detail.1688.com/offer/1068097046930.html,included,
1068010776055,womens-tops,2026秋冬跨境欧美亚马逊新款连帽抽绳金丝绒纯色长袖上衣女装,Long-Sleeve Hooded Women’s Top,33,4.84,https://detail.1688.com/offer/1068010776055.html,included,
1067990772518,womens-tops,现货2026亚马逊欧美跨境女装百搭T恤休闲圆领正肩半袖外穿上衣女,Round-Neck Women’s T-Shirt,23,3.37,https://detail.1688.com/offer/1067990772518.html,included,
1067955172793,womens-tops,V领短袖t恤女正肩衣服女款夏季内搭打底衫女秋单穿韩系小上衣修身,Short-Sleeve V-Neck Women’s T-Shirt,17,2.49,https://detail.1688.com/offer/1067955172793.html,included,
1067921776966,womens-tops,跨境女装格子绑带印花美背字母印花假两件吊带背心女修身辣妹上衣,Checked Printed Women’s Vest Top,13.8,2.02,https://detail.1688.com/offer/1067921776966.html,included,
1067873975010,womens-tops,源头工厂四面弹暗扣衬衫女抗皱免烫职场商务长袖衬衣可批发定 制,Long-Sleeve Women’s Blouse,23,3.37,https://detail.1688.com/offer/1067873975010.html,included,
1067734326352,womens-tops,白色飘带领雪纺衬衫女长袖春秋通勤职业气质衬衣高级感OL正装上衣,Long-Sleeve Women’s Blouse,55,8.06,https://detail.1688.com/offer/1067734326352.html,included,
1067722646474,womens-tops,欧美跨境2026秋冬新款上衣女装金丝绒休闲宽松V领纽扣长袖女士T恤,Long-Sleeve V-Neck Relaxed-Fit Women’s T-Shirt,36,5.28,https://detail.1688.com/offer/1067722646474.html,included,
1067586027424,womens-tops,韩系慵懒风T恤露背瑜伽普拉提运动中袖女宽松显瘦短袖上衣含胸垫,Short-Sleeve Relaxed-Fit Women’s T-Shirt,38,5.57,https://detail.1688.com/offer/1067586027424.html,included,
1067427036861,womens-tops,单/两件装吊带背心女夏季内搭西装白色黑色可外穿打底衫缎面上衣,Women’s Vest Top,11.66,1.71,https://detail.1688.com/offer/1067427036861.html,included,
1067367952777,womens-tops,2026亚马逊欧美跨境秋季新款女装交叉V领褶皱长袖T恤休闲上衣女,Long-Sleeve V-Neck Women’s T-Shirt,23,3.37,https://detail.1688.com/offer/1067367952777.html,included,
1067253140348,womens-tops,2026秋冬欧美新款亚马逊跨境女装纯色吊带休闲泡泡袖度假风上衣女,Women’s Vest Top,27,3.96,https://detail.1688.com/offer/1067253140348.html,included,
1067165060284,womens-tops,跨境外贸日系2026春季新款宽松气质时尚圆领宽松两袖绑带女上衣,Round-Neck Relaxed-Fit Women’s Top,18,2.64,https://detail.1688.com/offer/1067165060284.html,included,
1067119968210,womens-tops,夏季多巴胺辣妹带胸垫吊带背心女收腰防走光内搭外穿美背打底上衣,Women’s Vest Top,8.7,1.28,https://detail.1688.com/offer/1067119968210.html,included,
1066962365851,womens-tops,跨境代发哥特风一字肩丝绒上衣女蕾丝喇叭袖露肩短款收腰辣妹女装,Women’s Top,37,5.43,https://detail.1688.com/offer/1066962365851.html,included,
1066890008861,womens-tops,3063#夏季新款纯欲风双肩带拼接纯色吊带背心修身女一体式带胸垫,Women’s Vest Top,11.8,1.73,https://detail.1688.com/offer/1066890008861.html,included,
1066507990837,womens-tops,白色圆领竹节棉T恤女短袖夏季宽松韩系纯棉显瘦时尚胖mm正肩上衣,Short-Sleeve Round-Neck Relaxed-Fit Women’s T-Shirt,15,2.2,https://detail.1688.com/offer/1066507990837.html,included,
1066335068077,womens-tops,2026欧美独立站女装蕾丝拼接泡泡袖压褶衬衫,Women’s Blouse,28,4.11,https://detail.1688.com/offer/1066335068077.html,included,
1066280068783,womens-tops,欧美跨境碎花宽松休闲立领女士衬衫时尚泡泡袖上衣,Printed Relaxed-Fit Women’s Blouse,21,3.08,https://detail.1688.com/offer/1066280068783.html,included,
1066201518171,womens-tops,实拍 韩系漂亮显瘦白色插肩袖T恤女2026今年流行的女装上衣16404,Women’s T-Shirt,32,4.69,https://detail.1688.com/offer/1066201518171.html,included,
1066196300320,womens-tops,2026亚马逊跨境春季上新纯色V领T恤时尚优雅长袖上衣春季上衣女装,Long-Sleeve V-Neck Women’s T-Shirt,31,4.55,https://detail.1688.com/offer/1066196300320.html,included,
1066188498838,womens-tops,紫色性感蕾丝花边镂空排扣中袖T恤纯欲风辣妹时尚修身针织上衣女,Women’s T-Shirt,30.6,4.49,https://detail.1688.com/offer/1066188498838.html,included,
1066111373563,womens-tops,8746#夏季新款纯欲风圆领正肩波点短袖t恤女修身显瘦一体式带胸垫,Short-Sleeve Round-Neck Women’s T-Shirt,14.8,2.17,https://detail.1688.com/offer/1066111373563.html,included,
1066092814837,womens-tops,法式别致上衣女韩系chic气质复古红色衬衫设计感小众早秋衬衣内搭,Women’s Blouse,16.8,2.46,https://detail.1688.com/offer/1066092814837.html,included,
1065997670687,womens-tops,美式修身潮牌紧身显瘦短袖t恤女2026夏季辣妹收腰小众正肩上衣潮,Short-Sleeve Women’s T-Shirt,18,2.64,https://detail.1688.com/offer/1065997670687.html,included,
1065974329744,womens-tops,2026秋冬新款亚马逊跨境短款针织开衫女修身显瘦金属扣高级感毛衣,Women’s Cardigan,34,4.99,https://detail.1688.com/offer/1065974329744.html,included,
1065883672170,womens-tops,大码设计感正肩polo领短袖t恤女夏季新款宽松显瘦百搭小众上衣女,Short-Sleeve Relaxed-Fit Women’s T-Shirt,11.8,1.73,https://detail.1688.com/offer/1065883672170.html,included,
1065872907146,womens-tops,一件代发时尚休闲女装连帽短袖T恤中老年大码宽松薄款休闲上衣T恤,Short-Sleeve Relaxed-Fit Hooded Women’s T-Shirt,25,3.67,https://detail.1688.com/offer/1065872907146.html,included,
1065758995043,womens-tops,2026秋冬新款领长袖针织衫女显瘦内搭打底衫短款收腰毛衣上衣,Long-Sleeve Women’s Jumper,21.5,3.15,https://detail.1688.com/offer/1065758995043.html,included,
1065723695715,womens-tops,螺纹棉吊带背心女士修身遮副乳外穿春夏季新款内搭无袖打底上衣女,Sleeveless Women’s Vest Top,6.99,1.02,https://detail.1688.com/offer/1065723695715.html,included,
1065609877751,womens-tops,亚马逊欧美新款跨境无袖通勤气质上衣衬衫女装,Sleeveless Women’s Blouse,17.99,2.64,https://detail.1688.com/offer/1065609877751.html,included,
1065489252224,womens-tops,欧美Y2K欧美风深V 碎花蕾丝吊带背心女装2026夏亚马逊独立站复古,Printed Women’s Vest Top,26.49,3.88,https://detail.1688.com/offer/1065489252224.html,included,
1065484316477,womens-tops,5'2 but my attitude 6'1亚马逊wish独立站休闲简约女士宽松背心,Relaxed-Fit Women’s Vest Top,17,2.49,https://detail.1688.com/offer/1065484316477.html,included,
1065178219872,womens-tops,2026秋冬新款欧美外贸毛衣女外套爆款亚马逊圆领长袖蝴蝶结针织衫,Long-Sleeve Round-Neck Women’s Jumper,39,5.72,https://detail.1688.com/offer/1065178219872.html,included,
1064991535887,womens-tops,2026秋冬跨境欧美亚马逊新款连帽抽绳金丝绒纯色长袖上衣女装,Long-Sleeve Hooded Women’s Top,30,4.4,https://detail.1688.com/offer/1064991535887.html,included,
1064776886336,womens-tops,纯欲性感露肩假两件绑带短款印花露脐辣妹修身撞色打底短袖t恤女,Short-Sleeve Printed Women’s T-Shirt,15.9,2.33,https://detail.1688.com/offer/1064776886336.html,included,
1064767911882,womens-tops,带胸垫吊带背心女性感交叉露背修身短上衣供外贸跨境东南亚欧美风,Women’s Vest Top,9.9,1.45,https://detail.1688.com/offer/1064767911882.html,included,
1064642936389,womens-tops,2025复古文艺夏季新品休闲百搭简约绣花法式文艺复古波点衬衫女,Women’s Blouse,41,6.01,https://detail.1688.com/offer/1064642936389.html,included,
1064584697677,womens-tops,H673纯棉u领短袖女夏季薄款修身显瘦百搭纯色上衣T恤正肩打底衫,Short-Sleeve Women’s T-Shirt,15.5,2.27,https://detail.1688.com/offer/1064584697677.html,included,
