productId,sourceCategories,originalTitle,englishTitle,supplierPrice,sellingPriceGbp,sourceUrl,frontendStatus,frontendHoldReason
688717742496,furniture,深圳香港外贸定制衣柜橱柜衣橱实木家用卧室批量出口家具全屋定制,,480,,https://detail.1688.com/offer/688717742496.html,held,product-identification-or-relevance-review
728793074726,furniture,钢制铁皮办公桌抽屉储物空间充足带锁职员办公学习电脑桌家具桌子,Desk,271.4,39.63,https://detail.1688.com/offer/728793074726.html,included,
705493736805,furniture,家具批发简约教堂婚礼连排座椅餐椅商用会议培训桌椅学校报告厅椅,Table and Chair Options,170,24.82,https://detail.1688.com/offer/705493736805.html,included,
660122176181,furniture,实木沙发组合现代简约小户型经济型布艺沙发新中式客厅储物木沙发,Solid Wood Fabric Sofa,887.5,129.59,https://detail.1688.com/offer/660122176181.html,included,
961515230989,furniture,时尚可堆叠酒楼餐桌椅饭店家具婚庆活动椅摇背铝椅办公会议室椅子,Table and Chair Options,255,37.23,https://detail.1688.com/offer/961515230989.html,included,
606604271624,furniture,北欧风实木床胡桃木1.8米1.5m双人床现代简约轻奢卧室大床婚床,Solid Wood Bed Frame,1350,197.12,https://detail.1688.com/offer/606604271624.html,included,
895220853946,furniture,古典中式花梨木实木沙发榫卯轻奢雕花款大小别墅沙发客厅原木家具,Solid Wood Sofa,236.3,34.5,https://detail.1688.com/offer/895220853946.html,included,
997350109886,furniture,人体工学椅电脑办公会议椅家用舒适久坐椅子书桌学习可躺电竞椅,Desk,173.75,25.37,https://detail.1688.com/offer/997350109886.html,included,
968001666232,furniture,现代轻奢贵妃躺椅2025新款沙发客厅卧室酒店民宿小户型单人贵妃榻,Sofa,880,128.49,https://detail.1688.com/offer/968001666232.html,included,
773683412445,furniture,Dresser梳妆台2024新款卧室小户型简易出租屋化妆桌推拉镜化妆台,Dressing Table,35,5.11,https://detail.1688.com/offer/773683412445.html,included,
804546855410,furniture,衣柜家用卧室2026新款简易组装推拉门挂衣柜出租房用小型单人衣橱,Wardrobe,125,18.25,https://detail.1688.com/offer/804546855410.html,included,
947683236022,furniture,户外双人沙发藤编室外休闲庭院防水阳台躺椅样板房客厅小藤椅家具,Woven Rattan Sofa,460,67.17,https://detail.1688.com/offer/947683236022.html,included,
760225923579,furniture,家用书桌学生经济型写字台卧室办公室桌子出租屋宿舍台式电脑桌,Desk,133,19.42,https://detail.1688.com/offer/760225923579.html,included,
977431394879,furniture,法式奶油风白色意餐椅家用现代简约设计师椅子靠背餐桌椅餐厅凳子,Table and Chair Options,110,16.06,https://detail.1688.com/offer/977431394879.html,included,
730427317997,furniture,严选实木书架置物架落地靠墙组合格子柜客厅松木储物收纳家用书柜,Solid Wood Bookcase,46,6.72,https://detail.1688.com/offer/730427317997.html,included,
910117987695,furniture,新中式乌金木实木沙发组合冬夏两用轻奢客厅大小户型贵妃储物沙发,Solid Wood Sofa,870,127.03,https://detail.1688.com/offer/910117987695.html,included,
918057510946,furniture,岩板厨房置物架落地多层操作台靠墙一体橱柜多功能餐边柜收纳柜子,Sideboard,83,12.12,https://detail.1688.com/offer/918057510946.html,included,
674703765073,furniture,工厂定制酒店专用床宾馆标间家具全套民宿板式床箱公寓单双人床架,Bed Frame,150,21.9,https://detail.1688.com/offer/674703765073.html,included,
934929440239,furniture,千慕家用白蜡木餐桌书桌两用中古风小户型饭桌客厅实木长桌电脑桌,Solid Wood Dining Table,210,30.66,https://detail.1688.com/offer/934929440239.html,included,
854641279054,furniture,家用卧室式衣柜简易出租房用欧大衣柜储物柜新款爆款小型衣橱衣架,Wardrobe,180,26.28,https://detail.1688.com/offer/854641279054.html,included,
903808963378,furniture,欧式布艺沙发123组合实木雕花客厅套装美式小户型可拆洗实木沙发,Solid Wood Fabric Sofa,1040,151.85,https://detail.1688.com/offer/903808963378.html,included,
994028153929,furniture,明辉锦程全青沙发头层牛皮现代贵妃大小户型客厅皮艺沙发转角组合,Sofa,1652,241.21,https://detail.1688.com/offer/994028153929.html,included,
859909973908,furniture,沙发边几摆件床头柜小边几轻奢高级感简约现代可移动茶几阳台可用,Sofa,17.8,2.6,https://detail.1688.com/offer/859909973908.html,included,
927369096255,furniture,严选转角书桌卧室半包围梳妆台一体轻奢高级感L型办公桌子工作台,Dressing Table,76,11.1,https://detail.1688.com/offer/927369096255.html,included,
694286107527,furniture,意式轻奢棉麻布艺沙发客厅三四人位直排网红奶油风实木康纳利沙发,Solid Wood Fabric Sofa,660,96.37,https://detail.1688.com/offer/694286107527.html,included,
848679938251,furniture,实木书桌带抽屉简约现代写字桌子卧室书房办公桌小户型家用电脑桌,Solid Wood Desk,96,14.02,https://detail.1688.com/offer/848679938251.html,included,
653042232052,furniture,意式极简马鞍皮餐椅现代简约餐厅家用椅子网红咖啡厅酒店家具批发,Chair,180,26.28,https://detail.1688.com/offer/653042232052.html,included,
846380244710,furniture,酒店家具标间全套公寓宾馆民宿酒店套房床箱床头柜床屏工厂定 制,Bedside Cabinet,220,32.12,https://detail.1688.com/offer/846380244710.html,included,
958973827828,furniture,亚朵酒店家具标间全套4.0客房专用床床头柜床屏板式圆形家具厂家,Bedside Cabinet,180,26.28,https://detail.1688.com/offer/958973827828.html,included,
905404780844,furniture,美式真皮沙发轻奢客厅123组合实木奢华客厅简约别墅欧式沙发家具,Solid Wood Sofa,1680,245.3,https://detail.1688.com/offer/905404780844.html,included,
922296367975,furniture,倚天北欧全实木餐桌小户型家用书桌长方形吃饭桌白蜡木餐桌椅组合,Solid Wood Table and Chair Options,295,43.07,https://detail.1688.com/offer/922296367975.html,included,
957596713634,furniture,实木餐边柜靠墙一体简约现代客厅酒柜餐厅茶水柜厨房储物收纳柜,Solid Wood Sideboard,1280,186.9,https://detail.1688.com/offer/957596713634.html,included,
922688212100,furniture,茶几客厅家用小户型2026新款桌子简易出租屋用简约办公室方形茶桌,Coffee Table,115,16.79,https://detail.1688.com/offer/922688212100.html,included,
969022813115,furniture,双人实木电脑桌台式家用电竞桌工作台拼排长条桌简约卧室大板书桌,Solid Wood Desk,391,57.09,https://detail.1688.com/offer/969022813115.html,included,
921370493935,furniture,移动茶几可折叠桌子小户型客厅家用沙发阳台餐桌两用实木中古推车,Solid Wood Foldable Sofa,130,18.98,https://detail.1688.com/offer/921370493935.html,included,
1065213853305,furniture,美式实木床婚床1.8米主卧双人床1.5米法式大床美式家具ins风,Solid Wood Bed Frame,330,48.18,https://detail.1688.com/offer/1065213853305.html,included,
993265235887,furniture,佛山厂家直供土耳其风豪华套房全套卧室家具整体套房家具,,1780,,https://detail.1688.com/offer/993265235887.html,held,product-identification-or-relevance-review
920400562324,furniture,老板桌简约现代轻奢主管桌大班台总裁经理桌老板办公室办公家具,,3988,,https://detail.1688.com/offer/920400562324.html,held,product-identification-or-relevance-review
857505198738,furniture,实木泽西岛中古风单人躺椅沙发客厅家用简约休闲椅复古风轻奢久坐,Solid Wood Sofa,299,43.66,https://detail.1688.com/offer/857505198738.html,included,
834941732629,furniture,倚天中古风实木餐桌椅吃饭桌子小户型半圆桌家用洽谈桌客厅长条桌,Solid Wood Table and Chair Options,295,43.07,https://detail.1688.com/offer/834941732629.html,included,
844468445905,furniture,北欧户外家具露台庭院实木沙发组合露台庭院别墅柚木,Solid Wood Sofa,780,113.89,https://detail.1688.com/offer/844468445905.html,included,
1027670505186,furniture,北欧现代简约实木餐桌椅组合 原木色长方形餐桌配4椅餐厅家具批发,Solid Wood Table and Chair Options,82,11.97,https://detail.1688.com/offer/1027670505186.html,included,
730757786324,furniture,猫抓布沙发大帆船意式轻奢客厅科技布直排三人位超深坐宽布艺沙发,Fabric Sofa,901.95,131.7,https://detail.1688.com/offer/730757786324.html,included,
998831090558,furniture,捡漏清仓/微瑕疵/展厅样品/樱桃木样品/特价处理/实木家具告别款,,550,,https://detail.1688.com/offer/998831090558.html,held,product-identification-or-relevance-review
746449758652,furniture,新中式胡桃木实木沙发组合储物现代简约贵妃小户型客厅胡桃木家具,Solid Wood Sofa,1480,216.1,https://detail.1688.com/offer/746449758652.html,included,
976100236695,furniture,家用现代出租屋阳台方形会客桌子矮桌商用茶桌小户型简易客厅茶几,Coffee Table,32,4.67,https://detail.1688.com/offer/976100236695.html,included,
920322752147,furniture,胡桃木实木沙发高箱储物组合新中式沙发简约客厅大户型冬夏两用,Solid Wood Sofa,950.4,138.77,https://detail.1688.com/offer/920322752147.html,included,
984532752400,furniture,304不锈钢清洁柜学校工厂保洁卫生工具柜家用储物拖把扫把收纳柜,,290,,https://detail.1688.com/offer/984532752400.html,held,product-identification-or-relevance-review
1029373116942,furniture,现代实木双人床1.2米童床工程定制酒店民宿学校公寓家具可开发票,Solid Wood Bed Frame,280,40.88,https://detail.1688.com/offer/1029373116942.html,included,
896986957658,furniture,实木餐桌椅组合圆形餐桌带转盘10人大圆桌雕花吃饭桌子新中式餐桌,Solid Wood Table and Chair Options,1150,167.92,https://detail.1688.com/offer/896986957658.html,included,
918370008220,furniture,网红现代奶油风圆形茶几家用客厅组合马提尼铁艺民宿酒店家具茶桌,Coffee Table,90,13.14,https://detail.1688.com/offer/918370008220.html,included,
838406770191,furniture,现代简约家用移动茶几客厅奶油风沙发边几创意边几带轮轻奢小茶几,Sofa,28,4.09,https://detail.1688.com/offer/838406770191.html,included,
887580881930,furniture,户外休闲藤编沙发组合室外庭院藤沙发阳光房藤椅单人双人露台家具,Woven Rattan Sofa,330,48.18,https://detail.1688.com/offer/887580881930.html,included,
993488145748,furniture,明辉锦程头层皮艺牛皮真皮沙发客厅直排复古家用大象耳朵黑色,Sofa,1652,241.21,https://detail.1688.com/offer/993488145748.html,included,
913990228449,furniture,家用钢制书柜对开门儿童书架客厅阳台防尘落地储物柜收纳铁艺柜子,Bookcase,155,22.63,https://detail.1688.com/offer/913990228449.html,included,
1005897645627,furniture,岩板酒店桌椅轻奢岩板圆台金属家具咖啡厅会所亲子餐厅桌椅组合,Table and Chair Options,470,68.63,https://detail.1688.com/offer/1005897645627.html,included,
985803690199,furniture,北欧风电视柜客厅家用小户型收纳储物柜一体落地电视机柜茶几组合,TV Cabinet,170,24.82,https://detail.1688.com/offer/985803690199.html,included,
996601962619,furniture,移动小桌子置物架加厚多层收纳架宿舍出租屋家用多功能茶几储物架,Coffee Table,21.5,3.14,https://detail.1688.com/offer/996601962619.html,included,
929140135072,furniture,千慕中古风实木餐桌客厅家用书桌靠墙吃饭桌白蜡木岛台餐桌椅组合,Solid Wood Table and Chair Options,330,48.18,https://detail.1688.com/offer/929140135072.html,included,
898725813859,furniture,严选竹节椅白色金色椅婚礼酒店宴会椅新中式家具户外适用轻奢餐椅,Chair,52,7.59,https://detail.1688.com/offer/898725813859.html,included,
536952354760,furniture,工厂批发沙发真皮欧式客厅家具单人多功能家用皮制躺椅太空舱沙发,Sofa,1200,175.22,https://detail.1688.com/offer/536952354760.html,included,
709910127055,furniture,新中式实木沙发组合现代简约客厅家具禅意冬夏两用储物木加布沙发,Solid Wood Sofa,1380,201.5,https://detail.1688.com/offer/709910127055.html,included,
837031724375,furniture,家用钢制书柜厨房置物架防尘儿童书架带门置物架收纳柜落地储物柜,Bookcase,69,10.07,https://detail.1688.com/offer/837031724375.html,included,
926387967721,furniture,电视柜简约轻奢大理石茶几组合小户型港式客厅家具套装大理石纹,Furniture Set,560,81.77,https://detail.1688.com/offer/926387967721.html,included,
753557833149,furniture,跨境日式电视柜酒柜茶几电视机组合客厅小户型藤编北欧边柜家具,Woven Rattan TV Cabinet,281,41.03,https://detail.1688.com/offer/753557833149.html,included,
938582703864,furniture,复古风黑胡桃色实木餐桌椅组合侘寂风长方形小户型岩板中古餐桌,Solid Wood Table and Chair Options,1250,182.52,https://detail.1688.com/offer/938582703864.html,included,
798600126275,furniture,职员办公桌椅组合四六人位简约现代办公室家具电脑桌屏风员工卡座,Table and Chair Options,380,55.49,https://detail.1688.com/offer/798600126275.html,included,
812375583594,furniture,北欧奶油风单人沙发客厅卧室阳台懒人椅沙发椅休闲桌椅家具磨砂绒,Table and Chair Options,427,62.35,https://detail.1688.com/offer/812375583594.html,included,
888131627020,furniture,大板实木茶桌新中式现代简约功夫茶台禅意办公室家用泡茶桌椅组合,Solid Wood Table and Chair Options,431,62.93,https://detail.1688.com/offer/888131627020.html,included,
730144294435,furniture,办公桌四人位简约现代职员电脑桌员工卡位办公桌椅组合家具厂家,Furniture Set,100,14.6,https://detail.1688.com/offer/730144294435.html,included,
858256976581,furniture,客厅家用异形茶几轻奢现代简约创意设计师款高级感透明树脂茶桌子,Coffee Table,6500,949.09,https://detail.1688.com/offer/858256976581.html,included,
648860021992,furniture,北欧简约圆形岩板茶几组合 小户型客厅轻奢子母茶几 网红酒店茶几,Coffee Table,715,104.4,https://detail.1688.com/offer/648860021992.html,included,
838643862163,furniture,实木老年桌适老化餐桌椅组合养老院公寓家具敬老院康养机构休闲桌,Solid Wood Table and Chair Options,73,10.66,https://detail.1688.com/offer/838643862163.html,included,
673505791414,furniture,201不锈钢鞋柜更衣室换鞋凳更衣柜带锁多门柜无尘车间员工储物柜,Stainless Steel Wardrobe,170,24.82,https://detail.1688.com/offer/673505791414.html,included,
966376828323,furniture,跨境外贸板式斗柜批发 简约卧室收纳柜 亚马逊电商拆装家具厂家,Storage Cabinet,450,65.71,https://detail.1688.com/offer/966376828323.html,included,
990691944060,furniture,实木老年桌适老化餐桌椅组合养老院公寓家具敬老院适老桌椅,Solid Wood Table and Chair Options,92,13.43,https://detail.1688.com/offer/990691944060.html,included,
928191821504,furniture,法式复古实木餐桌椅德利丰黑色岩板家具奶油美式中古风日式客厅桌,Solid Wood Table and Chair Options,1380,201.5,https://detail.1688.com/offer/928191821504.html,included,
933522934062,furniture,老板桌办公桌椅组合办公室简约现代单人主管经理桌轻奢家具电脑桌,Table and Chair Options,168.3,24.57,https://detail.1688.com/offer/933522934062.html,included,
897514924190,furniture,樱桃木箱体大床全实木现代简约储物床原木卧室家具北欧单人双人床,Solid Wood Bed Frame,4060,592.82,https://detail.1688.com/offer/897514924190.html,included,
892399214114,furniture,户外沙发民宿花园庭院三件套茶几阳台设计师酒店休闲藤椅室外家具,Sofa,400,58.41,https://detail.1688.com/offer/892399214114.html,included,
684209456301,furniture,批发工厂酒店椅子宴会椅酒店餐椅酒店桌椅饭店椅婚礼婚庆酒店家具,Table and Chair Options,65,9.49,https://detail.1688.com/offer/684209456301.html,included,
880884051581,furniture,酒店床民宿1全套标间小户型公寓卧室双人床出租房组合家具现货,Furniture Set,545.09,79.59,https://detail.1688.com/offer/880884051581.html,included,
868292677967,furniture,厂家直销欧式真皮床实木雕花双人主卧大床2米高档香槟金家具家用,Solid Wood Bed Frame,5680,829.36,https://detail.1688.com/offer/868292677967.html,included,
679730292370,furniture,广东家具单人办公桌椅组合简约现代电脑桌小型台式员工位职员桌子,Table and Chair Options,440,64.25,https://detail.1688.com/offer/679730292370.html,included,
685982556480,furniture,红橡木北美木床北欧床日式风格原木色小户型双人1.8米1.5米家具,Bed Frame,1640,239.46,https://detail.1688.com/offer/685982556480.html,included,
734952728661,furniture,茶几桌客厅家用小茶台轻奢现代简约茶几小户型桌子茶桌简易小茶几,Coffee Table,180.36,26.34,https://detail.1688.com/offer/734952728661.html,included,
720996816826,furniture,茶几客厅家用沙发旁双层边几简约现代出租屋办公室小茶桌方形桌子,Sofa,78.73,11.5,https://detail.1688.com/offer/720996816826.html,included,
643382218611,furniture,户外沙发别墅花园庭院圆形弧形藤编沙发茶几组合室外休闲创意家具,Woven Rattan Sofa,460,67.17,https://detail.1688.com/offer/643382218611.html,included,
901836059369,furniture,简约轻奢异形岩板茶几现代简约大小户型高级感椭圆形茶几客厅家用,Coffee Table,520,75.93,https://detail.1688.com/offer/901836059369.html,included,
584652722647,furniture,DHMZ北欧实木茶几电视柜组合简约现代小户型客厅家具边柜套装,Solid Wood TV Cabinet,850,124.11,https://detail.1688.com/offer/584652722647.html,included,
817992471711,furniture,客厅实木沙发全4人白蜡木沙发实木家具布艺单人位原木色实木沙发,Solid Wood Fabric Sofa,2060,300.79,https://detail.1688.com/offer/817992471711.html,included,
994653416765,furniture,新款高档透明茶几客厅小户型轻奢现代美式茶几批发简约创意茶几,Coffee Table,85,12.41,https://detail.1688.com/offer/994653416765.html,included,
977022650274,furniture,美式复古实木餐边柜靠墙一体厨房橱柜桃花心木置物酒柜储物收纳柜,Solid Wood Sideboard,1200,175.22,https://detail.1688.com/offer/977022650274.html,included,
902714365016,furniture,圆形组合茶几网红阳台客厅小茶台家用小户型意式沙发床头边几跨境,Sofa Bed,128,18.69,https://detail.1688.com/offer/902714365016.html,included,
940460851458,furniture,钢制书柜置物柜带门防尘儿童书架落地家用客厅多层展示储物收纳柜,Bookcase,65,9.49,https://detail.1688.com/offer/940460851458.html,included,
707827461927,furniture,户外沙发编藤椅茶几桌椅组合简约休闲民宿阳台家具别墅室外椅套装,,460,,https://detail.1688.com/offer/707827461927.html,held,product-identification-or-relevance-review
793477282128,furniture,美式复古1.8米实木双人床简约鹅掌楸木安娜床简约高箱储物主卧床,Solid Wood Bed Frame,920,134.33,https://detail.1688.com/offer/793477282128.html,included,
855824626632,furniture,现代不锈钢异形茶几不锈钢家具加工高端金属茶几定制,Stainless Steel Coffee Table,88,12.85,https://detail.1688.com/offer/855824626632.html,included,
1026208709240,furniture,樱桃木实木床法式复古储物床卧室中古风双人床家用箱体床环保家具,Solid Wood Bed Frame,2600,379.64,https://detail.1688.com/offer/1026208709240.html,included,
902177913978,furniture,家用电脑椅子办公舒适久坐护腰靠背椅人体工学椅会议洽谈椅办公椅,Chair,39,5.69,https://detail.1688.com/offer/902177913978.html,included,
893292307806,furniture,新中式实木沙发组合现代简约紫金檀木客厅冬夏两用木质套装家具,Solid Wood Sofa,1188,173.46,https://detail.1688.com/offer/893292307806.html,included,
553392408590,furniture,西餐厅沙发奶茶店桌椅甜品店卡座咖啡厅家具清新休闲餐厅餐桌椅,Table and Chair Options,135,19.71,https://detail.1688.com/offer/553392408590.html,included,
713119436399,furniture,奶茶店沙发餐饮商用设计师家具洽谈接待休息区休闲书吧咖啡厅桌椅,Table and Chair Options,380,55.49,https://detail.1688.com/offer/713119436399.html,included,
944552583265,furniture,现代简约不锈钢金属茶几异形创意餐台茶几不锈钢家具茶几加工定制,Stainless Steel Coffee Table,88,12.85,https://detail.1688.com/offer/944552583265.html,included,
976354991349,furniture,现代大理石圆形飞碟茶几侘寂风奢石茶几家用小户型时尚客厅茶桌,Coffee Table,380,55.49,https://detail.1688.com/offer/976354991349.html,included,
998498911881,furniture,中古风单人沙发椅现代简约铁艺灯芯绒休闲椅卧室家具设计师,Sofa,630,91.99,https://detail.1688.com/offer/998498911881.html,included,
994707871966,furniture,沙发边几边柜边桌客厅家用茶桌置物架床头简约收纳阳台落地小桌子,Sofa,28,4.09,https://detail.1688.com/offer/994707871966.html,included,
920797077828,furniture,户外塑木铝合金编藤桌椅组合阳台特斯林网布休闲椅简约露台家具,Table and Chair Options,78,11.39,https://detail.1688.com/offer/920797077828.html,included,
828056627096,furniture,佛山家具零靠墙沙发现代简约直排两三人四人功能客厅真皮电动沙发,Sofa,3060,446.8,https://detail.1688.com/offer/828056627096.html,included,
857560579956,furniture,老板办公桌椅组合现代简约办公室家具经理桌总裁桌主管桌大班台,Table and Chair Options,389,56.8,https://detail.1688.com/offer/857560579956.html,included,
741703040484,furniture,足浴美甲椅修甲按摩水疗椅修甲专用沙发泡脚足疗沙发养生保健家具,Sofa,3500,511.05,https://detail.1688.com/offer/741703040484.html,included,
852623325784,furniture,创意玻璃钢冰淇淋休闲坐凳商场玻璃钢美陈座椅创意家具坐凳定制,Chair,6500,949.09,https://detail.1688.com/offer/852623325784.html,included,
830480506323,furniture,大板原木实木新中式茶桌一体家用办公室客厅桌椅组合办公泡茶茶几,Solid Wood Table and Chair Options,366.96,53.58,https://detail.1688.com/offer/830480506323.html,included,
684647214948,furniture,户外休闲家具庭院室外实木桌椅别墅花园客厅柚木藤椅阳台茶桌椅子,Solid Wood Table and Chair Options,890,129.95,https://detail.1688.com/offer/684647214948.html,included,
681892613014,furniture,户外家具庭院客厅民宿度假村懒人沙发藤椅室外阳台三件套茶几躺椅,Sofa,708,103.38,https://detail.1688.com/offer/681892613014.html,included,
718533816503,furniture,防尘落地书柜儿童简易书架置物架家用客厅收纳柜展示柜多层储物柜,Bookcase,57,8.32,https://detail.1688.com/offer/718533816503.html,included,
736501039612,furniture,奶油风弧形猫爪布沙发客厅小户型现代简约北欧白色新款猫爪布沙发,Sofa,2088,304.88,https://detail.1688.com/offer/736501039612.html,included,
831213854709,furniture,定制户外柚木家具 北欧简约别墅酒店泳池躺椅 海边沙滩沙发躺椅,Sofa,2200,321.23,https://detail.1688.com/offer/831213854709.html,included,
752715035171,furniture,S型精细黄麻硬家具老人儿童护脊床垫高箱床榻榻米1.8m双面可用,Mattress,540,78.85,https://detail.1688.com/offer/752715035171.html,included,
858276396724,furniture,透明树脂客厅软包休闲座椅室内接待异形靠背沙发轻奢单人家具定制,Sofa,4500,657.06,https://detail.1688.com/offer/858276396724.html,included,
966251127034,furniture,适老化家具厂家养老院可用敬老院机构老年人免漆颗粒板床头收纳柜,Storage Cabinet,165,24.09,https://detail.1688.com/offer/966251127034.html,included,
944619106631,furniture,书柜格子储物柜子家用书房客厅组合置物柜批发简约落地夹缝储物柜,Bookcase,66,9.64,https://detail.1688.com/offer/944619106631.html,included,
643759735014,furniture,实木方凳家用板凳加厚学生成人四方凳饭桌橡木高脚饭店方凳子家具,Solid Wood Dining Table,36,5.26,https://detail.1688.com/offer/643759735014.html,included,
614857448558,furniture,中式实木餐桌椅子一套可伸缩折叠家用餐厅圆桌小户型吃饭桌子家具,Solid Wood Foldable Table and Chair Options,850,124.11,https://detail.1688.com/offer/614857448558.html,included,
785193777442,furniture,冬熊泡芙云朵真皮床法式奶油风双人主卧软包箱体储物床电动平移床,Bed Frame,1931,281.95,https://detail.1688.com/offer/785193777442.html,included,
856533301231,furniture,桐语特法式奶油云朵泡芙皮艺床小户型主卧双人床储物带三抽真皮床,Bed Frame,2015,294.22,https://detail.1688.com/offer/856533301231.html,included,
891671340407,furniture,美式复古实木餐椅咖啡厅甜品店餐厅家具婚庆中古风桌椅交叉背椅子,Solid Wood Table and Chair Options,120,17.52,https://detail.1688.com/offer/891671340407.html,included,
869819731681,furniture,美式轻奢系列实木沙发高端别墅沙发组合法式皮艺沙发客厅欧式家具,Solid Wood Sofa,1180,172.3,https://detail.1688.com/offer/869819731681.html,included,
755163613777,furniture,现代简约家用异形靠背椅绒布椅子卧室客厅书房椅玄关换鞋凳化妆椅,Chair,84,12.27,https://detail.1688.com/offer/755163613777.html,included,
930103889415,furniture,批发工厂酒店椅子宴会椅酒店餐椅酒店桌椅饭店椅婚礼婚庆酒店家具,Table and Chair Options,18,2.63,https://detail.1688.com/offer/930103889415.html,included,
739408595620,furniture,工厂酒店椅子宴会椅酒店餐椅酒店桌椅饭店椅婚礼婚庆酒店家具,Table and Chair Options,65,9.49,https://detail.1688.com/offer/739408595620.html,included,
932183057062,furniture,单人位电动功能沙发架 靠背椅功能铁架 边位家庭影院休闲沙发铁架,Sofa,125,18.25,https://detail.1688.com/offer/932183057062.html,included,
1043677229017,furniture,亚克力洞石岩板餐桌椅组合客厅家用小户型法式奶油风佛山家具餐桌,Table and Chair Options,680,99.29,https://detail.1688.com/offer/1043677229017.html,included,
782592557506,furniture,北欧家具实木餐椅小型酒店餐桌椅高级感家用凳子休闲沙发靠背椅,Solid Wood Table and Chair Options,148,21.61,https://detail.1688.com/offer/782592557506.html,included,
787607307106,furniture,弧形沙发现代新款客厅异形沙发服装店会所布艺休闲沙发婚庆沙发,Fabric Sofa,1550,226.32,https://detail.1688.com/offer/787607307106.html,included,
674427004712,furniture,家具好物北欧布艺落地免洗家具客厅全套现代轻奢科技布卧室双人床,Fabric Bed Frame,1500,219.02,https://detail.1688.com/offer/674427004712.html,included,
773024877041,furniture,法式复古床中古床1.8米双人主卧床全实木红橡木家具主卧婚床,,2680,,https://detail.1688.com/offer/773024877041.html,held,product-identification-or-relevance-review
857126199861,furniture,意大利威尼斯棕天然奢石长方形大理石餐桌意式家用圆形特色家具,Dining Table,1980,289.11,https://detail.1688.com/offer/857126199861.html,included,
667427393605,furniture,家用门口宿舍立式落地鞋架现代简约柜子收纳防尘简易鞋柜一体柜,Shoe Cabinet,58.7,8.57,https://detail.1688.com/offer/667427393605.html,included,
837130013333,furniture,佛山家具真皮沙发客厅简约现代头层牛皮三人位直排小户型2026新款,Sofa,1488,217.27,https://detail.1688.com/offer/837130013333.html,included,
715821511981,furniture,沙发椅家具休闲阳台防水室外藤椅沙发户外组合庭院藤编北欧售楼部,Woven Rattan Sofa,1680,245.3,https://detail.1688.com/offer/715821511981.html,included,
975805404480,furniture,老板桌办公桌轻奢高级感总裁大班台家具现代简约董事长桌椅组合,Table and Chair Options,728,106.3,https://detail.1688.com/offer/975805404480.html,included,
910784406953,furniture,斯邦特办公沙发茶几组合简约现代办公室接待会客沙发办公家具配套,Sofa,690,100.75,https://detail.1688.com/offer/910784406953.html,included,
908557823126,furniture,新款餐边柜轻奢高级感一件代发厨房置物架靠墙橱柜调料柜子收纳架,Sideboard,73,10.66,https://detail.1688.com/offer/908557823126.html,included,
569233886929,furniture,商用奶茶店咖啡厅桌椅 北欧卡座沙发 甜品店西餐厅家具,Table and Chair Options,273,39.86,https://detail.1688.com/offer/569233886929.html,included,
1089277452103,furniture,沙发客厅简易北欧简约现代网红出租房公寓卧室双人小户型单人发完,Sofa,212.7,31.06,https://detail.1688.com/offer/1089277452103.html,included,
1089274408866,furniture,沙发小户型公寓办公室服装店休息区接待美容院双人三人位客厅沙发,Sofa,209.3,30.56,https://detail.1688.com/offer/1089274408866.html,included,
1089261804946,furniture,岩板茶几客厅家用轻奢现代简约椭圆子母茶几网红小户型带抽屉茶桌,Coffee Table,155.74,22.74,https://detail.1688.com/offer/1089261804946.html,included,
1089239712548,furniture,多住真空压缩中古模块布艺沙发小户型客厅折叠两用落地沙发床,Fabric Foldable Sofa Bed,5439.72,794.27,https://detail.1688.com/offer/1089239712548.html,included,
1089205080404,furniture,北欧极简现代简约轻奢圆形茶几客厅意式落地柜可拉伸伸缩电视柜,TV Cabinet,1331.25,194.38,https://detail.1688.com/offer/1089205080404.html,included,
1089204952517,furniture,真皮床意式极简面包大床轻奢现代简约主卧高端大气落地储物软包床,Bed Frame,1623.75,237.09,https://detail.1688.com/offer/1089204952517.html,included,
1089204808431,furniture,中式复古岩板茶几2026新款可伸缩实木电视柜家用客厅收纳茶几组合,Solid Wood TV Cabinet,2022.5,295.31,https://detail.1688.com/offer/1089204808431.html,included,
1089165165209,furniture,实木餐边柜中古风靠墙一体储物柜餐厅茶水柜小户型橱柜家用收纳柜,Solid Wood Sideboard,518.42,75.7,https://detail.1688.com/offer/1089165165209.html,included,
1089107872618,furniture,零食小推车可移动落地多层收纳架客厅边几置物架家用储物篮批发,Side Table,150,21.9,https://detail.1688.com/offer/1089107872618.html,included,
1089106352954,furniture,真空压缩布艺沙发中古风客厅家用模块双三人折叠两用可拆洗沙发床,Fabric Foldable Sofa Bed,2501.56,365.26,https://detail.1688.com/offer/1089106352954.html,included,
1088999560957,furniture,轻奢茶几客厅2026新款家用客厅储物柜现代简约小户型方形岩板茶几,Storage Cabinet,215.87,31.52,https://detail.1688.com/offer/1088999560957.html,included,
1088984601268,furniture,钢制无醛卡莱克格子柜自由组合书架落地置物架客厅角阳台靠墙书柜,Bookcase,142.5,20.81,https://detail.1688.com/offer/1088984601268.html,included,
1088955316910,furniture,实木椅子牛角餐椅家用靠背椅现代桌椅北欧简约书房办公餐厅凳子,Solid Wood Table and Chair Options,119,17.38,https://detail.1688.com/offer/1088955316910.html,included,
1088953612947,furniture,压缩沙发 双人位小户型客厅北欧布艺极简豆腐块小沙发,Fabric Sofa,4413.6,644.45,https://detail.1688.com/offer/1088953612947.html,included,
1088943540958,furniture,实木奶油圆形茶几客厅家用小户型简约网红民宿组合提尼铁艺边几桌,Solid Wood Coffee Table,84.48,12.34,https://detail.1688.com/offer/1088943540958.html,included,
1088942733926,furniture,实木斗柜复古卧室边柜展示柜胡桃色置物柜客厅收纳餐边柜,Solid Wood Sideboard,1150,167.92,https://detail.1688.com/offer/1088942733926.html,included,
1088889588020,furniture,沙发床多功能爆款布艺猫爪简易客厅懒人小户型折叠沙发床一体两用,Fabric Foldable Sofa Bed,225.6,32.94,https://detail.1688.com/offer/1088889588020.html,included,
1088881893237,furniture,电动床洗浴足疗沙发洗脚PA美甲修脚S采耳足浴按摩推拿躺椅沐足椅,Sofa,235.13,34.33,https://detail.1688.com/offer/1088881893237.html,included,
1088862229811,furniture,楠竹防尘杯子收纳置物架杯子水杯茶杯多层家用收纳桌面收纳垒德株,Shelving Unit,34.35,5.02,https://detail.1688.com/offer/1088862229811.html,included,
1088820208346,furniture,懒人沙发可睡休闲豆可榻榻米窝窝懒人椅压缩躺阳台沙发袋单人,Sofa,1810.51,264.36,https://detail.1688.com/offer/1088820208346.html,included,
1088810288382,furniture,北欧中古实木设计师餐椅复古风酒店餐厅家用靠背椅中古法式化妆椅,Solid Wood Chair,327.18,47.77,https://detail.1688.com/offer/1088810288382.html,included,
1088809640429,furniture,美式复古油蜡真皮沙发焦糖色直排客厅小户型轻奢法式中古风皮沙发,Sofa,1566,228.66,https://detail.1688.com/offer/1088809640429.html,included,
1088795032817,furniture,中古实木单人沙发设计师高端客厅卧室书房复古皮艺轻奢休闲椅躺椅,Solid Wood Sofa,1625,237.27,https://detail.1688.com/offer/1088795032817.html,included,
1088787308821,furniture,实木餐椅餐桌椅子靠背椅扶手椅软包学习书桌椅电脑麻将办公椅凳子,Solid Wood Table and Chair Options,66,9.64,https://detail.1688.com/offer/1088787308821.html,included,
1088778156292,furniture,跨境专供不锈钢婚庆宴会椅爱心镂空金色软包餐椅酒店宴会厅椅子,Stainless Steel Chair,300,43.8,https://detail.1688.com/offer/1088778156292.html,included,
1088762488689,furniture,亚马逊卧室梳妆台带插座收纳置物化妆桌开放式现代简约工厂批发,Dressing Table,152,22.19,https://detail.1688.com/offer/1088762488689.html,included,
1088757840263,furniture,北欧简约洽谈桌椅组合一桌两椅奶茶店咖啡厅桌椅阳台休闲桌椅,Table and Chair Options,91,13.29,https://detail.1688.com/offer/1088757840263.html,included,
1088718176399,furniture,简约方桌餐桌接待洽谈桌椅组合四方桌办公室会议桌咖啡桌阳台茶几,Table and Chair Options,154.57,22.57,https://detail.1688.com/offer/1088718176399.html,included,
1088627724567,furniture,网红餐椅家用商用轻奢酒店饭店餐厅椅子现代简约餐桌椅洽谈靠背椅,Table and Chair Options,116.16,16.96,https://detail.1688.com/offer/1088627724567.html,included,
1088593509254,furniture,梳妆台化妆桌现代卧室简约2026新款小户型主卧收纳斗柜床头柜一体,Dressing Table,122.85,17.94,https://detail.1688.com/offer/1088593509254.html,included,
1088583605616,furniture,轻奢高级感梳妆台斗柜一体收纳带镜主卧小户型现代原木风化妆桌子,Dressing Table,270.4,39.48,https://detail.1688.com/offer/1088583605616.html,included,
1088583605608,furniture,法式中古实木餐桌2026新款洞石岩板饭桌长方形家用小户型客厅书桌,Solid Wood Dining Table,1050,153.31,https://detail.1688.com/offer/1088583605608.html,included,
1088504904009,furniture,沙发客厅简约现代新款小户型出租房卧室服装店休息区双人直排沙发,Sofa,183.89,26.85,https://detail.1688.com/offer/1088504904009.html,included,
1088503504220,furniture,岩板餐桌椅家用2026新款饭桌子客厅小户型现代简约轻奢长方形餐桌,Table and Chair Options,1350.7,197.22,https://detail.1688.com/offer/1088503504220.html,included,
1088477472842,furniture,中古风实木床现代马赛法式1.8复古简约双人床主卧大床1.5美式极简,Solid Wood Bed Frame,1317.36,192.35,https://detail.1688.com/offer/1088477472842.html,included,
1088477472095,furniture,北欧折叠餐桌椅组合一体小户型实木可伸缩省空间饭桌,Solid Wood Foldable Table and Chair Options,1316.4,192.21,https://detail.1688.com/offer/1088477472095.html,included,
1088472508484,furniture,法式现代简约设计感布艺休闲单人沙发椅懒人可躺舒服小户型沙发椅,Fabric Sofa,738,107.76,https://detail.1688.com/offer/1088472508484.html,included,
1088454540208,furniture,茶几创意不规则异形桌子轻奢现代简约网红意式小户型客厅家用,Coffee Table,210,30.66,https://detail.1688.com/offer/1088454540208.html,included,
1088452504657,furniture,意式餐椅家用现代简约椅子轻奢北欧酒店餐桌椅靠背休闲餐厅靠背椅,Table and Chair Options,49.66,7.25,https://detail.1688.com/offer/1088452504657.html,included,
1088444500493,furniture,食堂餐桌椅不锈钢餐桌椅学校学生员工餐桌椅连体餐桌6人8人位餐桌,Stainless Steel Table and Chair Options,129,18.84,https://detail.1688.com/offer/1088444500493.html,included,
1088436184135,furniture,会议椅商用现代扶手工作椅洽谈咖啡餐椅皮革靠背凳子铁艺办公椅,Chair,360,52.56,https://detail.1688.com/offer/1088436184135.html,included,
1088419400653,furniture,小吃店餐饮快餐桌椅组合简约现代长桌餐厅商务学校工厂员工餐桌,Table and Chair Options,132.63,19.37,https://detail.1688.com/offer/1088419400653.html,included,
1088419104746,furniture,简约软包方凳中式全实木餐桌凳卧室家用可叠放梳妆凳,Solid Wood Dining Table,84.71,12.37,https://detail.1688.com/offer/1088419104746.html,included,
1088410716235,furniture,圆桌白色网红接待洽谈桌轻奢风奶茶咖啡店桌椅组合餐桌餐椅圆茶几,Table and Chair Options,115.56,16.87,https://detail.1688.com/offer/1088410716235.html,included,
1088394748852,furniture,法式复古诺森实木电视柜客厅电视机柜茶几组合中古风收纳储物柜子,Solid Wood TV Cabinet,1820,265.74,https://detail.1688.com/offer/1088394748852.html,included,
1088382672360,furniture,沙发床小户型出租屋折叠云朵沙发床意式现代极简约客厅直排沙发床,Foldable Sofa Bed,838.8,122.48,https://detail.1688.com/offer/1088382672360.html,included,
1088362408712,furniture,小户型新款多功能布艺两用可折叠沙发床一体两用小户型客厅双人,Fabric Foldable Sofa Bed,864,126.16,https://detail.1688.com/offer/1088362408712.html,included,
1088361736493,furniture,北欧塑料椅子家用加厚餐厅餐桌餐椅舒服久坐商用现代简约凳子靠背,Table and Chair Options,17.94,2.62,https://detail.1688.com/offer/1088361736493.html,included,
1088360744044,furniture,斗柜梳妆台一体卧室现代简约实木储物收纳柜化妆桌小户型2024新款,Solid Wood Dressing Table,863.28,126.05,https://detail.1688.com/offer/1088360744044.html,included,
1088350952521,furniture,|侘寂风复古做旧餐椅 美式乡村实木餐椅【出口库存】如图其他,Solid Wood Chair,692.01,101.04,https://detail.1688.com/offer/1088350952521.html,included,
1088345864856,furniture,|侘寂风旧木长桌子 日式中古复刻古木民宿复古咖啡厅西餐桌古木色,Dining Table,5048.01,737.08,https://detail.1688.com/offer/1088345864856.html,included,
1088337817037,furniture,实木岩板伸缩餐桌家用小户型简约现代长方形多功能饭桌可折叠餐桌,Solid Wood Foldable Dining Table,1884,275.09,https://detail.1688.com/offer/1088337817037.html,included,
1088336581294,furniture,美式轻奢书柜客厅落地置物柜酒柜法式奶油风书房靠墙书架展示柜,Bookcase,3082,450.01,https://detail.1688.com/offer/1088336581294.html,included,
1088308197669,furniture,复古风法式实木餐桌家用多功能会议书桌餐厅中古风椭圆中古风桌子,Solid Wood Dining Table,1633.58,238.53,https://detail.1688.com/offer/1088308197669.html,included,
1088285185056,furniture,新中式沙发现代简约轻奢大户型别墅客厅实木沙发组合圈椅洽谈桌,Solid Wood Sofa,76,11.1,https://detail.1688.com/offer/1088285185056.html,included,
1088274800155,furniture,中古风岩板餐桌小户型家用胡桃色实木饭桌意式简约轻奢客厅圆桌子,Solid Wood Dining Table,4055.14,592.11,https://detail.1688.com/offer/1088274800155.html,included,
1088263993813,furniture,法式复古风椭圆形实木餐桌设计师创意家用中古奶油风花瓣艺术餐桌,Solid Wood Dining Table,1368,199.75,https://detail.1688.com/offer/1088263993813.html,included,
1088254205524,furniture,真皮沙发北欧新款猫抓皮沙发客厅直排三四人位小户型组合客厅沙发,Sofa,268.84,39.25,https://detail.1688.com/offer/1088254205524.html,included,
1088250492694,furniture,会所别墅样板房椅子现代简约设计师棉麻酒店餐椅 意式实木扶手椅,Solid Wood Chair,420,61.33,https://detail.1688.com/offer/1088250492694.html,included,
1088246005583,furniture,梳妆台现代卧室简约小户型2025新款斗柜化妆桌镜床头柜一体化妆台,Dressing Table,304.2,44.42,https://detail.1688.com/offer/1088246005583.html,included,
1088232329367,furniture,猫爪皮简约风办公沙发现代小户型沙发轻舍客厅沙发公寓办公室沙发,Sofa,245.96,35.91,https://detail.1688.com/offer/1088232329367.html,included,
1088231256558,furniture,现代简约中古风餐椅北欧设计师酒店餐厅实木椅子家用结实耐用凳子,Solid Wood Chair,274.8,40.12,https://detail.1688.com/offer/1088231256558.html,included,
1088228329305,furniture,茶几客厅家用2026新款阳台小茶桌轻奢高级感茶台简易小户型茶几桌,Coffee Table,90.28,13.18,https://detail.1688.com/offer/1088228329305.html,included,
1088226844929,furniture,用食堂早餐店小吃饭店餐桌椅组合餐饮面馆家用快餐厅桌子长,Table and Chair Options,137.76,20.11,https://detail.1688.com/offer/1088226844929.html,included,
1088220044850,furniture,中古风简约餐椅藤编休闲布艺餐厅设计咖啡厅现代酒店单人书桌椅子,Woven Rattan Fabric Table and Chair Options,296.4,43.28,https://detail.1688.com/offer/1088220044850.html,included,
1088215589952,furniture,北欧布艺沙发小户型现代简约出租房三人位公寓服装店客厅小沙发,Fabric Sofa,309.01,45.12,https://detail.1688.com/offer/1088215589952.html,included,
1088215089648,furniture,北欧轻奢单人双人阳台懒人沙发 现代简约客厅卧室小户型布艺沙发,Fabric Sofa,388.7,56.76,https://detail.1688.com/offer/1088215089648.html,included,
1088199816410,furniture,北欧实木床双人1.8x2米主卧大床现代简约民宿1.5米家用单人床卧室,Solid Wood Bed Frame,844.88,123.36,https://detail.1688.com/offer/1088199816410.html,included,
1088148820724,furniture,实木岩板圆餐桌家用小户型古风圆形饭桌现代北欧简约复古,Solid Wood Dining Table,2758.6,402.79,https://detail.1688.com/offer/1088148820724.html,included,
1088132344170,furniture,新中式实木藤编餐边柜设计师样板房酒店收纳柜电视柜玄关柜防潮,Solid Wood Woven Rattan TV Cabinet,249.48,36.43,https://detail.1688.com/offer/1088132344170.html,included,
1088131568458,furniture,|日式侘寂风旧木餐桌 复古民宿咖啡厅古木方桌中古复刻家具古木色,Dining Table,2870.01,419.06,https://detail.1688.com/offer/1088131568458.html,included,
1088110964909,furniture,炭碳化黑色实木大板茶桌侘寂风创意禅意功夫茶台后现代简约泡茶桌,,320.76,,https://detail.1688.com/offer/1088110964909.html,held,product-identification-or-relevance-review
1088092570703,furniture,新款时尚轻奢女老板办公桌总裁桌经理桌智能电动升降桌黑武士桌椅,Table and Chair Options,200,29.2,https://detail.1688.com/offer/1088092570703.html,included,
1088092570055,furniture,厨房置物架落地多层厨房橱柜多功能微波炉超厚餐边柜储物柜子,Sideboard,90.74,13.25,https://detail.1688.com/offer/1088092570055.html,included,
1088088673699,furniture,家用餐椅奶油客厅法式网红椅子轻奢靠背椅北欧简约餐桌椅家具其他,Table and Chair Options,38,5.55,https://detail.1688.com/offer/1088088673699.html,included,
1088075149760,furniture,轻奢意式茶几奶油风岩板茶桌家用客厅爆款桌子网红简约出租房茶几,Coffee Table,103.58,15.12,https://detail.1688.com/offer/1088075149760.html,included,
1088055669768,furniture,老板桌总裁董事长办公桌高级感大班台经理办公室桌办公桌椅组合,Table and Chair Options,1979.04,288.97,https://detail.1688.com/offer/1088055669768.html,included,
1088055233588,furniture,黑色实木茶几椭圆形北欧简约客厅家用小户型民宿侘寂风原木桌子无,Solid Wood Coffee Table,568.4,82.99,https://detail.1688.com/offer/1088055233588.html,included,
1088054968614,furniture,法式复古实木餐桌家用古风小户型圆形复古风胡桃木圆桌组合餐桌椅,Solid Wood Table and Chair Options,433.55,63.3,https://detail.1688.com/offer/1088054968614.html,included,
1088010184580,furniture,北欧豪华加厚塑料餐椅户外休闲镂空背靠椅家用客厅文艺ins风椅子,Chair,87.34,12.75,https://detail.1688.com/offer/1088010184580.html,included,
1088008836241,furniture,实木梳妆台卧室简约现代化妆桌储物收纳柜主卧梳妆桌小户型化妆台,Solid Wood Dressing Table,611.33,89.26,https://detail.1688.com/offer/1088008836241.html,included,
1087990628422,furniture,简约轻奢洽谈办公接待桌椅咖啡厅组合桌椅售楼处双层家用休闲圆桌,Table and Chair Options,60.45,8.83,https://detail.1688.com/offer/1087990628422.html,included,
1087990628158,furniture,侘寂风储物柜简约现代罗马柱电视柜客厅斗柜可/ 家具整装木复古风,TV Cabinet,3884.76,567.23,https://detail.1688.com/offer/1087990628158.html,included,
1087983316851,furniture,时尚洽谈桌椅圆形钢化玻璃茶几家用边角几阳台咖啡厅休闲接待桌椅,Table and Chair Options,88.4,12.91,https://detail.1688.com/offer/1087983316851.html,included,
1087983001412,furniture,新款家用餐椅现代简约书桌椅北欧办公会议靠背椅仿实木会议牛角椅,Solid Wood Table and Chair Options,53,7.74,https://detail.1688.com/offer/1087983001412.html,included,
1087971584052,furniture,电脑桌台式家用电竞桌椅套装卧室简易桌子工作台书桌出租屋办公桌,,33.25,,https://detail.1688.com/offer/1087971584052.html,held,product-identification-or-relevance-review
1087971053610,furniture,出租屋简易落地沙发可折叠沙发床榻榻米沙发小户型可躺可睡小沙发,Foldable Sofa Bed,331.02,48.33,https://detail.1688.com/offer/1087971053610.html,included,
1087968461153,furniture,牛角椅靠背椅网红书桌凳子餐椅家用塑料椅休闲简约加厚北欧办公,Desk,43.81,6.4,https://detail.1688.com/offer/1087968461153.html,included,
1087967821191,furniture,电视柜实木高柜2026新款加厚客厅家用落地小户型茶几电视机柜组合,Solid Wood TV Cabinet,997.5,145.65,https://detail.1688.com/offer/1087967821191.html,included,
1087967821140,furniture,意式极简设计师创意实木斗柜别墅家用电视柜中古风艺术靠墙玄关柜,Solid Wood TV Cabinet,3527.5,515.06,https://detail.1688.com/offer/1087967821140.html,included,
1087948076385,furniture,北欧实木肯尼迪总统椅现代简约民宿总统椅意式全实木真皮软包餐椅,Solid Wood Chair,277.2,40.48,https://detail.1688.com/offer/1087948076385.html,included,
1087935445599,furniture,功能沙发太空头等美甲舱电动按摩椅客厅摇摇椅子可躺转单人沙发椅,Sofa,315,45.99,https://detail.1688.com/offer/1087935445599.html,included,
1087900462923,furniture,简约法式复古实木妆台高级感收纳柜一体卧室中古梳妆台星空化妆台,Solid Wood Dressing Table,2150,313.93,https://detail.1688.com/offer/1087900462923.html,included,
1087883653236,furniture,茶几客厅家用小户型轻奢现代小茶台桌子岩板简约意式网红北欧茶桌,Coffee Table,108.21,15.8,https://detail.1688.com/offer/1087883653236.html,included,
1087866785239,furniture,书柜客厅置物柜大容量储物柜黑色组合格子柜卧室展示柜简易书架,Bookcase,83.2,12.15,https://detail.1688.com/offer/1087866785239.html,included,
1087859608002,furniture,新款茶几小户型家用客厅意式岩板玻璃可伸缩储物简约现代方形茶桌,Coffee Table,168,24.53,https://detail.1688.com/offer/1087859608002.html,included,
1087815381440,furniture,外贸真空压缩布艺沙发跨境小户型公寓家用客厅拆洗折叠懒人沙发床,Fabric Foldable Sofa Bed,3493.15,510.05,https://detail.1688.com/offer/1087815381440.html,included,
1087806105176,furniture,北欧中古餐边柜家用靠墙一体黄杨木实木岩板复古客厅置物储物高柜,Solid Wood Sideboard,2999,437.9,https://detail.1688.com/offer/1087806105176.html,included,
1087792881796,furniture,中古风实木餐边柜法式复古客厅储物收纳柜靠墙一体咖啡置物柜,Solid Wood Sideboard,2800,408.84,https://detail.1688.com/offer/1087792881796.html,included,
1087783360317,furniture,橡胶木上下铺公寓双层床儿童床员工寝室双层高低床厂家直销实惠床,Bunk Bed,440,64.25,https://detail.1688.com/offer/1087783360317.html,included,
1087763520872,furniture,北欧实木设计师餐椅家用餐厅吃饭椅子复古风咖啡厅休闲椅靠背餐椅,Solid Wood Chair,600,87.61,https://detail.1688.com/offer/1087763520872.html,included,
1087763324614,furniture,茶几实木边几角几中式实木茶台仿古小茶桌轻奢博古架子简约玄关柜,Solid Wood Coffee Table,95.55,13.95,https://detail.1688.com/offer/1087763324614.html,included,
1087752265084,furniture,美拉德黑胡桃实木大板茶桌原木餐桌中古风大书桌工作台日式其他,Solid Wood Dining Table,10890,1590.09,https://detail.1688.com/offer/1087752265084.html,included,
1087738365715,furniture,简约餐桌椅组合小户型家用餐桌椅长方形饭桌早餐店快餐店商用桌椅,Table and Chair Options,48.1,7.02,https://detail.1688.com/offer/1087738365715.html,included,
1087738064809,furniture,餐椅家用靠背椅餐桌椅现代简约轻奢风酒店软包椅北欧网红麻将座椅,Table and Chair Options,41.29,6.03,https://detail.1688.com/offer/1087738064809.html,included,
1087731150204,furniture,现代简约真皮床意式极简头层牛皮软床储物双人床高端大气轻奢婚床,Bed Frame,3551,518.49,https://detail.1688.com/offer/1087731150204.html,included,
1087729401756,furniture,书房书柜会议室收纳柜客厅玻璃门手办展示柜带门靠墙落地储物柜子,Bookcase,945.03,137.99,https://detail.1688.com/offer/1087729401756.html,included,
1087729261774,furniture,实木岩板餐桌小户型客厅家用吃饭桌长方形书桌学习桌出租房商用桌,Solid Wood Dining Table,590.6,86.24,https://detail.1688.com/offer/1087729261774.html,included,
1087724636673,furniture,北欧洽谈桌椅组合餐桌接待小户型圆桌简约现代家用阳台奶茶店休闲,Table and Chair Options,48.36,7.06,https://detail.1688.com/offer/1087724636673.html,included,
1087724636265,furniture,塑料椅子家用成人室外户外庭院休闲椅带扶手靠背椅子商用塑料椅子,Chair,56.87,8.3,https://detail.1688.com/offer/1087724636265.html,included,
1087708002493,furniture,新中式书架收纳柜翻盖置物架落地全封闭家用防尘简易实木书柜多层,Solid Wood Bookcase,68.53,10.01,https://detail.1688.com/offer/1087708002493.html,included,
1087700453417,furniture,法式复古实木餐椅家用中古风餐桌椅椅子家用靠背椅侘寂风餐厅椅,Solid Wood Table and Chair Options,350,51.1,https://detail.1688.com/offer/1087700453417.html,included,
1087700446398,furniture,移动摆摊冷柜冷藏冷冻展示柜商用冰柜车载小型台式三轮车冰,Storage Cabinet,1067.91,155.93,https://detail.1688.com/offer/1087700446398.html,included,
1087699085728,furniture,家用卧室儿童简易组装金属钢制衣物收纳柜2026新款爆款推拉门衣柜,Wardrobe,489.41,71.46,https://detail.1688.com/offer/1087699085728.html,included,
1087636470899,furniture,意式极简科技布沙发客厅大坐深 L型贵妃转角现代轻奢三防布艺沙发,Fabric Sofa,832,121.48,https://detail.1688.com/offer/1087636470899.html,included,
1087616666610,furniture,实木床1米8双人床家用主卧1.5m现代简约出租房用1.2m适老单人床架,Solid Wood Bed Frame,296.62,43.31,https://detail.1688.com/offer/1087616666610.html,included,
1087616666536,furniture,头等太空沙发舱单人客厅美甲懒人电动按摩多功能老人旋转躺椅摇椅,Sofa,350,51.1,https://detail.1688.com/offer/1087616666536.html,included,
1087585364415,furniture,钢制格子柜多层收纳矮柜置物架客厅电视柜收纳柜自由组合书柜书架,TV Cabinet,46,6.72,https://detail.1688.com/offer/1087585364415.html,included,
1087573524567,furniture,意式极简电视柜简约现代客厅电视机柜高款轻奢高级感卧室储物地柜,TV Cabinet,2480,362.11,https://detail.1688.com/offer/1087573524567.html,included,
1087555788236,furniture,岩板餐桌椅组合现代简约轻奢亮面亮光桌家用小户型哑光加厚饭桌,Table and Chair Options,43,6.28,https://detail.1688.com/offer/1087555788236.html,included,
1087521710999,furniture,单人沙发客厅2026新款简约现代出租房网红款双人小户型布艺沙发椅,Fabric Sofa,193.2,28.21,https://detail.1688.com/offer/1087521710999.html,included,
1087514598575,furniture,小户型沙发现代简约卧室公寓出租房单人沙发办公室接待三人小沙发,Sofa,231.69,33.83,https://detail.1688.com/offer/1087514598575.html,included,
1087514598570,furniture,椭圆形茶几轻奢小户型岩板茶桌小户型网红客厅茶几家用爆款茶几,Coffee Table,154.7,22.59,https://detail.1688.com/offer/1087514598570.html,included,
1087508608836,furniture,商用餐桌椅组合小吃店食堂饭店快餐桌椅大排档餐厅餐桌简约小方凳,Table and Chair Options,137.96,20.14,https://detail.1688.com/offer/1087508608836.html,included,
1087483668480,furniture,家用餐桌椅北欧金属架休闲舒适商务洽谈酒店椅餐厅加厚软包牛角椅,Table and Chair Options,54.6,7.97,https://detail.1688.com/offer/1087483668480.html,included,
1087482693677,furniture,新款时尚小推车移动茶几家用便携式推车置物架角几沙发客厅用双层,Portable Sofa,207.36,30.28,https://detail.1688.com/offer/1087482693677.html,included,
1087469732590,furniture,轻奢极简大平层法式别墅大户型客厅现代简约真皮沙发可定制,Sofa,12800,1868.98,https://detail.1688.com/offer/1087469732590.html,included,
1087464377366,furniture,沙发简易公寓客厅出租房屋卧室服装店网红双人三人布艺小户型沙发,Fabric Sofa,410,59.87,https://detail.1688.com/offer/1087464377366.html,included,
1087463188614,furniture,实木办公桌老板桌简约现代总经理办公桌大班台办公室办公电脑桌,Solid Wood Desk,320,46.72,https://detail.1688.com/offer/1087463188614.html,included,
1087461929902,furniture,中古风复古法式实木餐桌小户型家用法式餐厅阳台吃饭咖啡休闲茶几,Solid Wood Dining Table,569,83.08,https://detail.1688.com/offer/1087461929902.html,included,
1087461929789,furniture,中古藤编靠背椅民宿复古风设计师藤编椅网红咖啡厅中古休闲椅餐椅,Woven Rattan Chair,93.15,13.6,https://detail.1688.com/offer/1087461929789.html,included,
1087457301406,furniture,圆桌白色网红接待洽谈桌轻奢风奶茶咖啡店桌椅组合餐桌餐椅圆茶几,Table and Chair Options,115.56,16.87,https://detail.1688.com/offer/1087457301406.html,included,
1087453872558,furniture,岩板小圆桌家用阳台茶几椅子组合办公接待洽谈桌轻奢商务休闲茶桌,Coffee Table,113.1,16.51,https://detail.1688.com/offer/1087453872558.html,included,
1087452377644,furniture,岩板电视柜现代简约地柜客厅小户型伸缩电视机柜轻奢一体茶几组合,TV Cabinet,113.2,16.53,https://detail.1688.com/offer/1087452377644.html,included,
1087447333881,furniture,轻奢电视柜岩板现代简约地柜客厅伸缩电视机柜一体茶几组合跨境款,TV Cabinet,117.56,17.17,https://detail.1688.com/offer/1087447333881.html,included,
1087442189273,furniture,北欧科技布乳胶沙发轻奢双人工业风复古民宿ins橙色三人乳胶沙发,Sofa,1457.5,212.82,https://detail.1688.com/offer/1087442189273.html,included,
1087435497171,furniture,实木床胡桃木家用1.8米卧室床高箱储物软靠大床简约1.5米主卧婚床,Solid Wood Bed Frame,1047.44,152.94,https://detail.1688.com/offer/1087435497171.html,included,
1087434570700,furniture,轻奢岩板餐桌奢石亮光设计师不锈钢意式高端别墅长方形高级感饭桌,Stainless Steel Dining Table,2130.04,311.02,https://detail.1688.com/offer/1087434570700.html,included,
1087427248206,furniture,轻奢主人椅餐椅麻将沙发椅接待洽谈桌椅美甲椅茶凳子梳妆台化妆椅,Table and Chair Options,177.2,25.87,https://detail.1688.com/offer/1087427248206.html,included,
1087414732424,furniture,斗柜家用五斗柜落地收纳柜卧室客厅置物架靠墙储物小柜子北欧风,Storage Cabinet,46.28,6.76,https://detail.1688.com/offer/1087414732424.html,included,
1087397076663,furniture,餐椅家用北欧靠背凳子铁艺牛角椅书桌椅子现代简约卧室轻奢办公椅,Table and Chair Options,63.7,9.3,https://detail.1688.com/offer/1087397076663.html,included,
1087391688103,furniture,奶油风饼干沙发客厅现代简约公寓出租房中小户型泡芙直排布艺沙发,Fabric Sofa,349.8,51.08,https://detail.1688.com/offer/1087391688103.html,included,
1087391408125,furniture,书架学生书桌书本收纳架桌面书籍置物架家用分层学习分类课本书柜,Bookcase,17.9,2.61,https://detail.1688.com/offer/1087391408125.html,included,
1087388272271,furniture,翻盖卧室梳妆台家用奶油风简约多功能化妆台一体式收纳柜子带高柜,Dressing Table,380,55.49,https://detail.1688.com/offer/1087388272271.html,included,
1087379293053,furniture,洽谈桌餐桌网红白色北欧ins圆形奶茶咖啡店桌椅组合郁金香饭桌,Table and Chair Options,93.71,13.68,https://detail.1688.com/offer/1087379293053.html,included,
1087374085210,furniture,实木餐桌碳化桌面饭桌餐厅桌椅商用快餐店小吃店火锅店餐桌椅组合,Solid Wood Table and Chair Options,93.57,13.66,https://detail.1688.com/offer/1087374085210.html,included,
1087369561659,furniture,方桌正方形餐桌出租屋小户型饭桌餐饮奶茶店餐桌椅子,Table and Chair Options,158.6,23.16,https://detail.1688.com/offer/1087369561659.html,included,
1087360109031,furniture,意式极简餐椅轻奢现代靠背椅感酒店家用岛台扶手椅商用洽谈椅,Chair,104.9,15.32,https://detail.1688.com/offer/1087360109031.html,included,
1087340409752,furniture,北欧实木腿电视柜简约现代小户型茶几电视柜组合伸缩电视机柜客厅,Solid Wood TV Cabinet,102.7,15.0,https://detail.1688.com/offer/1087340409752.html,included,
1087339869442,furniture,小户型客厅沙发床一体折叠两用布艺直排奶油风绿色三人一字型沙发,Fabric Foldable Sofa Bed,1533.6,223.93,https://detail.1688.com/offer/1087339869442.html,included,
1087322549878,furniture,加厚塑料椅子现代简约可叠放餐椅户外休闲靠背椅书桌椅餐椅椅子,Table and Chair Options,53.7,7.84,https://detail.1688.com/offer/1087322549878.html,included,
1087304130669,furniture,2027新款实木餐边柜储物高柜一体靠墙简约客厅轻奢柜子家用酒柜,Solid Wood Sideboard,567,82.79,https://detail.1688.com/offer/1087304130669.html,included,
1087280697505,furniture,现代简约实木床 1.8米双人床1.5米实木软靠床1.2米单人床出租房床,Solid Wood Bed Frame,460.5,67.24,https://detail.1688.com/offer/1087280697505.html,included,
1087260942193,furniture,法式实木餐桌家用复古风半圆弧形饭桌客厅小户型靠墙中古风岛台桌,Solid Wood Dining Table,79,11.54,https://detail.1688.com/offer/1087260942193.html,included,
1087237646372,furniture,批发铁艺牛角椅小吃快餐店椅子汉堡甜品奶茶饭店网红餐厅靠背餐椅,Chair,121.52,17.74,https://detail.1688.com/offer/1087237646372.html,included,
1087234129009,furniture,休闲北欧意式桌椅圆桌组合轻奢简约现代餐桌圆桌洽谈桌椅组合,Table and Chair Options,114.44,16.71,https://detail.1688.com/offer/1087234129009.html,included,
1087232002997,furniture,外贸真空压缩布艺沙发床客厅双三人折叠两用豆腐块榻榻米模块沙发,Fabric Foldable Sofa Bed,834.6,121.86,https://detail.1688.com/offer/1087232002997.html,included,
1087222017862,furniture,长方形中古风岩板餐桌家用小户型高级感法式复古吃饭桌子,Dining Table,1933.1,282.26,https://detail.1688.com/offer/1087222017862.html,included,
1087218037671,furniture,实木竹节椅酒店婚礼宴会用椅餐椅美式竹节椅,Solid Wood Chair,118,17.23,https://detail.1688.com/offer/1087218037671.html,included,
1087195254079,furniture,可定制意式轻奢家用真皮床主卧床1.8米双人床2米高箱储物皮艺床,Bed Frame,1030,150.39,https://detail.1688.com/offer/1087195254079.html,included,
1087184826373,furniture,26款猫抓皮沙发客厅小户型公寓出租房棋牌室办公室直排大三人位木,Sofa,512.46,74.83,https://detail.1688.com/offer/1087184826373.html,included,
1087184826205,furniture,梳妆台化妆桌现代卧室简约2026新款小户型主卧收纳斗柜床头柜一体,Dressing Table,118.3,17.27,https://detail.1688.com/offer/1087184826205.html,included,
1087170262908,furniture,整装科技布艺沙发小户型北欧双人两三人客厅出租房公寓网红款简易,Fabric Sofa,234.56,34.25,https://detail.1688.com/offer/1087170262908.html,included,
1087142185260,furniture,中古风复古实木岩板餐桌家用不锈钢圆形洽谈餐桌维亚圆形餐桌,Solid Wood Stainless Steel Dining Table,125,18.25,https://detail.1688.com/offer/1087142185260.html,included,
1087118009046,furniture,加厚塑料餐椅北欧简约家用餐桌凳子可叠放出租房奶茶店商用靠背椅,Dining Table,23.5,3.43,https://detail.1688.com/offer/1087118009046.html,included,
1087115960427,furniture,北欧马鞍皮餐椅轻奢创意休闲餐椅化妆椅凳子椅子轻奢马鞍皮化妆椅,Chair,220,32.12,https://detail.1688.com/offer/1087115960427.html,included,
1087113976927,furniture,靠墙柜子收纳储物柜学生家用简易书架书柜落地置物架多层客厅一体,Bookcase,101.4,14.81,https://detail.1688.com/offer/1087113976927.html,included,
1087100437539,furniture,推拉门衣柜家用卧室木质灰色收纳柜子小户型出租房简易衣橱储物柜,Wardrobe,217.8,31.8,https://detail.1688.com/offer/1087100437539.html,included,
1087095809251,furniture,新中式老榆木餐边柜实木收纳储物柜黑胡桃茶叶柜禅意实木家具玄关,Solid Wood Sideboard,4950,722.77,https://detail.1688.com/offer/1087095809251.html,included,
1087093361518,furniture,斗柜梳妆台一体卧室现代简约实木储物收纳柜化妆桌小户型2024新款,Solid Wood Dressing Table,820.12,119.75,https://detail.1688.com/offer/1087093361518.html,included,
1087088376638,furniture,老榆木餐边柜实木收纳储物柜侘寂风复古风餐边柜多格民宿分类边柜,Solid Wood Sideboard,35,5.11,https://detail.1688.com/offer/1087088376638.html,included,
1087087740978,furniture,小圆桌吃饭简易家用快餐桌休闲桌餐桌奶茶店北欧商用洽谈会议桌子,Dining Table,57.84,8.45,https://detail.1688.com/offer/1087087740978.html,included,
1087081472775,furniture,法式奶油风雪尼尔绒云朵沙发客厅公寓出租屋中古云岛布艺直排沙发,Fabric Sofa,979.2,142.98,https://detail.1688.com/offer/1087081472775.html,included,
1087078553933,furniture,|日式侘寂风亚麻带滚轮餐椅 复古水洗棉麻可拆洗咖啡厅单人椅其他,Chair,1286.01,187.78,https://detail.1688.com/offer/1087078553933.html,included,
1087067174382,furniture,北欧餐桌椅组合家用现代简约小户型6人饭桌一桌四椅套装烤漆木,,2044,,https://detail.1688.com/offer/1087067174382.html,held,product-identification-or-relevance-review
1087065081565,furniture,意式轻奢简约现代客厅布艺拉扣小户型沙发新款真皮沙发高级可躺,Fabric Sofa,2498.75,364.85,https://detail.1688.com/offer/1087065081565.html,included,
1087030382253,furniture,复古折叠沙发客厅小户型双人家用布艺两用真空压缩沙发床2025新款,Fabric Foldable Sofa Bed,1325.16,193.49,https://detail.1688.com/offer/1087030382253.html,included,
1087006137032,furniture,中式沙发床折叠两用小户型客厅家用双三人复古豆腐块布艺模块沙发,Fabric Foldable Sofa Bed,579.6,84.63,https://detail.1688.com/offer/1087006137032.html,included,
1087000377315,furniture,简约餐桌餐椅奶茶店桌椅小户型家用洽谈桌椅美甲店售楼处甜品店接,Table and Chair Options,63.56,9.28,https://detail.1688.com/offer/1087000377315.html,included,
1086987214005,furniture,办公桌简易单人经理桌电脑桌简约现代主管桌子办公室办公桌椅组合,Table and Chair Options,68,9.93,https://detail.1688.com/offer/1086987214005.html,included,
1086985675497,furniture,简约法式复古实木妆台高级感收纳柜一体卧室中古梳妆台星空化妆台,Solid Wood Dressing Table,2150,313.93,https://detail.1688.com/offer/1086985675497.html,included,
1086975121695,furniture,猫抓绒布新款折叠奶油可折叠多功能沙发床两用一体小户型客厅,Foldable Sofa Bed,1041.45,152.07,https://detail.1688.com/offer/1086975121695.html,included,
1086961870897,furniture,现代轻奢靠背椅子简约家用加厚凳子餐椅休闲椅咖啡酒店椅北欧椅子,Chair,64.8,9.46,https://detail.1688.com/offer/1086961870897.html,included,
1086960365189,furniture,法式简约现代实木多斗柜餐边柜大储物玄关柜法式新古典卧室电视柜,Solid Wood TV Cabinet,3385.8,494.37,https://detail.1688.com/offer/1086960365189.html,included,
1086959178905,furniture,梳妆台现代卧室简约小户型2025新款斗柜化妆桌镜床头柜一体化妆台,Dressing Table,309.4,45.18,https://detail.1688.com/offer/1086959178905.html,included,
1086927954409,furniture,总裁办公桌老板桌大班台轻奢简约现代高档家具董事长领导桌椅组合,Table and Chair Options,683,99.73,https://detail.1688.com/offer/1086927954409.html,included,
1086927954261,furniture,轻奢梳妆台收纳柜一体卧室现代简约 小户型极简网红ins风化妆桌子,Dressing Table,322.64,47.11,https://detail.1688.com/offer/1086927954261.html,included,
1086897278226,furniture,奶油风餐椅家用现代轻奢简约椅子北欧软包化妆椅麻将椅酒店靠背椅,Chair,85.73,12.52,https://detail.1688.com/offer/1086897278226.html,included,
1086896886124,furniture,沙发床2025新款沙发床一体两用小户型客厅公寓出租房折叠沙发床,Foldable Sofa Bed,147.49,21.54,https://detail.1688.com/offer/1086896886124.html,included,
1086894122360,furniture,复古实木藤编家用餐椅客厅家具靠背椅子竹节椅小户型厨房餐桌椅,Solid Wood Woven Rattan Table and Chair Options,1046.45,152.8,https://detail.1688.com/offer/1086894122360.html,included,
1086889330643,furniture,实木椅子中古餐椅家用餐桌椅新款简约广岛椅休闲扶手椅洽谈书桌椅,Solid Wood Table and Chair Options,213.3,31.14,https://detail.1688.com/offer/1086889330643.html,included,
1086885466221,furniture,头等太空沙发舱多功能单人沙发可躺懒人电动按摩椅电脑办公椅美甲,Sofa,307,44.83,https://detail.1688.com/offer/1086885466221.html,included,
1086884350731,furniture,办公沙发大象耳朵家用客厅懒人布艺沙发现代公寓简约沙发小户型,Fabric Sofa,182.25,26.61,https://detail.1688.com/offer/1086884350731.html,included,
1086879062947,furniture,茶几客厅家用小户型简约现代钢化玻璃2025新款轻奢岩板阳台小茶台,Coffee Table,390,56.95,https://detail.1688.com/offer/1086879062947.html,included,
1086873744009,furniture,北欧轻奢餐椅现代简约酒店餐桌椅家用靠背化妆凳电脑书桌办公椅子,Table and Chair Options,79.2,11.56,https://detail.1688.com/offer/1086873744009.html,included,
1086868644280,furniture,现代电脑椅家用靠背餐椅北欧美甲椅餐厅椅子梳妆凳经济舒适办公椅,Chair,83.2,12.15,https://detail.1688.com/offer/1086868644280.html,included,
1086867942353,furniture,岩板茶几客厅家用小户型2026新款轻奢现代简约落地茶几电视柜组合,TV Cabinet,65.6,9.58,https://detail.1688.com/offer/1086867942353.html,included,
1086853228437,furniture,现代简约功餐桌夫套装泡茶桌茶桌椅组合茶桌办公家用茶台长方形桌,Table and Chair Options,107.9,15.75,https://detail.1688.com/offer/1086853228437.html,included,
1086817580665,furniture,客厅家用茶几小户型轻奢现代新款茶桌子茶台简约现代方形玻璃茶几,Coffee Table,88.4,12.91,https://detail.1688.com/offer/1086817580665.html,included,
1086812944986,furniture,网红化妆椅书桌椅 靠背凳 卧室梳妆台化妆椅轻奢简约靠背椅,Table and Chair Options,68.96,10.07,https://detail.1688.com/offer/1086812944986.html,included,
1086789532920,furniture,商务轻奢洽谈桌办公室休息区休闲实用圆桌简约接待家用小户型餐桌,Dining Table,106.47,15.55,https://detail.1688.com/offer/1086789532920.html,included,
1086743725252,furniture,钢化玻璃茶几现代简约风加厚三层客厅家用角几小户型收纳置物边桌,Coffee Table,89.57,13.08,https://detail.1688.com/offer/1086743725252.html,included,
1086732843486,furniture,书柜置物柜落地书架客厅靠墙边柜格子书柜卧室收纳储物柜一体矮柜,Bookcase,136.22,19.89,https://detail.1688.com/offer/1086732843486.html,included,
1086721578938,furniture,实木餐椅北欧风家用靠背椅简约轻奢小户型软包餐厅餐桌吃饭椅凳子,Solid Wood Dining Table,114.9,16.78,https://detail.1688.com/offer/1086721578938.html,included,
1086714197299,furniture,现代实木吧台椅家用小型餐椅北欧厨房椅子靠背酒店餐厅休闲高脚椅,Solid Wood Chair,124.8,18.22,https://detail.1688.com/offer/1086714197299.html,included,
1086699779567,furniture,实木飘窗书架桌上置物架学生桌面收纳柜简易儿童书柜多层储物架子,Solid Wood Bookcase,23,3.36,https://detail.1688.com/offer/1086699779567.html,included,
1086696526917,furniture,意式真皮沙发头层牛皮客厅电动沙发平躺伸缩功能直排沙发床,Sofa Bed,5980,873.16,https://detail.1688.com/offer/1086696526917.html,included,
1086690609448,furniture,户外塑料椅子仿藤靠背椅室外庭院花园别墅加厚塑料靠背椅奶茶店椅,Chair,72.97,10.65,https://detail.1688.com/offer/1086690609448.html,included,
1086687627045,furniture,意式简约云漫云朵真皮沙发大小户型客厅直排家用轻奢牛皮皮艺黑色,Sofa,1085,158.42,https://detail.1688.com/offer/1086687627045.html,included,
1086679798973,furniture,北欧实木餐边柜简约现代玄关柜藤编鞋柜储物柜日式小户型茶水柜子,Solid Wood Woven Rattan Sideboard,1140,166.46,https://detail.1688.com/offer/1086679798973.html,included,
1086678216201,furniture,钢琴键直排全真青皮沙发四人位意式轻奢客厅简约组合设计师款家具,Sofa,15796,2306.43,https://detail.1688.com/offer/1086678216201.html,included,
1086671419326,furniture,意式新款轻奢双人床现代简约高端大气大床主卧婚床储物储物床皮床,Bed Frame,981.51,143.31,https://detail.1688.com/offer/1086671419326.html,included,
1086670834761,furniture,全实木书架落地置物架儿童带玻璃门书柜收纳柜一体靠墙展示储物柜,Solid Wood Bookcase,407,59.43,https://detail.1688.com/offer/1086670834761.html,included,
1086669158693,furniture,2026中古风实木椅子靠背椅子餐椅家用简约现代木质餐厅吃饭椅凳子,Solid Wood Chair,109.25,15.95,https://detail.1688.com/offer/1086669158693.html,included,
1086667178047,furniture,餐桌北欧餐椅现代家用餐厅塑料简约久坐椅子靠背凳子加厚靠背椅子,Table and Chair Options,16.58,2.42,https://detail.1688.com/offer/1086667178047.html,included,
1086660702351,furniture,轻奢茶几客厅家用现代简约小户型网红方形玻璃岩板电视柜组合茶几,TV Cabinet,272.5,39.79,https://detail.1688.com/offer/1086660702351.html,included,
1086658082341,furniture,北欧家用加厚靠背椅现代简约餐厅久坐舒服商用可叠放椅子塑料椅子,Chair,79.88,11.66,https://detail.1688.com/offer/1086658082341.html,included,
1086658082089,furniture,镂空椅子现代简约度假靠背椅轻奢高级感户外塑料椅子家用餐厅餐椅,Chair,52.78,7.71,https://detail.1688.com/offer/1086658082089.html,included,
1086656541124,furniture,北欧轻奢家用意式极简皮革餐椅子客厅吃饭餐凳金属脚靠背椅椅餐椅,Chair,265,38.69,https://detail.1688.com/offer/1086656541124.html,included,
1086652616731,furniture,暖感侘寂奶油风高级感梳妆台卧室斗柜一体实木化妆桌轻奢床头柜,Solid Wood Dressing Table,231,33.73,https://detail.1688.com/offer/1086652616731.html,included,
1086651194042,furniture,商用实木快餐桌椅组合一桌四凳长方形餐厅食堂饭店餐桌椅耐磨耐用,Solid Wood Table and Chair Options,183.3,26.76,https://detail.1688.com/offer/1086651194042.html,included,
1086649764219,furniture,梳妆台卧室简约现代主卧化妆桌白色带镜子收纳抽屉培训学校化妆台,Dressing Table,400,58.41,https://detail.1688.com/offer/1086649764219.html,included,
1086643968062,furniture,大黑牛沙发意式简约现代客厅猫抓皮豆腐块直排乳胶沙发公寓出租屋,Sofa,124.85,18.23,https://detail.1688.com/offer/1086643968062.html,included,
1086617304241,furniture,奶油风法式圆桌餐桌小户型家用岩板桌椅组合 轻奢接待洽谈阳台桌,Table and Chair Options,106.13,15.5,https://detail.1688.com/offer/1086617304241.html,included,
1086615771055,furniture,奶油风圆桌家用餐桌卧室阳台小茶几奶茶店咖啡厅洽谈桌接待超稳桌,Dining Table,86.84,12.68,https://detail.1688.com/offer/1086615771055.html,included,
1086609016548,furniture,北欧塑料椅子靠背家用塑胶椅餐厅加厚简约餐椅镂空叠放扶手塑料椅,Chair,27.17,3.97,https://detail.1688.com/offer/1086609016548.html,included,
1086588236572,furniture,简约家用藤编椅户外阳台庭院休闲椅奶茶店餐馆大排档商用靠背椅子,Woven Rattan Chair,45.5,6.64,https://detail.1688.com/offer/1086588236572.html,included,
1086584878212,furniture,北欧咖啡厅复古实木靠背椅餐厅面馆铁艺餐椅酒吧清吧可叠放餐凳椅,Solid Wood Chair,110,16.06,https://detail.1688.com/offer/1086584878212.html,included,
1086578538918,furniture,全实木小圆桌家用小户型圆形餐桌阳台小桌椅休闲接待洽谈桌椅组合,Solid Wood Table and Chair Options,282.1,41.19,https://detail.1688.com/offer/1086578538918.html,included,
1086558819317,furniture,迷你梳妆台小户型收纳柜化妆台奶油风多功能翻盖桌子卧室简约风格,Dressing Table,164.03,23.95,https://detail.1688.com/offer/1086558819317.html,included,
1086555460956,furniture,茶几圆形岩板高级茶几办公接待茶几民宿爆款茶几简约轻奢茶几组合,Coffee Table,62.27,9.09,https://detail.1688.com/offer/1086555460956.html,included,
1086533795033,furniture,复古圆形沙发边几创意镂空曲木边桌客厅简易置物小茶几卧室床头柜,Sofa,68,9.93,https://detail.1688.com/offer/1086533795033.html,included,
1086526312891,furniture,折叠桌阳台白色小圆桌子家用小户型简约休闲餐桌宿舍桌出租房饭桌,Foldable Dining Table,26,3.8,https://detail.1688.com/offer/1086526312891.html,included,
1086491409503,furniture,爆款床豆腐块意式轻奢主卧现代简约小户型双人1.8米大床储物婚床,,1467,,https://detail.1688.com/offer/1086491409503.html,held,product-identification-or-relevance-review
1086454597378,furniture,法式复古风油蜡真皮怀抱沙发客厅直排小户型中古风墨绿色真皮沙发,Sofa,2466,360.07,https://detail.1688.com/offer/1086454597378.html,included,
1086443845601,furniture,法式复古风小户型客厅卧室民宿家用接待休闲单双三人直排布艺沙发,Fabric Sofa,806.21,117.72,https://detail.1688.com/offer/1086443845601.html,included,
1086431993166,furniture,深色雪尼尔绒显现代简约异形沙发售楼酒店大厅家用接待洽谈休息区,Sofa,1509.2,220.36,https://detail.1688.com/offer/1086431993166.html,included,
1086431689103,furniture,厨房橱柜置物架落地多层收纳柜多功能微波炉切菜餐边碗柜储物柜子,Storage Cabinet,100.26,14.64,https://detail.1688.com/offer/1086431689103.html,included,
1086430513385,furniture,意式极简大黑胖子沙发宽大坐深豆腐块直排沙发大平层客厅复古沙发,Sofa,715.68,104.5,https://detail.1688.com/offer/1086430513385.html,included,
1086428666393,furniture,黑胡桃木色藤编餐边客厅小户型茶水板式厨房储物柜一体靠墙杂物,Woven Rattan Storage Cabinet,261,38.11,https://detail.1688.com/offer/1086428666393.html,included,
1086420689738,furniture,法式复古实木梳妆台斗柜一体中古风床尾柜小户型卧室转角化妆桌子,Solid Wood Dressing Table,1750,255.52,https://detail.1688.com/offer/1086420689738.html,included,
1086417222393,furniture,2025新款客厅家用方圆两用岩板餐桌小户型简约可伸缩折叠实木饭桌,Solid Wood Foldable Dining Table,3103.96,453.22,https://detail.1688.com/offer/1086417222393.html,included,
1086413089094,furniture,奶茶店椅子家居加厚靠背摆摊椅子塑料椅子凳子商用餐饮店餐厅,Chair,63.12,9.22,https://detail.1688.com/offer/1086413089094.html,included,
1086404895658,furniture,可叠放餐椅家用牛角简约现代成人椅北欧加厚凳子餐桌塑料靠背椅子,Dining Table,23.5,3.43,https://detail.1688.com/offer/1086404895658.html,included,
1086401441054,furniture,跨境餐椅铁艺金属板式凳子简约软包椅子网红爆款现代轻奢餐厅餐椅,Chair,72.28,10.55,https://detail.1688.com/offer/1086401441054.html,included,
1086393771239,furniture,梳妆台卧室现代简约轻奢化妆台小户型网红化妆镜收纳一体化妆桌,Dressing Table,92,13.43,https://detail.1688.com/offer/1086393771239.html,included,
1086392694372,furniture,奶油风小圆桌卧室阳台茶桌奶茶店洽谈桌咖啡厅接待桌家用圆形餐桌,Dining Table,118.1,17.24,https://detail.1688.com/offer/1086392694372.html,included,
1086388462609,furniture,餐桌快餐厅面馆餐饮商用长方形餐桌椅子一套小吃早餐饭店餐桌椅,Table and Chair Options,149.18,21.78,https://detail.1688.com/offer/1086388462609.html,included,
1086386386785,furniture,实木餐桌碳化桌面饭桌餐厅桌椅商用快餐店小吃店火锅店餐桌椅组合,Solid Wood Table and Chair Options,97.16,14.19,https://detail.1688.com/offer/1086386386785.html,included,
1086385298822,furniture,法式复古诺森实木电视柜客厅电视机柜茶几组合中古风收纳储物柜子,Solid Wood TV Cabinet,1890,275.97,https://detail.1688.com/offer/1086385298822.html,included,
1086385277871,furniture,意式轻奢洽谈客厅桌椅组合售楼处休闲接待台商现代简约奶茶圆桌,Table and Chair Options,168,24.53,https://detail.1688.com/offer/1086385277871.html,included,
1086380705447,furniture,温莎椅餐椅网红椅塑料椅巨厚塑料靠背椅咖啡店奶茶店温莎靠背椅,Chair,56.5,8.25,https://detail.1688.com/offer/1086380705447.html,included,
1086378460723,furniture,云朵沙发家用客厅网红懒人沙发租房小户型布艺沙发卧室直排沙发床,Fabric Sofa Bed,391.02,57.09,https://detail.1688.com/offer/1086378460723.html,included,
1086372219052,furniture,北欧书柜展示柜现代简约多层书架拱形置物架客厅创意立柜置物柜,Bookcase,2694,393.36,https://detail.1688.com/offer/1086372219052.html,included,
1086368982725,furniture,新中式黑胡桃木实木圆桌轻奢高端亮光潘多拉岩板圆餐桌椅组合,Solid Wood Table and Chair Options,3386.25,494.44,https://detail.1688.com/offer/1086368982725.html,included,
1086361367957,furniture,真空包装压缩沙发单人沙发床折叠两用奶油风模块懒人沙发客厅,Foldable Sofa Bed,1287,187.92,https://detail.1688.com/offer/1086361367957.html,included,
1086359472894,furniture,沙发客厅小户型出租房卧室双三人位大象耳朵直排懒人沙发布艺新款,Fabric Sofa,285.38,41.67,https://detail.1688.com/offer/1086359472894.html,included,
1086350019895,furniture,实木凳子家用餐凳可叠放组合凳圆凳客厅备用凳可移动餐桌凳其它,Solid Wood Dining Table,441.57,64.48,https://detail.1688.com/offer/1086350019895.html,included,
1086347578082,furniture,特价美式铁艺做旧餐椅咖啡厅椅实木椅书房椅休闲会议椅办公椅靠背,Solid Wood Chair,39.9,5.83,https://detail.1688.com/offer/1086347578082.html,included,
1086342351661,furniture,北欧轻奢真空压缩沙发现代简约客厅布艺沙发单人公寓民宿模块沙发,Fabric Sofa,4080.65,595.83,https://detail.1688.com/offer/1086342351661.html,included,
1086341286522,furniture,意式极简悬浮床1.5米1.8米主卧双人床小户型网红大黑熊床软体床无,Bed Frame,1175.02,171.57,https://detail.1688.com/offer/1086341286522.html,included,
1086340298095,furniture,北欧全实木沙发组合客厅沙发家具冬夏两用大小户型沙发经实木沙发,Solid Wood Sofa,380,55.49,https://detail.1688.com/offer/1086340298095.html,included,
1086335678701,furniture,奶茶店椅子北欧仿简约洽谈餐桌椅组合现代简约小户型创意休闲圆桌,Table and Chair Options,75.39,11.01,https://detail.1688.com/offer/1086335678701.html,included,
1086308398209,furniture,奶油风圆桌家用餐桌卧室阳台小茶几奶茶店咖啡厅洽谈桌接待简约桌,Dining Table,51.74,7.55,https://detail.1688.com/offer/1086308398209.html,included,
1086304982904,furniture,奶油风法式圆桌餐桌小户型家用岩板桌椅组合 轻奢接待洽谈阳台桌,Table and Chair Options,59.86,8.74,https://detail.1688.com/offer/1086304982904.html,included,
1086303546331,furniture,面馆桌椅饭店小吃店桌椅快餐桌椅组合实木餐馆食堂餐桌烧烤碳化桌,Solid Wood Table and Chair Options,93.47,13.65,https://detail.1688.com/offer/1086303546331.html,included,
1086301290471,furniture,楠竹茶台休闲茶桌椅组合小户型家用阳台小方桌办公室书桌,Table and Chair Options,108.29,15.81,https://detail.1688.com/offer/1086301290471.html,included,
1086299163055,furniture,2025新款客厅沙发小户型出租房酒店公寓双人三人布艺小沙发服装店,Fabric Sofa,380.92,55.62,https://detail.1688.com/offer/1086299163055.html,included,
1086295815622,furniture,梳妆台女生化妆桌床头柜卧室角落收纳2026新款现代简约书桌化妆台,Dressing Table,18,2.63,https://detail.1688.com/offer/1086295815622.html,included,
1086294934420,furniture,餐桌快餐厅面馆餐饮商用长方形餐桌椅子一套小吃早餐饭店餐桌椅,Table and Chair Options,143.65,20.97,https://detail.1688.com/offer/1086294934420.html,included,
1086290803687,furniture,现代简约异形弧形老板桌总裁经理办公室大班台高端轻奢意式办公桌,Desk,1108,161.78,https://detail.1688.com/offer/1086290803687.html,included,
1086284251064,furniture,出租房皮艺沙发现代简约款长条沙发双人三人极简意式公寓小沙发,Sofa,388.09,56.67,https://detail.1688.com/offer/1086284251064.html,included,
1086281047412,furniture,小户型沙发现代简约卧室公寓出租房单人沙发办公室接待三人小沙发,Sofa,231.69,33.83,https://detail.1688.com/offer/1086281047412.html,included,
1086269143982,furniture,洽谈桌椅组合店铺商用接待会客小圆桌休息区简约休闲一桌四椅餐桌,Table and Chair Options,81.46,11.89,https://detail.1688.com/offer/1086269143982.html,included,
1086269143639,furniture,北欧小户型沙发出租房卧室服装店公寓休息接待双人三人简易小沙发,Sofa,269.1,39.29,https://detail.1688.com/offer/1086269143639.html,included,
1086269143424,furniture,轻奢高级感梳妆台斗柜一体收纳带镜主卧小户型现代原木风化妆桌子,Dressing Table,270.4,39.48,https://detail.1688.com/offer/1086269143424.html,included,
1086264294889,furniture,奶油风小圆桌卧室阳台茶桌奶茶店洽谈桌咖啡厅接待桌家用圆形餐桌,Dining Table,118.1,17.24,https://detail.1688.com/offer/1086264294889.html,included,
1086259362603,furniture,面馆桌椅饭店小吃店餐桌椅餐桌组合实木餐馆食堂桌子餐厅烧烤碳化,Solid Wood Table and Chair Options,186.12,27.18,https://detail.1688.com/offer/1086259362603.html,included,
1086258266928,furniture,洽谈小圆桌休闲接待桌椅组合简约阳台桌子商用咖啡奶茶店圆形餐桌,Table and Chair Options,117.35,17.13,https://detail.1688.com/offer/1086258266928.html,included,
1086257939802,furniture,现代轻奢小户型单人双人网红公寓酒店接待洽谈美容院服装店小沙发,Sofa,1794,261.95,https://detail.1688.com/offer/1086257939802.html,included,
1086251686676,furniture,实木梳妆台卧室简约现代化妆桌储物收纳柜主卧梳妆桌小户型化妆台,Solid Wood Dressing Table,643.5,93.96,https://detail.1688.com/offer/1086251686676.html,included,
1086249419205,furniture,餐椅家用中古轻奢仿藤编椅阳台网红餐厅椅子民宿复古靠背椅,Woven Rattan Chair,73,10.66,https://detail.1688.com/offer/1086249419205.html,included,
1086221303649,furniture,布艺沙发复古客厅现代简约折叠真空压缩沙发小户型模块沙发床,Fabric Foldable Sofa Bed,1211.99,176.97,https://detail.1688.com/offer/1086221303649.html,included,
1086198359637,furniture,现代简约伸缩电视柜北欧客厅新款极简茶几组合套装卧室原木色地柜,TV Cabinet,1084.88,158.41,https://detail.1688.com/offer/1086198359637.html,included,
1086194767793,furniture,中式极简风岩板茶几2026新款可伸缩储物电视柜客厅小户型高级组合,TV Cabinet,2072.5,302.61,https://detail.1688.com/offer/1086194767793.html,included,
1086186397567,furniture,奶油风罗马柱岩板餐桌椅组合简约家用小户型岛台餐桌一体罗马柱桌,Table and Chair Options,75,10.95,https://detail.1688.com/offer/1086186397567.html,included,
1086186089347,furniture,办公椅子舒适久坐会议室职员会议椅电脑椅家用简约现代人体工学椅,Chair,156,22.78,https://detail.1688.com/offer/1086186089347.html,included,
1086179823754,furniture,北欧餐椅现代简约铁艺家用餐厅酒店椅子舒适轻奢软包靠背椅羊角椅,Chair,57.4,8.38,https://detail.1688.com/offer/1086179823754.html,included,
1086179134804,furniture,防尘书架书柜带柜门靠墙柜子储物柜简约家用书厨柜小户型组合书架,Bookcase,352.5,51.47,https://detail.1688.com/offer/1086179134804.html,included,
1086163969698,furniture,意式极简休闲椅棉麻椅子家用复古餐椅北欧风美甲客人椅单人沙发椅,Sofa,366,53.44,https://detail.1688.com/offer/1086163969698.html,included,
1086155973219,furniture,家用餐桌椅子餐椅靠背椅餐厅凳子轻奢高级意式酒店舒服久坐吃饭椅,Table and Chair Options,60.52,8.84,https://detail.1688.com/offer/1086155973219.html,included,
1086152250072,furniture,巨厚菠萝椅4个装加厚超软靠垫酒吧麻将椅休闲靠简约现代高端餐椅,Chair,37.17,5.43,https://detail.1688.com/offer/1086152250072.html,included,
1086150370068,furniture,简约实木床1.8米双人床1.2/1.5米主卧定制实木家具高箱储物主婚床,Solid Wood Bed Frame,629,91.84,https://detail.1688.com/offer/1086150370068.html,included,
1086145516010,furniture,云朵沙发家用客厅懒人沙发小户型出租房屋直排沙发现代公寓沙发床,Sofa Bed,295.1,43.09,https://detail.1688.com/offer/1086145516010.html,included,
1086142569281,furniture,意式极简休闲椅棉麻椅子家用复古餐椅北欧风美甲客人椅单人沙发椅,Sofa,223.2,32.59,https://detail.1688.com/offer/1086142569281.html,included,
1086137107207,furniture,外贸真空压缩布艺沙发床复古折叠两用小户型客厅懒人休闲模块沙发,Fabric Foldable Sofa Bed,671.4,98.03,https://detail.1688.com/offer/1086137107207.html,included,
1086129318191,furniture,网红沙发创意阳台奶油简约客厅茶几圆桌北欧迷你小桌子轻奢新中式,Sofa,52,7.59,https://detail.1688.com/offer/1086129318191.html,included,
1086129190500,furniture,真空压缩沙发家用2025新款一体成型全海绵真空卷包沙发床布艺沙发,Fabric Sofa Bed,3481.92,508.41,https://detail.1688.com/offer/1086129190500.html,included,
1086128127124,furniture,现代简约家用餐椅高端轻奢酒店会所洽谈椅别墅包厢皮革靠背会客椅,Chair,480,70.09,https://detail.1688.com/offer/1086128127124.html,included,
1086122061259,furniture,北欧岩板茶几客厅酒店公寓小户型圆桌轻奢风现代创意时尚子母餐桌,Dining Table,117,17.08,https://detail.1688.com/offer/1086122061259.html,included,
1086110356204,furniture,新款轻奢椅子酒店宴会厅不锈钢靠椅简约家居桌椅黑色靠背椅子,Stainless Steel Table and Chair Options,235,34.31,https://detail.1688.com/offer/1086110356204.html,included,
1086107563793,furniture,真空压缩布艺沙发床折叠两用可拆洗客厅模块可睡可躺直排沙发,Fabric Foldable Sofa Bed,1095.74,159.99,https://detail.1688.com/offer/1086107563793.html,included,
1086105143773,furniture,岩板茶几客厅家用小户型现代简约实木生态板高脚茶几电视机柜组合,Solid Wood Coffee Table,277.52,40.52,https://detail.1688.com/offer/1086105143773.html,included,
1086102259698,furniture,外贸真空压缩中古风布艺沙发客厅双三人直排折叠两用可拆洗沙发床,Fabric Foldable Sofa Bed,811.15,118.44,https://detail.1688.com/offer/1086102259698.html,included,
1086086405805,furniture,豆腐块沙发小户型客厅出租房民宿双三人猫抓布艺直排沙发2025新款,Fabric Sofa,782.04,114.19,https://detail.1688.com/offer/1086086405805.html,included,
1086081693130,furniture,现代简约双人床侘寂风极简大象耳朵真皮床轻奢主卧大床奶油风现货,Bed Frame,1754,256.11,https://detail.1688.com/offer/1086081693130.html,included,
1086078831681,furniture,斗柜门口鞋柜储物柜置物柜卧室收纳柜家用落地组合柜子餐边柜架子,Sideboard,107,15.62,https://detail.1688.com/offer/1086078831681.html,included,
1086076919508,furniture,餐饮酒店会所早餐厅靠背椅饭店包厢公寓客房椅子商用意式轻奢餐椅,Chair,185.9,27.14,https://detail.1688.com/offer/1086076919508.html,included,
1086069232240,furniture,书柜一体整墙到顶组合玻璃门展示柜 落地酒柜 简约家用客厅收纳柜,Bookcase,362.5,52.93,https://detail.1688.com/offer/1086069232240.html,included,
1086044319855,furniture,北欧洽谈桌椅接待办公室接待小圆桌组合网红风阳台休闲奶茶圆桌,Table and Chair Options,97.5,14.24,https://detail.1688.com/offer/1086044319855.html,included,
1086042927564,furniture,塑料椅子家用餐椅加厚餐桌凳子靠背书桌椅中古餐厅商用可叠放软包,Table and Chair Options,50,7.3,https://detail.1688.com/offer/1086042927564.html,included,
1086028842694,furniture,虎一家居简约北欧铁艺书柜家用收纳柜置物夹缝窄单门阳台储物高脚,Bookcase,319,46.58,https://detail.1688.com/offer/1086028842694.html,included,
1086022527705,furniture,现代简约茶几小户型客厅家用迷你奶油风边几桌子长虹钢化玻璃茶几,Coffee Table,105.6,15.42,https://detail.1688.com/offer/1086022527705.html,included,
1086014154898,furniture,客厅实木框茶几电视柜组合胡桃色茶台家用现代简约小户型电视机柜,Solid Wood TV Cabinet,560.54,81.85,https://detail.1688.com/offer/1086014154898.html,included,
1086013299170,furniture,沙发床小户型卧室出租房客厅懒人沙发公寓布艺网红款布艺折叠沙发,Fabric Foldable Sofa Bed,124.47,18.17,https://detail.1688.com/offer/1086013299170.html,included,
1086011238983,furniture,|侘寂风旧木方桌 复古日式古董复刻古木民宿早餐桌茶桌咖啡桌其他,Dining Table,1979.01,288.96,https://detail.1688.com/offer/1086011238983.html,included,
1086008547833,furniture,2026新款华夫格真皮床复古极简主卧实木软包床轻奢黑色中古风床,Solid Wood Bed Frame,2943,429.72,https://detail.1688.com/offer/1086008547833.html,included,
1086008547535,furniture,北欧轻奢餐椅休闲餐厅椅子靠背简约餐桌椅创意凳子家用网红洽谈椅,Table and Chair Options,65.32,9.54,https://detail.1688.com/offer/1086008547535.html,included,
1086007451556,furniture,北欧餐椅现代家用餐厅休闲简约加厚靠背凳子成人塑料靠背椅椅子,Chair,50.03,7.31,https://detail.1688.com/offer/1086007451556.html,included,
1086007391723,furniture,可定制可调节超薄床头主卧双人床现代简约真皮床小户型软包齐边床,Adjustable Bed Frame,670,97.83,https://detail.1688.com/offer/1086007391723.html,included,
1086007267237,furniture,北欧简约餐椅家用轻奢椅子现代酒店商用高端餐厅凳子靠背麻将椅,Chair,50.81,7.42,https://detail.1688.com/offer/1086007267237.html,included,
1086003238185,furniture,新款猫抓皮科技布免洗大小户型布艺沙发组合多功能客厅沙发家具木,Fabric Sofa,2315,338.02,https://detail.1688.com/offer/1086003238185.html,included,
1085999239999,furniture,真空包装压缩沙发单人沙发床折叠两用奶油风模块懒人沙发客厅,Foldable Sofa Bed,1115.4,162.86,https://detail.1688.com/offer/1085999239999.html,included,
1085989111742,furniture,北欧轻奢餐椅休闲出租房椅子家用简约化妆靠背凳子酒店餐桌椅批发,Table and Chair Options,48.7,7.11,https://detail.1688.com/offer/1085989111742.html,included,
1085989111198,furniture,中古实木岩板圆桌北欧复古白色家用小户型餐桌圆形餐厅吃饭桌,Solid Wood Dining Table,710.93,103.81,https://detail.1688.com/offer/1085989111198.html,included,
1085957777863,furniture,意式轻奢不锈钢马鞍皮小推车艺术彩绘茶几边几客厅沙发角几置物架,Stainless Steel Sofa,346,50.52,https://detail.1688.com/offer/1085957777863.html,included,
1085949283734,furniture,沙发客厅小户型出租屋公寓民宿服装店接待区新款耳朵布艺沙发,Fabric Sofa,247.05,36.07,https://detail.1688.com/offer/1085949283734.html,included,
1085945123975,furniture,钢制衣柜推拉门金属收纳柜家用小户型省空间卧室衣橱环保储物柜子,Wardrobe,2075,302.98,https://detail.1688.com/offer/1085945123975.html,included,
1085921564367,furniture,国风新中式设计师北欧布艺餐椅家用休闲靠背实木主人茶椅餐桌椅,Solid Wood Fabric Table and Chair Options,658.5,96.15,https://detail.1688.com/offer/1085921564367.html,included,
1085916074042,furniture,美式轻奢实木沙发法式奶油风小户型民宿客厅三人布艺直排沙发组合,Solid Wood Fabric Sofa,1856.25,271.04,https://detail.1688.com/offer/1085916074042.html,included,
1085913262082,furniture,| 侘寂风民宿昌迪加尔古木餐椅 美式乡村复古旧木P.J扶手椅其他,Chair,1088.01,158.86,https://detail.1688.com/offer/1085913262082.html,included,
1085901529056,furniture,北欧简约餐椅轻奢靠背餐桌椅休闲餐厅靠背椅网红椅子家用现代酒店,Table and Chair Options,42.24,6.17,https://detail.1688.com/offer/1085901529056.html,included,
1085876726270,furniture,文件柜资料柜办公室置物柜木质带锁档案储物柜家用带门收纳柜书柜,Bookcase,114.4,16.7,https://detail.1688.com/offer/1085876726270.html,included,
1085853402903,furniture,塑料椅子北欧商用家用加厚餐厅餐桌餐椅一体成型靠背椅办公洽谈椅,Table and Chair Options,21.45,3.13,https://detail.1688.com/offer/1085853402903.html,included,
1085850549352,furniture,餐桌家用小户型现代简约长方形餐桌椅办公室桌子组合桌椅闲庭园桌,Table and Chair Options,70.2,10.25,https://detail.1688.com/offer/1085850549352.html,included,
1085839461223,furniture,法式覆古设计师创意实木餐桌中古风简约家用小户型圆形洽谈桌饭桌,Solid Wood Dining Table,288,42.05,https://detail.1688.com/offer/1085839461223.html,included,
1085835865284,furniture,美式 复古侘寂风实木斗柜家用餐边柜中古柜收纳展示柜玻璃组合柜,Solid Wood Sideboard,925.3,135.11,https://detail.1688.com/offer/1085835865284.html,included,
1085835166172,furniture,实木快餐桌椅大排档餐桌子面馆餐桌小吃店早餐桌饭堂桌子岩板餐桌,Solid Wood Table and Chair Options,148.64,21.7,https://detail.1688.com/offer/1085835166172.html,included,
1085824571185,furniture,钢制推拉门衣柜家用卧室储物柜出租屋移门衣橱金属收纳柜,Wardrobe,2182.54,318.68,https://detail.1688.com/offer/1085824571185.html,included,
1085824184272,furniture,猫抓皮沙发客厅小户型沙发简约现代直排布艺沙发公寓租房小沙发,Fabric Sofa,185.33,27.06,https://detail.1688.com/offer/1085824184272.html,included,
1085818635579,furniture,推拉门衣柜2025新款奶油风家用爆款衣柜家用卧室现代小户型大衣橱,Wardrobe,1283.75,187.45,https://detail.1688.com/offer/1085818635579.html,included,
1085818635177,furniture,餐桌快餐店小吃店现代简约吃饭桌子长方形大板桌餐饮商用桌椅组合,Table and Chair Options,196.76,28.73,https://detail.1688.com/offer/1085818635177.html,included,
1085808204284,furniture,客厅沙发简约现代服装美发理发店猫爪皮沙发休息区出租屋懒人沙发,Sofa,227.12,33.16,https://detail.1688.com/offer/1085808204284.html,included,
1085803328694,furniture,新中式老榆木储物柜民宿别墅靠墙收纳柜客厅简约轻奢的实木餐边柜,Solid Wood Sideboard,63,9.2,https://detail.1688.com/offer/1085803328694.html,included,
1085801243097,furniture,亚马逊卧室梳妆台现代简约化妆桌板式家具货源工厂批发收纳储物柜,Dressing Table,139,20.3,https://detail.1688.com/offer/1085801243097.html,included,
1085797263296,furniture,侘界侘寂风餐椅家用休闲阳台原木复古吧台椅老榆木椅子实木靠背椅,Solid Wood Chair,705.38,103.0,https://detail.1688.com/offer/1085797263296.html,included,
1085795086444,furniture,中古风高级感轻奢沙发客厅真皮新款简约复古意式云朵直排劳伦沙发,Sofa,1811.44,264.5,https://detail.1688.com/offer/1085795086444.html,included,
1085793838759,furniture,法式复古真皮沙发大黑牛中古风黑色牛皮客厅直排云朵沙发其他单人,Sofa,2400,350.43,https://detail.1688.com/offer/1085793838759.html,included,
1085789355418,furniture,实木现代北欧风简约餐椅家用靠背厅酒店服装店书桌椅休闲椅,Solid Wood Table and Chair Options,280.8,41.0,https://detail.1688.com/offer/1085789355418.html,included,
1085786801905,furniture,法式复古奶油简约客厅组合宠物沙发茶几古风小户型黑色圆形矮桌,Sofa,183,26.72,https://detail.1688.com/offer/1085786801905.html,included,
1085778117375,furniture,北欧餐桌椅休闲餐厅靠背椅靠背轻奢家用网红酒店简约现代椅子餐椅,Table and Chair Options,38.35,5.6,https://detail.1688.com/offer/1085778117375.html,included,
1085774393549,furniture,简约小椅子商用餐饮麻辣烫粉面馆桌椅小吃店汉堡快餐店家用餐桌,Table and Chair Options,97.5,14.24,https://detail.1688.com/offer/1085774393549.html,included,
1085764506788,furniture,现代简约家用塑料北欧凳子网红ins风商场餐厅餐椅卧室餐椅靠背椅,Chair,34.84,5.09,https://detail.1688.com/offer/1085764506788.html,included,
1085742503134,furniture,办公室文件柜可移动带锁斗柜家用收纳储物柜卧室床头柜加宽收纳柜,Bedside Cabinet,86.2,12.59,https://detail.1688.com/offer/1085742503134.html,included,
1085726055837,furniture,外贸模块化组合云朵沙发直排可变沙发床真空压缩海绵布艺沙发客厅,Fabric Sofa Bed,2160,315.39,https://detail.1688.com/offer/1085726055837.html,included,
1085593237056,furniture,新款科技布钢琴键沙发出租屋简易小户型服装店公寓猫爪皮免洗沙发,Sofa,194,28.33,https://detail.1688.com/offer/1085593237056.html,included,
1085588798392,furniture,美式真皮沙发棕色头层牛皮小户型三人2.15米直排沙发复古客厅家具,Sofa,450,65.71,https://detail.1688.com/offer/1085588798392.html,included,
1085556593069,furniture,轻奢餐椅靠背椅洽谈餐厅凳子意式简约现代椅子家用北欧酒店靠背,Chair,109,15.92,https://detail.1688.com/offer/1085556593069.html,included,
1085544776403,furniture,意式北欧风餐椅网红可百搭休闲椅轻奢极简风麻将椅酒店专用靠背椅,Chair,39.13,5.71,https://detail.1688.com/offer/1085544776403.html,included,
1085540977690,furniture,餐椅简约家用椅轻奢酒店商务洽谈椅子休闲现代风餐椅麻将椅子,Chair,35.1,5.13,https://detail.1688.com/offer/1085540977690.html,included,
1085535933136,furniture,电视柜简约现代轻奢家用客厅茶几组合小户型卧室一体茶几电视机柜,TV Cabinet,111.6,16.3,https://detail.1688.com/offer/1085535933136.html,included,
1085531355327,furniture,藤编折叠餐椅靠背椅子简约民宿实木家用客厅凳子休闲靠背餐厅椅子,Solid Wood Woven Rattan Chair,135.6,19.8,https://detail.1688.com/offer/1085531355327.html,included,
1085520605831,furniture,双人复古沙发出租房经济型公寓布艺小沙发小户型客厅民宿一体沙发,Fabric Sofa,197.57,28.85,https://detail.1688.com/offer/1085520605831.html,included,
1085512023161,furniture,复古实木餐椅咖啡厅甜品店酒店宴会靠背椅子民宿咖啡厅实木背叉椅,Solid Wood Chair,220,32.12,https://detail.1688.com/offer/1085512023161.html,included,
1085506303261,furniture,北欧简约现代休闲沙发椅设计师单人椅创意撞色懒人椅客厅躺椅,Sofa,812,118.56,https://detail.1688.com/offer/1085506303261.html,included,
1085504492725,furniture,休闲桌椅西餐厅奶茶店实用长桌商用夜店清吧酒吧靠背椅工业风餐桌,Table and Chair Options,104,15.19,https://detail.1688.com/offer/1085504492725.html,included,
1085500709618,furniture,客厅茶桌小户型现代简约长方形餐桌简易办公室出租房网红铁艺茶几,Dining Table,106.46,15.54,https://detail.1688.com/offer/1085500709618.html,included,
1085495511655,furniture,餐椅餐桌椅家用简约凳子有靠背酒店餐厅椅子批发靠背椅餐桌椅,Table and Chair Options,133.51,19.49,https://detail.1688.com/offer/1085495511655.html,included,
1085494703698,furniture,方桌正方形餐桌出租屋小户型饭桌餐饮奶茶店餐桌椅子,Table and Chair Options,158.6,23.16,https://detail.1688.com/offer/1085494703698.html,included,
1085494703694,furniture,简约现代沙发边几奶油风云朵茶几客厅家用小户型迷你桌子床头柜,Sofa,72.8,10.63,https://detail.1688.com/offer/1085494703694.html,included,
1085486839094,furniture,高级感奶油风法式岩板餐桌加用现代简约小户型白色洞石新款饭桌,Dining Table,1821.25,265.93,https://detail.1688.com/offer/1085486839094.html,included,
1085477203980,furniture,中古法式实木床复古皇冠软包1.8主卧双人大床美式古风简约1.5婚床,Solid Wood Bed Frame,906.72,132.39,https://detail.1688.com/offer/1085477203980.html,included,
1085468552078,furniture,北欧实木餐桌小户型家用长方形吃饭桌子餐椅商用快餐餐桌椅子组合,Solid Wood Table and Chair Options,109,15.92,https://detail.1688.com/offer/1085468552078.html,included,
1085448110238,furniture,日式奶油风原木色实木岩板餐桌家用长方形简约饭桌岩板餐桌,Solid Wood Dining Table,900.38,131.47,https://detail.1688.com/offer/1085448110238.html,included,
1085441204392,furniture,椅子靠背椅简约轻奢酒店接待公司培训椅休闲麻将办公室上班办公椅,Chair,39.12,5.71,https://detail.1688.com/offer/1085441204392.html,included,
1085436640714,furniture,家用轻奢餐桌靠背椅北欧简约现代餐椅咖啡厅酒店休闲接待椅子,Table and Chair Options,103.84,15.16,https://detail.1688.com/offer/1085436640714.html,included,
1085427450681,furniture,岩板餐桌椅组合现代简约长方形桌子意式极简小户型家用网红款饭桌,Table and Chair Options,64,9.34,https://detail.1688.com/offer/1085427450681.html,included,
1085426770380,furniture,奶油风真皮床意式轻奢1.8米主卧豪华双人床1.5米高端大气储物婚床,Bed Frame,1068,155.94,https://detail.1688.com/offer/1085426770380.html,included,
1085425642259,furniture,新款北欧简约餐椅客厅家用民宿酒店餐厅扶手椅用实木布艺商用椅子,Solid Wood Fabric Chair,442,64.54,https://detail.1688.com/offer/1085425642259.html,included,
1085425070800,furniture,岩板餐桌家用小户型饭桌现代简约轻奢长方形高档亮光面餐桌椅组合,Table and Chair Options,39,5.69,https://detail.1688.com/offer/1085425070800.html,included,
1085421115435,furniture,小户型折叠沙发床布艺沙发沙发床一体两用多功能客厅出租房沙发床,Fabric Foldable Sofa Bed,89.24,13.03,https://detail.1688.com/offer/1085421115435.html,included,
1085420487052,furniture,电视柜客厅家用2026新款小户型现代简约出租屋用简易落地电视机柜,TV Cabinet,172.12,25.13,https://detail.1688.com/offer/1085420487052.html,included,
1085418183647,furniture,简约现代沙发边几奶油风云朵茶几客厅家用小户型迷你桌子床头柜,Sofa,72.8,10.63,https://detail.1688.com/offer/1085418183647.html,included,
1085418183209,furniture,老板办公桌椅组合简约现代大班台总裁经理主管桌高档办公家具,Table and Chair Options,100,14.6,https://detail.1688.com/offer/1085418183209.html,included,
1085414187141,furniture,北美黑胡桃木电视实木客厅自由组合模块柜储物落地书柜收纳柜矮柜,Solid Wood Bookcase,1300,189.82,https://detail.1688.com/offer/1085414187141.html,included,
1085403726025,furniture,简约沙发客厅小户型直排猫抓皮实木2026新款免洗科技布奶油风沙发,Solid Wood Sofa,188,27.45,https://detail.1688.com/offer/1085403726025.html,included,
1085403175726,furniture,碳化实木桌椅商用餐饮店面馆小吃快餐商用早餐厅烧烤火锅店桌椅,Solid Wood Table and Chair Options,96.33,14.07,https://detail.1688.com/offer/1085403175726.html,included,
1085400266891,furniture,北欧实木餐椅简约总统休闲椅子餐厅洽谈书桌椅广岛椅靠背办公家用,Solid Wood Table and Chair Options,253,36.94,https://detail.1688.com/offer/1085400266891.html,included,
1085383468323,furniture,网红茶几家用客厅北欧角几铁艺小尺寸简约床头边几小圆桌子可移动,Coffee Table,82.8,12.09,https://detail.1688.com/offer/1085383468323.html,included,
1085382895907,furniture,复古椅白蜡木法式餐椅中古风奶油设计师茶椅扶手主人椅高级感椅子,Chair,468,68.33,https://detail.1688.com/offer/1085382895907.html,included,
1085381930671,furniture,简约靠背椅配件高级意式简约舒适北欧轻奢餐椅酒店现代家用办公椅,Chair,132,19.27,https://detail.1688.com/offer/1085381930671.html,included,
1085358481625,furniture,塑料牛角餐椅北欧简约家用成人加厚靠背椅子餐厅饭桌休闲椅批发,Dining Table,23.9,3.49,https://detail.1688.com/offer/1085358481625.html,included,
1085346819479,furniture,意式奶油风沙发大小户型客厅家用牛奶绒大坐深轻奢网红款布艺沙发,Fabric Sofa,1322.5,193.1,https://detail.1688.com/offer/1085346819479.html,included,
1085344885977,furniture,沙发客厅简约现代新款小户型出租房卧室服装店休息区双人直排沙发,Sofa,173.75,25.37,https://detail.1688.com/offer/1085344885977.html,included,
1085335649663,furniture,2026新款客厅沙发小户型出租房酒店公寓双人三人布艺小沙发服装店,Fabric Sofa,181.16,26.45,https://detail.1688.com/offer/1085335649663.html,included,
1085310177076,furniture,塑料椅北欧简约靠背餐椅家用成人加厚塑料椅子餐厅靠背椅户外简用,Chair,14.98,2.19,https://detail.1688.com/offer/1085310177076.html,included,
1085303443249,furniture,实木伸缩岩板餐桌家用北欧原木方圆两用现代简约小户型吃饭桌餐桌,Solid Wood Dining Table,859.25,125.46,https://detail.1688.com/offer/1085303443249.html,included,
1085294298086,furniture,餐桌椅子一套食堂桌椅饭桌饭店餐厅出租房快餐小吃早餐店面馆餐桌,Table and Chair Options,128.7,18.79,https://detail.1688.com/offer/1085294298086.html,included,
1085283599286,furniture,钢化玻璃餐桌椅小户型四方桌正方形小方桌双层桌子家用饭桌多层桌,Table and Chair Options,50.27,7.34,https://detail.1688.com/offer/1085283599286.html,included,
1085278730877,furniture,现代经济型化妆桌小户型梳妆台卧室简约家用省空间迷你化妆台带灯,Dressing Table,278,40.59,https://detail.1688.com/offer/1085278730877.html,included,
1085268410863,furniture,沙发边几客厅阳台角几小桌子网红创意圆几椭圆形茶边几圆形小茶几,Sofa,41.6,6.07,https://detail.1688.com/offer/1085268410863.html,included,
1085256659382,furniture,铁艺边几客厅小茶几简约迷你圆形沙发角几阳台小桌子,Sofa,41,5.99,https://detail.1688.com/offer/1085256659382.html,included,
1085246671507,furniture,厂家批发简约实木餐椅四脚办公椅棋牌室麻将椅会议室椅子酒店椅子,Solid Wood Chair,330,48.18,https://detail.1688.com/offer/1085246671507.html,included,
1085238799942,furniture,火锅店自助调料台蘸料台茶水柜商用小料台备餐柜调味台餐边柜酒柜,Sideboard,231.74,33.84,https://detail.1688.com/offer/1085238799942.html,included,
1085229947631,furniture,加厚塑料靠背椅现代简约创意餐椅家用可叠放餐厅商用凳子靠背餐桌,Dining Table,79.22,11.57,https://detail.1688.com/offer/1085229947631.html,included,
1085201136802,furniture,轻法式可拆洗复古奶油风沙发客厅小户型家用现代简约布艺直排沙发,Fabric Sofa,5367.52,783.73,https://detail.1688.com/offer/1085201136802.html,included,
1085185943117,furniture,多功能新款实木家用伸缩火锅电磁炉折叠岩板餐桌椅组合小户型一体,Solid Wood Foldable Table and Chair Options,4318.5,630.56,https://detail.1688.com/offer/1085185943117.html,included,
1085161349044,furniture,2026新款实木梳妆台卧室简约现代小型奶油风床尾化妆桌斗柜一体柜,Solid Wood Dressing Table,575,83.96,https://detail.1688.com/offer/1085161349044.html,included,
1085145807705,furniture,云朵两用可折叠沙发多功能客厅小户型沙发床现代简约奶油风网红款,Foldable Sofa Bed,361.28,52.75,https://detail.1688.com/offer/1085145807705.html,included,
1085143369181,furniture,会议室椅子折叠椅休闲椅洽谈培训椅懒人大学生靠背折叠办公椅,Foldable Chair,79.69,11.64,https://detail.1688.com/offer/1085143369181.html,included,
1085143287958,furniture,新款梳妆台中古奶油风卧室现代简约斗柜收纳一体小户型收纳化妆桌,Dressing Table,501.6,73.24,https://detail.1688.com/offer/1085143287958.html,included,
1085139178454,furniture,法式复古洞石岩板餐桌椭圆形可折叠储物吃饭桌中古风实木伸缩餐桌,Solid Wood Foldable Dining Table,1432,209.09,https://detail.1688.com/offer/1085139178454.html,included,
1085125208447,furniture,弧形靠背椅 人体工学椅家用商用餐椅 办公洽谈椅北欧风化妆椅铁艺,Chair,32.4,4.73,https://detail.1688.com/offer/1085125208447.html,included,
1085117518027,furniture,新中式酒店电动餐桌餐椅组合会所别墅民宿餐厅包厢椅实木椅厂家,Solid Wood Table and Chair Options,330,48.18,https://detail.1688.com/offer/1085117518027.html,included,
1085117443876,furniture,小户型沙发床多功能可折叠两用一体两用客厅奶油风双人直排网红款,Foldable Sofa Bed,890.14,129.97,https://detail.1688.com/offer/1085117443876.html,included,
1085114158854,furniture,舒适久坐电脑椅办公员工职员办公椅现代简约学生靠背学习椅,Chair,50.9,7.43,https://detail.1688.com/offer/1085114158854.html,included,
1085064282528,furniture,仿藤编靠背椅简约北欧家用设计餐椅网红咖啡酒店休闲椅中古吧台椅,Woven Rattan Chair,72.28,10.55,https://detail.1688.com/offer/1085064282528.html,included,
1085037117792,furniture,家用餐桌椅北欧金属架休闲舒适商务洽谈酒店椅餐厅加厚软包牛角椅,Table and Chair Options,59.15,8.64,https://detail.1688.com/offer/1085037117792.html,included,
1085034561393,furniture,北欧轻奢餐椅家用现代凳子靠背简约化妆椅餐厅软包酒店餐桌椅椅子,Table and Chair Options,60.6,8.85,https://detail.1688.com/offer/1085034561393.html,included,
1085028921296,furniture,加厚塑料餐椅现代简约靠背凳子餐厅家用靠背椅北欧餐桌商用椅子,Dining Table,24,3.5,https://detail.1688.com/offer/1085028921296.html,included,
1085026103583,furniture,塑料餐椅家用成人室外户外庭院休闲椅带扶手靠背椅子商用塑料椅子,Chair,59.8,8.73,https://detail.1688.com/offer/1085026103583.html,included,
1085026103480,furniture,公寓民宿复古客厅奶油风小户型可折叠沙发床网红2025新款直排沙发,Foldable Sofa Bed,1500,219.02,https://detail.1688.com/offer/1085026103480.html,included,
1085019794130,furniture,主卧大床1米8双人床储物软包床婚床奶油风真皮床现代简约多功能床,Bed Frame,1754,256.11,https://detail.1688.com/offer/1085019794130.html,included,
1085018046676,furniture,布艺沙发家用客厅懒人沙发出租屋公寓网红直排单双三人沙发,Fabric Sofa,169,24.68,https://detail.1688.com/offer/1085018046676.html,included,
1085011118713,furniture,多功能上下床实木双人上下床二层组合床高低床加粗加厚儿童床,Solid Wood Bunk Bed,818,119.44,https://detail.1688.com/offer/1085011118713.html,included,
1084973413939,furniture,实木色餐椅家用中古风靠背椅子北欧原木商用酒店餐厅餐桌椅牛角椅,Solid Wood Table and Chair Options,67.4,9.84,https://detail.1688.com/offer/1084973413939.html,included,
1084965959326,furniture,实木椅养老院公寓家具敬老院康养机构休闲椅子软包扶手实木椅子,Solid Wood Chair,103.95,15.18,https://detail.1688.com/offer/1084965959326.html,included,
1084905771306,furniture,中式新款现代简约实木绿色布艺沙发客厅设计高级感小户型直排沙发,Solid Wood Fabric Sofa,1740,254.06,https://detail.1688.com/offer/1084905771306.html,included,
1084876168757,furniture,办公椅学习椅化妆椅餐椅家用靠背餐桌椅高级感设计师现代岛台椅子,Table and Chair Options,153.97,22.48,https://detail.1688.com/offer/1084876168757.html,included,
1084876168454,furniture,中古餐椅北欧实木靠背餐桌椅侘寂风凳子设计师化妆椅法式复古椅子,Solid Wood Table and Chair Options,199.6,29.14,https://detail.1688.com/offer/1084876168454.html,included,
1084839035112,furniture,轻奢简约宾利椅子现代家用休闲靠背椅高级洽谈接待办公室专用椅子,Chair,114.53,16.72,https://detail.1688.com/offer/1084839035112.html,included,
1084827699061,furniture,工程实木定制床1.5米中式胡桃色双人床1.8米大床卧室床家具主卧床,Solid Wood Bed Frame,600,87.61,https://detail.1688.com/offer/1084827699061.html,included,
1084818746605,furniture,意式极简波浪沙发家用酒店客厅直排小户型轻奢复古设计师多人沙发,Sofa,1965,286.92,https://detail.1688.com/offer/1084818746605.html,included,
1084813826479,furniture,北欧简约休闲接待洽谈桌椅组合奶茶咖啡店公寓民宿餐桌阳台小圆桌,Table and Chair Options,193.4,28.24,https://detail.1688.com/offer/1084813826479.html,included,
1084808805194,furniture,餐饮店餐桌现代简约北欧风加厚靠背椅商用小吃店经济实用型饭桌,Dining Table,87.92,12.84,https://detail.1688.com/offer/1084808805194.html,included,
1084794323292,furniture,靠背椅家用简约现代实木中式白色餐厅餐椅家用吃饭餐桌简易宴会椅,Solid Wood Dining Table,89.7,13.1,https://detail.1688.com/offer/1084794323292.html,included,
1084793703146,furniture,现代简约经理桌单人办公桌1.6/1.8米带活动柜办公室家具跨境批发,Desk,1220,178.14,https://detail.1688.com/offer/1084793703146.html,included,
1084785683743,furniture,现代家用靠背椅子休闲简约凳子北欧轻奢洽谈餐椅餐厅酒店餐桌椅,Table and Chair Options,77.21,11.27,https://detail.1688.com/offer/1084785683743.html,included,
1084779756164,furniture,塑料椅子靠背凳子休闲餐厅北欧靠背椅餐椅现代加厚简约家用,Chair,53.69,7.84,https://detail.1688.com/offer/1084779756164.html,included,
1084750927221,furniture,新中式岩板掼蛋专用桌八仙桌实木正方形棋牌桌椅组合四方桌餐桌,Solid Wood Table and Chair Options,400.16,58.43,https://detail.1688.com/offer/1084750927221.html,included,
1084742288686,furniture,简约小户型阳台小桌椅组合室外休闲花园防水防晒户外藤椅三件套,Table and Chair Options,183,26.72,https://detail.1688.com/offer/1084742288686.html,included,
1084731135307,furniture,边几简约原木风咖啡店边桌洽谈桌奶茶店简约网红商用奶茶店小边桌,Side Table,106.21,15.51,https://detail.1688.com/offer/1084731135307.html,included,
1084719326399,furniture,圆桌餐桌椅组合轻奢意式家用小 户型售楼部休闲接待洽谈桌椅批发,Table and Chair Options,65.73,9.6,https://detail.1688.com/offer/1084719326399.html,included,
1084716510280,furniture,意式极简设计师款高级感马鞍皮餐椅家用复古艺术感不锈钢椅子,Stainless Steel Chair,249,36.36,https://detail.1688.com/offer/1084716510280.html,included,
1084686371195,furniture,北欧现代轻奢餐椅家用靠背椅酒店洽谈椅子镂空休闲餐厅简约凳子,Chair,68.3,9.97,https://detail.1688.com/offer/1084686371195.html,included,
1084681176804,furniture,科技布沙发简约现代小户型客厅沙发双人三人卧室服装店接待沙发,Sofa,201.5,29.42,https://detail.1688.com/offer/1084681176804.html,included,
1084575596223,furniture,定制复古风棉花糖真皮沙发直排三人位意式极简家用大客厅皮艺沙发,Sofa,1788,261.07,https://detail.1688.com/offer/1084575596223.html,included,
1084555884666,furniture,北欧餐桌椅组合现代简约小户型4人6人吃饭经济家用长方形桌子椅,Table and Chair Options,78,11.39,https://detail.1688.com/offer/1084555884666.html,included,
1084545152994,furniture,北欧真皮单人沙发椅头层牛皮懒人旋转休闲椅客厅现代设计师龙虾椅,Sofa,1292.64,188.74,https://detail.1688.com/offer/1084545152994.html,included,
1084536274493,furniture,布戈意式真皮沙发现代简约家用客厅2026新款小户型奶油风布艺沙发,Fabric Sofa,777.88,113.58,https://detail.1688.com/offer/1084536274493.html,included,
1084535775041,furniture,现代岩板餐桌黑色饭桌子简约客厅餐桌椅组合长条桌小户型桌椅套装,,139.9,,https://detail.1688.com/offer/1084535775041.html,held,product-identification-or-relevance-review
1084523522450,furniture,沙发客厅小户型出租屋公寓民宿服装店接待区新款大象耳朵布艺沙发,Fabric Sofa,281.4,41.09,https://detail.1688.com/offer/1084523522450.html,included,
1084514996520,furniture,跨境全压缩海绵沙发灯芯绒布艺可拆洗懒人沙发床无骨架可折叠沙发,Fabric Foldable Sofa Bed,150,21.9,https://detail.1688.com/offer/1084514996520.html,included,
1084507698103,furniture,客厅简易椅网红甜品奶茶店桌椅组合简约凳子咖啡厅接待图书舒适椅,Table and Chair Options,107.38,15.68,https://detail.1688.com/offer/1084507698103.html,included,
1084502935497,furniture,北欧科技布艺沙发小户型双人客厅卧室现代简约服装店豆腐块沙发木,Fabric Sofa,526.67,76.9,https://detail.1688.com/offer/1084502935497.html,included,
1084495311508,furniture,可叠摞圆凳休闲家用餐椅省空间小茶几中式风格餐椅可收纳组合餐椅,Coffee Table,83.88,12.25,https://detail.1688.com/offer/1084495311508.html,included,
1084494251431,furniture,中古风简约休闲小户型家用客厅卧室民宿接待双三人位直排布艺沙发,Fabric Sofa,795.98,116.22,https://detail.1688.com/offer/1084494251431.html,included,
1084486209383,furniture,定制法式复古风轻奢黑糖云朵沙发中古风客厅直排大小户型真皮沙发,Sofa,1666,243.26,https://detail.1688.com/offer/1084486209383.html,included,
1084485001749,furniture,广东批发欧式餐椅轻奢不锈钢金色电镀扶手椅酒店宴会软包靠背椅,Stainless Steel Chair,680,99.29,https://detail.1688.com/offer/1084485001749.html,included,
1084483674623,furniture,北欧电脑凳书桌椅创意凳子靠背椅家用成人餐椅扶手椅子休闲办公椅,Table and Chair Options,89.44,13.06,https://detail.1688.com/offer/1084483674623.html,included,
1084483574025,furniture,舒适电脑椅可躺可坐懒人沙发人体工学椅员工久坐可调节靠背办公椅,Adjustable Sofa,71.5,10.44,https://detail.1688.com/offer/1084483574025.html,included,
1084481878217,furniture,北欧餐椅家用轻奢靠背椅洽谈椅子酒店餐桌椅现代休闲简约餐厅凳子,Table and Chair Options,63.24,9.23,https://detail.1688.com/offer/1084481878217.html,included,
1084476959343,furniture,简约现代超薄床头真皮床小卧室小户型主卧出租屋双人储物婚床,Bed Frame,869,126.89,https://detail.1688.com/offer/1084476959343.html,included,
1084463877859,furniture,快餐店桌椅商用餐桌餐饮店专用桌子长方形小吃店餐厅一桌四椅组合,Table and Chair Options,58.48,8.54,https://detail.1688.com/offer/1084463877859.html,included,
1084463119039,furniture,北欧塑料餐椅家用现代简约椅子靠背椅成人餐桌椅凳子叠叠椅,Table and Chair Options,45.5,6.64,https://detail.1688.com/offer/1084463119039.html,included,
1084409153576,furniture,塑料餐椅家用餐桌椅可叠放北欧简约休闲椅室内外成人塑料靠背餐椅,Table and Chair Options,64,9.34,https://detail.1688.com/offer/1084409153576.html,included,
1084408421089,furniture,网红家用餐椅中古北欧新款靠背椅椅子设计师简约法式现代复古,Chair,77.8,11.36,https://detail.1688.com/offer/1084408421089.html,included,
1084406317396,furniture,定制中古风实木轻奢高级感软包客厅有靠背家用复古现代简约皮餐椅,Solid Wood Chair,200,29.2,https://detail.1688.com/offer/1084406317396.html,included,
1084406071141,furniture,新款梳妆台现代简约多功能带灯可翻盖小户型卧室收纳柜化妆桌批发,Dressing Table,448,65.41,https://detail.1688.com/offer/1084406071141.html,included,
1084406071046,furniture,跨境热销多层储物梳妆台收纳柜小型化妆桌子卧室床头化妆台化妆镜,Dressing Table,258,37.67,https://detail.1688.com/offer/1084406071046.html,included,
1084403165780,furniture,厂家定 制4人长条玻璃钢多款式餐桌工厂员工食堂4人玻璃钢餐桌椅,Table and Chair Options,390,56.95,https://detail.1688.com/offer/1084403165780.html,included,
1084370341550,furniture,岩板餐桌轻奢家用现代简约小户型餐桌椅组合铁艺长方形吃饭桌子,Table and Chair Options,96.09,14.03,https://detail.1688.com/offer/1084370341550.html,included,
1084343069970,furniture,塑料牛角椅子家用简约靠背成人加厚餐椅休闲洽谈餐厅椅批发北欧,Chair,37,5.4,https://detail.1688.com/offer/1084343069970.html,included,
1084315736365,furniture,北欧餐桌家用小户型餐桌椅子一套出租房商用餐桌组合简约高档餐桌,Table and Chair Options,49.4,7.21,https://detail.1688.com/offer/1084315736365.html,included,
1084314544708,furniture,跨境新中式电视柜老榆木茶水柜新款茶叶柜茶边柜家用电视柜,TV Cabinet,200,29.2,https://detail.1688.com/offer/1084314544708.html,included,
1084311894607,furniture,休闲桌椅现代休闲简约靠背椅家用椅子阳台会客办公接待奶茶餐桌椅,Table and Chair Options,88.4,12.91,https://detail.1688.com/offer/1084311894607.html,included,
1084303618504,furniture,靠背椅现代简约用高级靠背新款餐椅实木靠背洽谈休闲中古风餐椅,Solid Wood Chair,114.4,16.7,https://detail.1688.com/offer/1084303618504.html,included,
1084301682029,furniture,独立弹簧真空压缩卷包床垫超软硬床垫超厚20CM家用席梦思静音床垫,Quiet Mattress,255.98,37.38,https://detail.1688.com/offer/1084301682029.html,included,
1084288042508,furniture,沙发客厅简约现代新款小户型出租房卧室服装店休息区双人直排沙发,Sofa,341.04,49.8,https://detail.1688.com/offer/1084288042508.html,included,
1084275170291,furniture,奶油风实木圆形茶几 北欧风格客厅家用现代简约边几,Solid Wood Coffee Table,79.7,11.64,https://detail.1688.com/offer/1084275170291.html,included,
1090200400266,furniture,儿童实木书架绘本架超薄门后书架落地靠墙收纳柜一体夹缝窄置物架,Solid Wood Bookcase,223.44,32.63,https://detail.1688.com/offer/1090200400266.html,included,
1089992580441,furniture,餐边岩板储物柜靠墙胡桃木一体客厅实木北欧橱柜收纳酒柜茶水高柜,Solid Wood Storage Cabinet,3340,487.69,https://detail.1688.com/offer/1089992580441.html,included,
1089911220646,furniture,法式实木梳妆台斗柜一体奶油风白色化妆桌卧室床尾柜美式小户型,Solid Wood Dressing Table,1212.82,177.09,https://detail.1688.com/offer/1089911220646.html,included,
1089896904280,furniture,法式奶油风书柜法式客厅拱形复古书架展示柜玄关柜中古美式收纳柜,Bookcase,798,116.52,https://detail.1688.com/offer/1089896904280.html,included,
1089831220014,furniture,智能升降老板桌办公经理桌主管桌简约现代轻奢高级感总裁桌经理桌,,2480,,https://detail.1688.com/offer/1089831220014.html,held,product-identification-or-relevance-review
1089807056579,furniture,简易储物柜带锁柜子书柜带门落地书架客厅收纳置物多层,Bookcase,46.13,6.74,https://detail.1688.com/offer/1089807056579.html,included,
1089756592067,furniture,电动沙发逍遥360度旋转太空舱多功能沙发椅客厅阳台懒人椅午休椅,Sofa,555,81.04,https://detail.1688.com/offer/1089756592067.html,included,
1089700812097,furniture,实木餐边柜现代简约客厅酒柜茶水柜厨房储物柜收纳柜橱柜一体靠墙,Solid Wood Sideboard,603.75,88.16,https://detail.1688.com/offer/1089700812097.html,included,
1089699300419,furniture,实木中古复古风餐边柜酒柜置物架靠墙一体客厅家用储物柜厨房橱柜,Solid Wood Sideboard,775,113.16,https://detail.1688.com/offer/1089699300419.html,included,
1089697272695,furniture,餐边柜靠墙一体实木复古中古风客厅置物架厨房酒柜储物收纳咖啡柜,Solid Wood Sideboard,542.5,79.21,https://detail.1688.com/offer/1089697272695.html,included,
1089643100107,furniture,北欧布艺沙发小户型现代简约出租房三人位公寓服装店客厅小沙发,Fabric Sofa,309.01,45.12,https://detail.1688.com/offer/1089643100107.html,included,
1089631660557,furniture,大黑牛真皮沙发办公沙发现代简约小户型沙发豆腐块直排办公室沙发,Sofa,156.94,22.92,https://detail.1688.com/offer/1089631660557.html,included,
1089615016483,furniture,户外阳台桌椅一桌两椅庭院花园防水防晒藤编家用藤椅茶几三件套,Woven Rattan Table and Chair Options,1513,220.92,https://detail.1688.com/offer/1089615016483.html,included,
1089604660421,furniture,藤逸户外藤编专利桌椅小阳台室外茶桌防水防晒休闲室内茶几三件套,Woven Rattan Table and Chair Options,869.55,126.97,https://detail.1688.com/offer/1089604660421.html,included,
1089563632901,furniture,轻奢岩板餐桌奢石亮光设计师不锈钢意式高端别墅长方形高级感饭桌,Stainless Steel Dining Table,3874,565.66,https://detail.1688.com/offer/1089563632901.html,included,
1089395688404,furniture,小户型梳妆台可伸缩床尾收纳柜一体原木风带化妆镜小型化妆台桌子,Dressing Table,232,33.88,https://detail.1688.com/offer/1089395688404.html,included,
1089360260204,furniture,小户型两用床布艺沙发客厅压缩模块折叠外贸真空懒人休闲沙发床,Fabric Foldable Sofa Bed,680.16,99.31,https://detail.1688.com/offer/1089360260204.html,included,
1089292532027,furniture,大黑牛真皮沙发办公沙发现代简约小户型沙发豆腐块直排办公室沙发,Sofa,151.13,22.07,https://detail.1688.com/offer/1089292532027.html,included,
1089291252019,furniture,梳妆台卧室现代简约斗柜一体小户型收纳柜奶油风书桌可伸缩化妆桌,Dressing Table,200.28,29.24,https://detail.1688.com/offer/1089291252019.html,included,
1090179732845,furniture,猫抓皮沙发床多功能沙发床一体两用公寓小户型单双人折叠沙发床,Foldable Sofa Bed,86.4,12.62,https://detail.1688.com/offer/1090179732845.html,included,
1089990504524,furniture,轻奢岩板边几小茶几大理石客厅沙发角几边柜简约可移动阳台小圆桌,Sofa,80.6,11.77,https://detail.1688.com/offer/1089990504524.html,included,
1089113765597,furniture,折叠会议椅家用电竞椅休闲椅宿舍靠背椅舒适办公椅舒适人体工学椅,Foldable Chair,47.2,6.89,https://detail.1688.com/offer/1089113765597.html,included,
1088669661938,furniture,电脑椅家用舒适久坐靠背椅宿舍学习椅打麻将椅会议室座椅办公椅子,Chair,113.41,16.56,https://detail.1688.com/offer/1088669661938.html,included,
1088567893751,furniture,办公椅会议室职员培训椅舒适久坐麻将椅电脑椅家用简易靠背椅,Chair,49.35,7.21,https://detail.1688.com/offer/1088567893751.html,included,
1088046694753,furniture,北欧客厅家用茶桌家用新款简约沙发圆桌小户型卧室阳台小桌茶几,Sofa,44.2,6.45,https://detail.1688.com/offer/1088046694753.html,included,
1087303498722,furniture,北欧小户型靠背椅餐椅户外座椅摆家用扶手椅塑料椅子网红书桌藤椅,Desk,46,6.72,https://detail.1688.com/offer/1087303498722.html,included,
965492200222,clocks,12英寸钟表挂钟客厅家用时尚轻奢现代简约电子时钟挂墙石英钟挂表,Quartz Wall Clock,12.8,1.87,https://detail.1688.com/offer/965492200222.html,included,
860431375100,clocks,北欧简约时钟创意免打孔diy挂钟客厅卧室装饰墙贴钟个性静音钟表,Quiet Wall Clock,4,0.58,https://detail.1688.com/offer/860431375100.html,included,
616418913895,clocks,康巴丝挂钟卧室客厅钟表时尚静音挂墙时钟挂表简约创意石英钟家用,Quartz Quiet Wall Clock,19.9,2.91,https://detail.1688.com/offer/616418913895.html,included,
944202789093,clocks,定制挂钟客厅简约现代静音时钟北欧创意装饰钟表定制生日礼物礼品,Quiet Wall Clock,4.5,0.66,https://detail.1688.com/offer/944202789093.html,included,
623983638012,clocks,方形电子挂钟客厅静音钟表家用创意时尚艺术万年日历石英钟挂表,Quartz Quiet Wall Clock,9.9,1.45,https://detail.1688.com/offer/623983638012.html,included,
941657661749,clocks,【14英寸35厘米】免打孔挂钟教室班级客厅石英钟表挂墙免打孔时钟,Quartz Wall Clock,12.8,1.87,https://detail.1688.com/offer/941657661749.html,included,
989882814209,clocks,日本亚马逊实木挂钟简约透明创意钟表挂钟客厅家居墙上家用装饰钟,Solid Wood Wall Clock,35,5.11,https://detail.1688.com/offer/989882814209.html,included,
679769334556,clocks,钟表挂钟客厅2026新款实木创意静音北欧简约石英钟时钟大气挂表,Solid Wood Quartz Wall Clock,66,9.64,https://detail.1688.com/offer/679769334556.html,included,
822439515396,clocks,挂钟客厅卧室现代简约个性创意时尚纯色时钟静音石英钟表挂表家用,Quartz Quiet Wall Clock,9.9,1.45,https://detail.1688.com/offer/822439515396.html,included,
1081777123122,clocks,新中式创意帆船客厅家用好打理挂钟电视背景墙装饰静音免打孔时钟,Quiet Wall Clock,88,12.85,https://detail.1688.com/offer/1081777123122.html,included,
917991661545,clocks,恒盛时夜光创意挂钟夜光钟表日历时钟静音能客厅轻卧室家用石英钟,Quartz Quiet Wall Clock,14.9,2.18,https://detail.1688.com/offer/917991661545.html,included,
1049913370375,clocks,餐厅装饰表挂墙数字轻奢时钟圆形卧室装饰壁挂式钟表家用客厅挂钟,Digital Clock,6.1,0.89,https://detail.1688.com/offer/1049913370375.html,included,
1070770275567,clocks,定制胡桃木挂钟客厅卧室挂墙实木中古创意高级感静音钟表挂表时钟,Solid Wood Quiet Wall Clock,82,11.97,https://detail.1688.com/offer/1070770275567.html,included,
1068144428193,clocks,奶油风客厅钟表潮流星星人壁挂时钟新款儿童房摇摆卡通免打孔挂钟,Wall Clock,68,9.93,https://detail.1688.com/offer/1068144428193.html,included,
806031144636,clocks,无边框电子钟多功能挂立两用时钟简约数字钟表显示客厅挂钟6659,Digital Clock,28.8,4.21,https://detail.1688.com/offer/806031144636.html,included,
616140853292,clocks,12英寸钟表数字挂钟客厅家用静音家居石英时钟夜光挂钟圆挂,Quartz Quiet Digital Clock,15.5,2.26,https://detail.1688.com/offer/616140853292.html,included,
904021557996,clocks,客厅装饰画挂钟工厂现货定制一件代发挂钟墙上家用时钟静音钟表,Quiet Wall Clock,29.81,4.35,https://detail.1688.com/offer/904021557996.html,included,
821143404552,clocks,2026新款跨境专供挂钟长方形壁钟客厅卧室现代英文电子钟厂家批发,Digital Clock,45,6.57,https://detail.1688.com/offer/821143404552.html,included,
958300692115,clocks,智能大屏数码电子钟办公室客厅万年历数字时钟多功能夜光桌面挂钟,Digital Clock,40,5.84,https://detail.1688.com/offer/958300692115.html,included,
813191172434,clocks,简约闹钟LED电子钟儿童家用电子时钟床头钟表温度钟表学生闹钟,Digital Clock,19.9,2.91,https://detail.1688.com/offer/813191172434.html,included,
1032488890085,clocks,工厂定制挂钟钟表LOGO挂表塑料壁钟定做礼品时钟墙钟创意钟表挂墙,Wall Clock,4.99,0.73,https://detail.1688.com/offer/1032488890085.html,included,
985440805422,clocks,中考高考天数倒计时提醒自动时钟电子显示器教室日期计时器,Countdown Clock,218,31.83,https://detail.1688.com/offer/985440805422.html,included,
745999620629,clocks,镶砖系列欧洲热销款客厅时尚静音挂钟轻奢现代简约高级圆形挂钟,Quiet Wall Clock,52,7.59,https://detail.1688.com/offer/745999620629.html,included,
947250904270,clocks,欧美天然环保软木钟表挂钟客厅轻奢高级感免打孔复古花纹时钟批发,Wall Clock,68,9.93,https://detail.1688.com/offer/947250904270.html,included,
1032040136859,clocks,新款客厅挂钟轻奢免打孔静音钟表家用餐厅实木挂墙挂钟创意时钟表,Solid Wood Quiet Wall Clock,90,13.14,https://detail.1688.com/offer/1032040136859.html,included,
900269524708,clocks,时钟保险柜首饰盒挂钟clocksafe收纳盒珠宝盒hiddenbox时钟安全盒,Wall Clock,13,1.9,https://detail.1688.com/offer/900269524708.html,included,
565700579728,clocks,跨境wifi自动对时led数字时钟高级感钟表挂钟大号电子钟挂墙,Digital Clock,720,105.13,https://detail.1688.com/offer/565700579728.html,included,
42240583097,clocks,黑白简约方形闹钟办公家用卧室圆形闹钟学生钟表小闹钟礼品批发,Alarm Clock,4.75,0.69,https://detail.1688.com/offer/42240583097.html,included,
522096522891,clocks,跨境led数字时钟计时器 数码电子挂钟万年历大尺寸会议室钟表挂墙,Countdown Clock,575,83.96,https://detail.1688.com/offer/522096522891.html,included,
746223124295,clocks,新款轻奢壁钟镜面钻石钟 镶砖系列欧洲热销款客厅时尚静音挂钟,Quiet Wall Clock,55,8.03,https://detail.1688.com/offer/746223124295.html,included,
917200328084,clocks,指针闹钟马蹄表塑料响铃家用小闹钟起床电池时钟儿童学生老人闹铃,,4.34,,https://detail.1688.com/offer/917200328084.html,held,product-identification-or-relevance-review
632581230820,clocks,黑胡桃实木RGB拟辉光管时钟台钟酷炫游戏竞技氛围感电竞桌搭摆件,Solid Wood Table Clock,258,37.67,https://detail.1688.com/offer/632581230820.html,included,
649067115574,clocks,大号3D数字闹钟桌面时钟挂墙客厅高级感创意LED壁挂电子时钟挂表,Digital Clock,9.7,1.42,https://detail.1688.com/offer/649067115574.html,included,
1015827811245,clocks,大屏数字显示电子钟遥控LED闹钟挂立两用显示天气温湿度日历挂钟,Digital Clock,48.6,7.1,https://detail.1688.com/offer/1015827811245.html,included,
1016840896359,clocks,天气预报跨境台星期数字温度湿度挂钟闹钟简约竹纹电子钟LED时钟,Digital Clock,50.4,7.36,https://detail.1688.com/offer/1016840896359.html,included,
547236911562,clocks,简约智能闹钟学生儿童电子钟桌面大数字时钟夜光大号温度聪明钟,Digital Clock,8,1.17,https://detail.1688.com/offer/547236911562.html,included,
671639074406,clocks,新款简约风家居装饰钟表学生懒人跳秒闹钟儿童卧室台钟钟表批发,Alarm Clock,6.7,0.98,https://detail.1688.com/offer/671639074406.html,included,
953829432711,clocks,木质时钟模压异形软木台钟挂钟壁钟客厅卧室静音环保钟表,Quiet Wall Clock,46,6.72,https://detail.1688.com/offer/953829432711.html,included,
896231956206,clocks,8寸数字时钟机智能数码闹钟多国语跨境亚马逊工厂老人大屏闹钟,Digital Clock,100,14.6,https://detail.1688.com/offer/896231956206.html,included,
806919424683,clocks,轻奢时尚极简高级感教室电波时钟学校挂钟表家用简约挂墙现代挂表,Wall Clock,9.9,1.45,https://detail.1688.com/offer/806919424683.html,included,
616295078523,clocks,康巴丝钟表静音挂钟客厅挂墙现代简约大气时尚挂表时钟石英钟家用,Quartz Quiet Wall Clock,38,5.55,https://detail.1688.com/offer/616295078523.html,included,
980875211498,clocks,LED挂钟创意钟表客厅家用卧室静音时钟北欧风格时尚墙钟wallcloc,Quiet Digital Clock,62,9.05,https://detail.1688.com/offer/980875211498.html,included,
572134257573,clocks,新品布谷鸟屋形创意挂钟 卡通儿童房装饰壁钟整点音乐报时E22,Wall Clock,24.2,3.53,https://detail.1688.com/offer/572134257573.html,included,
727823740728,clocks,INS简约大屏时钟客厅挂钟温湿度钟表创意现代钟表可挂可立YD106,Wall Clock,36.6,5.34,https://detail.1688.com/offer/727823740728.html,included,
801624975780,clocks,跨境LED数码挂钟4819智能万年历挂墙钟带温度多功能家用电子钟,Digital Clock,65,9.49,https://detail.1688.com/offer/801624975780.html,included,
971208080069,clocks,LED灯万年历电子钟办公室智能大屏数码挂钟多功能桌面夜光时钟,Digital Clock,58,8.47,https://detail.1688.com/offer/971208080069.html,included,
1058924969424,clocks,中古风客厅水培绿植挂钟创意高级感静音钟表2026新款砂岩时钟挂墙,Quiet Wall Clock,146,21.32,https://detail.1688.com/offer/1058924969424.html,included,
1068149692863,clocks,奶油风可爱星星人钟表挂钟客厅2026新款创意卡通免打孔壁挂墙时钟,Wall Clock,98,14.31,https://detail.1688.com/offer/1068149692863.html,included,
859380834211,clocks,NTP网络同步电子时钟GPS北斗卫星自动授时led数字挂钟学校医院,Digital Clock,688,100.46,https://detail.1688.com/offer/859380834211.html,included,
629650605037,clocks,跨境2026钟表挂钟客厅高级感简约装饰大数字led时钟电子表挂墙,Digital Clock,280,40.88,https://detail.1688.com/offer/629650605037.html,included,
683496732998,clocks,镜面玻璃欧式挂钟轻奢现代简约装饰家用时尚钟表客厅简约时钟挂墙,Wall Clock,86,12.56,https://detail.1688.com/offer/683496732998.html,included,
1059189955683,clocks,现代简约挂钟客厅高级感2026新款家用装饰时钟免打孔创意钟表挂墙,Wall Clock,65,9.49,https://detail.1688.com/offer/1059189955683.html,included,
1078760481302,clocks,轻法式复古钟表2026新款磁吸蝴蝶装饰时钟挂墙现代中古风客厅挂钟,Wall Clock,78,11.39,https://detail.1688.com/offer/1078760481302.html,included,
986460319555,clocks,餐厅钟表现代简约挂钟高级感家用沙发背景墙装饰挂墙静音时钟现货,Quiet Wall Clock,69,10.07,https://detail.1688.com/offer/986460319555.html,included,
892535808651,clocks,现货热卖挂钟钟表奶油风创意时尚客厅家用餐厅装饰简约挂墙时钟,Wall Clock,84,12.27,https://detail.1688.com/offer/892535808651.html,included,
821941306994,clocks,简约纯色现代轻奢创意挂钟客厅时钟挂墙家用高端教室专用电波钟表,Wall Clock,9.9,1.45,https://detail.1688.com/offer/821941306994.html,included,
866487204233,clocks,自动对时挂墙时钟家用年轮钟表原木风客厅挂钟侘寂风仿木纹电波钟,Wall Clock,19.9,2.91,https://detail.1688.com/offer/866487204233.html,included,
1041573567246,clocks,北欧轻奢贝壳黄铜钟表挂钟客厅家用时钟静音挂表简约网红石英钟,Quartz Quiet Wall Clock,101,14.75,https://detail.1688.com/offer/1041573567246.html,included,
1062415949204,clocks,原木中古风钟表挂钟客厅2026新款复古挂墙创意时钟挂画高级感挂表,Wall Clock,85.2,12.44,https://detail.1688.com/offer/1062415949204.html,included,
993471626995,clocks,客厅钟表挂画现代轻奢玄关背景墙画带万年历电子钟餐厅时钟挂墙,Digital Clock,66,9.64,https://detail.1688.com/offer/993471626995.html,included,
1086134485765,clocks,新款大屏LED数字时钟温湿度布纹气象电子钟闹钟客厅壁挂钟静音,Quiet Digital Clock,36,5.26,https://detail.1688.com/offer/1086134485765.html,included,
1010002645310,clocks,LED大屏幕电子闹钟万年历USB充电挂钟智能温湿度显示时钟静音挂钟,Quiet Rechargeable Digital Clock,21.5,3.14,https://detail.1688.com/offer/1010002645310.html,included,
973152527725,clocks,静音床头打铃钟表学生专用超大声桌面时钟初中生ins起床神器闹钟,Quiet Alarm Clock,12.2,1.78,https://detail.1688.com/offer/973152527725.html,included,
1078148423347,clocks,跨境新款LED数字大屏闹钟温湿度蓝牙挂钟挂墙高级感桌面电子时钟,Digital Clock,57,8.32,https://detail.1688.com/offer/1078148423347.html,included,
1076279187697,clocks,跨境爆卖铝金属挂钟客厅卧室餐厅简约温湿度数字显示墙贴钟石英钟,Quartz Digital Clock,35.99,5.26,https://detail.1688.com/offer/1076279187697.html,included,
897979477003,clocks,免打孔防水挂钟防尘浴室厨房静音创意客厅游泳池卫生间防水时钟,Quiet Wall Clock,39.99,5.84,https://detail.1688.com/offer/897979477003.html,included,
749201069419,clocks,创意LCD多功能挂钟客厅时钟简约现代闹钟大屏幕新款电子钟8303Y01,Digital Clock,105.5,15.4,https://detail.1688.com/offer/749201069419.html,included,
1077868729625,clocks,金属挂钟轻奢客厅简约现代家用创意时尚钟表亚马逊跨境电商批发,Wall Clock,36,5.26,https://detail.1688.com/offer/1077868729625.html,included,
1007434511603,clocks,日式电波12英寸客厅挂钟木质指针MDF款式木纹挂墙装饰时钟静音钟,Quiet Wall Clock,22,3.21,https://detail.1688.com/offer/1007434511603.html,included,
1032025388426,clocks,轻奢新款客厅挂钟贝壳挂钟家用餐厅钟表现代挂墙挂钟卧室简约时钟,Wall Clock,144,21.03,https://detail.1688.com/offer/1032025388426.html,included,
1028276243605,clocks,轻奢新款客厅挂钟免打孔静音钟表餐厅时钟家用挂墙高级感钟表,Quiet Wall Clock,89,13.0,https://detail.1688.com/offer/1028276243605.html,included,
806394356469,clocks,新款大屏LED电子钟4813B遥控客厅书房办公室时钟数码万年历挂墙电,Digital Clock,70,10.22,https://detail.1688.com/offer/806394356469.html,included,
584719848260,clocks,led超大屏高端双面数字电子时钟厂房医院走廊过道万年历挂钟悬挂,Digital Clock,480,70.09,https://detail.1688.com/offer/584719848260.html,included,
656179847225,clocks,跨境led数显闹钟桌面时钟温湿度多功能钟表小学生初中专用电子钟,Digital Clock,43.5,6.35,https://detail.1688.com/offer/656179847225.html,included,
977322598811,clocks,卡通可爱定时迷你儿童钟表小学专用床头超大声桌面时钟初中生闹钟,Alarm Clock,11.5,1.68,https://detail.1688.com/offer/977322598811.html,included,
687450656314,clocks,2026新款LED大屏幕数码万年历电子时钟 会议室医院钟表大挂钟挂墙,Digital Clock,1160,169.38,https://detail.1688.com/offer/687450656314.html,included,
1082139023837,clocks,中古风挂钟客厅高级感家用复古装饰钟表2026新款创意静音时钟挂墙,Quiet Wall Clock,79,11.54,https://detail.1688.com/offer/1082139023837.html,included,
1083100548997,clocks,中古风挂钟客厅家用花朵装饰钟表免打孔餐厅玄关挂墙时钟2026新款,Wall Clock,79,11.54,https://detail.1688.com/offer/1083100548997.html,included,
1081038745349,clocks,双面挂钟宋式美学创意转角钟表客厅餐厅玄关背景墙新中式装饰挂钟,Wall Clock,88,12.85,https://detail.1688.com/offer/1081038745349.html,included,
969150566667,clocks,新款宇航员挂钟客厅高级感家用装饰钟表挂墙现代简约静音创意时钟,Quiet Wall Clock,103,15.04,https://detail.1688.com/offer/969150566667.html,included,
666703609979,clocks,挂钟客厅高级感免打孔现代简约餐厅装饰钟表网红创意轻奢时钟挂墙,Wall Clock,113,16.5,https://detail.1688.com/offer/666703609979.html,included,
977621458056,clocks,钟表餐厅现代简约家用大气时钟挂墙福鹿创意客厅装饰静音挂钟现货,Quiet Wall Clock,99,14.46,https://detail.1688.com/offer/977621458056.html,included,
977891512303,clocks,挂钟客厅家用时钟奶油风花朵装饰静音挂墙餐厅免打孔钟表一件代发,Quiet Wall Clock,81,11.83,https://detail.1688.com/offer/977891512303.html,included,
823684737438,clocks,免打孔带日历挂墙挂钟客厅现代时钟简约挂表卡通猫创意家用石英钟,Quartz Wall Clock,9.9,1.45,https://detail.1688.com/offer/823684737438.html,included,
994969312482,clocks,【10英寸25厘米】财神爷挂钟网红装饰表钟挂墙客厅夜光高档时钟,Wall Clock,10.8,1.58,https://detail.1688.com/offer/994969312482.html,included,
809253592604,clocks,创意新款功能性挂钟空气测试甲醛客厅时钟温湿度时钟2805,Wall Clock,165.4,24.15,https://detail.1688.com/offer/809253592604.html,included,
886579496454,clocks,跨境创新LED大字数码时钟氛围灯日期台钟多功能数字闹钟GH8033,Digital Clock,20,2.92,https://detail.1688.com/offer/886579496454.html,included,
919157619169,clocks,欧式轻奢钟表挂钟客厅免打孔现代家用装饰餐厅静音时钟挂墙高级感,Quiet Wall Clock,81,11.83,https://detail.1688.com/offer/919157619169.html,included,
654725441500,clocks,挂钟客厅高级感时尚轻奢挂表家用装饰创意时钟挂墙钟表静音免打孔,Quiet Wall Clock,86,12.56,https://detail.1688.com/offer/654725441500.html,included,
963857747137,clocks,挂钟客厅时钟现代简约免打孔挂墙时尚家居餐厅装饰钟表现货热卖,Wall Clock,79,11.54,https://detail.1688.com/offer/963857747137.html,included,
938435952964,clocks,创意云朵双面钟表家用拐角转角挂钟客厅挂墙免打孔时钟静音现货,Quiet Wall Clock,62,9.05,https://detail.1688.com/offer/938435952964.html,included,
919520326715,clocks,【12英寸30CM】教室奋斗时钟书房客厅钟表免打孔挂墙文字学习挂钟,Wall Clock,10.8,1.58,https://detail.1688.com/offer/919520326715.html,included,
919171132016,clocks,【12英寸30CM】纯色挂钟轻奢客厅时尚简约挂墙时钟家用奶油风钟表,Wall Clock,13.8,2.01,https://detail.1688.com/offer/919171132016.html,included,
1022582687697,clocks,新款RGB客厅挂钟大尺寸多功能时钟带氛围灯可色变钟表GH0750,Wall Clock,80,11.68,https://detail.1688.com/offer/1022582687697.html,included,
725153630061,clocks,新款挂钟简约大屏挂立两用时钟客厅钟表带温度多功能闹钟6638,Alarm Clock,25.5,3.72,https://detail.1688.com/offer/725153630061.html,included,
568737795268,clocks,挂钟客厅高级感现代简约餐厅装饰时钟免打孔创意钟表挂墙跨境爆款,Wall Clock,61,8.91,https://detail.1688.com/offer/568737795268.html,included,
598657426042,clocks,北欧挂钟客厅创意时尚钟表 现代简约家居装饰时钟亚马逊爆款产品,Wall Clock,62,9.05,https://detail.1688.com/offer/598657426042.html,included,
925905159067,clocks,现代简约挂钟钟表客厅家用免打孔餐厅挂墙现代静音装饰时钟现货,Quiet Wall Clock,81,11.83,https://detail.1688.com/offer/925905159067.html,included,
919688478675,clocks,现代客厅挂钟钟表时尚高级感餐桌新中式装饰挂墙静音时钟一件代发,Quiet Wall Clock,83,12.12,https://detail.1688.com/offer/919688478675.html,included,
1015913613451,clocks,【12英寸30CM】大气挂钟客厅钟表挂墙家用轻奢时钟表个性夜光挂钟,Wall Clock,11.8,1.72,https://detail.1688.com/offer/1015913613451.html,included,
659910726565,clocks,大号3D遥控挂钟创意黑面LED钟电子钟可挂可立时钟ins韩版时钟,Digital Clock,15.8,2.31,https://detail.1688.com/offer/659910726565.html,included,
666621749353,clocks,16寸大屏功能显示时钟北欧数字钟表简约客厅挂钟led壁挂钟6626,Digital Clock,45.5,6.64,https://detail.1688.com/offer/666621749353.html,included,
709060086858,clocks,北欧轻奢挂钟客厅时钟表挂墙创意个性艺术装饰家用简约现代,Wall Clock,126.4,18.46,https://detail.1688.com/offer/709060086858.html,included,
708958677820,clocks,木质时钟挂墙创意客厅挂钟石英钟表家用简约挂表,Quartz Wall Clock,39.54,5.77,https://detail.1688.com/offer/708958677820.html,included,
1025703101140,clocks,2026新款时钟挂钟客厅家用免打孔轻奢中式静音钟表挂墙一件代发,Quiet Wall Clock,96,14.02,https://detail.1688.com/offer/1025703101140.html,included,
1008919468680,clocks,挂钟现代轻奢钟表客厅静音装饰简约挂墙创意家用静音时钟现货热卖,Quiet Wall Clock,77,11.24,https://detail.1688.com/offer/1008919468680.html,included,
1088500180597,clocks,罗马复古钟表2026新款磁吸蝴蝶装饰时钟现代中古风挂钟客厅高级感,Wall Clock,89,13.0,https://detail.1688.com/offer/1088500180597.html,included,
1084211279093,clocks,创意云朵复古时钟2026新款中古风挂钟客厅高级感家用装饰钟表挂墙,Wall Clock,73,10.66,https://detail.1688.com/offer/1084211279093.html,included,
718566523582,clocks,【12英寸30CM】夜光挂钟卧室静音创意钟表客厅石英钟家用挂墙时钟,Quartz Quiet Wall Clock,10.8,1.58,https://detail.1688.com/offer/718566523582.html,included,
626365299000,clocks,【14英寸35CM】时尚静音挂钟创意立体数字刻度挂钟时钟免打孔钟表,Quiet Digital Clock,12.8,1.87,https://detail.1688.com/offer/626365299000.html,included,
1040764072248,clocks,布谷鸟挂钟咕咕钟做旧塑料高级感家居整点报时钟表儿童时钟T52,Wall Clock,66.5,9.71,https://detail.1688.com/offer/1040764072248.html,included,
964294151163,clocks,工厂直销LED幻彩挂钟RGB变色客厅挂钟显示多功能闹钟大尺寸6677R,Digital Clock,57.2,8.35,https://detail.1688.com/offer/964294151163.html,included,
708966621931,clocks,轻奢钟表挂钟客厅北欧简约家居装饰个性挂表装饰时钟挂墙时尚创意,Wall Clock,102.4,14.95,https://detail.1688.com/offer/708966621931.html,included,
624083933766,clocks,北欧鹿头钟表挂钟客厅装饰时尚创意简约时钟挂墙石英钟表挂表家用,Quartz Wall Clock,69,10.07,https://detail.1688.com/offer/624083933766.html,included,
705980387022,clocks,轻奢客厅挂钟现代简约静音时钟家用餐厅玄关装饰静音挂墙跨境钟表,Quiet Wall Clock,77,11.24,https://detail.1688.com/offer/705980387022.html,included,
668945357718,clocks,时尚简约钟表客厅装饰轻奢挂钟家用创意热卖静音时钟餐厅挂墙现货,Quiet Wall Clock,99,14.46,https://detail.1688.com/offer/668945357718.html,included,
1082562407349,clocks,现代轻奢挂钟客厅高级感家用装饰静音时钟免打孔钟表挂墙跨境专供,Quiet Wall Clock,108,15.77,https://detail.1688.com/offer/1082562407349.html,included,
1086353408564,clocks,2026新款多巴胺静音时钟家用挂钟客厅高级感网红餐厅装饰钟表挂墙,Quiet Wall Clock,74,10.81,https://detail.1688.com/offer/1086353408564.html,included,
1019674638467,clocks,【12英寸30CM】餐厅大气钟表挂钟客厅网红创意表家用简约挂墙时钟,Wall Clock,9.8,1.43,https://detail.1688.com/offer/1019674638467.html,included,
1060939809842,clocks,26年新款挂钟客厅家用钟表创意面包吐司磁吸装饰冰箱贴时钟现货,Wall Clock,49,7.15,https://detail.1688.com/offer/1060939809842.html,included,
1060679693606,clocks,中古风猫咪挂钟创意时钟挂墙家用装饰客厅26年新款静音钟表现货,Quiet Wall Clock,55,8.03,https://detail.1688.com/offer/1060679693606.html,included,
897981101040,clocks,跨境爆品浴室厨房防水防尘专用钟免打孔自吸墙贴钟可座可壁挂钟,Wall Clock,41.99,6.13,https://detail.1688.com/offer/897981101040.html,included,
959454375912,clocks,亚马逊爆款电子闹钟声控夜光壁挂钟同屏显示温湿度双闹铃台历钟,Alarm Clock,50.99,7.45,https://detail.1688.com/offer/959454375912.html,included,
822720787649,clocks,挂钟客厅十二生肖家用创意个性儿童房卧室挂表卡通钟表挂墙石英钟,Quartz Wall Clock,9.9,1.45,https://detail.1688.com/offer/822720787649.html,included,
941633533729,clocks,【10英寸25厘米】轻奢装饰挂钟家用客厅卧室背景墙钟表创意时钟,Wall Clock,8.8,1.28,https://detail.1688.com/offer/941633533729.html,included,
811512231603,clocks,网红摇摆熊猫墙上挂钟客厅钟表家用卧室时钟创意石英钟卡通挂表,Quartz Wall Clock,30,4.38,https://detail.1688.com/offer/811512231603.html,included,
694599618056,clocks,一件代发简约创意鹿头钟表挂钟客厅北欧时尚家用时钟挂墙新款石英,Quartz Wall Clock,46,6.72,https://detail.1688.com/offer/694599618056.html,included,
1081280947539,clocks,8英寸夜光挂钟静音时钟塑料个性创意钟表跨境热卖爆款石英钟clock,Quartz Quiet Wall Clock,7.2,1.05,https://detail.1688.com/offer/1081280947539.html,included,
619620025259,clocks,客厅挂钟静音地中海船舵时尚创意简约大气挂表石英钟表家用,Quartz Quiet Wall Clock,58,8.47,https://detail.1688.com/offer/619620025259.html,included,
1070670874856,clocks,轻奢摇摆钟表挂钟客厅家用时尚现代静音挂墙装饰高档石英钟,Quartz Quiet Wall Clock,139,20.3,https://detail.1688.com/offer/1070670874856.html,included,
1062269629332,clocks,中古风钟表挂钟客厅2026新款轻奢高级感时钟挂墙创意复古餐厅挂表,Wall Clock,139,20.3,https://detail.1688.com/offer/1062269629332.html,included,
992071122073,clocks,跨境热销LED电子闹钟多功能数字显示时钟日期温度可挂桌面电子钟,Digital Clock,25,3.65,https://detail.1688.com/offer/992071122073.html,included,
1087016278085,clocks,热卖款亚马逊挂钟时尚阿赞挂钟钢化玻璃装饰圆形客厅简约创意挂钟,Wall Clock,19.8,2.89,https://detail.1688.com/offer/1087016278085.html,included,
1087006182229,clocks,厂家直销创意挂钟圆形简约墙贴钟静音装饰客厅时钟装饰钟表批发,Quiet Wall Clock,17.8,2.6,https://detail.1688.com/offer/1087006182229.html,included,
1086942078160,clocks,⭐北极星钟表客厅墙上挂钟简约挂表家用静音现代时钟创意电子石英,Quartz Quiet Wall Clock,21.34,3.12,https://detail.1688.com/offer/1086942078160.html,included,
1086909032836,clocks,萌趣街头极简风卡通创意猫狗时钟家用静音挂钟儿童卧室挂表,Quiet Wall Clock,25,3.65,https://detail.1688.com/offer/1086909032836.html,included,
1086803624935,clocks,航海主题挂钟静音客厅卧室装饰壁钟地中海帆船船锚创意时钟30cm,Quiet Wall Clock,20,2.92,https://detail.1688.com/offer/1086803624935.html,included,
1086688162041,clocks,外贸北欧落日挂钟网红ins轻奢客厅免打孔创意时尚装饰静音玻璃表,Quiet Wall Clock,19.8,2.89,https://detail.1688.com/offer/1086688162041.html,included,
1086641481914,clocks,简约座钟挂钟客厅钟表座挂两用挂钟居家万年历农历温度座钟,Wall Clock,22.93,3.35,https://detail.1688.com/offer/1086641481914.html,included,
1086595936330,clocks,韩式布艺小房子挂钟刺绣文字创意卧室客厅装饰静音软包壁钟抱枕款,Fabric Quiet Wall Clock,18.8,2.75,https://detail.1688.com/offer/1086595936330.html,included,
1086592661653,clocks,时钟挂墙上钟表挂客厅挂钟家用静音石英钟简约表钟免打孔时尚跨境,Quartz Quiet Wall Clock,24.13,3.52,https://detail.1688.com/offer/1086592661653.html,included,
1086483507132,clocks,上海钟表挂钟客厅卧室办公室墙上时钟免打孔方形简约现代时尚创礼,Wall Clock,18.29,2.67,https://detail.1688.com/offer/1086483507132.html,included,
1086400800756,clocks,外贸爆款北欧玻璃挂钟客厅现代简约时钟创意家用轻奢静音钟表,Quiet Wall Clock,18.9,2.76,https://detail.1688.com/offer/1086400800756.html,included,
1086345100380,clocks,早教挂钟学习钟表挂客厅儿童家用时钟卧室挂墙上静音石英钟免屿锐,Quartz Quiet Wall Clock,17.43,2.55,https://detail.1688.com/offer/1086345100380.html,included,
1086323884425,clocks,萌趣卡通猫咪时钟静音走时石英机芯家用免打孔简约创意客厅挂钟,,25,,https://detail.1688.com/offer/1086323884425.html,held,product-identification-or-relevance-review
1086323512612,clocks,星星造型卡通小狗挂钟静音创意儿童房客厅卧室装饰时钟12英寸家用,Quiet Wall Clock,22,3.21,https://detail.1688.com/offer/1086323512612.html,included,
1086315458534,clocks,上海钟表挂钟客厅卧室办公室墙上时钟免打孔方形简约现代时尚创礼,Wall Clock,18.48,2.7,https://detail.1688.com/offer/1086315458534.html,included,
1086310996808,clocks,木质太阳花挂钟北欧复古原木花瓣装饰时钟客厅墙面静音挂钟,Quiet Wall Clock,24.7,3.61,https://detail.1688.com/offer/1086310996808.html,included,
1086299163113,clocks,跨境加工木质简约创意挂钟原木风壁挂式钟表挂钟客厅挂墙新款家用,Wall Clock,22.6,3.3,https://detail.1688.com/offer/1086299163113.html,included,
1086291307361,clocks,亚马逊跨境木质加工创意挂钟风壁挂式钟表挂钟客厅挂墙新款家用,Wall Clock,22.6,3.3,https://detail.1688.com/offer/1086291307361.html,included,
1086290803347,clocks,理科数学公式挂钟教室书房创意装饰时钟 静音石英墙钟,Quartz Quiet Wall Clock,23,3.36,https://detail.1688.com/offer/1086290803347.html,included,
1086181461313,clocks,外贸北欧落日挂钟网红ins轻奢客厅免打孔创意时尚装饰静音玻璃表,Quiet Wall Clock,19.9,2.91,https://detail.1688.com/offer/1086181461313.html,included,
1086151021021,clocks,花园碎花猫咪下午茶挂钟田园装饰钟家用墙静音石英钟可爱猫咪挂钟,Quartz Quiet Wall Clock,18.9,2.76,https://detail.1688.com/offer/1086151021021.html,included,
1086148920351,clocks,享受生活极简无框现代北欧风静音钟表个性创意挂钟墙面装饰,Quiet Wall Clock,25,3.65,https://detail.1688.com/offer/1086148920351.html,included,
1086146789265,clocks,森绿爱心猫咪主题挂钟猫爪鱼线团创意圆形挂钟客厅卧室静音石英钟,Quartz Quiet Wall Clock,18.9,2.76,https://detail.1688.com/offer/1086146789265.html,included,
1086145516532,clocks,中古风极简无框艺术挂钟客厅高级感静音钟表复古时钟家用,Quiet Wall Clock,25,3.65,https://detail.1688.com/offer/1086145516532.html,included,
1086140657675,clocks,梦幻星云朵猫咪挂钟水彩手绘风客厅卧室静音石英钟挂表石英挂钟,Quartz Quiet Wall Clock,18.9,2.76,https://detail.1688.com/offer/1086140657675.html,included,
1086133592855,clocks,经络养生挂钟中医药馆理疗馆挂钟十二时辰子午流注静音挂墙装饰钟,Quiet Wall Clock,25,3.65,https://detail.1688.com/offer/1086133592855.html,included,
1086061620009,clocks,爆款奶油风简约现代肌理画2025新款创意静音挂钟客厅玄关轻奢钟表,Quiet Wall Clock,20,2.92,https://detail.1688.com/offer/1086061620009.html,included,
1085939804985,clocks,现代家用静音挂钟创意时尚石英钟简约时钟表钟挂墙客厅卧室挂屿锐,Quartz Quiet Wall Clock,20.85,3.04,https://detail.1688.com/offer/1085939804985.html,included,
1085884353169,clocks,克莱因蓝多巴胺家用挂钟客厅现代创意时钟挂墙静音走时免打孔钟表,Quiet Wall Clock,25,3.65,https://detail.1688.com/offer/1085884353169.html,included,
1085783247995,clocks,现货跨境现代简约客厅挂钟家用静音创意装饰时钟北欧轻奢墙壁钟,Quiet Wall Clock,19.9,2.91,https://detail.1688.com/offer/1085783247995.html,included,
1085783247343,clocks,外贸款30厘米钢化玻璃挂钟万圣节设计静音石英家居装饰厂家批发,Quartz Quiet Wall Clock,19.8,2.89,https://detail.1688.com/offer/1085783247343.html,included,
1085701219198,clocks,⭐北极星钟表客厅墙上挂钟简约挂表家用静音现代时钟创意电子石英,Quartz Quiet Wall Clock,21.34,3.12,https://detail.1688.com/offer/1085701219198.html,included,
1085664570894,clocks,新款创意直升飞机造型 降落伞摆锤挂钟 儿童房跨境现货批发,Wall Clock,20,2.92,https://detail.1688.com/offer/1085664570894.html,included,
1085663002975,clocks,跨境2D卧室静音石英壁钟墙贴钟高颜值挂钟家用时钟厂家钟表批发,Quartz Quiet Wall Clock,19.9,2.91,https://detail.1688.com/offer/1085663002975.html,included,
1085635074445,clocks,得力LE409-12美好寓意款挂钟12寸/14寸/10寸挂钟客厅卧室钟表新款,Wall Clock,15.79,2.31,https://detail.1688.com/offer/1085635074445.html,included,
1085612028434,clocks,汽车刹车盘方向盘挂钟创意现代设计复古挂钟家居客厅时钟墙壁挂表,Wall Clock,23,3.36,https://detail.1688.com/offer/1085612028434.html,included,
1085387733161,clocks,挂钟客餐厅家用挂式时尚时钟轻奢现代简约挂墙静音极简黑白灰钟表,Quiet Wall Clock,18.9,2.76,https://detail.1688.com/offer/1085387733161.html,included,
1085379673588,clocks,钢化玻璃挂钟2D平面工业风书房酒吧墙面静音挂钟复古飞机仪表时钟,Quiet Wall Clock,18.9,2.76,https://detail.1688.com/offer/1085379673588.html,included,
1085299081648,clocks,创意多巴胺撞色挂钟客厅家用免打孔装饰北欧ins潮流时钟静音走时,Quiet Wall Clock,25,3.65,https://detail.1688.com/offer/1085299081648.html,included,
1085137382645,clocks,跨境简约现代钢化玻璃表盘挂钟北欧风时尚客厅餐厅书房静音挂表,Quiet Wall Clock,19.9,2.91,https://detail.1688.com/offer/1085137382645.html,included,
1085103387674,clocks,Ins风转角双面钟挂客厅创意简约现代时钟表免打孔静音两面表批发,Quiet Clock,15.19,2.22,https://detail.1688.com/offer/1085103387674.html,included,
1085098286565,clocks,亚马逊UV印刷挂钟个性情侣木钟PVC全家福圆形挂钟钟表厂家DIY批发,Wall Clock,25,3.65,https://detail.1688.com/offer/1085098286565.html,included,
1085095773422,clocks,日落方形挂钟网红款极简无框客厅时钟个性时尚装饰简约家用静音钟,Quiet Wall Clock,25,3.65,https://detail.1688.com/offer/1085095773422.html,included,
1085089114498,clocks,克莱因蓝极简线条艺术高级感室内用挂钟客厅时钟静音走时免打孔钟,Quiet Wall Clock,25,3.65,https://detail.1688.com/offer/1085089114498.html,included,
1085059882278,clocks,厂家批发柠檬磁吸冰箱钟小尺寸静音挂钟厨房客厅洞洞板装饰壁挂钟,Quiet Wall Clock,17,2.48,https://detail.1688.com/offer/1085059882278.html,included,
1085049456969,clocks,上海钟表挂钟客厅卧室办公室墙上时钟免打孔方形简约现代时尚创礼,Wall Clock,20.62,3.01,https://detail.1688.com/offer/1085049456969.html,included,
1085047288827,clocks,挂钟客厅钟表简约北欧时尚家用时钟挂表现代创意个性石英钟,Quartz Wall Clock,21.38,3.12,https://detail.1688.com/offer/1085047288827.html,included,
1085037553403,clocks,跨境专供夜光挂钟静音扫秒大数字圆形墙钟客厅卧室家用时钟外贸批,Quiet Digital Clock,13.9,2.03,https://detail.1688.com/offer/1085037553403.html,included,
1085034561349,clocks,圆形莫奈风油画海浪挂钟现代简约客厅艺术装饰时钟静音石英挂钟,Quartz Quiet Wall Clock,25,3.65,https://detail.1688.com/offer/1085034561349.html,included,
1085016025549,clocks,圆形水彩花鸟挂钟复古乡村风墙面装饰时钟静音石英挂钟工厂,Quartz Quiet Wall Clock,19.9,2.91,https://detail.1688.com/offer/1085016025549.html,included,
1085016025207,clocks,长方形咖啡拉花油画挂钟餐厅咖啡馆装饰时 静音墙面艺术钟,Quiet Wall Clock,20,2.92,https://detail.1688.com/offer/1085016025207.html,included,
1085013054044,clocks,跨境新中式创意扭曲挂钟胡桃木色客厅卧室静音时钟简约艺术装饰壁,Quiet Wall Clock,25,3.65,https://detail.1688.com/offer/1085013054044.html,included,
1084859316661,clocks,创意棒球摇摆挂钟 卡通棒球手套摆锤钟 儿童房客厅墙面装饰挂钟,Wall Clock,21,3.07,https://detail.1688.com/offer/1084859316661.html,included,
1084829649107,clocks,简约装饰挂钟墙上石英钟表客厅时钟卧室时尚夜光家用挂表换季必备,Quartz Wall Clock,16.69,2.44,https://detail.1688.com/offer/1084829649107.html,included,
1084827304088,clocks,挂钟挂钟创意时尚电子石英钟表客厅卧室简约时钟现代家用墙上挂表,Quartz Wall Clock,13.33,1.95,https://detail.1688.com/offer/1084827304088.html,included,
1084803555037,clocks,跨境亚马逊木纹钢化玻璃打印2D挂钟复古简约咖啡厅装饰性钟表,Wall Clock,19.9,2.91,https://detail.1688.com/offer/1084803555037.html,included,
1084799706682,clocks,UV印刷挂钟个性情侣定制木钟PVC全家福圆形挂钟无刻痕钟表厂家DIY,Wall Clock,22,3.21,https://detail.1688.com/offer/1084799706682.html,included,
1084798151070,clocks,厂家直销钢化玻璃客厅挂钟足球篮球钟表免打孔创意个性静音挂钟,Quiet Wall Clock,19.8,2.89,https://detail.1688.com/offer/1084798151070.html,included,
1084796606753,clocks,UV印刷挂钟个性情侣定制木钟PVC全家福圆形挂钟无刻痕钟表厂家DIY,Wall Clock,22,3.21,https://detail.1688.com/offer/1084796606753.html,included,
1084721343552,clocks,跨境热销款圆形钢化玻璃图形月相星空图案哥特风格个性客厅挂钟,Wall Clock,19.9,2.91,https://detail.1688.com/offer/1084721343552.html,included,
1084705487472,clocks,太空火箭创意挂钟 卡通火焰摆锤 儿童房玄关书房墙面装饰挂钟,Wall Clock,21,3.07,https://detail.1688.com/offer/1084705487472.html,included,
1084705413030,clocks,打孔摇摆免客厅挂钟网红轻奢表欧式挂墙时钟时尚家庭用简约现代,Wall Clock,20.55,3.0,https://detail.1688.com/offer/1084705413030.html,included,
1084685317929,clocks,上海钟表挂钟客厅卧室办公室墙上时钟免打孔方形简约现代时尚创礼,Wall Clock,24.43,3.57,https://detail.1688.com/offer/1084685317929.html,included,
1084658770225,clocks,简约现代时尚创礼上海钟表挂钟客厅卧室办公室墙上时钟免打孔方形,Wall Clock,18.3,2.67,https://detail.1688.com/offer/1084658770225.html,included,
1084531123822,clocks,韩国ins风马卡龙色钟表小房子造型布艺挂钟儿童房装饰静音表时钟,Fabric Quiet Wall Clock,19,2.77,https://detail.1688.com/offer/1084531123822.html,included,
1084512975711,clocks,爆款奶油钟表卧室静音挂钟座摆钟创意客厅时尚石英钟圆欧式时钟,Quartz Quiet Wall Clock,19.9,2.91,https://detail.1688.com/offer/1084512975711.html,included,
1084409129088,clocks,极简无数字刻度挂钟 轻奢金色指针客厅壁钟 外贸软装工程厂家直供,Digital Clock,260,37.96,https://detail.1688.com/offer/1084409129088.html,included,
1084391607171,clocks,高宅静音钟表挂钟客厅家用2025新款自动对时电波钟简约轻奢装饰钟,Quiet Wall Clock,23.59,3.44,https://detail.1688.com/offer/1084391607171.html,included,
1084266322301,clocks,奶油风花朵造型挂钟静音时钟12英寸客厅卧室家用创意装饰壁钟表,Quiet Wall Clock,23,3.36,https://detail.1688.com/offer/1084266322301.html,included,
1084266314295,clocks,数学公式创意挂钟黑板风MATH公式时钟教室书房静音墙面装饰挂钟,Quiet Wall Clock,23,3.36,https://detail.1688.com/offer/1084266314295.html,included,
1084261664080,clocks,北欧轻奢光影挂钟现代客厅装饰圆形石英钟静音扫秒家用墙面时钟,Quartz Quiet Wall Clock,15,2.19,https://detail.1688.com/offer/1084261664080.html,included,
1084237418181,clocks,波普风艺术感创意客厅卧室挂钟个性装饰静音时钟免打孔挂钟,Quiet Wall Clock,25,3.65,https://detail.1688.com/offer/1084237418181.html,included,
1084235990452,clocks,极简无框中国福简约客厅中式国风石英挂钟卧室家用静音走时免打孔,Quartz Quiet Wall Clock,25,3.65,https://detail.1688.com/offer/1084235990452.html,included,
1084198499105,clocks,梦幻星夜猫咪主题挂钟ins风治愈系圆形时钟家用静音墙装饰石英表,Quartz Quiet Wall Clock,18.9,2.76,https://detail.1688.com/offer/1084198499105.html,included,
1084094135882,clocks,跨境圣诞树造型静音挂钟创意客厅卧室装饰时钟节日氛围墙钟钟表,Quiet Wall Clock,21,3.07,https://detail.1688.com/offer/1084094135882.html,included,
1084087309958,clocks,石英钟挂墙时钟时钟时尚静音长方形家用挂表个性简约钟表挂钟客厅,Quartz Quiet Wall Clock,16.5,2.41,https://detail.1688.com/offer/1084087309958.html,included,
1084065454148,clocks,办公室牛马“忙“挂钟高颜值免打孔简约现代客厅时钟表挂墙,Wall Clock,25,3.65,https://detail.1688.com/offer/1084065454148.html,included,
1084050870363,clocks,简约现代亚克力表盘石英钟北欧风时尚客厅餐厅书房静音挂钟,Quartz Quiet Wall Clock,25,3.65,https://detail.1688.com/offer/1084050870363.html,included,
1084037470680,clocks,日落圆形挂钟网红款极简无框客厅时钟个性时尚装饰简约家用静音钟,Quiet Wall Clock,25,3.65,https://detail.1688.com/offer/1084037470680.html,included,
1083927755394,clocks,轻奢装饰画创意客厅卧室工作室挂钟超薄扫描静音正方形挂表,Quiet Wall Clock,25,3.65,https://detail.1688.com/offer/1083927755394.html,included,
1083834215669,clocks,跨境十字架静音挂钟复古信仰装饰壁钟客厅书房圣经艺术时钟28cm,Quiet Wall Clock,21,3.07,https://detail.1688.com/offer/1083834215669.html,included,
1083764873365,clocks,创意Family字母墙贴挂钟客厅卧室静音DIY时钟3D立体数字装饰钟表,Quiet Digital Clock,19.9,2.91,https://detail.1688.com/offer/1083764873365.html,included,
1083755762678,clocks,养生挂钟美容院时钟中医推拿养生馆挂墙简约新中式静音钟表,Quiet Wall Clock,25,3.65,https://detail.1688.com/offer/1083755762678.html,included,
1083748817410,clocks,新款潜水艇造型挂钟 儿童房卡通创意时钟 北欧航海风静音石英挂钟,Quartz Quiet Wall Clock,18,2.63,https://detail.1688.com/offer/1083748817410.html,included,
1083714858648,clocks,跨境静音挂钟客厅卧室装饰时钟创意壁挂钟表厂家现货批发,Quiet Wall Clock,19.9,2.91,https://detail.1688.com/offer/1083714858648.html,included,
1083701154378,clocks,跨境专供挂钟装饰早教时钟，客厅卧室挂墙家用学习静音挂钟,Quiet Wall Clock,20.9,3.05,https://detail.1688.com/offer/1083701154378.html,included,
1083571087475,clocks,复古艺术挂钟欧式客厅家用时钟创意个性现代简约卧室静音石英钟,Quartz Quiet Wall Clock,17.39,2.54,https://detail.1688.com/offer/1083571087475.html,included,
1083434844146,clocks,2D平面花卉装饰家用客厅钟表花朵写实风格挂钟立体效果时钟木质钟,Wall Clock,14.8,2.16,https://detail.1688.com/offer/1083434844146.html,included,
1083429951501,clocks,极简无框奶油风可爱卡通挂钟个性客厅卧室装饰静音走时家用,Quiet Wall Clock,25,3.65,https://detail.1688.com/offer/1083429951501.html,included,
1083428303514,clocks,养生挂钟美容院时钟中医推拿养生馆十二时辰子午流注经络静音钟表,Quiet Wall Clock,18.9,2.76,https://detail.1688.com/offer/1083428303514.html,included,
1083428303335,clocks,4K高清弧形挂钟时尚拱形玻璃镜面装饰时钟客厅卧室曲面挂墙上钟表,Wall Clock,14.99,2.19,https://detail.1688.com/offer/1083428303335.html,included,
1083422255694,clocks,原创小众枕头形状挂钟潮流装饰免打孔静音钟表挂墙款高级感,Quiet Wall Clock,25,3.65,https://detail.1688.com/offer/1083422255694.html,included,
1083414259976,clocks,蝴蝶系列3D立体实物点钻外贸爆款轻奢卉钟高级感客厅钢化玻璃挂钟,Wall Clock,21.8,3.18,https://detail.1688.com/offer/1083414259976.html,included,
1083361795800,clocks,早教挂钟学习钟表挂客厅儿童家用时钟卧室挂墙上静音石英钟免屿锐,Quartz Quiet Wall Clock,17.43,2.55,https://detail.1688.com/offer/1083361795800.html,included,
1083349155888,clocks,花卉系列3D立体实物点钻客厅餐厅挂钟跨境爆款新款钢化玻璃钟表,Wall Clock,21.8,3.18,https://detail.1688.com/offer/1083349155888.html,included,
1083308778801,clocks,钟表客厅轻奢极简网红表钟家用墙上挂钟时钟装饰创意石英钟,Quartz Wall Clock,24.8,3.62,https://detail.1688.com/offer/1083308778801.html,included,
1083258371139,clocks,儿童家用时钟卧室挂墙上静音石英钟免打孔早教挂钟学习钟表挂屿锐,Quartz Quiet Wall Clock,16.3,2.38,https://detail.1688.com/offer/1083258371139.html,included,
1083220164023,clocks,复古航海海浪风景挂钟 海洋海景艺术装饰石英钟 客厅民宿轻奢静音,Quartz Quiet Wall Clock,14.5,2.12,https://detail.1688.com/offer/1083220164023.html,included,
1083220164018,clocks,网红钟表静音挂钟挂表客厅轻奢时尚家用时钟挂墙静音扫秒石英钟表,Quartz Quiet Wall Clock,14.42,2.11,https://detail.1688.com/offer/1083220164018.html,included,
1083147396008,clocks,新款卡通彩色热气球造型摇摆挂钟 童趣儿童装饰钟表 可印 LOGO,Wall Clock,19,2.77,https://detail.1688.com/offer/1083147396008.html,included,
1083097732777,clocks,新款北欧创意木屋房子摇摆挂钟 客厅房间玄关餐厅厨房百搭摆锤钟,Wall Clock,21,3.07,https://detail.1688.com/offer/1083097732777.html,included,
1083073229510,clocks,复古镂空铁艺挂钟 30cm 欧式做旧客厅钟表 简约个性装饰时钟 家用,Wall Clock,13,1.9,https://detail.1688.com/offer/1083073229510.html,included,
1083026694927,clocks,家用方形挂钟客厅钟表静音挂墙约时尚电子日历时钟石英钟表,Quartz Quiet Wall Clock,14.46,2.11,https://detail.1688.com/offer/1083026694927.html,included,
1082968495490,clocks,时尚电子日历时钟石英钟表家用方形挂钟客厅钟表静音挂墙约跨境,Quartz Quiet Wall Clock,14.32,2.09,https://detail.1688.com/offer/1082968495490.html,included,
1082938572013,clocks,太空宇航员摇摆挂钟 儿童房星空宇宙摆锤钟 创意卡通墙壁装饰,Wall Clock,21,3.07,https://detail.1688.com/offer/1082938572013.html,included,
1082901760889,clocks,免打孔挂钟狗狗创意钟表客厅可爱卡通可摆可挂宠物钟时钟儿童房,Wall Clock,22,3.21,https://detail.1688.com/offer/1082901760889.html,included,
1082866839962,clocks,挂钟简约家用客厅挂墙上免打孔卧室书房圆形清晰石英表圆形大好物,Quartz Wall Clock,23.5,3.43,https://detail.1688.com/offer/1082866839962.html,included,
1082796023551,clocks,中古风客厅挂钟装饰画2026新款创意时钟家用高级感花卉餐厅钟表画,Wall Clock,17.9,2.61,https://detail.1688.com/offer/1082796023551.html,included,
1082706250424,clocks,10英寸塑料圆形挂钟带温湿度显示钟表客厅时钟办公钟表厂夜光,Wall Clock,15.5,2.26,https://detail.1688.com/offer/1082706250424.html,included,
1082687331548,clocks,现代时尚创礼上海钟表挂钟客厅卧室办公室墙上时钟免打孔方形简约,Wall Clock,20.24,2.96,https://detail.1688.com/offer/1082687331548.html,included,
1082687110454,clocks,创意拼图挂钟实木静音时钟客厅装饰艺术壁钟个性北欧家居钟表,Solid Wood Quiet Wall Clock,23,3.36,https://detail.1688.com/offer/1082687110454.html,included,
1082676497438,clocks,挂钟客厅钟表简约北欧时尚家用时钟挂表现代创意个性石英钟,Quartz Wall Clock,22.9,3.34,https://detail.1688.com/offer/1082676497438.html,included,
1082675718010,clocks,网红卡通形象艺术挂钟儿童房间静音石英挂表幼儿园墙面装饰钟,Quartz Quiet Wall Clock,18,2.63,https://detail.1688.com/offer/1082675718010.html,included,
1082651412597,clocks,跨境亚马逊新款TK海洋风现代时尚玻璃质玻璃挂钟装饰支持DIY时钟,Wall Clock,16,2.34,https://detail.1688.com/offer/1082651412597.html,included,
1082433063489,clocks,创意时尚电子石英钟表客厅卧室简约时钟现代家用墙上挂表挂钟挂钟,Quartz Wall Clock,13.7,2.0,https://detail.1688.com/offer/1082433063489.html,included,
1082389320669,clocks,【14英寸35CM】北欧日历夜光石英钟表免打孔时钟挂墙网红装饰挂钟,Quartz Wall Clock,20.8,3.04,https://detail.1688.com/offer/1082389320669.html,included,
1082376808749,clocks,【10英寸30CM】简约挂墙石英钟客厅夜光钟表墙面装饰挂钟数字时钟,Quartz Digital Clock,18.8,2.75,https://detail.1688.com/offer/1082376808749.html,included,
1082355965355,clocks,现代简约风火锅店创意时尚钟表家用餐厅免打孔静音高级感防尘挂钟,Quiet Wall Clock,22,3.21,https://detail.1688.com/offer/1082355965355.html,included,
1082333779665,clocks,钟表挂钟客厅卧室办公室墙上时钟免打孔方形简约现代时尚创意,Wall Clock,22.57,3.3,https://detail.1688.com/offer/1082333779665.html,included,
1082313720567,clocks,新中式肌理青花挂钟国风蓝白牡丹花卉轻奢书房家客厅静音装饰钟表,Quiet Wall Clock,18.9,2.76,https://detail.1688.com/offer/1082313720567.html,included,
1082140163798,clocks,钟表家用挂墙夜光挂钟卧室客厅石英钟圆形时钟轻奢壁钟挂表呷鸣,Quartz Wall Clock,14.21,2.07,https://detail.1688.com/offer/1082140163798.html,included,
1082131739993,clocks,创意年轮钟表原木现代简约时尚年轮木纹家用客厅个性卧室挂钟时钟,Wall Clock,19,2.77,https://detail.1688.com/offer/1082131739993.html,included,
1082100865917,clocks,地中海卡通海洋风小房子摇摆挂钟 椰子树帆船装饰童趣客厅挂钟,Wall Clock,20,2.92,https://detail.1688.com/offer/1082100865917.html,included,
1082049427657,clocks,挂墙卧室时钟石英钟钟表时尚打孔免家用餐厅静音客厅挂钟创意简约,Quartz Quiet Wall Clock,19,2.77,https://detail.1688.com/offer/1082049427657.html,included,
1082034496150,clocks,Amaxon跨境爆款静音扫秒挂钟客厅卧室书房餐厅墙贴钟10英寸电波钟,Quiet Wall Clock,24.99,3.65,https://detail.1688.com/offer/1082034496150.html,included,
1081920667392,clocks,2026新款海洋海豚摇摆挂钟客厅卧室玄关装饰时钟,Wall Clock,21,3.07,https://detail.1688.com/offer/1081920667392.html,included,
1081858233959,clocks,得力LE408钟表客厅挂墙时钟简约现代可看星期时钟30/35cm挂墙钟表,Wall Clock,23.49,3.43,https://detail.1688.com/offer/1081858233959.html,included,
1081857137723,clocks,橙色复古风格矩形挂钟10英寸客厅卧室装饰钟表,Wall Clock,19,2.77,https://detail.1688.com/offer/1081857137723.html,included,
1081809347157,clocks,现代创意挂钟客厅家用办公墙上静音简约时尚个性免打孔石英钟表,Quartz Quiet Wall Clock,23,3.36,https://detail.1688.com/offer/1081809347157.html,included,
1081768148214,clocks,新款太阳花摇摆挂钟 多巴胺绿叶子摆锤 客厅餐厅网红装饰时钟,Wall Clock,20,2.92,https://detail.1688.com/offer/1081768148214.html,included,
1081663340416,clocks,2026新款钢琴摇摆挂钟 创意音符摆锤 客厅房间书房艺术装饰石英钟,Quartz Wall Clock,21,3.07,https://detail.1688.com/offer/1081663340416.html,included,
1081617110419,clocks,挂钟客厅钟表简约北欧时尚家用时钟挂表现代创意个性石英钟,Quartz Wall Clock,22.9,3.34,https://detail.1688.com/offer/1081617110419.html,included,
1081614774794,clocks,跨境中纤板挂钟客厅装饰个性化创意时钟亚马逊虾皮挂钟厂家批发,Wall Clock,18,2.63,https://detail.1688.com/offer/1081614774794.html,included,
1081605149009,clocks,创意动物造型挂钟静音机芯猫咪熊猫水獭客厅卧室装饰钟表家居饰品,,23,,https://detail.1688.com/offer/1081605149009.html,held,product-identification-or-relevance-review
1081581135962,clocks,跨境地中海航海风船锚挂钟复古船舵壁钟装饰静音石英钟批发,Quartz Quiet Wall Clock,23.9,3.49,https://detail.1688.com/offer/1081581135962.html,included,
1081560899844,clocks,跨境复古罗马数字挂钟20cm静音石英钟客厅卧室壁钟外贸批发,Quartz Quiet Digital Clock,14.99,2.19,https://detail.1688.com/offer/1081560899844.html,included,
1081382773451,clocks,【14英寸35CM】卧室时钟简约时尚家用日历石英钟夜光个性钟表大气,Quartz Clock,20.8,3.04,https://detail.1688.com/offer/1081382773451.html,included,
1081380341642,clocks,【14英寸35CM】家用装饰钟表时尚个性简约挂墙石英钟夜光挂钟壁钟,Quartz Wall Clock,20.8,3.04,https://detail.1688.com/offer/1081380341642.html,included,
1081377513907,clocks,【14英寸35CM】万年历夜光挂钟钟表家用时尚石英挂表免打孔时钟,Quartz Wall Clock,21.8,3.18,https://detail.1688.com/offer/1081377513907.html,included,
1081310429310,clocks,蓝色宇宙星空挂钟家用客厅卧室餐厅轻奢装饰石英挂表北欧轻奢,Quartz Wall Clock,18.9,2.76,https://detail.1688.com/offer/1081310429310.html,included,
1081293623646,clocks,胡桃木纹立体数字挂钟北欧简约客厅圆形石英钟静音扫秒家用墙面时,Quartz Quiet Digital Clock,15,2.19,https://detail.1688.com/offer/1081293623646.html,included,
1081154378782,clocks,上海钟表挂钟客厅卧室办公室墙上时钟免打孔方形简约现代时尚创礼,Wall Clock,23.96,3.5,https://detail.1688.com/offer/1081154378782.html,included,
1081128913134,clocks,东南亚中纤板挂钟客厅装饰个性化创意时钟厂家批发跨境亚马逊电商,Wall Clock,20,2.92,https://detail.1688.com/offer/1081128913134.html,included,
1081105080603,clocks,卡通ins趣味仿真小椅子冰箱磁吸钟俩用家用厨房创意装饰石英挂表,Quartz Wall Clock,15.9,2.32,https://detail.1688.com/offer/1081105080603.html,included,
1081055284356,clocks,支持跨境国内代发亚克力创意摇摆时钟底部可摇摆，用于生活的装,Clock,20,2.92,https://detail.1688.com/offer/1081055284356.html,included,
1080996325124,clocks,得力LE407 时尚挂钟35mm家用办公简约时钟学生宿舍起床挂墙钟表,Wall Clock,14.95,2.18,https://detail.1688.com/offer/1080996325124.html,included,
1080922386679,clocks,创意时尚电子石英钟表客厅卧室简约时钟现代家用墙上挂表挂钟挂钟,Quartz Wall Clock,18.76,2.74,https://detail.1688.com/offer/1080922386679.html,included,
1080885106990,clocks,儿童早教挂钟10英寸小钟表挂墙免打孔学生专用书房教室静音石英钟,Quartz Quiet Wall Clock,20,2.92,https://detail.1688.com/offer/1080885106990.html,included,
1080850394191,clocks,创意酒桶摇摆挂钟 复古风酒瓶摆锤钟 酒吧餐厅客厅装饰挂钟,Wall Clock,21,3.07,https://detail.1688.com/offer/1080850394191.html,included,
1080817134234,clocks,现代透明圆形挂钟，静音摆动功能，电池供电，无滴答声，适用客厅,,45,,https://detail.1688.com/offer/1080817134234.html,held,product-identification-or-relevance-review
1080804140189,clocks,亚克力挂钟兼容-复古罗马数字和-指针，diy友好装饰，附安装工具,Wall Clock,25,3.65,https://detail.1688.com/offer/1080804140189.html,included,
1080801748882,clocks,康巴丝客厅简约钟方形时钟客厅家用时尚挂钟免打孔简约时钟表批发,Wall Clock,14.5,2.12,https://detail.1688.com/offer/1080801748882.html,included,
1080789726014,clocks,北欧原木风摇摆挂钟 罐子造型勺子摆锤时钟，餐厅厨房玄关装饰钟,Wall Clock,20,2.92,https://detail.1688.com/offer/1080789726014.html,included,
1080785648928,clocks,2026新款木纹钟中国风亚马逊复古挂钟风水挂钟简约挂钟批发康巴丝,Wall Clock,15.8,2.31,https://detail.1688.com/offer/1080785648928.html,included,
1080764413865,clocks,创意耳机造型摆锤挂钟 音乐元素摇摆墙钟 网红客厅儿童房装饰时钟,Wall Clock,19.5,2.85,https://detail.1688.com/offer/1080764413865.html,included,
1080721795043,clocks,现代轻奢静音挂钟客厅简约圆形装饰时钟北欧石英钟表,Quartz Quiet Wall Clock,13.5,1.97,https://detail.1688.com/offer/1080721795043.html,included,
1080553119582,clocks,30CM钢化玻璃客厅时钟黑胶唱片装饰钟表中古风款复古家用挂钟静音,Quiet Wall Clock,17.9,2.61,https://detail.1688.com/offer/1080553119582.html,included,
1080542452629,clocks,上海钟表挂钟客厅卧室办公室墙上时钟免打孔方形简约现代时尚创礼,Wall Clock,18.48,2.7,https://detail.1688.com/offer/1080542452629.html,included,
1080320282560,clocks,【12英寸30CM】吸能夜光方形时尚扫秒石英钟现代钟表挂钟餐厅挂墙,Quartz Wall Clock,19.8,2.89,https://detail.1688.com/offer/1080320282560.html,included,
1080317570830,clocks,【14英寸35CM】挂钟卧室挂表家用时尚夜光时钟表免打孔现代石英钟,Quartz Wall Clock,12.8,1.87,https://detail.1688.com/offer/1080317570830.html,included,
1080303438144,clocks,【10英寸25CM】万年历夜光挂钟时尚大气装饰时钟圆形卧室钟表挂墙,Wall Clock,16.8,2.45,https://detail.1688.com/offer/1080303438144.html,included,
1080294430560,clocks,【10英寸25CM】时尚夜光挂钟万年历大气挂墙时钟家用简约石英钟,Quartz Wall Clock,16.8,2.45,https://detail.1688.com/offer/1080294430560.html,included,
1080289215165,clocks,静音挂钟创意时尚电子石英钟表客厅卧室简约时钟现代家用墙上挂表,Quartz Quiet Wall Clock,19.32,2.82,https://detail.1688.com/offer/1080289215165.html,included,
1080279906341,clocks,梦幻深海水母挂钟月亮家用客厅静音石英钟创意墙面时钟唯美圆钟表,Quartz Quiet Wall Clock,18.9,2.76,https://detail.1688.com/offer/1080279906341.html,included,
1080230294881,clocks,创意手绘涂鸦挂钟简约黑白艺术时钟家用客厅儿童房装饰钟表,Wall Clock,17,2.48,https://detail.1688.com/offer/1080230294881.html,included,
1080094485899,clocks,复古ins创意电脑窗口磁吸挂钟冰箱柜门厨房免打孔静音石英小时钟,Quartz Quiet Wall Clock,15.9,2.32,https://detail.1688.com/offer/1080094485899.html,included,
1080030805699,clocks,跨境新品爆款静音圆形挂钟，日落爬行熊，适用家具装饰,Quiet Wall Clock,13,1.9,https://detail.1688.com/offer/1080030805699.html,included,
1080029265805,clocks,木质壁钟，圆形静音无滴答，家居装饰，适用于卧室、客厅,Quiet Wall Clock,12.5,1.83,https://detail.1688.com/offer/1080029265805.html,included,
1079996643800,clocks,创意太空云朵摇摆挂钟 卡通宇航员星球儿童钟 家用静装饰钟,Wall Clock,21,3.07,https://detail.1688.com/offer/1079996643800.html,included,
1079795113867,clocks,无声挂钟3D罗马钟，罗马数字DIY时钟套件，用于客厅，餐厅，卧室,Digital Clock,21,3.07,https://detail.1688.com/offer/1079795113867.html,included,
1079781409044,clocks,康巴丝挂钟家用办公圆形简约电子挂钟客厅静音钟表数字挂钟批发,Quiet Digital Clock,20,2.92,https://detail.1688.com/offer/1079781409044.html,included,
1079779521120,clocks,康巴丝金箔钟面静音挂钟客厅简约现代家用挂墙挂表卧室创意挂钟,Quiet Wall Clock,20,2.92,https://detail.1688.com/offer/1079779521120.html,included,
1079761265037,clocks,康巴丝14寸16寸方形电波钟 自动对时 学校考场挂钟办公室钟表批发,Wall Clock,15.8,2.31,https://detail.1688.com/offer/1079761265037.html,included,
1079530304040,clocks,新款led电子钟墙挂钟多功能挂墙客厅高级感挂钟挂墙钟可定制时钟,Digital Clock,49,7.15,https://detail.1688.com/offer/1079530304040.html,included,
1079516924815,clocks,新款led电子钟温湿度多功能挂墙客厅高级感挂钟挂墙钟可批发定制,Digital Clock,49,7.15,https://detail.1688.com/offer/1079516924815.html,included,
1079462267001,clocks,【14英寸35CM】客厅夜光挂钟家用石英钟日期温度电子钟表挂墙时钟,Quartz Digital Clock,21.8,3.18,https://detail.1688.com/offer/1079462267001.html,included,
1079454167140,clocks,【14英寸35CM】夜光钟表挂钟餐厅时尚轻奢静音走时石英钟挂墙挂表,Quartz Quiet Wall Clock,12.8,1.87,https://detail.1688.com/offer/1079454167140.html,included,
1079453491264,clocks,【14英寸35CM】客厅现代创意石英钟夜光挂钟家用钟表方形轻奢时钟,Quartz Wall Clock,13.8,2.01,https://detail.1688.com/offer/1079453491264.html,included,
1079447851545,clocks,【14英寸35CM】现代蓄能夜光挂钟创意大气个性石英钟极简方形时钟,Quartz Wall Clock,13.8,2.01,https://detail.1688.com/offer/1079447851545.html,included,
1079443611946,clocks,【14英寸35CM】夜光钟表挂钟客厅时尚轻奢现代简约石英钟免打孔,Quartz Wall Clock,20.8,3.04,https://detail.1688.com/offer/1079443611946.html,included,
1079437403877,clocks,【12英寸30CM】免打孔夜光时钟高档创意极简风钟表方形万年历挂钟,Wall Clock,19.8,2.89,https://detail.1688.com/offer/1079437403877.html,included,
1079427843249,clocks,【10英寸25CM】夜光时钟免打孔钟表现代大气日历挂钟挂墙个性圆形,Wall Clock,16.8,2.45,https://detail.1688.com/offer/1079427843249.html,included,
1079402603548,clocks,蓝色星光六芒星梦幻挂钟唯美家客厅静音石英钟创意墙时钟圆形钟表,Quartz Quiet Wall Clock,18.9,2.76,https://detail.1688.com/offer/1079402603548.html,included,
1079398387854,clocks,粉梦幻ins少女风挂钟鎏金流光装饰民宿卧室家用石英挂表客厅挂钟,Quartz Wall Clock,18.9,2.76,https://detail.1688.com/offer/1079398387854.html,included,
1079398387808,clocks,唯美极光森林挂钟轻奢家书房客厅静音装饰钟表简约时尚挂墙石英钟,Quartz Quiet Wall Clock,18.9,2.76,https://detail.1688.com/offer/1079398387808.html,included,
1079385115070,clocks,雪山湖泊油画挂钟蓝白风景艺术钟表家用墙客厅卧室静音时钟装饰钟,Quiet Wall Clock,18.9,2.76,https://detail.1688.com/offer/1079385115070.html,included,
1079299742642,clocks,25厘米跨境供应家用温湿度时钟夜明石英钟钟表挂钟夜光夜光挂钟,Quartz Wall Clock,13.5,1.97,https://detail.1688.com/offer/1079299742642.html,included,
1079275174056,clocks,紫色星空蝴蝶艺术挂钟唯美墙面装饰钟家用静音时钟,Quiet Wall Clock,24,3.5,https://detail.1688.com/offer/1079275174056.html,included,
1079053241126,clocks,钟表免打孔静音挂钟现代简约大气时钟家用客厅卧室时尚石英钟电池,,25.16,,https://detail.1688.com/offer/1079053241126.html,held,product-identification-or-relevance-review
1079005239388,clocks,跨境爆款欧式复古木质 时尚创意家居装饰静音挂钟,Quiet Wall Clock,14,2.04,https://detail.1688.com/offer/1079005239388.html,included,
1078981474426,clocks,复古迷你挂钟，卡通食物数字图案，圆形静音无滴答声，适用于家居,Quiet Wall Clock,13,1.9,https://detail.1688.com/offer/1078981474426.html,included,
1078876356604,clocks,儿童房摇摆挂钟创意小屋装饰钟家用客厅卧室摇摆摆钟圣诞雪屋时钟,Wall Clock,20,2.92,https://detail.1688.com/offer/1078876356604.html,included,
1078817203869,clocks,⭐北极星钟表客厅墙上挂钟简约挂表家用静音现代时钟创意电子石英,Quartz Quiet Wall Clock,22.43,3.28,https://detail.1688.com/offer/1078817203869.html,included,
1078752430287,clocks,康巴丝挂钟卧室客厅钟表时尚静音挂墙时钟挂表简约创意石英钟家用,Quartz Quiet Wall Clock,18,2.63,https://detail.1688.com/offer/1078752430287.html,included,
1078633638657,clocks,跨境热销静音挂钟时钟创意时尚轻奢客厅装饰钟表木质挂墙钟免打孔,Quiet Wall Clock,11.9,1.74,https://detail.1688.com/offer/1078633638657.html,included,
1078564885680,clocks,30cm 方形立体数字挂钟 向日葵印花客厅时钟 简约家用静音石英装,Quartz Quiet Digital Clock,13,1.9,https://detail.1688.com/offer/1078564885680.html,included,
1078413263062,clocks,趣味木质挂钟静音不滴答，印有咖啡语录，咖啡爱好者创意礼物。,Quiet Wall Clock,13,1.9,https://detail.1688.com/offer/1078413263062.html,included,
1078369012452,clocks,挂钟彩虹微笑客厅时尚卧室钟表家用时钟简约墙挂表静音创意石英钟,Quartz Quiet Wall Clock,23.5,3.43,https://detail.1688.com/offer/1078369012452.html,included,
1078272894448,clocks,圣诞主题摇摆挂钟圣诞老人摆锤挂表节日装饰时钟卡通摆钟圣诞钟,Wall Clock,20,2.92,https://detail.1688.com/offer/1078272894448.html,included,
1078239102077,clocks,跨境可爱猫咪造型挂钟静音创意卡通壁钟儿童房装饰时钟尾巴设计,Quiet Wall Clock,25,3.65,https://detail.1688.com/offer/1078239102077.html,included,
1078197938528,clocks,上海钟表挂钟客厅卧室办公室墙上时钟免打孔方形简约现代时尚创礼,Wall Clock,24.2,3.53,https://detail.1688.com/offer/1078197938528.html,included,
1078176297448,clocks,磁吸款食玩趣味牛油果钟厨房高颜值创意冰箱贴挂钟墙上饰品异形钟,Wall Clock,15.9,2.32,https://detail.1688.com/offer/1078176297448.html,included,
1078159197741,clocks,创意镂空木质挂钟 静音石英钟 客厅卧室装饰时钟 复古艺术壁钟,Quartz Quiet Wall Clock,13,1.9,https://detail.1688.com/offer/1078159197741.html,included,
1078054238104,clocks,跨境可爱美食时钟挂墙创意卡通个性静音钟表幼儿园儿童房装饰挂钟,Quiet Wall Clock,18.5,2.7,https://detail.1688.com/offer/1078054238104.html,included,
1077977785112,clocks,磁吸款ins水煮蛋鸡蛋钟厨房高颜值创意冰箱贴挂钟墙上饰品异形钟,Wall Clock,15.9,2.32,https://detail.1688.com/offer/1077977785112.html,included,
1077876365507,clocks,圣诞老人摇摆挂钟圣诞节日装饰钟表家用客厅卧室石英创意壁挂时钟,Quartz Wall Clock,20,2.92,https://detail.1688.com/offer/1077876365507.html,included,
1077867493881,clocks,圣诞雪人挂钟创意节日装饰摇摆钟氛围装饰钟表客厅可爱壁挂时钟,Wall Clock,20,2.92,https://detail.1688.com/offer/1077867493881.html,included,
1077861856005,clocks,跨境海边小屋摇摆挂钟复古海景帆船摆钟美式小屋艺术挂钟装饰钟表,Wall Clock,20,2.92,https://detail.1688.com/offer/1077861856005.html,included,
1077850763327,clocks,康巴丝钟表挂钟客厅正方形创意时钟挂表简约现代家用家庭挂钟批发,Wall Clock,24,3.5,https://detail.1688.com/offer/1077850763327.html,included,
1077840308194,clocks,跨境亚马逊亚克力镜面装饰钟表阿拉伯书法艺术字室内挂钟装饰,Wall Clock,18,2.63,https://detail.1688.com/offer/1077840308194.html,included,
1077837456504,clocks,跨境亚马逊亚克力镜面装饰钟表阿拉伯书法艺术字室内挂钟装饰,Wall Clock,18,2.63,https://detail.1688.com/offer/1077837456504.html,included,
1077831652788,clocks,跨境亚马逊亚克力镜面装饰钟表阿拉伯书法艺术字室内挂钟装饰,Wall Clock,18,2.63,https://detail.1688.com/offer/1077831652788.html,included,
1077811792154,clocks,led电子钟温湿度多功能挂墙客厅墙挂富士山新款挂钟表可批发定制,Digital Clock,59,8.61,https://detail.1688.com/offer/1077811792154.html,included,
1077692349901,clocks,康巴丝挂钟客厅方形钟表现代简约时尚挂表家用静音时钟创意石英钟,Quartz Quiet Wall Clock,13,1.9,https://detail.1688.com/offer/1077692349901.html,included,
1077466642547,clocks,长方形挂钟客厅家用静音壁钟装饰画钟表现代简约创意时钟挂墙,Quiet Wall Clock,22,3.21,https://detail.1688.com/offer/1077466642547.html,included,
1077464782715,clocks,led电子钟新款定制温湿度多功能挂墙客厅挂钟墙钟挂可批发可定制,Digital Clock,49,7.15,https://detail.1688.com/offer/1077464782715.html,included,
1077449406080,clocks,跨境新款热销12英寸木质挂钟轻奢静音家用简约创意挂墙时钟免打孔,Quiet Wall Clock,13.3,1.94,https://detail.1688.com/offer/1077449406080.html,included,
1077425763237,clocks,跨境高级感圆形钟表墙壁挂钟塑料圆形简约时尚卧室客厅数字时尚,Wall Clock,17.88,2.61,https://detail.1688.com/offer/1077425763237.html,included,
1077415179279,clocks,圣诞小屋立体挂钟圣诞主题创意小屋挂钟节日氛围墙面装饰时钟摆钟,Wall Clock,20,2.92,https://detail.1688.com/offer/1077415179279.html,included,
1077412843393,clocks,圣诞姜饼人小屋摇摆挂钟家用节日礼品挂表圣诞节装饰创意墙面挂表,Wall Clock,20,2.92,https://detail.1688.com/offer/1077412843393.html,included,
1077412396503,clocks,跨境专供10英寸挂钟客厅书房餐厅卧室扫描静音壁挂钟可定制电波钟,Quiet Wall Clock,13.99,2.04,https://detail.1688.com/offer/1077412396503.html,included,
1077399372173,clocks,跨境热销10英寸墙贴钟客厅卧室餐厅书房简约壁钟跳秒石英挂钟H921,Quartz Wall Clock,13.99,2.04,https://detail.1688.com/offer/1077399372173.html,included,
1077386778844,clocks,复古涂鸦挂钟静音创意壁钟客厅卧室厨房装饰时钟橙色拼色设计,Quiet Wall Clock,20,2.92,https://detail.1688.com/offer/1077386778844.html,included,
1077371789383,clocks,北欧时钟日式墙上装饰静音现代简约静音挂钟挂墙客厅创意钟表家用,Quiet Wall Clock,22.83,3.33,https://detail.1688.com/offer/1077371789383.html,included,
1077368337278,clocks,可芯静音挂钟客厅钟表卧室挂表时尚大气现代简约时钟北欧风石英钟,Quartz Quiet Wall Clock,18.28,2.67,https://detail.1688.com/offer/1077368337278.html,included,
1077358371758,clocks,16英寸40cm挂钟静音家用简约时钟创意时尚挂墙立体数字石英钟表3D,Quartz Quiet Digital Clock,16.8,2.45,https://detail.1688.com/offer/1077358371758.html,included,
1077353991179,clocks,⭐北极星钟表客厅墙上挂钟简约挂表家用静音现代时钟创意电子屿锐,Quiet Wall Clock,25.34,3.7,https://detail.1688.com/offer/1077353991179.html,included,
1077199032376,clocks,简约座钟挂钟客厅钟表座挂两用挂钟居家万年历农历温度座钟,Wall Clock,23.16,3.38,https://detail.1688.com/offer/1077199032376.html,included,
1077187198122,clocks,亚马逊跨境钟表复古个性创意铁艺装饰罗马数字客厅挂表简约挂钟,Digital Clock,22,3.21,https://detail.1688.com/offer/1077187198122.html,included,
1077185930181,clocks,亚马逊跨境钟表复古个性创意铁艺鹿头装饰数字客厅挂表简约挂钟,Digital Clock,22,3.21,https://detail.1688.com/offer/1077185930181.html,included,
1077134715523,clocks,免打孔简易墙上挂钟墙上挂钟现代静音家用客厅卧室时尚石英钟热销,Quartz Quiet Wall Clock,25.16,3.67,https://detail.1688.com/offer/1077134715523.html,included,
1077133939410,clocks,静音挂钟客厅钟表卧室挂表时尚大气现代简约挂墙壁时钟家用石英钟,Quartz Quiet Wall Clock,25.16,3.67,https://detail.1688.com/offer/1077133939410.html,included,
1076931990330,clocks,磁吸款ins黄瓜片钟趣味厨房高颜值创意冰箱贴挂钟墙上饰品异形钟,Wall Clock,15.9,2.32,https://detail.1688.com/offer/1076931990330.html,included,
1076930663134,clocks,菜板菜刀造型创意挂钟 MDF客厅厨房装饰时钟简约静音个性墙面钟表,Quiet Wall Clock,25,3.65,https://detail.1688.com/offer/1076930663134.html,included,
1076897828475,clocks,新款跨境创意五角星时钟挂墙奶油风客厅挂钟新款家用餐厅静音摇摆,Quiet Wall Clock,25,3.65,https://detail.1688.com/offer/1076897828475.html,included,
1076864007777,clocks,透明玻璃压花挂钟DIY创意静音壁钟 客厅卧室装饰时钟 25/30cm简约,Quiet Wall Clock,18,2.63,https://detail.1688.com/offer/1076864007777.html,included,
1076844014203,clocks,跨境热销14英寸MDF木质挂钟胡桃木纹时钟北欧简约静音装饰钟表OEM,Quiet Wall Clock,15,2.19,https://detail.1688.com/offer/1076844014203.html,included,
1076809713594,clocks,led电子钟新款挂钟温湿度多功能钟表挂墙电子钟客厅挂钟批发定制,Digital Clock,59,8.61,https://detail.1688.com/offer/1076809713594.html,included,
1076809623008,clocks,挂钟客厅钟表简约北欧时尚家用时钟挂表现代创意个性石英钟,Quartz Wall Clock,22.9,3.34,https://detail.1688.com/offer/1076809623008.html,included,
1076703333467,clocks,圣诞雪景木屋摇摆挂钟 小火车麋鹿卡通壁钟 圣诞节日家居装饰挂钟,Wall Clock,20,2.92,https://detail.1688.com/offer/1076703333467.html,included,
1076634312969,clocks,12寸夜光木纹挂钟客厅家用静音扫秒石英钟大数字卧室办公室墙壁钟,Quartz Quiet Digital Clock,19.9,2.91,https://detail.1688.com/offer/1076634312969.html,included,
1076618674869,clocks,北欧钢琴键挂钟50cm大尺寸客厅钟表 原木纹立体刻度静音石英钟,Quartz Quiet Wall Clock,25,3.65,https://detail.1688.com/offer/1076618674869.html,included,
1076444548516,clocks,迷你吸盘挂钟浴室防雾防水时钟厨房卫生间钟表小石英钟台钟7cm,Quartz Wall Clock,16.03,2.34,https://detail.1688.com/offer/1076444548516.html,included,
1076326595265,clocks,亚马逊跨境钟表复古个性创意铁艺鹿头装饰数字客厅挂表简约挂钟,Digital Clock,22,3.21,https://detail.1688.com/offer/1076326595265.html,included,
1076306144285,clocks,北欧夜光木质挂钟 简约圆形数字时钟 家用静音钟表 家居装饰钟跨,Quiet Digital Clock,16,2.34,https://detail.1688.com/offer/1076306144285.html,included,
1076286639310,clocks,跨境新中式挂钟静音金箔钟面时钟家用客厅钟表时尚酒店石英钟,Quartz Quiet Wall Clock,14.5,2.12,https://detail.1688.com/offer/1076286639310.html,included,
1076281567523,clocks,磁吸款ins卡通鸡蛋煎蛋钟趣味厨房创意冰箱贴挂钟墙上饰品异形钟,Wall Clock,15.9,2.32,https://detail.1688.com/offer/1076281567523.html,included,
1076279187054,clocks,磁吸款ins芝士片钟食玩厨房高颜值创意冰箱贴挂钟墙上饰品异形钟,Wall Clock,15.9,2.32,https://detail.1688.com/offer/1076279187054.html,included,
1076277187764,clocks,磁吸款ins卡通吐司面包钟趣味厨房创意冰箱贴挂钟墙上饰品异形钟,Wall Clock,15.9,2.32,https://detail.1688.com/offer/1076277187764.html,included,
1076274359590,clocks,磁吸款蔬菜片胡萝卜片钟厨房高颜值创意冰箱贴挂钟墙上饰品异形钟,Wall Clock,15.9,2.32,https://detail.1688.com/offer/1076274359590.html,included,
1076270183869,clocks,磁吸款菜辣椒片甜椒片钟厨房高颜值创意冰箱贴挂钟墙上饰品异形钟,Wall Clock,15.9,2.32,https://detail.1688.com/offer/1076270183869.html,included,
1076270183821,clocks,磁吸款水果片西瓜切片钟厨房高颜值创意冰箱贴挂钟墙上饰品异形钟,Wall Clock,15.9,2.32,https://detail.1688.com/offer/1076270183821.html,included,
1076270183757,clocks,磁吸款水果西柚橘子片钟厨房创意冰箱贴挂钟墙上饰品异形钟北欧风,Wall Clock,15.9,2.32,https://detail.1688.com/offer/1076270183757.html,included,
1076269407857,clocks,磁吸款水果片猕猴桃片钟厨房高颜值创意冰箱贴挂钟墙上饰品异形钟,Wall Clock,15.9,2.32,https://detail.1688.com/offer/1076269407857.html,included,
1076232160620,clocks,跨境现货亚马逊热卖布谷鸟10英寸圆形挂钟鸟叫挂钟批发,Wall Clock,18.8,2.75,https://detail.1688.com/offer/1076232160620.html,included,
1076223026737,clocks,北欧极简密度板无边框挂钟 客厅卧室静音石英钟 创意ins风墙面装,Quartz Quiet Wall Clock,18,2.63,https://detail.1688.com/offer/1076223026737.html,included,
1076147200920,clocks,跨境定制2D木质摇摆挂钟不规则时钟免打孔摆钟亚马逊爆款钟表批发,Wall Clock,19.5,2.85,https://detail.1688.com/offer/1076147200920.html,included,
1076122903144,clocks,支持亚马逊跨境国内一件代发异形创意卡通挂钟家用装饰客厅静音壁,Quiet Wall Clock,21.9,3.2,https://detail.1688.com/offer/1076122903144.html,included,
1076098322712,clocks,源头工厂创意木质静音摇摆挂钟 客厅高级感时钟表 跨境定制批发,Quiet Wall Clock,23,3.36,https://detail.1688.com/offer/1076098322712.html,included,
1075813466800,clocks,跨境万圣节装饰挂钟复古摇摆蝙蝠南瓜钟美式复古客厅墙面装饰钟表,Wall Clock,20,2.92,https://detail.1688.com/offer/1075813466800.html,included,
1075755274978,clocks,定制12英寸圆形木制挂钟电池供电的乡村墙壁装饰沉默MDF钟现代,,15,,https://detail.1688.com/offer/1075755274978.html,held,product-identification-or-relevance-review
1075685958615,clocks,新款led电子挂钟数字显示温湿度显示北欧时钟挂墙表挂墙批发定制,Digital Clock,59,8.61,https://detail.1688.com/offer/1075685958615.html,included,
1075430398211,clocks,跨境新款蝴蝶镜面墙贴挂钟DIY亚克力钟表客厅背景墙装饰壁钟静音,Quiet Wall Clock,15,2.19,https://detail.1688.com/offer/1075430398211.html,included,
1075346077928,clocks,8英寸夜光挂钟静音时钟塑料个性创意钟表跨境热卖爆款石英钟clock,Quartz Quiet Wall Clock,14.9,2.18,https://detail.1688.com/offer/1075346077928.html,included,
1075332656434,clocks,原木年轮木纹钟表客厅时钟简约挂墙创意家用卧室装饰民宿静音挂钟,Quiet Wall Clock,24,3.5,https://detail.1688.com/offer/1075332656434.html,included,
1075300936693,clocks,亚马逊热销 10寸简约金属挂钟 带温湿度显示时钟家用客厅装饰钟表,Wall Clock,22.8,3.33,https://detail.1688.com/offer/1075300936693.html,included,
1075253652650,clocks,客厅家用简约石英钟表座挂两用圆形彩色时钟康巴丝6002静音挂钟,Quartz Quiet Wall Clock,15,2.19,https://detail.1688.com/offer/1075253652650.html,included,
1075183215302,clocks,七王星创意现代客厅家用挂钟大气挂表新中式轻奢墙壁静音石英钟表,Quartz Quiet Wall Clock,22,3.21,https://detail.1688.com/offer/1075183215302.html,included,
1075164458559,clocks,家用方形挂钟客厅钟表静音挂墙约时尚电子日历时钟石英钟表,Quartz Quiet Wall Clock,14.46,2.11,https://detail.1688.com/offer/1075164458559.html,included,
1075107862366,clocks,哆啦 A 梦卡通挂钟 儿童房静音石英挂表 可爱动漫客厅卧室时钟工,Quartz Quiet Wall Clock,20.8,3.04,https://detail.1688.com/offer/1075107862366.html,included,
1075044445250,clocks,复古罗马数字木纹挂钟时尚时钟客厅圆石英钟家用挂墙现货速发精选,Quartz Digital Clock,22.08,3.22,https://detail.1688.com/offer/1075044445250.html,included,
1074997047475,clocks,夜光DIY挂钟免打孔家用客厅装饰钟表时尚挂墙时钟画创意壁钟挂表,Wall Clock,19.9,2.91,https://detail.1688.com/offer/1074997047475.html,included,
1074996151948,clocks,夜光免打孔钟表挂钟客厅家用时尚时钟墙贴现代简约装饰创意北欧表,Wall Clock,19.9,2.91,https://detail.1688.com/offer/1074996151948.html,included,
1074991699760,clocks,夜光DIY挂钟免打孔家用客厅装饰钟表电视背景墙壁钟贴墙时钟挂墙,Wall Clock,19.9,2.91,https://detail.1688.com/offer/1074991699760.html,included,
1074957271134,clocks,跨境独立站亚克力镜面装饰钟表阿拉伯书法艺术字室内挂钟装饰,Wall Clock,18,2.63,https://detail.1688.com/offer/1074957271134.html,included,
1074951423633,clocks,跨境亚马逊撞色亚克力镜面装饰钟表阿拉伯书法艺术字室内挂钟装饰,Wall Clock,18,2.63,https://detail.1688.com/offer/1074951423633.html,included,
1074618935306,clocks,复古万圣节南瓜房子摆锤挂钟复古创意装饰壁钟节日装饰墙面挂表,Wall Clock,20,2.92,https://detail.1688.com/offer/1074618935306.html,included,
1074497671136,clocks,奶油风恭喜发财挂钟招财财神创意艺术静音时钟客厅免打孔防尘钟表,Quiet Wall Clock,23,3.36,https://detail.1688.com/offer/1074497671136.html,included,
1074482135798,clocks,奶油风创意星星时钟客餐厅墙面装饰画挂钟沙发背景墙免打孔静音钟,Quiet Wall Clock,23,3.36,https://detail.1688.com/offer/1074482135798.html,included,
1074302750038,clocks,跨境专供俄文鸟叫挂钟整点鸟鸣报时夜间自动静音趣味音乐钟表,Quiet Wall Clock,18.8,2.75,https://detail.1688.com/offer/1074302750038.html,included,
1074270281316,clocks,康巴丝现代简约客厅挂墙时钟时尚方向办公室钟表家用创意静音挂钟,Quiet Wall Clock,13.5,1.97,https://detail.1688.com/offer/1074270281316.html,included,
1074179201791,clocks,⭐北极星钟表客厅墙上挂钟简约挂表家用静音现代时钟创意电子石英,Quartz Quiet Wall Clock,21.55,3.15,https://detail.1688.com/offer/1074179201791.html,included,
1074024043138,clocks,跨境亚马逊木质挂钟复古客厅静音创意圆形钟表简约家用批发,Quiet Wall Clock,13.5,1.97,https://detail.1688.com/offer/1074024043138.html,included,
1073988277800,clocks,卡通公鸡乒乓球创意挂钟儿童房个性装饰时钟客厅卧室趣味壁挂钟表,Wall Clock,20,2.92,https://detail.1688.com/offer/1073988277800.html,included,
1073975434736,clocks,一片树叶创意钟表画新款家用客厅挂墙时钟现代简约小清新绿植挂钟,Wall Clock,18,2.63,https://detail.1688.com/offer/1073975434736.html,included,
1073910816958,clocks,跨境北欧风竖版长方形挂钟时钟时尚壁画挂钟玄关过道挂画钟表厂家,Wall Clock,15,2.19,https://detail.1688.com/offer/1073910816958.html,included,
1073834607096,clocks,[俄语版]布谷鸟叫挂钟跨境Ozon热卖10英寸25CM圆形英文鸟鸣挂钟,Wall Clock,18,2.63,https://detail.1688.com/offer/1073834607096.html,included,
1073827836463,clocks,简约座钟挂钟客厅钟表座挂两用挂钟居家万年历农历温度座钟,Wall Clock,23.16,3.38,https://detail.1688.com/offer/1073827836463.html,included,
1073742472518,clocks,儿童卡通小屋挂钟创意铅笔指针静音壁钟卧室客厅装饰时钟,Quiet Wall Clock,21,3.07,https://detail.1688.com/offer/1073742472518.html,included,
1073716320217,clocks,多彩艺术挂钟现代简约家用钟饰客厅餐厅轻奢时尚扫秒静音极简钟,Quiet Wall Clock,15.12,2.21,https://detail.1688.com/offer/1073716320217.html,included,
1073710016535,clocks,家用方形挂钟客厅钟表静音挂墙约时尚电子日历时钟石英钟表,Quartz Quiet Wall Clock,17.68,2.58,https://detail.1688.com/offer/1073710016535.html,included,
1073708068731,clocks,钟表家用挂墙夜光挂钟卧室客厅石英钟圆形时钟轻奢壁钟挂表呷鸣,Quartz Wall Clock,14.21,2.07,https://detail.1688.com/offer/1073708068731.html,included,
1073356335808,clocks,英文俄文版现货亚马逊热卖布谷鸟10英寸圆形挂钟鸟叫挂钟一件批发,Wall Clock,18.7,2.73,https://detail.1688.com/offer/1073356335808.html,included,
1073310495635,clocks,北欧现代极简西班牙挂钟客厅餐厅电视背景墙网红个性艺术时钟装饰,Wall Clock,563.75,82.32,https://detail.1688.com/offer/1073310495635.html,included,
1073243393320,clocks,支持跨境国内代发亚克力透明挂钟DIY空白表盘图案创意装饰,Wall Clock,20,2.92,https://detail.1688.com/offer/1073243393320.html,included,
1073212413732,clocks,源头工厂创意木质静音摇摆挂钟 客厅高级感时钟表 跨境定制批发,Quiet Wall Clock,23,3.36,https://detail.1688.com/offer/1073212413732.html,included,
1073190161906,clocks,跨境热销创意挂钟树纹纹路主题时钟客厅静音装饰钟表挂墙壁钟,Quiet Wall Clock,13,1.9,https://detail.1688.com/offer/1073190161906.html,included,
1073188462266,clocks,钟表客厅轻奢极简网红表钟家用墙上挂钟时钟装饰创意石英钟,Quartz Wall Clock,24.81,3.62,https://detail.1688.com/offer/1073188462266.html,included,
1073154791179,clocks,竹报平安客厅大白墙钟表新款家用静音高级感时钟绿色清新挂墙挂钟,Quiet Wall Clock,15,2.19,https://detail.1688.com/offer/1073154791179.html,included,
1073153738673,clocks,儿童家用时钟卧室挂墙上静音石英钟免打孔早教挂钟学习钟表挂客厅,Quartz Quiet Wall Clock,15.12,2.21,https://detail.1688.com/offer/1073153738673.html,included,
1073153660636,clocks,儿童家用时钟卧室挂墙上静音石英钟免打孔早教挂钟学习钟表挂屿锐,Quartz Quiet Wall Clock,16.46,2.4,https://detail.1688.com/offer/1073153660636.html,included,
1073152159965,clocks,卡通小熊摩托车摇摆挂钟客厅儿童房创意装饰钟表家用墙面时钟现货,Wall Clock,20,2.92,https://detail.1688.com/offer/1073152159965.html,included,
1073036231396,clocks,天官赐福中式简约福字挂钟家用卧室钟表客厅装饰石英时钟源头好货,Quartz Wall Clock,21.79,3.18,https://detail.1688.com/offer/1073036231396.html,included,
1072742553036,clocks,Ins风转角双面钟挂客厅创意简约现代时钟表免打孔静音两面钟表,Quiet Clock,17.65,2.58,https://detail.1688.com/offer/1072742553036.html,included,
1072741041096,clocks,家用方形挂钟客厅钟表静音挂墙约时尚电子日历时钟石英钟表简约,Quartz Quiet Wall Clock,22.59,3.3,https://detail.1688.com/offer/1072741041096.html,included,
1072686849055,clocks,跨境热销创意挂钟简约静音壁钟客厅卧室装饰钟表No Drinking趣味,Quiet Wall Clock,13,1.9,https://detail.1688.com/offer/1072686849055.html,included,
1072572408045,clocks,三丽鸥酷企鹅挂钟客厅装饰简约钟表动漫摆件礼品卡通印花壁钟时钟,Wall Clock,20,2.92,https://detail.1688.com/offer/1072572408045.html,included,
1072568304249,clocks,三丽鸥可乐铃挂钟简约钟表动漫摆件家居装饰墙面壁时钟表 现货,Wall Clock,20,2.92,https://detail.1688.com/offer/1072568304249.html,included,
1072418650112,clocks,北欧风装饰画挂钟晶瓷画餐厅客厅壁挂钟表静音时钟一件代发工厂店,Quiet Wall Clock,25,3.65,https://detail.1688.com/offer/1072418650112.html,included,
1072334977354,clocks,30CM潮流炫彩变色挂钟时钟居家装饰静音北欧创意网红钟表clock,Quiet Wall Clock,20,2.92,https://detail.1688.com/offer/1072334977354.html,included,
1072241968403,clocks,时钟表客厅家用挂钟墙上装饰儿童房卧室长方形石英钟时尚简约挂表,Quartz Wall Clock,20.78,3.03,https://detail.1688.com/offer/1072241968403.html,included,
1072232768927,clocks,熊猫挂钟摇摆简约现代新款客厅家用钟表餐厅卧室静音挂墙时钟创意,Quiet Wall Clock,24.23,3.54,https://detail.1688.com/offer/1072232768927.html,included,
1072202460259,clocks,哈尼鹿挂钟三丽鸥动漫周边挂钟简约钟表卡通摆件装饰艺术时钟现货,Wall Clock,20,2.92,https://detail.1688.com/offer/1072202460259.html,included,
1072200700347,clocks,三丽鸥花小兔挂钟动漫周边挂钟简约钟表卡通摆件装饰艺术时钟,Wall Clock,20,2.92,https://detail.1688.com/offer/1072200700347.html,included,
1072183120770,clocks,mikko挂钟三丽鸥动漫周边挂钟简约钟表卡通摆件装饰艺术时钟 现货,Wall Clock,20,2.92,https://detail.1688.com/offer/1072183120770.html,included,
1071978900876,clocks,跨境现代海滩贝壳挂钟创意风景壁钟客厅家用装饰挂墙钟表定制批发,Wall Clock,14,2.04,https://detail.1688.com/offer/1071978900876.html,included,
1071975420450,clocks,跨境热销儿童早教挂钟卡通静音壁钟花朵造型墙贴钟学习时间数字认,Quiet Wall Clock,25,3.65,https://detail.1688.com/offer/1071975420450.html,included,
1071828298148,clocks,创意装饰挂钟免打孔挂表客厅家用钟表现代简约挂墙上时钟静音,Quiet Wall Clock,18.24,2.66,https://detail.1688.com/offer/1071828298148.html,included,
1071684576483,clocks,公鸡彩蛋摇摆挂钟 创意跨境热销款 客厅卧室儿童房装饰挂钟批发,Wall Clock,20,2.92,https://detail.1688.com/offer/1071684576483.html,included,
1071485967190,clocks,超薄时钟铝钟面挂钟定制客厅简约挂钟质感金属石英钟订制商业钟表,Quartz Wall Clock,20,2.92,https://detail.1688.com/offer/1071485967190.html,included,
1071384516236,clocks,跨境热销 猫头鹰摇摆挂钟 家用时钟 卧室客厅趣味动物壁挂钟表厂,Wall Clock,20,2.92,https://detail.1688.com/offer/1071384516236.html,included,
1071373151533,clocks,支持跨境国内代发亚克力透明款DIY空白挂钟表盘印刷图案客,Wall Clock,20,2.92,https://detail.1688.com/offer/1071373151533.html,included,
1071322887739,clocks,跨境热销静音挂钟水果时钟创意时尚轻奢客厅装饰钟表木质挂墙钟,Quiet Wall Clock,13,1.9,https://detail.1688.com/offer/1071322887739.html,included,
1071289425131,clocks,三丽鸥玉桂狗挂钟动漫周边挂钟简约钟表卡通摆件装饰时钟 现货,Wall Clock,20,2.92,https://detail.1688.com/offer/1071289425131.html,included,
1071284749243,clocks,丑鱼人鱼汉顿挂钟动漫周边挂钟简约钟表卡通摆件装饰时钟 现货,Wall Clock,20,2.92,https://detail.1688.com/offer/1071284749243.html,included,
1071274441571,clocks,茉莉兔挂钟三丽鸥动漫周边挂钟简约钟表卡通摆件装饰艺术时钟,Wall Clock,20,2.92,https://detail.1688.com/offer/1071274441571.html,included,
1071269809816,clocks,三丽鸥蜜糖邦尼挂钟动漫周边挂钟简约钟表卡通摆件装饰艺术时钟,Wall Clock,20,2.92,https://detail.1688.com/offer/1071269809816.html,included,
1071236668838,clocks,跨境客厅创意挂钟现代轻奢钟表新款时钟简约大气表挂墙静音家用,Quiet Wall Clock,17,2.48,https://detail.1688.com/offer/1071236668838.html,included,
1071234565317,clocks,三丽鸥库洛米挂钟动漫周边挂钟简约钟表卡通摆件装饰艺术时钟,Wall Clock,20,2.92,https://detail.1688.com/offer/1071234565317.html,included,
1071223969116,clocks,HelloKitty挂钟儿童房间装饰挂钟三丽鸥凯蒂猫动漫挂钟墙壁钟表,Wall Clock,20,2.92,https://detail.1688.com/offer/1071223969116.html,included,
1071028697889,clocks,康巴丝挂钟客厅钟表简约新款时尚家用时钟挂表现代创意挂墙石英钟,Quartz Wall Clock,19.5,2.85,https://detail.1688.com/offer/1071028697889.html,included,
1070931464862,clocks,亚克力挂钟螺旋边框轻奢静音时钟客厅大气简约家居装饰挂钟现货,Quiet Wall Clock,25,3.65,https://detail.1688.com/offer/1070931464862.html,included,
1070926415341,clocks,⭐北极星钟表客厅墙上挂钟简约挂表家用静音现代时钟创意电子屿锐,Quiet Wall Clock,23.45,3.42,https://detail.1688.com/offer/1070926415341.html,included,
1070804567434,clocks,新款跨境现货英文led万年历电子钟带温度卧室教室客厅挂墙钟挂钟,Digital Clock,72,10.51,https://detail.1688.com/offer/1070804567434.html,included,
1070793857306,clocks,欧式复古挂钟 美式客厅创意艺术挂墙钟表 家用装饰时尚时钟可定制,Wall Clock,21,3.07,https://detail.1688.com/offer/1070793857306.html,included,
1070788149043,clocks,跨境代发电商亚克力金阿文挂钟客厅卧室装饰静音壁钟轻奢创意时钟,Quiet Wall Clock,14,2.04,https://detail.1688.com/offer/1070788149043.html,included,
1070775821994,clocks,批发康巴丝钟表客厅挂钟简约时尚家用时钟挂表静音免打孔石英钟,Quartz Quiet Wall Clock,25,3.65,https://detail.1688.com/offer/1070775821994.html,included,
1070775079137,clocks,藤编布偶猫挂钟卡通猫咪家用客厅装饰时钟卧室创意猫咪可爱钟表,Woven Rattan Wall Clock,20,2.92,https://detail.1688.com/offer/1070775079137.html,included,
1070712141650,clocks,口腔牙科诊所创意免打孔静音时钟医院办公大堂儿童房壁挂墙钟表,Quiet Wall Clock,23,3.36,https://detail.1688.com/offer/1070712141650.html,included,
1070705888949,clocks,家用钟表挂墙时钟简约客厅挂钟墙上静音卧室石英钟免打孔圆形,Quartz Quiet Wall Clock,15.6,2.28,https://detail.1688.com/offer/1070705888949.html,included,
1070640637962,clocks,12寸复古碳化木墩啄木鸟摇摆壁挂钟可定制尺寸图案,Wall Clock,21,3.07,https://detail.1688.com/offer/1070640637962.html,included,
1070631146825,clocks,迷你吸盘挂钟浴室防雾防水时钟厨房卫生间钟表小石英钟台钟7cm,Quartz Wall Clock,16.03,2.34,https://detail.1688.com/offer/1070631146825.html,included,
1070597482301,clocks,客厅挂钟铁艺简约静音现代复古工业风创意潮流时尚地中海挂钟镂空,Quiet Wall Clock,16.9,2.47,https://detail.1688.com/offer/1070597482301.html,included,
1070563126618,clocks,三丽鸥美乐蒂挂钟简约钟表动漫摆件家居装饰墙面壁时钟表 现货,Wall Clock,20,2.92,https://detail.1688.com/offer/1070563126618.html,included,
1070559986400,clocks,三丽鸥哈尼鹿挂钟动漫全彩钟表卧室装饰圆形挂钟数字指针时钟现货,Digital Clock,20,2.92,https://detail.1688.com/offer/1070559986400.html,included,
1070553606084,clocks,磁吸冰箱钟表木质挂钟跨境厨房客厅静音石英钟简约创意时钟装饰钟,Quartz Quiet Wall Clock,12.8,1.87,https://detail.1688.com/offer/1070553606084.html,included,
1070504702410,clocks,跨境热销复古木纹挂钟客厅静音创意钟表北欧简约装饰时钟,Quiet Wall Clock,19.5,2.85,https://detail.1688.com/offer/1070504702410.html,included,
1070357001643,clocks,⭐北极星钟表客厅墙上挂钟简约挂表家用静音现代时钟创意电子屿锐,Quiet Wall Clock,25.59,3.74,https://detail.1688.com/offer/1070357001643.html,included,
1070252250172,clocks,企鹅山姆挂钟三丽鸥动漫周边挂钟简约钟表卡通摆件装饰时钟 现货,Wall Clock,20,2.92,https://detail.1688.com/offer/1070252250172.html,included,
1070248406014,clocks,北欧时钟日式墙上装饰静音现代简约静音挂钟挂墙客厅创意钟表家用,Quiet Wall Clock,23.32,3.41,https://detail.1688.com/offer/1070248406014.html,included,
1070243814895,clocks,三丽鸥巧克猫挂钟动漫周边挂钟简约钟表卡通摆件装饰时钟 现货,Wall Clock,20,2.92,https://detail.1688.com/offer/1070243814895.html,included,
1070157829663,clocks,家居时尚简约长方形带温湿度盘挂钟挂墙钟WALK-CLOCK,Wall Clock,18,2.63,https://detail.1688.com/offer/1070157829663.html,included,
1070153779053,clocks,木质挂钟圆形手电创意图案静音时钟客厅艺术装饰跨境 MDF 货源批,Quiet Wall Clock,14,2.04,https://detail.1688.com/offer/1070153779053.html,included,
1069987694532,clocks,康巴丝现代挂钟简约轻奢时钟新款创意客厅装饰数字石英钟表工厂批,Quartz Digital Clock,17.5,2.56,https://detail.1688.com/offer/1069987694532.html,included,
1069987328925,clocks,跨境装饰画挂钟定制晶瓷画订制时钟餐厅客厅装饰画壁时钟墙挂钟表,Wall Clock,25,3.65,https://detail.1688.com/offer/1069987328925.html,included,
1069866364537,clocks,网红HelloKitty创意挂钟静音扫秒休闲家用卧室装饰时钟,Quiet Wall Clock,19.99,2.92,https://detail.1688.com/offer/1069866364537.html,included,
1069865152724,clocks,星之卡比静音挂钟简约可爱风儿童房卧室网红软萌装饰时钟,Quiet Wall Clock,19.99,2.92,https://detail.1688.com/offer/1069865152724.html,included,
1069865096867,clocks,法式田园花卉挂钟立体浮雕工艺家用客厅卧室轻奢创意挂墙钟表,Wall Clock,19.99,2.92,https://detail.1688.com/offer/1069865096867.html,included,
1069863964819,clocks,可爱皮卡丘挂钟静音机芯多造型皮卡丘元素儿童房创意钟表,,19.99,,https://detail.1688.com/offer/1069863964819.html,held,product-identification-or-relevance-review
1069819480784,clocks,东南亚中纤板挂钟客厅装饰个性化创意时钟厂家批发跨境亚马逊虾皮,Wall Clock,18,2.63,https://detail.1688.com/offer/1069819480784.html,included,
1069818960757,clocks,东南亚MDF木质挂钟客厅卧室静音石英钟表简约现代创意装饰时钟,Quartz Quiet Wall Clock,18,2.63,https://detail.1688.com/offer/1069818960757.html,included,
1069742469541,clocks,简约座钟挂钟客厅钟表座挂两用挂钟居家万年历农历温度座钟,Wall Clock,23.63,3.45,https://detail.1688.com/offer/1069742469541.html,included,
1069742295018,clocks,三丽鸥许愿兔挂钟简约钟表动漫摆件家居装饰墙面壁时钟表 现货,Wall Clock,20,2.92,https://detail.1688.com/offer/1069742295018.html,included,
1069736440926,clocks,挂钟家用简约时钟静音机芯石英钟表客厅办公室挂墙日历显示多功能,,22,,https://detail.1688.com/offer/1069736440926.html,held,product-identification-or-relevance-review
1069723819827,clocks,蜜糖邦尼挂钟简约钟表动漫摆件家居装饰墙面壁时钟表 一件代发,Wall Clock,20,2.92,https://detail.1688.com/offer/1069723819827.html,included,
1069719399733,clocks,三丽鸥花小兔挂钟简约钟表动漫摆件家居装饰墙面壁时钟表 现货,Wall Clock,20,2.92,https://detail.1688.com/offer/1069719399733.html,included,
1069717571498,clocks,日系布丁狗挂钟动漫全彩钟表卧室装饰圆形挂钟数字指针时钟 现货,Digital Clock,20,2.92,https://detail.1688.com/offer/1069717571498.html,included,
1069711959936,clocks,大眼蛙挂钟简约钟表三丽鸥动漫摆件家居装饰墙面壁时钟表 批发,Wall Clock,20,2.92,https://detail.1688.com/offer/1069711959936.html,included,
1069706984442,clocks,美容院美甲店养生馆免打孔时钟静音挂墙钟表2026新款装饰创意挂钟,Quiet Wall Clock,23,3.36,https://detail.1688.com/offer/1069706984442.html,included,
1069668559117,clocks,现代家用静音挂钟创意时尚石英钟简约时钟表钟挂墙客厅卧室挂屿锐,Quartz Quiet Wall Clock,21.06,3.08,https://detail.1688.com/offer/1069668559117.html,included,
1069662557790,clocks,新款跨境时尚简约亚克力圆形木质挂钟客厅家用时钟静音wall clock,Quiet Wall Clock,25,3.65,https://detail.1688.com/offer/1069662557790.html,included,
1069644219946,clocks,跨境爆款欧式简约木质复古挂钟静音装饰钟表厂家批发,Quiet Wall Clock,19.5,2.85,https://detail.1688.com/offer/1069644219946.html,included,
1069476626172,clocks,新款钟表挂钟客厅挂墙家用中式静音时钟石英钟木纹挂钟工厂可加工,Quartz Quiet Wall Clock,24,3.5,https://detail.1688.com/offer/1069476626172.html,included,
1069455219415,clocks,HelloKitty挂钟简约钟表凯蒂猫动漫摆件家居装饰墙面壁时钟表批发,Wall Clock,20,2.92,https://detail.1688.com/offer/1069455219415.html,included,
1069454523521,clocks,三丽鸥KIRIMI酱挂钟动漫全彩钟表卧室装饰圆形挂钟数字指针时钟,Digital Clock,20,2.92,https://detail.1688.com/offer/1069454523521.html,included,
1069449804357,clocks,✅钟表挂钟客厅电子钟静音石英钟挂墙时钟家用个性简约现代创意钟,Quartz Quiet Digital Clock,19.12,2.79,https://detail.1688.com/offer/1069449804357.html,included,
1069421904654,clocks,森系飞鸟夜光挂钟 北欧简约家用静音卧室装饰数字墙钟,Quiet Digital Clock,15,2.19,https://detail.1688.com/offer/1069421904654.html,included,
1069395168670,clocks,圆形金色挂钟16英寸静音钟表客厅欧式石英钟外贸供货时尚家居钟表,Quartz Quiet Wall Clock,22.5,3.29,https://detail.1688.com/offer/1069395168670.html,included,
1069352387799,clocks,三丽鸥大眼蛙挂钟动漫周边挂钟简约钟表卡通摆件装饰艺术时钟现货,Wall Clock,20,2.92,https://detail.1688.com/offer/1069352387799.html,included,
1069344357752,clocks,挂钟轻奢高级感挂墙客厅卧室静音时尚简约黑白家用时钟WALL CLOCK,Quiet Wall Clock,16.9,2.47,https://detail.1688.com/offer/1069344357752.html,included,
1069304114920,clocks,早教挂钟学习钟表挂客厅儿童家用时钟卧室挂墙上静音石英钟免屿锐,Quartz Quiet Wall Clock,17.6,2.57,https://detail.1688.com/offer/1069304114920.html,included,
1069131614855,clocks,12寸网红可爱小狗摇摆挂钟 奶油风儿童房客厅厨房钟,Wall Clock,20,2.92,https://detail.1688.com/offer/1069131614855.html,included,
1069005799889,clocks,厂家定制白色铝面钟表 时尚客厅挂钟 出口欧式石英钟 Promo Clock,Quartz Wall Clock,16,2.34,https://detail.1688.com/offer/1069005799889.html,included,
1068948962313,clocks,跨境爆款简约艺术挂钟客厅书房酒吧装饰墙钟静音扫秒复古元素时钟,Quiet Wall Clock,12.8,1.87,https://detail.1688.com/offer/1068948962313.html,included,
1068941951346,clocks,跨境爆款挂钟客厅家用卡通背包小熊招手摇摆钟装饰挂表源头工厂,Wall Clock,20,2.92,https://detail.1688.com/offer/1068941951346.html,included,
1068886761945,clocks,网红小马宝莉创意挂钟静音扫秒紫悦家用卧室装饰时钟,Quiet Wall Clock,19.99,2.92,https://detail.1688.com/offer/1068886761945.html,included,
1068399863509,clocks,康巴丝静音挂钟创意时尚客厅数字刻度挂钟钟表批发家用免打孔钟表,Quiet Digital Clock,21.5,3.14,https://detail.1688.com/offer/1068399863509.html,included,
1068388355762,clocks,跨境热销复古动物风格挂钟客厅静音创意钟表北欧简约装饰时钟,Quiet Wall Clock,13,1.9,https://detail.1688.com/offer/1068388355762.html,included,
1068240893716,clocks,挂钟客厅2025新款家用餐厅钟表复古艺术免打孔创意时钟挂墙花形,Wall Clock,24.9,3.64,https://detail.1688.com/offer/1068240893716.html,included,
1067945813210,clocks,跨境圣诞木质圣诞老人挂钟新年装饰节日礼物圣诞节家居钟表装饰,Wall Clock,20,2.92,https://detail.1688.com/offer/1067945813210.html,included,
1067882310116,clocks,HelloKitty静音挂钟软萌蓝白配色儿童房卧室网红可爱装饰时钟,Quiet Wall Clock,19.99,2.92,https://detail.1688.com/offer/1067882310116.html,included,
1067857906968,clocks,小马宝莉静音挂钟 复古艺术风 儿童房卧室网红梦幻装饰时钟,Quiet Wall Clock,19.99,2.92,https://detail.1688.com/offer/1067857906968.html,included,
1067841863040,clocks,14寸现代糖果色圆形立体数字挂钟客厅卧室静音时钟工厂,Quiet Digital Clock,24.8,3.62,https://detail.1688.com/offer/1067841863040.html,included,
1067812567618,clocks,极简圆形大数字挂钟家用时钟北欧简约客厅装饰壁钟表wall clock,Digital Clock,17,2.48,https://detail.1688.com/offer/1067812567618.html,included,
1067733462218,clocks,北欧挂钟客厅钟表简约北欧时尚家用时钟挂墙挂表现代创意灰石英钟,Quartz Wall Clock,20,2.92,https://detail.1688.com/offer/1067733462218.html,included,
1067544327763,clocks,家居挂钟高颜值钢化玻璃钟表挂钟卧室静音欧式石英钟免打孔,Quartz Quiet Wall Clock,17,2.48,https://detail.1688.com/offer/1067544327763.html,included,
1067522173325,clocks,上海钟表挂钟客厅卧室办公室墙上时钟免打孔方形简约现代时尚创礼,Wall Clock,18.66,2.72,https://detail.1688.com/offer/1067522173325.html,included,
1067486958432,clocks,墙壁挂钟塑料圆形8英寸简约时尚卧室客厅数字指针刻度圆形时钟表,Digital Clock,13.5,1.97,https://detail.1688.com/offer/1067486958432.html,included,
1067481638125,clocks,万圣节创意挂钟静音壁钟卡通装饰钟表儿童房客厅墙钟25/30cm,Quiet Wall Clock,19,2.77,https://detail.1688.com/offer/1067481638125.html,included,
1067396126715,clocks,厂家批发 挂钟木纹静音创意时钟 挂表方形挂墙石英钟简约北欧钟表,Quartz Quiet Wall Clock,16,2.34,https://detail.1688.com/offer/1067396126715.html,included,
1067197690811,clocks,13英寸复古仿藤编织圆形挂钟美式田园静音石英钟客厅怀旧装饰挂钟,Woven Rattan Quartz Wall Clock,13,1.9,https://detail.1688.com/offer/1067197690811.html,included,
1067028392486,clocks,电波时钟挂钟静音大吉大利客厅圆形扫秒事事如意创意卧室钟表挂墙,Quiet Wall Clock,24.8,3.62,https://detail.1688.com/offer/1067028392486.html,included,
1067026088823,clocks,创意海边菠萝戴眼镜挂钟热带海滩风静音壁钟客厅装饰跨境家居时钟,Quiet Wall Clock,25,3.65,https://detail.1688.com/offer/1067026088823.html,included,
1066940759115,clocks,新款简约现代绿色圆形挂钟客厅卧室石英钟表数字大号渐变壁挂钟,Quartz Digital Clock,22,3.21,https://detail.1688.com/offer/1066940759115.html,included,
1066929770043,clocks,厂家批发跨境欧美木质复古咖啡杯咖啡拉花与咖啡豆钟表墙壁挂钟,Wall Clock,22,3.21,https://detail.1688.com/offer/1066929770043.html,included,
1066915026287,clocks,跨境热销复古做旧挂钟 客厅时尚钟表 客厅MDF钟装饰时钟直销,Wall Clock,19,2.77,https://detail.1688.com/offer/1066915026287.html,included,
1066911130452,clocks,亚马逊新款异形洒水壶挂钟雏菊绿叶花卉图案钟表家居客厅装饰壁钟,Wall Clock,19,2.77,https://detail.1688.com/offer/1066911130452.html,included,
1066849899914,clocks,家用钟表挂钟不锈钢方形纳海壁钟静音夜光针装饰摆件时尚欧式钟表,Stainless Steel Quiet Wall Clock,22,3.21,https://detail.1688.com/offer/1066849899914.html,included,
1066818106076,clocks,⭐北极星钟表客厅墙上挂钟简约挂表家用静音现代时钟创意电子石英,Quartz Quiet Wall Clock,22.43,3.28,https://detail.1688.com/offer/1066818106076.html,included,
1066747774662,clocks,挂钟客厅钟表简约北欧时尚家用时钟挂表现代创意个性石英钟,Quartz Wall Clock,21.81,3.18,https://detail.1688.com/offer/1066747774662.html,included,
1066698560887,clocks,米拉跨境创意亚克力镜面装饰钟表阿拉伯书法艺术字室内挂钟装饰,Wall Clock,18,2.63,https://detail.1688.com/offer/1066698560887.html,included,
1066696760383,clocks,米拉跨境创意亚克力镜面装饰钟表阿拉伯书法艺术字室内挂钟装饰,Wall Clock,18,2.63,https://detail.1688.com/offer/1066696760383.html,included,
1066695352343,clocks,米拉跨境创意亚克力镜面装饰钟表阿拉伯书法艺术字室内挂钟装饰,Wall Clock,18,2.63,https://detail.1688.com/offer/1066695352343.html,included,
1066691808155,clocks,创意独立站亚克力镜面装饰钟表阿拉伯书法艺术字室内挂钟装饰,Wall Clock,18,2.63,https://detail.1688.com/offer/1066691808155.html,included,
1066690368087,clocks,创意独立站亚克力镜面装饰钟表阿拉伯书法艺术字室内挂钟装饰,Wall Clock,18,2.63,https://detail.1688.com/offer/1066690368087.html,included,
1066688005751,clocks,跨境爆款Retirement Humor Wall Clock退休趣味挂钟表 反正我退休,Wall Clock,19,2.77,https://detail.1688.com/offer/1066688005751.html,included,
1066676564543,clocks,跨境热销花卉简约装饰挂钟亚马逊创意奶油风静音时钟家用静音钟表,Quiet Wall Clock,40,5.84,https://detail.1688.com/offer/1066676564543.html,included,
1066662699741,clocks,康巴丝现代简约客厅家用创意静音挂钟挂墙时钟时尚方向办公室钟表,Quiet Wall Clock,13.5,1.97,https://detail.1688.com/offer/1066662699741.html,included,
1066660248308,clocks,可自由搭配磁吸DIY小配饰黑底金属铁板挂钟简静音钟玄关治愈墙钟,Quiet Wall Clock,23,3.36,https://detail.1688.com/offer/1066660248308.html,included,
1066373596625,clocks,跨境复古创意动物花卉装饰挂钟静音挂钟木质时圆形客厅餐厅钟表,Quiet Wall Clock,14.8,2.16,https://detail.1688.com/offer/1066373596625.html,included,
1066153043666,clocks,创意花卉静音挂钟 圆形花朵装饰时钟 客厅卧室艺术钟表,Quiet Wall Clock,22,3.21,https://detail.1688.com/offer/1066153043666.html,included,
1066112951001,clocks,跨境热销蘑菇小屋挂钟红色蘑菇与森林花卉图案钟表静音石英时钟,Quartz Quiet Wall Clock,25,3.65,https://detail.1688.com/offer/1066112951001.html,included,
1066035767364,clocks,创意木制LOVE挂钟静音壁钟客厅卧室装饰时钟复古田园风格墙贴钟,Quiet Wall Clock,20,2.92,https://detail.1688.com/offer/1066035767364.html,included,
1065947451510,clocks,熊猫挂钟中式国风时钟家用客厅卧室书房餐厅静音钟表批发代发定制,Quiet Wall Clock,23.98,3.5,https://detail.1688.com/offer/1065947451510.html,included,
1065880951770,clocks,跨境多彩数字挂钟静音早教儿童学习时钟客厅卧室装饰壁钟,Quiet Digital Clock,18.99,2.77,https://detail.1688.com/offer/1065880951770.html,included,
1065873599520,clocks,跨境热销美式橄榄球摇摆挂钟 球迷房间酒吧装饰石英钟表厂家,Quartz Wall Clock,20,2.92,https://detail.1688.com/offer/1065873599520.html,included,
1065777736550,clocks,跨境外贸畅销款大数字3D立体木质数字圆形挂钟 wall clock 钟表,Digital Clock,19.9,2.91,https://detail.1688.com/offer/1065777736550.html,included,
1065746849278,clocks,米拉跨境创意亚克力镜面装饰钟表阿拉伯书法艺术字室内挂钟装饰,Wall Clock,18,2.63,https://detail.1688.com/offer/1065746849278.html,included,
1065743525686,clocks,米拉跨境创意亚克力镜面装饰钟表阿拉伯书法艺术字室内挂钟装饰,Wall Clock,18,2.63,https://detail.1688.com/offer/1065743525686.html,included,
1065742157876,clocks,米拉跨境创意亚克力镜面装饰钟表阿拉伯书法艺术字室内挂钟装饰,Wall Clock,18,2.63,https://detail.1688.com/offer/1065742157876.html,included,
1065736097022,clocks,跨境独立站亚克力镜面装饰钟表阿拉伯书法艺术字室内挂钟装饰,Wall Clock,18,2.63,https://detail.1688.com/offer/1065736097022.html,included,
1065732521294,clocks,跨境独立站亚克力镜面装饰钟表阿拉伯书法艺术字室内挂钟装饰,Wall Clock,18,2.63,https://detail.1688.com/offer/1065732521294.html,included,
1065663383430,clocks,黑胶唱片挂钟 汽车维修保养工造型创意墙钟 时尚家居客厅装饰钟表,Wall Clock,25,3.65,https://detail.1688.com/offer/1065663383430.html,included,
1065632055469,clocks,复古花卉挂钟田园风静音石英钟美式乡村圆形静音钟表家用餐厅时钟,Quartz Quiet Wall Clock,23,3.36,https://detail.1688.com/offer/1065632055469.html,included,
1065469993801,clocks,创意时尚电子石英钟表客厅卧室简约时钟现代家用墙上挂表挂钟挂钟,Quartz Wall Clock,13.71,2.0,https://detail.1688.com/offer/1065469993801.html,included,
1065426597411,clocks,跨境爆款12英寸简约复古时钟卡通木制挂钟家居书房静音装饰挂钟,Quiet Wall Clock,15.5,2.26,https://detail.1688.com/offer/1065426597411.html,included,
1065358050675,clocks,挂钟挂钟创意时尚电子石英钟表客厅卧室简约时钟现代家用墙上挂表,Quartz Wall Clock,13.42,1.96,https://detail.1688.com/offer/1065358050675.html,included,
1064930998164,clocks,定制12英寸塑料铝钟面时钟 出口欧洲意大利挂钟 商务礼品壁钟,Wall Clock,15.9,2.32,https://detail.1688.com/offer/1064930998164.html,included,
1064849947679,clocks,家用静音钟表立体效果创意挂钟客厅挂表石英钟表现代时尚简约时钟,Quartz Quiet Wall Clock,25.3,3.69,https://detail.1688.com/offer/1064849947679.html,included,
1064827945236,clocks,新款木质立体数字圆形挂钟 wall clock 大数字钟表跨境外贸畅销款,Digital Clock,19.9,2.91,https://detail.1688.com/offer/1064827945236.html,included,
1064760463754,clocks,木质挂钟方形卡通黑猫艺术挂钟 ins 风客厅家居静音装饰时钟现货,Quiet Wall Clock,25,3.65,https://detail.1688.com/offer/1064760463754.html,included,
1064725370541,clocks,米拉跨境创意亚克力镜面装饰钟表阿拉伯书法艺术字室内挂钟装饰,Wall Clock,18,2.63,https://detail.1688.com/offer/1064725370541.html,included,
1064705752186,clocks,跨境12英寸玻璃挂钟静音装饰钟表家居创意钟表摆件厂家批发,Quiet Wall Clock,25,3.65,https://detail.1688.com/offer/1064705752186.html,included,
1064583115097,clocks,厂家直销爆款北欧PVC挂钟家用创意时钟轻奢时尚静音钟表批发现货,Quiet Wall Clock,16,2.34,https://detail.1688.com/offer/1064583115097.html,included,
1064528729759,clocks,康巴丝正品挂钟石英简约方行时尚客厅现代钟表静音卧室,Quartz Quiet Wall Clock,19,2.77,https://detail.1688.com/offer/1064528729759.html,included,
1064455225001,clocks,早教时钟学习认识时间挂钟可摆放两用钟静音钟表幼儿园儿童房时钟,Quiet Wall Clock,15,2.19,https://detail.1688.com/offer/1064455225001.html,included,
1064418754996,clocks,上海钟表挂钟客厅卧室办公室墙上时钟免打孔方形简约现代时尚创礼,Wall Clock,24.44,3.57,https://detail.1688.com/offer/1064418754996.html,included,
1064151918698,clocks,康巴丝挂钟客厅钟表简约北欧时尚家用时钟挂表现代创意个性石英钟,Quartz Wall Clock,25.5,3.72,https://detail.1688.com/offer/1064151918698.html,included,
1064009817583,clocks,现代客厅挂钟钟表2026新款大气装饰时钟挂墙免打孔创意高级感钟表,Wall Clock,15.5,2.26,https://detail.1688.com/offer/1064009817583.html,included,
1063919203626,clocks,米拉跨境创意亚克力镜面装饰钟表阿拉伯书法艺术字室内挂钟装饰,Wall Clock,18,2.63,https://detail.1688.com/offer/1063919203626.html,included,
1063900559663,clocks,跨境亚马逊亚克力镜面装饰钟表阿拉伯书法艺术字室内挂钟装饰,Wall Clock,18,2.63,https://detail.1688.com/offer/1063900559663.html,included,
1063879519465,clocks,卡通图案静音钟表 客厅卧室可爱儿童房挂墙石英钟  家用挂钟批发,Quartz Quiet Wall Clock,12.5,1.83,https://detail.1688.com/offer/1063879519465.html,included,
1063876927261,clocks,钟表挂钟客厅墙壁时钟壁挂式粉色钟厂家批发混色儿童卡通时钟壁挂,Wall Clock,15.5,2.26,https://detail.1688.com/offer/1063876927261.html,included,
1063863556706,clocks,高级感立体竖纹轻奢挂钟 静音石英钟表 客厅卧室简约墙面装饰时钟,Quartz Quiet Wall Clock,12.8,1.87,https://detail.1688.com/offer/1063863556706.html,included,
1063697084371,clocks,大屏简约数字挂钟客厅挂墙天气显示电子时钟温湿度夜光闹钟多彩,Digital Clock,30.5,4.45,https://detail.1688.com/offer/1063697084371.html,included,
1063637568665,clocks,时尚电子石英钟表客厅卧室简约时钟现代家用墙上挂表挂钟挂钟创意,Quartz Wall Clock,13.33,1.95,https://detail.1688.com/offer/1063637568665.html,included,
1063540808073,clocks,海达钟表 创意煎蛋平底锅钟饰 个性厨房刀叉指针立体数字塑料挂钟,Digital Clock,15.5,2.26,https://detail.1688.com/offer/1063540808073.html,included,
1063520574742,clocks,熊猫挂钟摇摆简约现代新款客厅家用钟表餐厅卧室静音挂墙时钟,Quiet Wall Clock,24.96,3.64,https://detail.1688.com/offer/1063520574742.html,included,
1063511735518,clocks,现代简约客厅钟表创意免打孔电视背景墙挂钟新款餐厅静音挂墙时钟,Quiet Wall Clock,23,3.36,https://detail.1688.com/offer/1063511735518.html,included,
1063403232466,clocks,现代设计欧式豪华大理石石钟圆形定制挂钟家居装饰挂钟,Wall Clock,13.9,2.03,https://detail.1688.com/offer/1063403232466.html,included,
1063353332240,clocks,黑白像素美女头像复古挂钟亚克力印刷人物图像时钟家居留影墙钟表,Wall Clock,25,3.65,https://detail.1688.com/offer/1063353332240.html,included,
1063342595272,clocks,奶油风星星挂钟家用静音免打孔电视背景墙创意钟餐厅钟表挂墙时钟,Quiet Wall Clock,23,3.36,https://detail.1688.com/offer/1063342595272.html,included,
1063237882853,clocks,康巴丝正品静音时钟客厅挂钟时尚简约家用石英钟表,Quartz Quiet Wall Clock,19,2.77,https://detail.1688.com/offer/1063237882853.html,included,
1063180969923,clocks,夜光温湿度钟表 静音走时客厅挂钟 室内测温测湿简约时钟工厂货源,Quiet Wall Clock,18,2.63,https://detail.1688.com/offer/1063180969923.html,included,
1063174149943,clocks,Acrylic large wall clock DIY时钟3d墙贴钟立体表挂钟客厅大尺寸,Wall Clock,20,2.92,https://detail.1688.com/offer/1063174149943.html,included,
1062937464288,clocks,欧式复古怀旧挂钟静音花卉装饰石英钟跨境多款式木纹无框挂墙时钟,Quartz Quiet Wall Clock,16.9,2.47,https://detail.1688.com/offer/1062937464288.html,included,
1062900672941,clocks,北欧复古挂钟客厅静音创意数字装饰石英钟跨境多款式简约大气时钟,Quartz Quiet Digital Clock,16.9,2.47,https://detail.1688.com/offer/1062900672941.html,included,
1062895180201,clocks,世界建筑创意挂钟巴黎铁塔静音复古装饰石英钟跨境多款式挂墙时钟,Quartz Quiet Wall Clock,16.9,2.47,https://detail.1688.com/offer/1062895180201.html,included,
1062894937899,clocks,12英寸夜光挂钟静音木制木纹发光时钟表中纤板荧光亚马逊爆款挂钟,Quiet Wall Clock,12.9,1.88,https://detail.1688.com/offer/1062894937899.html,included,
1062676948892,clocks,现代简约时尚挂钟钟表静音,Quiet Wall Clock,12.5,1.83,https://detail.1688.com/offer/1062676948892.html,included,
1062657326464,clocks,正品天顺静音扫秒省电座挂两用客厅卧室办公时钟石英钟,Quartz Quiet Clock,20,2.92,https://detail.1688.com/offer/1062657326464.html,included,
1062622488849,clocks,学习钟时尚挂钟 8寸钟表静音,Quiet Wall Clock,12.5,1.83,https://detail.1688.com/offer/1062622488849.html,included,
1062620112301,clocks,时尚挂钟 钟表静音 多色创意塑料石英钟,Quartz Quiet Wall Clock,12.5,1.83,https://detail.1688.com/offer/1062620112301.html,included,
1062619812970,clocks,学习钟时尚挂钟 8寸钟表静音,Quiet Wall Clock,12.5,1.83,https://detail.1688.com/offer/1062619812970.html,included,
1062486601204,clocks,厂家直销定制石英摇摆布谷鸟钟在家居装饰挂钟与声音,Quartz Wall Clock,19.9,2.91,https://detail.1688.com/offer/1062486601204.html,included,
1062472889859,clocks,厂家直销定制设计简单的带温度和湿度的小型塑料挂钟,Wall Clock,13.9,2.03,https://detail.1688.com/offer/1062472889859.html,included,
1062449181503,clocks,厂家定制新款热卖可爱尾巴摇摆猫钟亚克力创意墙面装饰钟,,13.9,,https://detail.1688.com/offer/1062449181503.html,held,product-identification-or-relevance-review
1062434105851,clocks,跨境创意头脑特工队主题黑胶唱片挂钟雕刻艺术镂空时钟LED夜灯表,Wall Clock,25,3.65,https://detail.1688.com/offer/1062434105851.html,included,
1062253420708,clocks,30CM时尚静音挂钟客厅儿童早教卡通识钟跨境供应厂家批发,Quiet Wall Clock,12.9,1.88,https://detail.1688.com/offer/1062253420708.html,included,
1062193400080,clocks,方形桌钟温湿度钟小巧时尚座钟装饰钟厂家直供,Table Clock,13,1.9,https://detail.1688.com/offer/1062193400080.html,included,
1089650524536,clocks,家用钟表复古客厅铁艺挂钟北欧装饰时钟热卖罗马静音钟表厂家跨境,Quiet Wall Clock,159.9,23.35,https://detail.1688.com/offer/1089650524536.html,included,
1089435128222,clocks,批发时钟表客厅家用挂钟墙上装饰儿童房卧室长方形石英钟时尚简约,Quartz Wall Clock,13.31,1.94,https://detail.1688.com/offer/1089435128222.html,included,
1089225868684,clocks,上海钟表挂钟客厅卧室办公室墙上时钟免打孔方形简约现代时尚创礼,Wall Clock,24.2,3.53,https://detail.1688.com/offer/1089225868684.html,included,
1088524776652,clocks,挂钟挂钟创意时尚电子石英钟表客厅卧室简约时钟现代家用墙上挂表,Quartz Wall Clock,13.96,2.04,https://detail.1688.com/offer/1088524776652.html,included,
1088524204723,clocks,创意时尚电子石英钟表客厅卧室简约时钟现代家用墙上挂表挂钟挂钟,Quartz Wall Clock,18.76,2.74,https://detail.1688.com/offer/1088524204723.html,included,
1088412176772,clocks,现代家用静音挂钟创意时尚石英钟简约时钟表钟挂墙客厅卧室挂屿锐,Quartz Quiet Wall Clock,20.85,3.04,https://detail.1688.com/offer/1088412176772.html,included,
1087942210335,clocks,北欧时尚个性钟表挂钟客厅简约时钟创意时尚家用大气装饰跨境钟表,Wall Clock,19.8,2.89,https://detail.1688.com/offer/1087942210335.html,included,
1087912810420,clocks,上海钟表挂钟客厅卧室办公室墙上时钟免打孔方形简约现代时尚创礼,Wall Clock,19.73,2.88,https://detail.1688.com/offer/1087912810420.html,included,
1087911010001,clocks,上海钟表挂钟客厅卧室办公室墙上时钟免打孔方形简约现代时尚创礼,Wall Clock,19.73,2.88,https://detail.1688.com/offer/1087911010001.html,included,
1087859886738,clocks,美容院美甲店养生馆免打孔时钟静音挂墙钟表2026新款装饰创意挂钟,Quiet Wall Clock,23,3.36,https://detail.1688.com/offer/1087859886738.html,included,
1087483668722,clocks,挂钟挂钟创意时尚电子石英钟表客厅卧室简约时钟现代家用墙上挂表,Quartz Wall Clock,13.34,1.95,https://detail.1688.com/offer/1087483668722.html,included,
1087463468825,clocks,卡通蒸汽火车摇摆挂钟 儿童房玄关装饰石英钟 会转的小火车时钟,Quartz Wall Clock,21,3.07,https://detail.1688.com/offer/1087463468825.html,included,
1087388272577,clocks,亚马逊热款客厅挂钟亚克力时钟挂墙钟表摆件静音装饰钟石英钟壁挂,Quartz Quiet Wall Clock,23,3.36,https://detail.1688.com/offer/1087388272577.html,included,
1087381070536,clocks,家用钟表挂钟客厅新中式创意现代简约石英钟静音复古装饰时钟挂表,Quartz Quiet Wall Clock,16.13,2.36,https://detail.1688.com/offer/1087381070536.html,included,
1087358857121,clocks,上海钟表挂钟客厅卧室办公室墙上时钟免打孔方形简约现代时尚创礼,Wall Clock,19.72,2.88,https://detail.1688.com/offer/1087358857121.html,included,
1087227856948,clocks,跨境克莱因蓝现代简约挂钟玻璃客厅家用时钟创意卧室静音免打孔,Quiet Wall Clock,19.9,2.91,https://detail.1688.com/offer/1087227856948.html,included,
1087185704253,clocks,克莱因蓝艺术摩登浮影挂钟客厅现代创意时钟挂墙静音走时免打孔钟,Quiet Wall Clock,25,3.65,https://detail.1688.com/offer/1087185704253.html,included,
1087178064228,clocks,水彩风庭院猫咪挂钟客厅家用静音可爱萌猫装饰时钟田园圆形石英钟,Quartz Quiet Wall Clock,18.9,2.76,https://detail.1688.com/offer/1087178064228.html,included,
1087161810444,clocks,创意牙齿解剖图挂钟蓝色网格牙齿图时钟牙科诊室墙面装饰,Wall Clock,23,3.36,https://detail.1688.com/offer/1087161810444.html,included,
1087085831918,clocks,电波时钟挂钟静音大吉大利客厅圆形扫秒事事如意创意卧室钟表挂墙,Quiet Wall Clock,15.13,2.21,https://detail.1688.com/offer/1087085831918.html,included,
1086690187862,clocks,家用钟表挂钟客厅新中式创意现代简约石英钟静音复古装饰时钟挂表,Quartz Quiet Wall Clock,16.13,2.36,https://detail.1688.com/offer/1086690187862.html,included,
1085417613595,clocks,奶油风可爱卡通挂钟创意个性客厅卧室装饰静音走时家用外贸钟表,Quiet Wall Clock,18.9,2.76,https://detail.1688.com/offer/1085417613595.html,included,
1085199052104,clocks,康巴丝挂钟客厅钟表简约北欧时尚家用时钟挂表现代创意个性石屿锐,Wall Clock,24.99,3.65,https://detail.1688.com/offer/1085199052104.html,included,
898153541121,industrial,中性工业级8寸老虎钳钢丝钳6寸尖嘴钳家用钳子斜口钳电工钳批发,Workshop Pliers,3.9,0.57,https://detail.1688.com/offer/898153541121.html,included,
986021195458,industrial,115合一多功能螺丝刀套装 手机笔记本家电维修工具 五金工具批发,Screwdriver Set,8.5,1.24,https://detail.1688.com/offer/986021195458.html,included,
728311383889,industrial,厂家批发镀镍活动扳手套装手动可调节活口扳子多功能活扳手汽修工,Adjustable Adjustable Wrench,4.6,0.67,https://detail.1688.com/offer/728311383889.html,included,
989864138318,industrial,沪豪多功能大开口扳手万用活动扳手工具快速开口管钳子万能扳手,Adjustable Wrench,1.1,0.16,https://detail.1688.com/offer/989864138318.html,included,
903115433632,industrial,新款电钻工具箱套装车载家用组合套装工具多功能电工木工维修组套,Tool Set,139,20.3,https://detail.1688.com/offer/903115433632.html,included,
859147881771,industrial,厂家直销115合一精密螺丝刀套装家用工具组合手机拆机跨境专供,Screwdriver Set,9.5,1.39,https://detail.1688.com/offer/859147881771.html,included,
548737544176,industrial,五金工具套装 组合组套家用手动木工工具箱电动维修批发多功能,Tool Set,23,3.36,https://detail.1688.com/offer/548737544176.html,included,
919937759087,industrial,1/2内六角套筒 电扳手套筒风炮扳手压批套筒连体批头梅花套筒,Socket Tool,2.4,0.35,https://detail.1688.com/offer/919937759087.html,included,
558478477539,industrial,家用礼品五金工具套装 工具箱电工木工手动维修组合组套厂家批发,Tool Set,19.9,2.91,https://detail.1688.com/offer/558478477539.html,included,
801178335863,industrial,工业级田岛款钢丝钳尖嘴钳子多功能省力钳 五金工具维修钢丝钳子,Workshop Pliers,4.8,0.7,https://detail.1688.com/offer/801178335863.html,included,
732694626167,industrial,德国27合一迷你两用便携式精密螺丝刀套装梅花U型Y型拆机五金工具,Portable Screwdriver Set,31.68,4.63,https://detail.1688.com/offer/732694626167.html,included,
583185566291,industrial,厂家直销多功能锂电池手电钻电动螺丝刀五金工具套装组合工具箱,Screwdriver Set,52,7.59,https://detail.1688.com/offer/583185566291.html,included,
818859996879,industrial,跨境迷你27合一精密螺丝刀工具套装小型维修手机电脑眼镜维修工具,Screwdriver Set,22.4,3.27,https://detail.1688.com/offer/818859996879.html,included,
835268705488,industrial,工具套装家用工具箱多功能五金维修大全家庭电工全套组合车载电钻,Tool Set,199,29.06,https://detail.1688.com/offer/835268705488.html,included,
627359461929,industrial,家用五金工具套装组合工具箱带工具礼品工具套装五金工具大全,Tool Set,22.77,3.32,https://detail.1688.com/offer/627359461929.html,included,
902519271435,industrial,厂家直销T型内六角扳手防滑平头六角匙塑料手柄高端拐杖型螺丝刀,Hex Key,0.66,0.1,https://detail.1688.com/offer/902519271435.html,included,
606720825381,industrial,厂家活络活动扳手带刻度活扳手 活口开口可调节12寸扭力活动扳手,Adjustable Adjustable Wrench,4.9,0.72,https://detail.1688.com/offer/606720825381.html,included,
864640037587,industrial,批发不锈钢扎带工具枪手动扎带钳收紧器金属扎丝钳剪紧带机高碳钢,Stainless Steel Pliers,59,8.61,https://detail.1688.com/offer/864640037587.html,included,
749696442672,industrial,火花塞套筒扳手汽车拆卸安装万向火花塞套筒扳手T型六角扳手工具,Socket Tool,3,0.44,https://detail.1688.com/offer/749696442672.html,included,
521062003763,industrial,内六角扳手六角匙3D打印机专业工具手动螺丝刀din制,Hex Key,0.04,0.01,https://detail.1688.com/offer/521062003763.html,included,
995158454763,industrial,家用平头内六角扳手镀铬9件套家用多功能配件工具加硬扳手现货,Hex Key,2.19,0.32,https://detail.1688.com/offer/995158454763.html,included,
744549726490,industrial,柏普希多功能充电锂电钻家用电动螺丝刀套装电动工具小钢炮手电钻,Rechargeable Screwdriver Set,69,10.07,https://detail.1688.com/offer/744549726490.html,included,
906270853250,industrial,跨境现货38件套精密批头套筒魔盒螺丝刀6.3mm强磁家用工具套装,Screwdriver Set,20,2.92,https://detail.1688.com/offer/906270853250.html,included,
954581749880,industrial,【现货速发】德式工业家用6寸7寸8寸铬钒合金钢老虎钳钢丝钳工具,Combination Pliers,13.9,2.03,https://detail.1688.com/offer/954581749880.html,included,
810962351745,industrial,跨境家用电动工具锂电有刷冲击钻大功率工业级电钻多功能手电钻充,Electric Drill,28,4.09,https://detail.1688.com/offer/810962351745.html,included,
865161509345,industrial,多功能五金工具套装筒扳手棘轮汽车维修组合移动工具车汽修套装,Tool Set,608,88.78,https://detail.1688.com/offer/865161509345.html,included,
564997549018,industrial,景腾镀钛5pc高速钢开孔器套装不锈钢铁板金属扩孔钻跨境五金工具,Stainless Steel Drill Bit,19,2.77,https://detail.1688.com/offer/564997549018.html,included,
693082711989,industrial,绿林家用工具套装电工五金维修工具箱家庭多功能车载组合工具套装,Tool Set,31.95,4.67,https://detail.1688.com/offer/693082711989.html,included,
769930025942,industrial,多功能水槽扳手神器八合一家用洗手盆水龙头厨房卫浴安装拆卸工具,Wrench,3.25,0.47,https://detail.1688.com/offer/769930025942.html,included,
908980338795,industrial,强磁螺丝刀一字十字改锥软胶柄带磁改锥螺丝批工业级加长超硬螺丝,Screwdriver or Bit,0.9,0.13,https://detail.1688.com/offer/908980338795.html,included,
757294973958,industrial,五金工具螺丝刀活动扳手汽修钢丝钳铲刀卷尺电笔锤子贝卓家用套装,Screwdriver Set,2,0.29,https://detail.1688.com/offer/757294973958.html,included,
734705216145,industrial,家用五金多功能八合一套筒扳手可旋转多头合一狗骨头梅花六角工具,Socket Tool,11,1.61,https://detail.1688.com/offer/734705216145.html,included,
734183528440,industrial,跨境螺丝取出器双头高速钢4341滑牙破损螺钉反牙断丝取出器工具套,Threaded Fastener,2.2,0.32,https://detail.1688.com/offer/734183528440.html,included,
901390019454,industrial,山泽山泽网络工具套装网线钳测试仪剥线刀打线刀水晶头扎带护套工,Tool Set,122.32,17.86,https://detail.1688.com/offer/901390019454.html,included,
941082033617,industrial,电子钳A05五金工具工业级电线剪线钳电子用斜口钳水口钳多功能,Pliers,5,0.73,https://detail.1688.com/offer/941082033617.html,included,
987726599226,industrial,厂家供应216件套汽修工具套装套筒扳手组合修车维修工具,Tool Set,180,26.28,https://detail.1688.com/offer/987726599226.html,included,
925294095558,industrial,家用活口五金件工具钳子 工业级高硬度手工多功能万用钢丝钳钳子,Combination Pliers,18,2.63,https://detail.1688.com/offer/925294095558.html,included,
793476204940,industrial,可调节多功能木工拉手打孔定位器 外贸热销铝合金拉手打孔定位器,,15.4,,https://detail.1688.com/offer/793476204940.html,held,product-identification-or-relevance-review
983474661122,industrial,手柄自紧活口扳手五金工具淬火加硬高碳钢材质处理活动狭窄空间扳,Adjustable Wrench,0.5,0.07,https://detail.1688.com/offer/983474661122.html,included,
895891527634,industrial,85件套三层折叠工具箱汽修五金工具手动机修组套棘轮扳手家用维修,Foldable Tool Set,185,27.01,https://detail.1688.com/offer/895891527634.html,included,
717979523299,industrial,手电钻21V冲击双速电钻三种模式电动螺丝刀跨境外贸优选电动工具,Electric Drill,35,5.11,https://detail.1688.com/offer/717979523299.html,included,
825353500539,industrial,纳瑞斯跨境磁力收纳条五金工具架多功能工具条批发吸附五金工具,,3.2,,https://detail.1688.com/offer/825353500539.html,held,product-identification-or-relevance-review
714308332151,industrial,家用五金工具多功能组合工具箱便携随车礼品工具套装厂家TOOLS,Portable Tool Set,4.2,0.61,https://detail.1688.com/offer/714308332151.html,included,
919475515070,industrial,亚马逊跨境家用五金工具套装大号105件套应急维修工具组套螺丝刀,Screwdriver Set,18.5,2.7,https://detail.1688.com/offer/919475515070.html,included,
755730708696,industrial,冲压开口简易小扳手家具配套五金工具一次性卫浴管单头薄片小扳手,Wrench,0.14,0.02,https://detail.1688.com/offer/755730708696.html,included,
998858066166,industrial,碳钢L型内六角扳手螺丝刀单个内六方形匙套装0.7-2-3-4-5-6-10mm,Screwdriver Set,0.07,0.01,https://detail.1688.com/offer/998858066166.html,included,
978595682302,industrial,扳手多功能自紧活动高硬度五金工具双头手柄开口活口扳手工业级,Adjustable Wrench,1.95,0.28,https://detail.1688.com/offer/978595682302.html,included,
630729908449,industrial,149件套钟表维修工具表带表盖拆卸螺丝刀厂家直销跨境热销,Screwdriver or Bit,48,7.01,https://detail.1688.com/offer/630729908449.html,included,
561627821622,industrial,五金工具家用火钳夹碳红塑料柄打弯炉子配套用捯煤球粗细夹子火剪,Pliers,3.9,0.57,https://detail.1688.com/offer/561627821622.html,included,
990096242122,industrial,新款水龙头角阀断丝取出器4分6分水管断裂管断头螺丝取出工具,Threaded Fastener,0.79,0.12,https://detail.1688.com/offer/990096242122.html,included,
724911559277,industrial,尖嘴钳cutting pliers省力钳钢丝钳子8寸平口钳电工剪线钳老虎钳,Workshop Pliers,6.11,0.89,https://detail.1688.com/offer/724911559277.html,included,
953113363935,industrial,大泉美式工业家用剪钳6寸8寸10寸五金钳子工具电缆剪,Pliers,10.56,1.54,https://detail.1688.com/offer/953113363935.html,included,
995996642558,industrial,不锈钢扎带钳自锁式扎带工具扎带枪船用打包机钢带收紧器钳紧带机,Stainless Steel Pliers,17,2.48,https://detail.1688.com/offer/995996642558.html,included,
714742898793,industrial,亚马逊跨境热销五金工具大全工具套装家用多功能组合工具一整套,Tool Set,15.8,2.31,https://detail.1688.com/offer/714742898793.html,included,
980306811067,industrial,T型火花塞套筒扳手360°汽车拆卸安装工具万向火花塞套筒扳手批发,Socket Tool,2,0.29,https://detail.1688.com/offer/980306811067.html,included,
742434134882,industrial,厂家供0.9-10MM内六角扳手平头五金工具现货45钢,Hex Key,0.04,0.01,https://detail.1688.com/offer/742434134882.html,included,
808137188875,industrial,磁力 工具架 磁性工具条强磁力五金工具 收纳磁条架 8/12/18/24寸,,3.2,,https://detail.1688.com/offer/808137188875.html,held,product-identification-or-relevance-review
992660420884,industrial,T型内六角扳手 2.5mm-8mm蓝白锌加硬S2钢t型手柄扳手五金工具批发,Hex Key,1,0.15,https://detail.1688.com/offer/992660420884.html,included,
742469758337,industrial,厂家批发内六角扳手S2钢5mm平头L形扳手五金工具内六角扳手现货,Hex Key,0.15,0.02,https://detail.1688.com/offer/742469758337.html,included,
624502080443,industrial,千田修表手表维修组合工具螺丝刀手机螺丝批维修手机专用工具全套,Tool Set,8.86,1.29,https://detail.1688.com/offer/624502080443.html,included,
952719230854,industrial,24合一铝合金螺丝刀套装家用电脑手机拆机精密维修工具螺丝批数码,Screwdriver Set,5.2,0.76,https://detail.1688.com/offer/952719230854.html,included,
841063362590,industrial,英制美制内六角扳手镀镍内六角扳手六角匙L型增长热词,Hex Key,0.08,0.01,https://detail.1688.com/offer/841063362590.html,included,
982208616981,industrial,磷化灰L型铣口套筒扳手内六角双头弯头穿孔9件套7字套筒五金工具,Socket Tool,2.7,0.39,https://detail.1688.com/offer/982208616981.html,included,
990929381431,industrial,长边十字内六角扳手加硬m3m4m5m6十字扳手六角手动螺丝刀五金工具,Hex Key,0.21,0.03,https://detail.1688.com/offer/990929381431.html,included,
949425300444,industrial,53件套套筒扳手汽修工具组套工业级棘轮扳手汽车维修全套工具五金,Tool Set,49.2,7.18,https://detail.1688.com/offer/949425300444.html,included,
957609153688,industrial,电工五金工具一字螺丝刀十字螺丝刀直销按摩柄家用梅花起子多功能,Screwdriver or Bit,1.9,0.28,https://detail.1688.com/offer/957609153688.html,included,
773663562055,industrial,花洒淋浴专用水平仪六角螺丝扳手 不锈钢花洒安装 卫浴维修工具,Stainless Steel Wrench,5.5,0.8,https://detail.1688.com/offer/773663562055.html,included,
750513447963,industrial,棘轮螺丝刀扳手套装 拆机家用维修工具 便携式多功能异形内六角,Portable Screwdriver Set,24,3.5,https://detail.1688.com/offer/750513447963.html,included,
803502915484,industrial,工业级工具多功能11件螺丝刀一字十字萝卜头手动螺丝刀套装家用维,Screwdriver Set,39,5.69,https://detail.1688.com/offer/803502915484.html,included,
639641898720,industrial,汽车火花塞套筒扳手管式空心套筒扳手滤清器扳手六角维修拆卸工具,Socket Tool,18,2.63,https://detail.1688.com/offer/639641898720.html,included,
974378031285,industrial,52合一多功能扳手套筒外六角梅花工具组合套装螺丝螺母汽修8-21mm,Tool Set,10.6,1.55,https://detail.1688.com/offer/974378031285.html,included,
675741614985,industrial,定制各类扳手内六角球头十字板手镀锌五金工具精螺按需定制,Wrench,1.4,0.2,https://detail.1688.com/offer/675741614985.html,included,
735110241824,industrial,断头螺丝取出器 高硬度滑牙螺丝拆除工具家用套装 水管断丝取出器,Threaded Fastener,7.24,1.06,https://detail.1688.com/offer/735110241824.html,included,
902877989999,industrial,内六角电动扳手旋具套筒大飞S2头子风炮内六方批头H系列定制属性,Socket Tool,2.8,0.41,https://detail.1688.com/offer/902877989999.html,included,
887837028988,industrial,厂家直销高速钢直柄麻花钻头手电钻打孔五金工具套装黑色木工钻头,Tool Set,0.16,0.02,https://detail.1688.com/offer/887837028988.html,included,
898806593146,industrial,公制加长内六角螺丝刀9件套内六角扳手套装球头内六方扳手L型P,Screwdriver Set,3.8,0.55,https://detail.1688.com/offer/898806593146.html,included,
986038803601,industrial,角磨机专用扳手  抛光拆卸工具厂家直销三叉y型套筒活扳手,Socket Tool,0.5,0.07,https://detail.1688.com/offer/986038803601.html,included,
998312336715,industrial,工厂直销双色T型内六角扳手螺丝刀公制平头内六角扳手套装,Screwdriver Set,49,7.15,https://detail.1688.com/offer/998312336715.html,included,
549878974009,industrial,L型平头内六角扳手加长板手工具淬火高硬度内6角扳手M1.5M2M3M4M8,Hex Key,0.04,0.01,https://detail.1688.com/offer/549878974009.html,included,
775103307016,industrial,牧田款有刷电钻 483款冲击双速高效能电动工具外贸款套装电动工具,Electric Drill,29,4.23,https://detail.1688.com/offer/775103307016.html,included,
761663717660,industrial,配送专用玩具家具赠送工具 拆屏拆机组装螺丝刀撬棒翘片吸盘套装,Screwdriver Set,0.78,0.11,https://detail.1688.com/offer/761663717660.html,included,
617165928352,industrial,M1.5M2M2.5M3M4公制L型内六角扳手 平头手动梅花五金扳手螺丝刀,Hex Key,0.08,0.01,https://detail.1688.com/offer/617165928352.html,included,
658110136009,industrial,14pcs套筒公英制组合工具套装六角柄无磁性电动螺丝风批套筒扳手,Tool Set,5,0.73,https://detail.1688.com/offer/658110136009.html,included,
841046565315,industrial,高碳钢内六角扳手淬火加硬黑色英制六角匙英式L型镀镍小扳手批发,Hex Key,0.08,0.01,https://detail.1688.com/offer/841046565315.html,included,
914166391176,industrial,螺丝刀棘轮短螺丝刀十字二合一萝卜头小型短柄多功能套装一字梅花,Screwdriver Set,2.95,0.43,https://detail.1688.com/offer/914166391176.html,included,
749092978809,industrial,多功能六角柄扩孔器冰箱空调铜管安装维护五金工具套装电动胀管器,Tool Set,3.86,0.56,https://detail.1688.com/offer/749092978809.html,included,
783184540112,industrial,万能扳手工具大全套活口万用开口扳子单件多功能快速自动活动板手,Wrench,10.34,1.51,https://detail.1688.com/offer/783184540112.html,included,
666695049267,industrial,厂家供应穿孔扳手L型套筒扳手工具六角烟斗7字型双头弯头铣口扳手,Socket Tool,2.6,0.38,https://detail.1688.com/offer/666695049267.html,included,
847494853483,industrial,镀锌双头开口扳手叉口扳手六角呆扳手五金工具大全搬手5.5mm-22mm,Wrench,1.3,0.19,https://detail.1688.com/offer/847494853483.html,included,
832713104027,industrial,批发16件套气动内六角工具连体批头H型旋具套筒扳手电动扳手,Socket Tool,2.4,0.35,https://detail.1688.com/offer/832713104027.html,included,
722462251449,industrial,魔术扳手6寸8寸多用途外六角合金钢工业级手动可夹持活动六角扳手,Wrench,8,1.17,https://detail.1688.com/offer/722462251449.html,included,
934977974051,industrial,镀锌46件套棘轮扳手套筒组套工具箱摩托车汽修工具五金工具大全,Tool Set,10.3,1.5,https://detail.1688.com/offer/934977974051.html,included,
930594673114,industrial,32pcs套筒棘轮扳手套组工具 汽车维修五金工具组合扳手套筒套装,Tool Set,40,5.84,https://detail.1688.com/offer/930594673114.html,included,
897221687433,industrial,穿心螺丝刀工业级加长通心可敲击螺丝刀超硬磁力十字一字批头起子,Screwdriver or Bit,1.17,0.17,https://detail.1688.com/offer/897221687433.html,included,
932563351189,industrial,庞龙双色防滑超大开口活动扳手水暖家用汽车维修卫浴五金工具,Adjustable Wrench,11.5,1.68,https://detail.1688.com/offer/932563351189.html,included,
935876911889,industrial,庞龙厂供应超级大开口活动扳手活络活口扳手手动五金工具,Adjustable Wrench,13.5,1.97,https://detail.1688.com/offer/935876911889.html,included,
640082352926,industrial,得力DL3206钟表螺丝批套装电脑眼镜维修手表迷你螺丝刀修表工具,Screwdriver Set,6.2,0.91,https://detail.1688.com/offer/640082352926.html,included,
733008343227,industrial,瓷砖抬高器高低升降调节器贴墙砖定位顶高器铝合金材质家用,,26.5,,https://detail.1688.com/offer/733008343227.html,held,product-identification-or-relevance-review
41738304464,industrial,手机拆机螺丝刀拆机工具五星十字Y字螺丝刀拆机螺丝刀定制,Screwdriver or Bit,0.25,0.04,https://detail.1688.com/offer/41738304464.html,included,
804502151740,industrial,厂家定制十字一字起子工具家用电工VDE螺丝刀套装磁性绝缘螺丝批,Screwdriver Set,33,4.82,https://detail.1688.com/offer/804502151740.html,included,
730909476120,industrial,铝合金螺丝刀多刀头起子金色苹果安卓拆机维修五星0.6Y1.5+磁吸,Screwdriver or Bit,1.8,0.26,https://detail.1688.com/offer/730909476120.html,included,
809736251383,industrial,跨境15°木工斜孔钻孔定位器木工钻孔调节器斜孔限位三尖木工钻,,9,,https://detail.1688.com/offer/809736251383.html,held,product-identification-or-relevance-review
800944780298,industrial,工业级8寸钢丝钳6寸老虎钳尖嘴钳斜嘴钳多功能省力钳子电工钳,Workshop Pliers,5.25,0.77,https://detail.1688.com/offer/800944780298.html,included,
900390127158,industrial,中性镀镍活动扳手套装手动可调节活口扳子多功能活扳手汽修工厂家,Adjustable Adjustable Wrench,4.6,0.67,https://detail.1688.com/offer/900390127158.html,included,
895961996544,industrial,亚马逊 新品58合一精密多功能螺丝刀套装耐用CRV多配件工具小组合,Screwdriver Set,26.17,3.82,https://detail.1688.com/offer/895961996544.html,included,
673077472220,industrial,镀镍内六角扳手L型螺丝刀扳手家具电动自行车配套平头六角匙批发,Hex Key,0.04,0.01,https://detail.1688.com/offer/673077472220.html,included,
732082656996,industrial,洗衣机波轮螺丝拆卸工具底盘芯拉钩三叉套筒批头内筒维修套装六角,Socket Tool,2.21,0.32,https://detail.1688.com/offer/732082656996.html,included,
657305262001,industrial,金士盾130合1精密多功能螺丝刀套装组合工具新品招商117批头CRV钢,Screwdriver Set,48,7.01,https://detail.1688.com/offer/657305262001.html,included,
705962762876,industrial,特色新款中国风竹简126件套螺丝刀套装五金工具轻定制现货速发,Screwdriver Set,64,9.34,https://detail.1688.com/offer/705962762876.html,included,
952072912756,industrial,厂家直销加深套筒电钻加长套筒扳手工具风批套筒头内六角螺丝套筒,Socket Tool,0.9,0.13,https://detail.1688.com/offer/952072912756.html,included,
732609571192,industrial,厂家定制34件套螺丝刀批头套装一字十字六角螺丝批套筒工具起子头,Screwdriver Set,14.7,2.15,https://detail.1688.com/offer/732609571192.html,included,
983968189865,industrial,三叉套筒扳手维修六角加长杆Y型套头汽修五金工具拆卸,Socket Tool,8,1.17,https://detail.1688.com/offer/983968189865.html,included,
980245502570,industrial,L型铣口扳手组套烟斗套筒镜面双头铣口弯头六角拆卸工具厂家直销,Tool Set,3,0.44,https://detail.1688.com/offer/980245502570.html,included,
731844940550,industrial,水龙头断丝取出器 粗牙螺纹反牙手动拆除工具 水管断头螺丝器家用,Threaded Fastener,5.9,0.86,https://detail.1688.com/offer/731844940550.html,included,
595793848087,industrial,五金工具手动工具 仿锻锻打钢丝钳6寸7寸8寸 手动工具老虎钳 电线,Combination Pliers,3.46,0.51,https://detail.1688.com/offer/595793848087.html,included,
728771726072,industrial,14pc强力套筒多功能电动批头起子组合工具套装六角柄气动风批套头,Tool Set,3.9,0.57,https://detail.1688.com/offer/728771726072.html,included,
596196014683,industrial,邵东五金厂家批发工具活动扳手 开口活络扳手家用扳手6/8/10/12寸,Adjustable Wrench,6.27,0.92,https://detail.1688.com/offer/596196014683.html,included,
838127384999,industrial,工业级活动扳手大开口高硬度卫浴扳手活扳子多功能耐用短柄活扳手,Adjustable Wrench,18.8,2.75,https://detail.1688.com/offer/838127384999.html,included,
960210640015,industrial,厂家直发 F型活动扳手手动扳手五金工具万能省力大开口工业级工具,Adjustable Wrench,16.5,2.41,https://detail.1688.com/offer/960210640015.html,included,
848564024160,industrial,五金工具铬钒钢镜面两用手动开口扳手汽修配套手动呆扳手套装批发,Wrench,100,14.6,https://detail.1688.com/offer/848564024160.html,included,
629994976889,industrial,高速钢麻花钻头13pcs批头螺丝刀组合工具多功能电动五金工具配件,Tool Set,15.5,2.26,https://detail.1688.com/offer/629994976889.html,included,
949784806657,industrial,新款断丝取出器三角阀水龙头取丝器滑丝修复专用工具不伤内丝,,8.8,,https://detail.1688.com/offer/949784806657.html,held,product-identification-or-relevance-review
657304018218,industrial,金士盾25合1文具盒工具套装礼品电商CRV手机电脑 异形螺丝刀组合,Screwdriver Set,24,3.5,https://detail.1688.com/offer/657304018218.html,included,
857915230053,industrial,跨境电商粉色39件套组合工具套装家用组套五金工具大全多功能套装,Tool Set,27.5,4.02,https://detail.1688.com/offer/857915230053.html,included,
714550601462,industrial,厂家生产TOOL SETS 家用工具箱五金套装工具HAND TOOLS 手动工具,Tool Box,18.9,2.76,https://detail.1688.com/offer/714550601462.html,included,
980815374762,industrial,三叉套筒扳手汽车维修五金工具六角加长杆Y型规格齐全库存充足,Socket Tool,3.3,0.48,https://detail.1688.com/offer/980815374762.html,included,
922012185462,industrial,L型内六角扳手 M0.7-M12高强度螺母扳手铁镀锌平头7字内六角扳手,Hex Key,0.07,0.01,https://detail.1688.com/offer/922012185462.html,included,
747209451303,industrial,厂家批发球头六角扳手批发五金工具 六棱板手六角球头内六角扳手,Hex Key,0.3,0.04,https://detail.1688.com/offer/747209451303.html,included,
896115140580,industrial,电动扳手加长薄壁套筒头六角风炮套筒8/10摩托车拆卸维修工具,Socket Tool,5.9,0.86,https://detail.1688.com/offer/896115140580.html,included,
987124504304,industrial,厂家直销5pcs断牙螺丝取出器破损螺丝拆除提取工具套装螺钉取出器,Tool Set,5,0.73,https://detail.1688.com/offer/987124504304.html,included,
887847152842,industrial,定制高速钢直柄麻花钻头手电钻打孔五金工具套装黑色木工钻头厂家,Tool Set,0.16,0.02,https://detail.1688.com/offer/887847152842.html,included,
734513982853,industrial,自动中心冲 定位器 高硬度冲子自动样冲130mm破窗器 安全逃生工具,,0.4,,https://detail.1688.com/offer/734513982853.html,held,product-identification-or-relevance-review
734199468661,industrial,跨境螺丝取出器套装22pcs高速钢反丝断牙套装五金店货源五金工具,Threaded Fastener,21.5,3.14,https://detail.1688.com/offer/734199468661.html,included,
988131929686,industrial,镜面T型扳手丁字汽修五金维修工具40CR-V外六角T型套筒批发拆卸,Socket Tool,2.7,0.39,https://detail.1688.com/offer/988131929686.html,included,
747440092761,industrial,三角型十字螺丝扳手 十字简易螺丝刀 公制手动机械螺丝扳手,Wrench,0.3,0.04,https://detail.1688.com/offer/747440092761.html,included,
701754590342,industrial,花洒厨房面盆狭小空间水龙头下水器空心六角拆卸套筒扳手维修工具,Socket Tool,6,0.88,https://detail.1688.com/offer/701754590342.html,included,
632589990897,industrial,厂家供应火花塞套筒管式空心套筒扳手汽车摩托车六角维修拆卸工具,Socket Tool,18,2.63,https://detail.1688.com/offer/632589990897.html,included,
1087742620098,industrial,活动扳手工具套装活口开口板手万用管钳卫浴多功能快速扳子,Tool Set,21.78,3.18,https://detail.1688.com/offer/1087742620098.html,included,
1087726092648,industrial,棘轮套筒扳手工具套装组合万用多功能外六角快速套管扳手汽修工具,Tool Set,11.88,1.73,https://detail.1688.com/offer/1087726092648.html,included,
1087584409960,industrial,自行车拆卸飞轮锁环八字扳手中轴碗组牙盘曲柄修理维护工具 骑行,Wrench,3.7,0.54,https://detail.1688.com/offer/1087584409960.html,included,
1087498758797,industrial,家用组合工具箱套装车载五金组合工具套装汽修扳手锤子螺丝刀装机,Screwdriver Set,20.38,2.98,https://detail.1688.com/offer/1087498758797.html,included,
1087427904608,industrial,内六角旋具套筒头套装S2电动扳手1/2大飞内6角球头内六方套筒批头,Socket Tool,2.35,0.34,https://detail.1688.com/offer/1087427904608.html,included,
1087338288481,industrial,得力 39件彩虹螺丝批头套装电动手电钻用多功能起子,Screwdriver Set,59.95,8.75,https://detail.1688.com/offer/1087338288481.html,included,
1087276444996,industrial,浦江德国wiha威汉T型内六角扳手加长带手柄334进口六角螺丝刀单个,Hex Key,57.4,8.38,https://detail.1688.com/offer/1087276444996.html,included,
1087268296480,industrial,浦江世达t形内六角扳手带手柄单个内六方螺丝刀工具套装2.5 3 4mm,Screwdriver Set,35.89,5.24,https://detail.1688.com/offer/1087268296480.html,included,
1087263746465,industrial,12件家庭五金工具箱维修电工具套装多功能家用组合装活动礼品发赠,Tool Set,23.42,3.42,https://detail.1688.com/offer/1087263746465.html,included,
1087175302262,industrial,35件棘轮扳手套装摩托车维修工具便携收纳盒随车维修全套骑士魔盒,Portable Wrench,45.8,6.69,https://detail.1688.com/offer/1087175302262.html,included,
1087160386823,industrial,世达内六角扳手单个梅花螺丝刀中孔米字星型超硬内花工具TT15 20,Hex Key,11.5,1.68,https://detail.1688.com/offer/1087160386823.html,included,
1087152295933,industrial,新款粉色礼品工具套装多功能家用五金家庭维修工具箱组合工具套装,Tool Set,11,1.61,https://detail.1688.com/offer/1087152295933.html,included,
1087140132838,industrial,216件套多功能套筒扳手套装组合棘轮板手五金工具汽修工具箱套装,Tool Set,199,29.06,https://detail.1688.com/offer/1087140132838.html,included,
1087054268456,industrial,麻花钻头打孔钢铁套装含钴钨钢手电钻转头万用合金不锈钢专用超硬,Stainless Steel Electric Drill,4.73,0.69,https://detail.1688.com/offer/1087054268456.html,included,
1086978758288,industrial,老虎钳钢丝钳多功能家用老虎工具大全五金工具斜口尖嘴手钳子,Combination Pliers,12.1,1.77,https://detail.1688.com/offer/1086978758288.html,included,
1086958885632,industrial,国德口进家用老虎钳钢丝钳专用钳子多功能工具进口家用省力万凹槽,Combination Pliers,3.85,0.56,https://detail.1688.com/offer/1086958885632.html,included,
1086955685544,industrial,本日麦光牌工业级钢丝钳多功能老虎钳家用电工钳高硬度斜口钢丝钳,Combination Pliers,5.15,0.75,https://detail.1688.com/offer/1086955685544.html,included,
1086935246973,industrial,多功能骨头扳手内六角螺丝工具便携十合一自行车内六方套筒小扳手,Portable Socket Tool,1.4,0.2,https://detail.1688.com/offer/1086935246973.html,included,
1086857411194,industrial,OI204件套加长弯钩起子尖头螺丝刀纱窗拆压条胶条工具油封起子45,Screwdriver or Bit,3.01,0.44,https://detail.1688.com/offer/1086857411194.html,included,
1086689521698,industrial,活动扳手梅花扳手五金工具套装合金钢万用多功能卫浴活扳手,Tool Set,23.98,3.5,https://detail.1688.com/offer/1086689521698.html,included,
1086667305380,industrial,德力西电气新款21合一弯头多功能剥线钳电工专用扒皮剪线压线钳子,Workshop Pliers,30,4.38,https://detail.1688.com/offer/1086667305380.html,included,
1086531790736,industrial,短平头内六角扳手 迷你内六角 L型玩具自行车家具扳手,Hex Key,1.2,0.18,https://detail.1688.com/offer/1086531790736.html,included,
1086448257312,industrial,大开口活动扳手短柄板子多功能卫浴扳手大口径短把小活口扳手工具,Adjustable Wrench,13.8,2.01,https://detail.1688.com/offer/1086448257312.html,included,
1086431173751,industrial,多功能直角活动扳手下水器水管拆卸卫浴多用活口活络大开口管钳子,Adjustable Wrench,6.2,0.91,https://detail.1688.com/offer/1086431173751.html,included,
1086367164800,industrial,家用扳手加厚高碳钢碗碟筷餐具套装便携户外露营野炊装备用品全套,Portable Wrench,9.8,1.43,https://detail.1688.com/offer/1086367164800.html,included,
1086354823589,industrial,油底壳放油螺丝工具套筒套装3/8寸9.5mm铬钒钢材质油底壳扳手套筒,Socket Tool,2.9,0.42,https://detail.1688.com/offer/1086354823589.html,included,
1086240253124,industrial,浦江世达棘轮扳手小飞大飞套筒飞扳中飞刺轮齿轮快扳机轮快速省力,Socket Tool,120.75,17.63,https://detail.1688.com/offer/1086240253124.html,included,
1086175581390,industrial,套筒转换接头大中小飞变径转接头棘轮扳手风炮转换头互转配件工具,Socket Tool,4.69,0.68,https://detail.1688.com/offer/1086175581390.html,included,
1086171212565,industrial,水口钳斜口剪钳电工专用剪线偏口钳子斜嘴口水工业级超硬剪刀尖嘴,Pliers,9,1.31,https://detail.1688.com/offer/1086171212565.html,included,
1086156846916,industrial,修表工具 螺丝刀批咀座 起子咀座刀批嘴固定座批咀放置座收纳底座,Screwdriver or Bit,6.5,0.95,https://detail.1688.com/offer/1086156846916.html,included,
1086142225564,industrial,跨境厂 现货17件套管束钳套装水管直型喉式卡扣钳汽车维修专用工,Pliers,128,18.69,https://detail.1688.com/offer/1086142225564.html,included,
1086125763944,industrial,门缝调节扳手明铰链调缝旗形合页明铰链门窗钢门安装工具扳手,Wrench,4.71,0.69,https://detail.1688.com/offer/1086125763944.html,included,
1086086935148,industrial,家用工具箱多功能锂电钻套装组合木工专用钻孔维修五金工具,Electric Drill,93.5,13.65,https://detail.1688.com/offer/1086086935148.html,included,
1086072529371,industrial,家用组合工具套装电工多功能五金维修大全家庭工具箱万用全套车载,Tool Set,28.5,4.16,https://detail.1688.com/offer/1086072529371.html,included,
1086028581285,industrial,手动T型三叉套筒扳手 6-19多功能加厚六角扳手汽车摩托车维修工具,Socket Tool,5.39,0.79,https://detail.1688.com/offer/1086028581285.html,included,
1086026705319,industrial,进口s2钢6.35磁性短批头一十字1/4六角梅花型电动螺丝刀起子25mm,Electric Screwdriver,1.87,0.27,https://detail.1688.com/offer/1086026705319.html,included,
1086024837573,industrial,麻花钻头不锈钢专用含钴手电钻打孔钢铁超硬钨钢合金直柄转头大全,Stainless Steel Electric Drill,6.6,0.96,https://detail.1688.com/offer/1086024837573.html,included,
1086021509493,industrial,麻花钻头M35不锈钢专用含钴手电钻打孔钢铁钨钢合金直柄转头大全,Stainless Steel Electric Drill,6.22,0.91,https://detail.1688.com/offer/1086021509493.html,included,
1086012845815,industrial,t型套筒扳手大飞组合套装中飞扳手组套汽修棘轮32件套手动工具,Tool Set,11.88,1.73,https://detail.1688.com/offer/1086012845815.html,included,
1086008156137,industrial,十字螺丝刀一字超硬工业级强磁家用梅花工具罗丝刀小改锥套装起子,Screwdriver Set,6.38,0.93,https://detail.1688.com/offer/1086008156137.html,included,
1085969799262,industrial,锰钢农用锄头家用种菜挖地刨老式镢头挖冬笋专用多功能除草,,15.55,,https://detail.1688.com/offer/1085969799262.html,held,product-identification-or-relevance-review
1085860335801,industrial,10件套多功能家用十字螺丝刀小两用一字梅花平口起子便携组合套装,Portable Screwdriver Set,9.84,1.44,https://detail.1688.com/offer/1085860335801.html,included,
1085824662821,industrial,可敲击穿心螺丝刀超硬工业级通心改锥一字十字带磁性起子镙螺丝批,Screwdriver or Bit,10.89,1.59,https://detail.1688.com/offer/1085824662821.html,included,
1085782565306,industrial,麻花钻头不锈钢专用含钴手电钻打孔钢铁超硬钨钢合金直柄转头大全,Stainless Steel Electric Drill,4.62,0.67,https://detail.1688.com/offer/1085782565306.html,included,
1085780600912,industrial,羽拓高档1/2型伸缩的快速棘轮扳手5个档位铬钒钢材质三色包胶手柄,Wrench,80,11.68,https://detail.1688.com/offer/1085780600912.html,included,
1085774505612,industrial,麻花钻头高强度不锈钢手电钻打孔钢铁金属合金木工专用高硬小转头,Stainless Steel Electric Drill,5.23,0.76,https://detail.1688.com/offer/1085774505612.html,included,
1085576016309,industrial,跨境爆款42合一棘轮螺丝刀套装家用批起子手机电脑多功能维修工具,Screwdriver Set,46,6.72,https://detail.1688.com/offer/1085576016309.html,included,
1085422627018,industrial,Darex进口S2加硬彩色内六角扳手单支单个特长加长球头六棱边台湾,Hex Key,4.62,0.67,https://detail.1688.com/offer/1085422627018.html,included,
1085313317145,industrial,福冈小一字十字两用螺丝刀起子改锥螺丝批钟表手机笔记本拆机工具,Screwdriver or Bit,8.8,1.28,https://detail.1688.com/offer/1085313317145.html,included,
1085301569958,industrial,福冈小一字十字螺丝刀2 2.0 2.4mm号二合一型精密两用批起子改锥,Screwdriver or Bit,12.65,1.85,https://detail.1688.com/offer/1085301569958.html,included,
1085269387145,industrial,冲击螺丝刀可敲击穿心硬工业级改锥一字十字螺丝批套装通心起子,Screwdriver Set,6.8,0.99,https://detail.1688.com/offer/1085269387145.html,included,
1085109714448,industrial,氧传感器拆装工具 汽车拆前含氧传感器套筒拆卸专用扳手套头22mm,Socket Tool,19.99,2.92,https://detail.1688.com/offer/1085109714448.html,included,
1085092329422,industrial,11件套汽修套筒套装加长套筒汽修机修电动扳手套筒风炮套筒组套装,Tool Set,17,2.48,https://detail.1688.com/offer/1085092329422.html,included,
1084963303391,industrial,冲击螺丝刀工业级敲击螺丝撞批取出器冲子改锥头锤击震动拆卸,Screwdriver or Bit,31.35,4.58,https://detail.1688.com/offer/1084963303391.html,included,
1084934871830,industrial,宝塔钻头开孔扩孔器打孔不锈钢金属专用阶梯高硬度手电钻转头,Stainless Steel Electric Drill,4.81,0.7,https://detail.1688.com/offer/1084934871830.html,included,
1084887901354,industrial,工业级弯头尖嘴钳子5寸歪嘴90度弯头尖嘴钳大全剥线手工小弯口钳,Long-Nose Pliers,9,1.31,https://detail.1688.com/offer/1084887901354.html,included,
1084657028409,industrial,螺丝刀套装强磁工业级十字一字梅花起子批头改锥绝缘家用维修工具,Screwdriver Set,12.34,1.8,https://detail.1688.com/offer/1084657028409.html,included,
1084548438943,industrial,【老虎钳套装三件套】居家工业螺丝刀老虎钳套装加厚钳子强力通用,Screwdriver Set,0.9,0.13,https://detail.1688.com/offer/1084548438943.html,included,
1084515014775,industrial,128mm薄壁加长气动扳手套筒 1/2加长六角套筒套装8-14mm风炮用,Socket Tool,2.9,0.42,https://detail.1688.com/offer/1084515014775.html,included,
1084422151369,industrial,油封起子套装工具五金工具盒件撬汽修尖头修理钩针直角加粗拉钩弯,Screwdriver or Bit,11.9,1.74,https://detail.1688.com/offer/1084422151369.html,included,
1084331285986,industrial,水口剪钳170塑料钳子电子钳5寸 剪钳斜口钳 斜嘴钳高达 模型剪,Pliers,6.88,1.0,https://detail.1688.com/offer/1084331285986.html,included,
1084308008656,industrial,螺丝刀十字一字穿心超硬可敲击大全工具套装大号梅花改锥平口起子,Screwdriver Set,2.12,0.31,https://detail.1688.com/offer/1084308008656.html,included,
1084266983792,industrial,浦江史丹利内六角扳手T型带柄加长S2内六方工具单个球头超长六棱,Hex Key,43.85,6.4,https://detail.1688.com/offer/1084266983792.html,included,
1084254848309,industrial,大功率冲击钻电动螺丝刀套装多功能手电钻无线手枪钻锂电充电式,Rechargeable Wireless Screwdriver Set,28,4.09,https://detail.1688.com/offer/1084254848309.html,included,
1084141995900,industrial,橡胶锤橡皮锤安装锤木工瓷砖橡胶榔头多功能敲打皮胶锤子工具批发,Hammer,2.62,0.38,https://detail.1688.com/offer/1084141995900.html,included,
1084077123122,industrial,五金工具扳手棘轮扳手24齿双向快脱工具直柄手工扳手大飞中飞小飞,Wrench,4.79,0.7,https://detail.1688.com/offer/1084077123122.html,included,
1084049707976,industrial,家用组合工具套装电工多功能五金维修大全家庭工具箱万用全套车载,Tool Set,36,5.26,https://detail.1688.com/offer/1084049707976.html,included,
1083878767473,industrial,128mm薄壁电动扳手套筒1/2加长汽修套筒套装内8-24风炮六角套头,Socket Tool,25,3.65,https://detail.1688.com/offer/1083878767473.html,included,
1083832067344,industrial,麻花钻头高强度不锈钢手电钻打孔钢铁金属合金木工专用高硬小转头,Stainless Steel Electric Drill,5.23,0.76,https://detail.1688.com/offer/1083832067344.html,included,
1083831027346,industrial,麻花钻头不锈钢专用含钴手电钻打孔钢铁超硬钨钢合金直柄转头大全,Stainless Steel Electric Drill,6.6,0.96,https://detail.1688.com/offer/1083831027346.html,included,
1083812798248,industrial,高端电工钳工业级尖嘴钳工具手工钳子多功能万用钢丝钳省力老虎钳,Workshop Pliers,9.2,1.34,https://detail.1688.com/offer/1083812798248.html,included,
1083749770020,industrial,螺丝刀套装一字十字小型家用多功能螺丝批组套梅花三角小起子工具,Screwdriver Set,21.3,3.11,https://detail.1688.com/offer/1083749770020.html,included,
1083739476051,industrial,十字扳手多功能汽车轮胎扳手折叠式省力换胎扳通用款套筒工具随车,Foldable Socket Tool,15.73,2.3,https://detail.1688.com/offer/1083739476051.html,included,
1083664719330,industrial,波斯BOSI家用维修工具套装钳子扳手羊角锤卷尺美工刀多功能工具包,Tool Storage Case,137.63,20.1,https://detail.1688.com/offer/1083664719330.html,included,
1083535813631,industrial,活扳手活动扳手手动扳手万用活口大开口卫浴扳手活络扳手短柄活扳,Adjustable Wrench,5.4,0.79,https://detail.1688.com/offer/1083535813631.html,included,
1083477189310,industrial,PBSWISS一字批头加长六角柄电动螺丝起子气动起子C6.135/瑞士进口,Screwdriver or Bit,31.45,4.59,https://detail.1688.com/offer/1083477189310.html,included,
1083381547549,industrial,多功能木工246件套钻头组套开孔器麻花钻批头水泥钻木工扁钻工具,Tool Set,125,18.25,https://detail.1688.com/offer/1083381547549.html,included,
1083364443626,industrial,穿心螺丝刀 可敲击工业级铬钒钢S2螺丝刀一字十字平口改锥螺丝刀,Screwdriver or Bit,2.5,0.37,https://detail.1688.com/offer/1083364443626.html,included,
1083361807301,industrial,日本福冈工具 2mm精密两用螺丝刀小改锥起子一字十字批细螺丝批,Screwdriver or Bit,8.8,1.28,https://detail.1688.com/offer/1083361807301.html,included,
1083355811703,industrial,福冈2mm精密两用双头螺丝刀手机维修改锥强磁起子一字十字螺丝批,Screwdriver or Bit,10.95,1.6,https://detail.1688.com/offer/1083355811703.html,included,
1083303499855,industrial,钳式汽车滤芯扳手机油滤清器拆装工具机滤拆卸钳通用型机油格汽修,Wrench,19.9,2.91,https://detail.1688.com/offer/1083303499855.html,included,
1083289305486,industrial,工厂直销跨境热销手电钻16.8V冲击锂电钻多功能充电式电动螺丝刀,Rechargeable Electric Drill,39,5.69,https://detail.1688.com/offer/1083289305486.html,included,
1083268725795,industrial,螺丝刀两用二合一多功能家用手动螺丝旋具十字螺丝刀一字起子改锥,Screwdriver or Bit,2.94,0.43,https://detail.1688.com/offer/1083268725795.html,included,
1083117417090,industrial,新款速攻钻偏心钻头瓷砖混凝土打孔专用超硬全瓷锯齿四刃霸王电钻,Electric Drill,2.1,0.31,https://detail.1688.com/offer/1083117417090.html,included,
1083109810601,industrial,双泡壳家用组合工具套装批头卷尺美工刀维修工具组套7104,Tool Set,8.11,1.18,https://detail.1688.com/offer/1083109810601.html,included,
1083067198088,industrial,迷你水晶柄螺丝刀十字一字两用起子手机维修起子家用拆装工具批发,Screwdriver or Bit,0.08,0.01,https://detail.1688.com/offer/1083067198088.html,included,
1083065529257,industrial,梅花内六角扳手套装单个花型米字星形螺丝刀内六花空调滤芯扳手,Screwdriver Set,13.03,1.9,https://detail.1688.com/offer/1083065529257.html,included,
1083043971031,industrial,迷你内六角扳手套装便携式短款小号6角扳手0.7 0.9 1.3 1.5 2 3mm,Portable Hex Key,8.73,1.27,https://detail.1688.com/offer/1083043971031.html,included,
1083018584686,industrial,老虎钳多功能家用钢丝钳尖嘴钳高碳钢防滑柄电工专用工具大全,Workshop Pliers,5,0.73,https://detail.1688.com/offer/1083018584686.html,included,
1082982933266,industrial,套筒扳手电动加长内六角8-32mm风批套筒1/2套筒全套一整套实用,Socket Tool,31.92,4.66,https://detail.1688.com/offer/1082982933266.html,included,
1082829434344,industrial,80件套内六角套筒高强度螺丝批头80PCS冲击强磁起子头套筒套装,Screwdriver Set,90,13.14,https://detail.1688.com/offer/1082829434344.html,included,
1082777943454,industrial,鹰嘴钳夹边钱轮眉钳子汽车凹陷修复无痕修复整平工具凹凸整形工具,Pliers,23.8,3.48,https://detail.1688.com/offer/1082777943454.html,included,
1082776410143,industrial,【卖爆啦!】厂家批发6-24寸多功能工业镀铬大开口光柄活动扳手汽,Adjustable Wrench,8.5,1.24,https://detail.1688.com/offer/1082776410143.html,included,
1082550060651,industrial,1/2寸加长气动小风炮套筒加厚大飞套头12.5mm电扳手六角套筒六角,Socket Tool,64.5,9.42,https://detail.1688.com/offer/1082550060651.html,included,
1082542891295,industrial,72齿大中小飞棘轮扳手三件套快速胶防滑汽修机修家用维修五金工具,Wrench,14,2.04,https://detail.1688.com/offer/1082542891295.html,included,
1082448319668,industrial,轮胎气门芯扳手 美式嘴通用 拆装放气工具 汽修补胎工具配件现货,Wrench,0.39,0.06,https://detail.1688.com/offer/1082448319668.html,included,
1082286892162,industrial,磁性万向火花塞套筒扳手14mm16mm汽车火花塞超薄拆卸安装,Socket Tool,8.67,1.27,https://detail.1688.com/offer/1082286892162.html,included,
1082286839143,industrial,木工钻头六角柄麻花钻专用木头木板打孔三尖钻钻孔器电钻高硬度,Electric Drill,0.65,0.09,https://detail.1688.com/offer/1082286839143.html,included,
1082013562930,industrial,无刷锂电冲击钻家用充电式手电钻多功能电动螺丝刀小手枪钻工具,Rechargeable Electric Drill,107.37,15.68,https://detail.1688.com/offer/1082013562930.html,included,
1082002622849,industrial,工厂批发工业多功能钢丝钳刃口锋利夹持力强电工家用维修拔线钳子,Combination Pliers,8,1.17,https://detail.1688.com/offer/1082002622849.html,included,
1081968821041,industrial,三尖木工扁钻抽屉门锁开孔器木板扩孔器六角柄定位平钻钻头套装,Drill Bit,6.24,0.91,https://detail.1688.com/offer/1081968821041.html,included,
1081932707183,industrial,高端老虎钳钳子多功能万用钢丝钳工业级尖嘴钳省力手工钳电工工具,Workshop Pliers,8.4,1.23,https://detail.1688.com/offer/1081932707183.html,included,
1081906682453,industrial,厂家直销两用螺丝刀高硬度梅花十字一字工业强磁螺丝批起子工业级,Screwdriver or Bit,1.48,0.22,https://detail.1688.com/offer/1081906682453.html,included,
1081857137596,industrial,内六角扳手套装内六方6棱六角螺丝刀工具梅花扳手六边形一件起批,Screwdriver Set,18.94,2.77,https://detail.1688.com/offer/1081857137596.html,included,
1081666492302,industrial,得力工业级平头内六角扳手T型扳手螺丝刀平头内六方六棱角DL3910G,Hex Key,8.25,1.2,https://detail.1688.com/offer/1081666492302.html,included,
1081160199097,industrial,工厂直销玩具小螺丝刀 迷你2.0 3.0十字一字螺丝刀玩具配送起子,Screwdriver or Bit,0.04,0.01,https://detail.1688.com/offer/1081160199097.html,included,
1081119902148,industrial,自行车山地车修车工具扳手工具运动户外骑行配件工具一体扳手黑色,Wrench,4.8,0.7,https://detail.1688.com/offer/1081119902148.html,included,
1081070604123,industrial,铬钒钢加硬内六角扳手螺丝刀加长内六方M1.5M2M3M4M5M6M8M10M12,Hex Key,4.09,0.6,https://detail.1688.com/offer/1081070604123.html,included,
1081027334008,industrial,CR-V铬钒钢高硬度内六角扳手M0.9 M1.27 M1.5 M2M2.5M3M4M5M6,Hex Key,0.57,0.08,https://detail.1688.com/offer/1081027334008.html,included,
1081010586062,industrial,麻花钻头大全不锈钢专用含钴手电钻打孔钢铁超硬钨钢合金直柄转头,Stainless Steel Electric Drill,6.06,0.88,https://detail.1688.com/offer/1081010586062.html,included,
1080932933296,industrial,自行车辐条扳手维修工具 山地车辐条固定工具 维修工具辐条扳手,Wrench,1.65,0.24,https://detail.1688.com/offer/1080932933296.html,included,
1080848602882,industrial,精密水口钳 模型剪钳 高达手办修剪塑胶水口 电子元件剪脚斜口钳,Pliers,3,0.44,https://detail.1688.com/offer/1080848602882.html,included,
1080706546879,industrial,15件套汽车发动机皮带可调节扳手皮带轮拆装惰轮张紧专用汽修工具,Adjustable Wrench,66,9.64,https://detail.1688.com/offer/1080706546879.html,included,
1080694259910,industrial,三合一自行车多功能气门芯取出器工具扳手 适用于自行车气门芯工,Wrench,2.5,0.37,https://detail.1688.com/offer/1080694259910.html,included,
1080639533265,industrial,彩虹内六角扳手套装六角匙螺丝刀工具加长六边形快速六棱高硬度多,Screwdriver Set,3.3,0.48,https://detail.1688.com/offer/1080639533265.html,included,
1080508611193,industrial,电动扳手四刃四槽木工加长风批电批转换接头木板开孔套装钻头,Wrench,3.64,0.53,https://detail.1688.com/offer/1080508611193.html,included,
1080480515246,industrial,萝卜头两用螺丝批十字一字螺丝刀汽车挡泥板小型短柄迷你小螺丝刀,Screwdriver or Bit,0.21,0.03,https://detail.1688.com/offer/1080480515246.html,included,
1080104769363,industrial,呆梅两用扳手汽修工具梅开扳手呆扳子8-10-12-13-14-17-19-22mm,Wrench,6.01,0.88,https://detail.1688.com/offer/1080104769363.html,included,
1079966603907,industrial,"3D欧标铝型材三通连接器,角码安装 垂平固定工具",,6.5,,https://detail.1688.com/offer/1079966603907.html,held,product-identification-or-relevance-review
1079935049876,industrial,日本原装TOHNICHI东日1FTD2-S记忆指针扭力螺丝刀起子0.1~1kgf.cm,Screwdriver or Bit,333.9,48.75,https://detail.1688.com/offer/1079935049876.html,included,
1079890579813,industrial,雅马哈手电钻锂电池家用小型无刷充电手枪钻冲击多功能电动螺丝刀,Rechargeable Electric Drill,148,21.61,https://detail.1688.com/offer/1079890579813.html,included,
1079820992806,industrial,4寸重型夹子带磁性吸盘适用多场景多功能木工文件磁铁夹子,,4,,https://detail.1688.com/offer/1079820992806.html,held,product-identification-or-relevance-review
1079730753199,industrial,高硬度薄口锋利剪钢丝水口钳子 日式工业级高碳钢5寸6寸水口钳子,Pliers,14.56,2.13,https://detail.1688.com/offer/1079730753199.html,included,
1079153014236,industrial,43件加厚气动加长六角套筒大飞重型小风炮电动扳手套头汽修工具,Socket Tool,229.9,33.57,https://detail.1688.com/offer/1079153014236.html,included,
1079014377977,industrial,老虎钳8寸钢丝钳电工专用钳子断线省力多功能高锰钢钳子工业级,Combination Pliers,8.78,1.28,https://detail.1688.com/offer/1079014377977.html,included,
1078824409830,industrial,不锈钢拔火罐镊子专用钳子夹酒精棉钳子宠物拔毛钳子直头弯头包邮,Stainless Steel Pliers,11.11,1.62,https://detail.1688.com/offer/1078824409830.html,included,
1078803009020,industrial,洗手盆水龙头专用扳手套筒水槽拆卸工具厨房狭小空间卫浴软管加长,Socket Tool,4,0.58,https://detail.1688.com/offer/1078803009020.html,included,
1078484394120,industrial,内六角扳手2.5 3.0 4.0 5.0 6.0家具组装维修拆卸产品五金配件,Hex Key,0.04,0.01,https://detail.1688.com/offer/1078484394120.html,included,
1078448581042,industrial,绿林45#钢多功能活动扳手正品活口卫浴专用板手大开口小型活扳手,Adjustable Wrench,12.9,1.88,https://detail.1688.com/offer/1078448581042.html,included,
1077454684309,industrial,工业级高碳钢老虎钳散装6寸8寸尖嘴钳多功能省力家用斜嘴钳批发,Workshop Pliers,2.5,0.37,https://detail.1688.com/offer/1077454684309.html,included,
1077182897006,industrial,油封扳手拉拔器油封勾子 双头油封起子 油封拆装汽修工,Wrench,6.8,0.99,https://detail.1688.com/offer/1077182897006.html,included,
1076936324193,industrial,品质内六角扳手高硬度六棱梅花扳手超硬工业级六角螺丝刀套装实用,Screwdriver Set,14.53,2.12,https://detail.1688.com/offer/1076936324193.html,included,
1076883766406,industrial,德国品质高硬度内六角扳手9件套螺丝刀组合套装内六角工具一套,Screwdriver Set,8.84,1.29,https://detail.1688.com/offer/1076883766406.html,included,
1076715662515,industrial,老虎钳省力多功能万用钳子斜嘴钳工业级电工尖嘴钳工具大全钢丝钳,Workshop Pliers,9.75,1.42,https://detail.1688.com/offer/1076715662515.html,included,
1076581672369,industrial,四刃锯齿偏心钻头瓷砖打孔水泥全瓷开孔混凝土专用电钻干打霸王钻,Electric Drill,1.2,0.18,https://detail.1688.com/offer/1076581672369.html,included,
1076104119257,industrial,工业9寸省力钢丝钳电工专用老虎钳剥线压线钢丝钳家用剪铁丝钳子,Combination Pliers,16.86,2.46,https://detail.1688.com/offer/1076104119257.html,included,
1076070935934,industrial,高硬度内六角扳手套装六棱扳手单支内六角工具内六方6角螺丝刀L形,Screwdriver Set,12.22,1.78,https://detail.1688.com/offer/1076070935934.html,included,
1076012571006,industrial,电瓶接线柱头修复工具水电瓶桩头模具汽车货车电瓶柱修复器,,11.98,,https://detail.1688.com/offer/1076012571006.html,held,product-identification-or-relevance-review
1075921048031,industrial,活动扳手加厚管活两用大开口管钳多功能防滑卫浴家用活口板子批发,Adjustable Wrench,8.6,1.26,https://detail.1688.com/offer/1075921048031.html,included,
1075855749673,industrial,源头工厂222件套汽修维修工具套装  机修五金维修工具箱套筒套装,Tool Set,232,33.88,https://detail.1688.com/offer/1075855749673.html,included,
1075843677955,industrial,扳手款宝塔钻头4241高速钢木工扩孔钻金属不锈钢石材打孔,Stainless Steel Wrench,15.98,2.33,https://detail.1688.com/offer/1075843677955.html,included,
1075839959629,industrial,两用螺丝刀大全十字一字二合一双头起子现货中性品可定制加印logo,Screwdriver or Bit,1.08,0.16,https://detail.1688.com/offer/1075839959629.html,included,
1075767857844,industrial,福冈工具两用螺丝刀家用维修双头十字一字起子多功能螺丝批改锥,Screwdriver or Bit,14.66,2.14,https://detail.1688.com/offer/1075767857844.html,included,
1075707136618,industrial,小螺丝刀十字一字黑批仔各种手机拆机工具 玩具配送 迷你3.02.0,Screwdriver or Bit,0.04,0.01,https://detail.1688.com/offer/1075707136618.html,included,
1075525437914,industrial,磷化黑80加深套筒批头电钻螺母电动螺丝刀加长风批深孔风炮套筒头,Socket Tool,0.85,0.12,https://detail.1688.com/offer/1075525437914.html,included,
1075422789046,industrial,加工定制拐杖型内六角扳手T型内六方平头带手柄螺丝刀L型六角扳手,Hex Key,2,0.29,https://detail.1688.com/offer/1075422789046.html,included,
1075311116565,industrial,手工线类钳多款尖嘴钳尼龙钳DIY手工钳饰品工具diy手工钳子批发,Long-Nose Pliers,8.7,1.27,https://detail.1688.com/offer/1075311116565.html,included,
1075296268937,industrial,十字轮胎扳手跨境外贸扳手汽车维修五金工具喷塑喷砂镀铬十字扳手,Wrench,9.6,1.4,https://detail.1688.com/offer/1075296268937.html,included,
1075186584318,industrial,可敲击螺丝刀十字一字穿心起子耐用好用家用螺丝刀强磁十字加长,Screwdriver or Bit,0.89,0.13,https://detail.1688.com/offer/1075186584318.html,included,
1074908142145,industrial,高硬度内六角扳手套装六棱扳手单支内六角工具内六方6角螺丝刀L形,Screwdriver Set,12.22,1.78,https://detail.1688.com/offer/1074908142145.html,included,
1074907122347,industrial,S2六棱内六角扳手套装公制多功能内6角螺丝刀六棱扳手源头工厂,Screwdriver Set,10.04,1.47,https://detail.1688.com/offer/1074907122347.html,included,
1074885253336,industrial,S2钢螺丝刀十字一字全套强磁螺丝批工具套装改锥起子实用源头,Screwdriver Set,4.42,0.65,https://detail.1688.com/offer/1074885253336.html,included,
1074508095850,industrial,老虎钳子多功能钢丝钳剥线钳尖嘴钳电工专用剪钢丝斜口钳手工工具,Workshop Pliers,2.9,0.42,https://detail.1688.com/offer/1074508095850.html,included,
1074318341810,industrial,梅花内六角扳手套装单个花型米字星形螺丝刀内六花空调滤芯扳手,Screwdriver Set,8.99,1.31,https://detail.1688.com/offer/1074318341810.html,included,
1074285676127,industrial,螺丝刀套装强磁性十字一字起子高硬度工业级改锥家用工具梅花,Screwdriver Set,3.53,0.52,https://detail.1688.com/offer/1074285676127.html,included,
1074107641334,industrial,老虎钳多功能剪铁丝尖嘴钳钢丝钳省力耐用手工电工钳子好物,Workshop Pliers,3.3,0.48,https://detail.1688.com/offer/1074107641334.html,included,
1074072549190,industrial,包邮多功能梅花扳手自紧万用活动扳手呆扳子多用快速扳手,Adjustable Wrench,3.82,0.56,https://detail.1688.com/offer/1074072549190.html,included,
1074064373319,industrial,油封钩子起子拆卸密封型圈专用拆装工具拆密封圈垫片换油封工具,Screwdriver or Bit,6.98,1.02,https://detail.1688.com/offer/1074064373319.html,included,
1074053091793,industrial,水口钳高达模型剪钳手工diy钳子工业级斜口钳子电工专用源头,Pliers,18.41,2.69,https://detail.1688.com/offer/1074053091793.html,included,
1073971231161,industrial,厂家直销五金工具批发 家用电工维修绝缘螺丝刀套装一字起子改锥,Screwdriver Set,28,4.09,https://detail.1688.com/offer/1073971231161.html,included,
1073924136831,industrial,（1）新款（锤头钳）多功能剥线钳钢丝钳子省力老虎钳家用野外套,Workshop Pliers,16.5,2.41,https://detail.1688.com/offer/1073924136831.html,included,
1073719633077,industrial,六角柄木工沉孔钻头沉头平头扩孔器深孔家具钻头打自攻螺丝扩锥孔,Drill Bit,6.49,0.95,https://detail.1688.com/offer/1073719633077.html,included,
1073366234646,industrial,不伤桶油漆桶开桶器开桶扳手开盖油桶扳手开桶器油盖器开盖器开盖,Wrench,6.21,0.91,https://detail.1688.com/offer/1073366234646.html,included,
1073325704312,industrial,自动省力72齿两用梅花开口呆扳手汽车修理工具叉子快速棘轮扳手,Wrench,5.16,0.75,https://detail.1688.com/offer/1073325704312.html,included,
1073320980435,industrial,活动头棘轮扳手72齿快速两用棘轮扳手呆头梅花快速汽修工具亚马逊,Wrench,19.42,2.84,https://detail.1688.com/offer/1073320980435.html,included,
1073296956895,industrial,14件套装梅花开口两用扳手呆头板子梅花汽修机修扳手挂袋包一套,Wrench,37.77,5.51,https://detail.1688.com/offer/1073296956895.html,included,
1073184113942,industrial,48mm六角柄强磁套筒套装电钻工具起子机手内六角燕尾钉风批套筒,Socket Tool,4.81,0.7,https://detail.1688.com/offer/1073184113942.html,included,
1072693025509,industrial,老虎钳工业级多功能钢丝钳家用电工工具省力钳子6寸8寸钳厂家,Combination Pliers,5.3,0.77,https://detail.1688.com/offer/1072693025509.html,included,
1072686849745,industrial,老虎钳钢丝钳多功能万用工业级钳子家用舒适PP包胶防滑手柄搽手巾,Combination Pliers,9.95,1.45,https://detail.1688.com/offer/1072686849745.html,included,
1072098671042,industrial,内六角扳手套装内六方6棱六角螺丝刀工具梅花扳手六边形一件起批,Screwdriver Set,18.94,2.77,https://detail.1688.com/offer/1072098671042.html,included,
1071991746935,industrial,宝塔形内六角批头强磁钨钢扳手冲击披头手电转钻电动螺丝刀六角柄,Wrench,2.05,0.3,https://detail.1688.com/offer/1071991746935.html,included,
1071910089040,industrial,21V 跨境锂电多功能手电钻家用电动大扭力螺丝刀外贸无绳调速枪钻,Electric Drill,32,4.67,https://detail.1688.com/offer/1071910089040.html,included,
1071851739123,industrial,燕尾钉螺丝套筒三钢珠套筒钢珠套筒批头手电钻高硬度钻尾丝,Socket Tool,0.97,0.14,https://detail.1688.com/offer/1071851739123.html,included,
1071542304067,industrial,厂家直销木工开孔器套装六角螺丝五金工具沉孔钻头锥孔钻钻孔扩孔,Drill Bit,5.7,0.83,https://detail.1688.com/offer/1071542304067.html,included,
1071447032259,industrial,跨境螺丝刀两用磁性一十字双头可拆卸改刀螺丝批维修修理工具批发,Screwdriver or Bit,1.08,0.16,https://detail.1688.com/offer/1071447032259.html,included,
1071441132351,industrial,外贸铬钒钢汽车维修机修套装216件套汽修工具箱全套专业汽修工具,Tool Box,31,4.53,https://detail.1688.com/offer/1071441132351.html,included,
1071155436322,industrial,台风TCT硬质合金开孔器不锈钢开孔扩孔器金属厚板铝合金扩孔钻头,Stainless Steel Drill Bit,83,12.12,https://detail.1688.com/offer/1071155436322.html,included,
1070820473151,industrial,内六角扳手套装自动组合六棱单个内六方内6角螺丝刀工具其他,Screwdriver Set,12.75,1.86,https://detail.1688.com/offer/1070820473151.html,included,
1070794503429,industrial,内六角扳手套装万能6角螺丝刀内六花加长自动工具六棱角六方,Screwdriver Set,16.78,2.45,https://detail.1688.com/offer/1070794503429.html,included,
1070465715659,industrial,工业级高硬度活动扳手电瓶车后视镜扳手多功能特大号大小通吃,Adjustable Wrench,9.73,1.42,https://detail.1688.com/offer/1070465715659.html,included,
1070462907617,industrial,活动扳手多功能大开口6寸8寸10寸12寸15寸18寸万用高硬度活口扳手,Adjustable Wrench,13.03,1.9,https://detail.1688.com/offer/1070462907617.html,included,
1070228427780,industrial,加工定制17件套汽车管束钳套装汽车水管卡子管束钳卡箍钳拆卸工具,Pliers,129,18.84,https://detail.1688.com/offer/1070228427780.html,included,
1070205819869,industrial,17件套汽车管束钳套装汽车水管卡子卡箍钳子管束钳卡箍钳拆卸工具,Pliers,65,9.49,https://detail.1688.com/offer/1070205819869.html,included,
1070043919195,industrial,18V小钢炮双速 手电钻 双速电钻 无绳螺丝刀锂电池无绳钻扳手无线,Wireless Wrench,57,8.32,https://detail.1688.com/offer/1070043919195.html,included,
1069938868975,industrial,皮卷尺高精度便携式皮尺/20/30/50m/100米软尺麻布米尺耐磨工程尺,Portable Tape Measure,20.25,2.96,https://detail.1688.com/offer/1069938868975.html,included,
1069884514535,industrial,黑色/镀镍内六角扳手六角匙L型扳手M1.5/2/3/4/5/6/8/10/12/14/HH,Hex Key,1.31,0.19,https://detail.1688.com/offer/1069884514535.html,included,
1069657842631,industrial,32PC 百变魔盒彩虹批头 S2 高硬度强磁  家用汽修电动起子工具,Screwdriver or Bit,22,3.21,https://detail.1688.com/offer/1069657842631.html,included,
1069582892164,industrial,家用五金工具应急维修工具箱盒家用组合套装保险汽车用工具多功能,Tool Set,3.9,0.57,https://detail.1688.com/offer/1069582892164.html,included,
1069422308423,industrial,精密螺丝刀套装44合一跨境多功能维修工具拆机批头螺丝五金玩具,Screwdriver Set,28,4.09,https://detail.1688.com/offer/1069422308423.html,included,
1069399371782,industrial,厂家供应汽车发动机皮带轮扳手15件套皮带轮惰轮扳手皮带张紧扳手,Wrench,65,9.49,https://detail.1688.com/offer/1069399371782.html,included,
1069331367097,industrial,鼓式刹车弹簧钳拆卸钳拆装鼓刹调整车底蹄片维修专用工具制动调整,Pliers,52.9,7.72,https://detail.1688.com/offer/1069331367097.html,included,
1069112891417,industrial,得力粘塑柄防滑活动络扳手板子轻型维修活扳手DL120006 8 10 12寸,Adjustable Wrench,12.65,1.85,https://detail.1688.com/offer/1069112891417.html,included,
1068647259188,industrial,角磨机扳手加厚型拆卸工具可调万能扳手切割机压板扳手角磨机配件,Wrench,1.6,0.23,https://detail.1688.com/offer/1068647259188.html,included,
1068634791463,industrial,方大王穿心螺丝刀可敲击强力磁吸刀十字一字改锥超硬德式穿心起子,Screwdriver or Bit,6.67,0.97,https://detail.1688.com/offer/1068634791463.html,included,
1068443667284,industrial,内六角六角扳手套装六棱内六方梅花螺丝刀工具万能自动六边形,Screwdriver Set,11.29,1.65,https://detail.1688.com/offer/1068443667284.html,included,
1068213741030,industrial,汽车电动车气门芯扳手轮胎气门芯扳手空调气门气门嘴扳手放气工具,Wrench,0.28,0.04,https://detail.1688.com/offer/1068213741030.html,included,
1068156019313,industrial,跨境迷你6mm十字一字螺丝批汽车挡板拆卸配送6mm十字一字螺丝刀,Screwdriver or Bit,0.22,0.03,https://detail.1688.com/offer/1068156019313.html,included,
1068108934719,industrial,家用维修工具7件套铬钒钢螺丝刀扳手卷尺美工钳组合五金工具套装,Screwdriver Set,30.27,4.42,https://detail.1688.com/offer/1068108934719.html,included,
1067973020407,industrial,多功能大开口活动扳手卫浴管道安装工具万用活口板手管钳家用维修,Adjustable Wrench,0.39,0.06,https://detail.1688.com/offer/1067973020407.html,included,
1067957641295,industrial,拓森五金S2发红内六角套装球头L型梅花维修工具球头内六角扳手,Hex Key,72.5,10.59,https://detail.1688.com/offer/1067957641295.html,included,
1067852319071,industrial,十字一字双头两用螺丝刀磁性超硬二合一多功能拆机维修螺丝批套装,Screwdriver Set,6.2,0.91,https://detail.1688.com/offer/1067852319071.html,included,
1067751530272,industrial,90度拐角L型Z型螺丝刀直角弯头起子小空间用强磁内六角螺丝刀套装,Screwdriver Set,2,0.29,https://detail.1688.com/offer/1067751530272.html,included,
1067606411304,industrial,小一字十字两用螺丝刀起子改锥螺丝批钟表手机笔记本拆机工具,Screwdriver or Bit,10.24,1.5,https://detail.1688.com/offer/1067606411304.html,included,
1067276547094,industrial,跨境专供折叠多功能扳手套装便携组合梅花平头一体折叠内六角扳手,Foldable Portable Hex Key,3.8,0.55,https://detail.1688.com/offer/1067276547094.html,included,
1066972103990,industrial,新款鹰嘴钳甲沟指甲剪刀指甲钳修灰厚脚趾甲修剪 DIY工具卸钻工具,Pliers,2.8,0.41,https://detail.1688.com/offer/1066972103990.html,included,
1066875008716,industrial,异形螺丝刀套装一字十字梅花Y字U形拆插座17合一手动螺丝批组合,Screwdriver Set,18,2.63,https://detail.1688.com/offer/1066875008716.html,included,
1066692615359,industrial,工业级高碳钢丝钱多功能省力电工钳子剥线剪线绕线钳防滑老虎钳,Combination Pliers,10.5,1.53,https://detail.1688.com/offer/1066692615359.html,included,
1066590115213,industrial,含钴宝塔型钻头高硬度铁板不锈钢304专用打孔钻头开孔扩孔器转头,Stainless Steel Drill Bit,13.55,1.98,https://detail.1688.com/offer/1066590115213.html,included,
1066448620340,industrial,家装维修通用工具套装组合多功能日常家用电工维修五金大全工具箱,Tool Set,9.35,1.37,https://detail.1688.com/offer/1066448620340.html,included,
1066080164761,industrial,工厂现货发动机皮带扳手15件套发动机惰轮涨紧器皮带轮调整扳手,Wrench,68,9.93,https://detail.1688.com/offer/1066080164761.html,included,
1065927782294,industrial,加硬内六角扳手套装梅花内六角扳手平头球头内六角套装t型内六,Hex Key,0.4,0.06,https://detail.1688.com/offer/1065927782294.html,included,
1065915746782,industrial,工业级内六角扳手套装六棱扳手六角工具高硬度内六方6角螺丝刀L形,Screwdriver Set,5.2,0.76,https://detail.1688.com/offer/1065915746782.html,included,
1065167452910,industrial,15件套惰轮可换头皮带扳手组调整扳手加长拆卸扳手惰轮涨紧扳手,Wrench,75,10.95,https://detail.1688.com/offer/1065167452910.html,included,
1064881628081,industrial,套件骑行套筒扳手多功能修理内六角螺丝刀折叠自行车维修工具配件,Foldable Socket Tool,2.38,0.35,https://detail.1688.com/offer/1064881628081.html,included,
1064736309475,industrial,批发电讯螺丝批1.5/2.0十字星型0.8 0.6Y2.0Y维修拆卸螺丝刀起子,Screwdriver or Bit,0.42,0.06,https://detail.1688.com/offer/1064736309475.html,included,
1064174325461,industrial,汉斧内六角扳手套装万能6角螺丝刀内六花加长自动工具六棱角六方,Screwdriver Set,6.63,0.97,https://detail.1688.com/offer/1064174325461.html,included,
1064063918151,industrial,新型膨胀管取出器滑丝断丝取出器电动扳手钻头限位可调节取丝工具,Adjustable Wrench,7.8,1.14,https://detail.1688.com/offer/1064063918151.html,included,
1063926097433,industrial,新款无磁套筒瓦钉批头8mm内六角批头钻尾丝套头炫彩高硬度钢批发,Socket Tool,1.73,0.25,https://detail.1688.com/offer/1063926097433.html,included,
1063901163092,industrial,6寸老虎钳8寸钢丝钳工业级高硬度尖嘴钳斜嘴钳省力防滑跨境批发,Workshop Pliers,9.4,1.37,https://detail.1688.com/offer/1063901163092.html,included,
1063648551471,industrial,工业级多功能电缆钳防锈抗腐锋利刃口剥线钳电工专用剥线压线工具,Wire Stripping Pliers,9.9,1.45,https://detail.1688.com/offer/1063648551471.html,included,
1063320641103,industrial,套筒自行车维修工具多功能螺丝刀家用十六套装折叠合一内六角扳手,Foldable Screwdriver Set,2.38,0.35,https://detail.1688.com/offer/1063320641103.html,included,
1063259096139,industrial,汽车走线撬板工具 刀型开口布线起子 拆机压角撬棒套装G032,Screwdriver or Bit,0.4,0.06,https://detail.1688.com/offer/1063259096139.html,included,
1062897831796,industrial,厂家批发加长薄壁套筒扳手套装全套8-24mm汽修维修加长套筒扳手,Socket Tool,4.8,0.7,https://detail.1688.com/offer/1062897831796.html,included,
1062743106183,industrial,汽车油管封口钳软管断流封管钳子合金水管夹紧器油管夹子维修工具,Pliers,13,1.9,https://detail.1688.com/offer/1062743106183.html,included,
1062602509514,industrial,水龙头起泡器阀芯压盖专用扳手混水阀安装拆卸花洒多功能维修工具,Wrench,0.5,0.07,https://detail.1688.com/offer/1062602509514.html,included,
1062477054073,industrial,安装锤胶皮锤子地板砖瓷砖门窗安装塑胶铲压缝胶条神器绿色橡胶锤,Hammer,5.8,0.85,https://detail.1688.com/offer/1062477054073.html,included,
1062233231466,industrial,空调两用螺丝刀十字一字刀头高硬度强磁六角伸缩刀杆开角阀收氟用,Screwdriver or Bit,5,0.73,https://detail.1688.com/offer/1062233231466.html,included,
1062006572185,industrial,跨境锂电棘轮扳手90度直角向家用充电式大扭力汽修扳手电动工具批,Rechargeable Wrench,100,14.6,https://detail.1688.com/offer/1062006572185.html,included,
1061693152053,industrial,家用万用折叠维修工具多功能螺丝刀扳手组合全套内六角修理配件 .,Foldable Wrench,2.38,0.35,https://detail.1688.com/offer/1061693152053.html,included,
1061465369132,industrial,单支电讯批 小螺丝刀 精密螺丝批 十字一字梅花起子 电子电器维修,Screwdriver or Bit,0.8,0.12,https://detail.1688.com/offer/1061465369132.html,included,
1061379021785,industrial,两用扳手梅花开口工具套装电泳14件套8-24mm铬钒钢开口梅花扳手,Tool Set,17,2.48,https://detail.1688.com/offer/1061379021785.html,included,
1061232686293,industrial,汽车12角梅花风扇扳手发动机皮带十二角12角螺丝拆卸工具惰轮扳手,Wrench,60,8.76,https://detail.1688.com/offer/1061232686293.html,included,
1061081470441,industrial,鹰盾diy斜口钳子精密5寸电子剪手机维修元件水口钳手工模型塑胶钳,Pliers,2.4,0.35,https://detail.1688.com/offer/1061081470441.html,included,
1060915449692,industrial,自行车多功能外六角扳手多用骨头板手便携修车工具十合一套筒工具,Portable Socket Tool,1.15,0.17,https://detail.1688.com/offer/1060915449692.html,included,
1060889786991,industrial,空调两用螺丝刀十字一字刀头高硬度强磁内六角伸缩刀杆开角阀收氟,Screwdriver or Bit,5,0.73,https://detail.1688.com/offer/1060889786991.html,included,
1060792049949,industrial,自行车电动车内胎气门芯扳手山地车气嘴扳手单车维修放气调节工具,Wrench,0.15,0.02,https://detail.1688.com/offer/1060792049949.html,included,
1060728722040,industrial,老虎钳多功能万用电工专用多用工具钢丝钳万能工业级钳子大号,Combination Pliers,53.96,7.88,https://detail.1688.com/offer/1060728722040.html,included,
1060728518834,industrial,高硬度内六角扳手套装六棱扳手单支内六角工具内六方6角螺丝刀L形,Screwdriver Set,12.22,1.78,https://detail.1688.com/offer/1060728518834.html,included,
1060651897149,industrial,7件套五金工具箱套装车载工具套装老虎钳扳手螺丝刀组合工具套装,Screwdriver Set,3.9,0.57,https://detail.1688.com/offer/1060651897149.html,included,
1060555839607,industrial,穿心螺丝刀工业级加长通心可敲击螺丝刀超硬磁力十字一字批头批发,Screwdriver or Bit,3.34,0.49,https://detail.1688.com/offer/1060555839607.html,included,
1060535701086,industrial,多功能扳手折叠六角螺丝刀折叠式内六角家用扳手工具套装便携工具,Foldable Portable Screwdriver Set,2.38,0.35,https://detail.1688.com/offer/1060535701086.html,included,
1060529823701,industrial,义乌五金工具礼品 9件套家用组合工具套装 五金组套工具箱 现货批,Tool Set,9.3,1.36,https://detail.1688.com/offer/1060529823701.html,included,
1060528142087,industrial,强化版九合一多功能刮板玻璃胶修边器结构胶硅胶刮片刮板工具,,1.9,,https://detail.1688.com/offer/1060528142087.html,held,product-identification-or-relevance-review
1060448964828,industrial,厂家直供可调节套筒多功能套筒魔术电动扳手电商爆款,Adjustable Socket Tool,13,1.9,https://detail.1688.com/offer/1060448964828.html,included,
1060284984978,industrial,41件套3D打印机配件MK8 0.4mm 黄铜喷嘴打印头清理针通针镊子扳手,Wrench,48,7.01,https://detail.1688.com/offer/1060284984978.html,included,
1060218686730,industrial,绿林宝塔钻头开孔扩孔器打孔不锈钢金属专用阶梯高硬度手电钻转头,Stainless Steel Electric Drill,4.4,0.64,https://detail.1688.com/offer/1060218686730.html,included,
1059919951177,industrial,老虎钳电工专用家用多功能万用尖嘴钳工业级省力虎口钢丝钳子厂家,Workshop Pliers,14.91,2.18,https://detail.1688.com/offer/1059919951177.html,included,
1059572340803,industrial,按摩柄梅花平口螺丝刀强磁起子厂家现货批发螺丝刀维修工具,Screwdriver or Bit,1.28,0.19,https://detail.1688.com/offer/1059572340803.html,included,
1059517502908,industrial,便携多用螺丝刀套装精铸钢超短迷你十字一字多功能开箱器户外必备,Portable Screwdriver Set,0.6,0.09,https://detail.1688.com/offer/1059517502908.html,included,
1059509998894,industrial,强磁红钢高硬度S2十字一字螺丝刀工业维修家用改锥起子螺丝批组套,Tool Set,1.75,0.26,https://detail.1688.com/offer/1059509998894.html,included,
1059446096194,industrial,厂家直销带磁十字一字水晶透明彩条柄电脑电器缝纫机玩具维修起子,Screwdriver or Bit,1.25,0.18,https://detail.1688.com/offer/1059446096194.html,included,
1059294538139,industrial,加工定制汽车发动机皮带调节扳手可调节15件套惰轮皮带张紧扳手,Adjustable Wrench,75,10.95,https://detail.1688.com/offer/1059294538139.html,included,
1059036854850,industrial,汽车电动车轮胎补胎胶钉盒装跨境蘑菇钉真空补胎钉工具套装带螺丝,Tool Set,1.45,0.21,https://detail.1688.com/offer/1059036854850.html,included,
1058853043329,industrial,自行车螺丝刀工具花片1内六角扳手组合修理螺丝刀合折叠16多功能,Foldable Hex Key,2.38,0.35,https://detail.1688.com/offer/1058853043329.html,included,
1058713771629,industrial,多功能螺丝刀十六合一折叠家用内六角扳手套筒自行车维修工具套装,Foldable Screwdriver Set,2.15,0.31,https://detail.1688.com/offer/1058713771629.html,included,
1058712639714,industrial,六角折叠螺丝刀花片扳手16合1多功能螺丝刀组合自行车修理工具内,Foldable Wrench,2.38,0.35,https://detail.1688.com/offer/1058712639714.html,included,
1058709235797,industrial,【活动中】新款折叠家用万能螺丝刀套装多功能内六角万用组合扳手,Foldable Screwdriver Set,2.38,0.35,https://detail.1688.com/offer/1058709235797.html,included,
1058703841316,industrial,磁性套筒8mm电动扳手电钻内六角柄强磁批头钻燕尾丝自攻螺丝套头,Socket Tool,1.34,0.2,https://detail.1688.com/offer/1058703841316.html,included,
1058646216545,industrial,【复购链接】木工锯齿麻花钻手电钻打孔工具拉槽套装镀钛锯钻头,Electric Drill,0.76,0.11,https://detail.1688.com/offer/1058646216545.html,included,
1058625926943,industrial,内六角套筒 8mm无磁彩色钢珠套筒 电动扳手燕尾螺丝套筒扳手定制,Socket Tool,0.8,0.12,https://detail.1688.com/offer/1058625926943.html,included,
1058495391906,industrial,加长花型螺丝刀米字改锥T15-T20-T25-T27-T30磁性螺丝刀星型起子,Screwdriver or Bit,3.6,0.53,https://detail.1688.com/offer/1058495391906.html,included,
1058434188867,industrial,绿林木工钻头麻花钻专用木头打孔三尖钻手电钻木板钻孔支罗钻8mm,Electric Drill,4.5,0.66,https://detail.1688.com/offer/1058434188867.html,included,
1058361484977,industrial,多功能迷你螺丝刀套装十字一字Y型梅花手表眼镜手机维修工具配送,Screwdriver Set,0.06,0.01,https://detail.1688.com/offer/1058361484977.html,included,
1058347288087,industrial,五金工具定制建工钻发黑石工钻头水泥墙壁混凝土冲击钻头开孔器,Drill Bit,1.3,0.19,https://detail.1688.com/offer/1058347288087.html,included,
1058199431607,industrial,绿林打磨钻头瓷砖打孔开孔器专用手电钻修边干打玻璃金刚砂大理石,Electric Drill,5.59,0.82,https://detail.1688.com/offer/1058199431607.html,included,
1058041084124,industrial,新款全钢超大开口短柄活动扳手6寸8寸卫浴扳手迷你短把大活口呆口,Adjustable Wrench,5.85,0.85,https://detail.1688.com/offer/1058041084124.html,included,
1058031619315,industrial,充电手电钻手枪钻家用冲击钻工具多功能无刷锂电池手转电动螺丝刀,Rechargeable Electric Drill,130,18.98,https://detail.1688.com/offer/1058031619315.html,included,
1057830184439,industrial,拐杖L型内六角扳手T型带手柄扳手加长6角内六方扳手内六角螺丝刀,Hex Key,5.8,0.85,https://detail.1688.com/offer/1057830184439.html,included,
1057649808268,industrial,多功能骨头扳手内六角螺丝工具便携十合一自行车内六方套筒小扳手,Portable Socket Tool,1.2,0.18,https://detail.1688.com/offer/1057649808268.html,included,
1057532747280,industrial,空调螺丝刀收氟两用高硬度刀头开角阀专用强磁5mm内六角螺栓起子,Screwdriver or Bit,2.5,0.37,https://detail.1688.com/offer/1057532747280.html,included,
1057315484320,industrial,梅开呆扳子呆梅加长省力叉扳手汽车维修拆装工具开口梅花两用扳手,Wrench,1.8,0.26,https://detail.1688.com/offer/1057315484320.html,included,
1057171911742,industrial,四刃锯齿偏心钻干打金属不锈钢陶瓷混凝土玻璃瓷砖扩孔器锋齿钻头,Stainless Steel Drill Bit,0.1,0.01,https://detail.1688.com/offer/1057171911742.html,included,
1057143432942,industrial,新款水槽卫浴扳手水管扳手水槽水管安装拆卸通用多功能万能扳手,Wrench,6.5,0.95,https://detail.1688.com/offer/1057143432942.html,included,
1056827073340,industrial,汽修工具套装套筒棘轮扳手修车维修多功能套筒套管组合工具箱大全,Tool Set,9.5,1.39,https://detail.1688.com/offer/1056827073340.html,included,
1056734332518,industrial,五合一铝合金螺丝刀多功能平板电脑拆机工具套装螺丝刀手机配件批,Screwdriver Set,2,0.29,https://detail.1688.com/offer/1056734332518.html,included,
1056504985210,industrial,8至12件套螺丝刀组合套装厂家直销手机平板电脑手表维修拆机工具,Screwdriver Set,0.8,0.12,https://detail.1688.com/offer/1056504985210.html,included,
1056500169527,industrial,批发T型内六角扳手单个公制T型螺丝刀六角匙合金钢平头内六角板手,Hex Key,0.42,0.06,https://detail.1688.com/offer/1056500169527.html,included,
1056381578318,industrial,骨头扳手骑行工具多功能便携自行车修车合一内六角六方套筒螺丝,Portable Socket Tool,1.15,0.17,https://detail.1688.com/offer/1056381578318.html,included,
1056285582804,industrial,得力镜面两用扳手组开口梅花扳手高碳钢材质 DL0108 10 12 23 14A,Wrench,66,9.64,https://detail.1688.com/offer/1056285582804.html,included,
1056126758422,industrial,901铝制帽式机油滤清器扳手 903滤芯机油格扳手 902机滤扳手,Wrench,4.5,0.66,https://detail.1688.com/offer/1056126758422.html,included,
1056125228341,industrial,厂家直销三刃PPR提口钻头阶梯钻修复水管四分六分一寸镀钛扩孔器,Drill Bit,4.7,0.69,https://detail.1688.com/offer/1056125228341.html,included,
1055947299311,industrial,链条魔术扣钳子山地车自行车快拆扣拆卸安装扳手工具骑行,Wrench,2.85,0.42,https://detail.1688.com/offer/1055947299311.html,included,
1055655070223,industrial,十字套筒汽油锯/电链锯/割草机套筒园林扳手火花塞割灌机一字扳手,Socket Tool,1,0.15,https://detail.1688.com/offer/1055655070223.html,included,
1055651567154,industrial,链条魔术扣钳子山地车自行车链条快拆扣魔术扣拆卸安装扳手截链器,Wrench,4.5,0.66,https://detail.1688.com/offer/1055651567154.html,included,
1055608115460,industrial,170工业电子剪钳塑料件水口钳斜口钳DIY工具如意钳模型钳厂家批发,Pliers,2,0.29,https://detail.1688.com/offer/1055608115460.html,included,
1055438225572,industrial,多用途骨头扳手自行车多用板手外六角骨头扳手自行车套筒工具便携,Portable Socket Tool,1.15,0.17,https://detail.1688.com/offer/1055438225572.html,included,
1055217564729,industrial,GOOD 4*100*2.5*30*0# 进口S2钢材 电批头 十字头 PH0加长起子头,Electric Screwdriver,3,0.44,https://detail.1688.com/offer/1055217564729.html,included,
1055169476884,industrial,内六角扳手七字L形内六角扳手螺丝刀平头L型硬内外六方角匙小扳手,Hex Key,0.05,0.01,https://detail.1688.com/offer/1055169476884.html,included,
1054825873471,industrial,万向接头T型套筒扳手多角度转向结构汽车拆装外贸汽配加工定制,Socket Tool,15.24,2.23,https://detail.1688.com/offer/1054825873471.html,included,
1054442483068,industrial,德国高硬内六角扳手内六角工具六棱梅花星螺丝刀套装工业级一套,Screwdriver Set,3.5,0.51,https://detail.1688.com/offer/1054442483068.html,included,
1054295457400,industrial,迷你T型套筒扳手可携式短丁字外六角小套头家用手动维修拆卸工具,Socket Tool,1.9,0.28,https://detail.1688.com/offer/1054295457400.html,included,
1053856562160,industrial,1/2套筒批头扳手内六角套筒电动扳手套筒大飞S2内6角旋具套筒加长,Socket Tool,5,0.73,https://detail.1688.com/offer/1053856562160.html,included,
1053853609755,industrial,汽车门板卡扣胶扣线路螺丝刀 撬杠 撬卡扣工具蓝色4寸起子,Screwdriver or Bit,0.79,0.12,https://detail.1688.com/offer/1053853609755.html,included,
1053764569304,industrial,麻花钻头高强度不锈钢手电钻打孔钢铁金属合金木工专用高硬小转头,Stainless Steel Electric Drill,5,0.73,https://detail.1688.com/offer/1053764569304.html,included,
1053646710582,industrial,骨头扳手骑行工具多功能便携自行车修车合一螺丝扳手多功能万用,Portable Wrench,1.15,0.17,https://detail.1688.com/offer/1053646710582.html,included,
1053633021457,industrial,厂家批发磁性防滑十字螺丝刀中性起子家用维修软胶柄6.0一字改锥,Screwdriver or Bit,1.3,0.19,https://detail.1688.com/offer/1053633021457.html,included,
1053574770289,industrial,京选两用螺丝刀十字一字磁性双头二合一螺丝批家用大起子维修改锥,Screwdriver or Bit,14.4,2.1,https://detail.1688.com/offer/1053574770289.html,included,
1053335178457,industrial,修车套筒 多种规格可选  汽修扳手,Socket Tool,2.2,0.32,https://detail.1688.com/offer/1053335178457.html,included,
1053273278969,industrial,补胎工具扒胎轮胎钢圈神力棒 扒胎钳轮胎击杆 压条取出器,Pliers,57,8.32,https://detail.1688.com/offer/1053273278969.html,included,
1053222829361,industrial,十字穿心棘轮异形螺丝刀工具套装两用改锥敲击平口一字梅花起子型,Screwdriver Set,0.28,0.04,https://detail.1688.com/offer/1053222829361.html,included,
1052996643642,industrial,53件专业汽修工具组套维修家用棘轮套筒扳手机修汽修工具组合批发,Tool Set,30,4.38,https://detail.1688.com/offer/1052996643642.html,included,
1052988038860,industrial,三叉套筒扳手多功能外六角Y型套筒扳手工具三角套筒板手批发制做,Socket Tool,1.6,0.23,https://detail.1688.com/offer/1052988038860.html,included,
1052860370643,industrial,棘轮扳手3件套葫芦柄大中小飞1/2 1/4 3/8棘轮扳手90齿快板双向,Wrench,53,7.74,https://detail.1688.com/offer/1052860370643.html,included,
1052822443759,industrial,管束钳8件套汽油滤清器卡钳油管钳尿素管接头拆卸钳汽修工具厂家,Pliers,53.6,7.83,https://detail.1688.com/offer/1052822443759.html,included,
1052733747334,industrial,拆装鼓刹调整车底蹄片维修工具制动调整撬棒鼓式刹车弹簧钳拆卸钳,Pliers,3.2,0.47,https://detail.1688.com/offer/1052733747334.html,included,
1052607575211,industrial,5寸去骨钳 去骨工具家用去骨剃无骨鸡爪  工具钳,Pliers,4.8,0.7,https://detail.1688.com/offer/1052607575211.html,included,
1052585318797,industrial,减震器上座螺母拆卸减震专用拆卸套筒支柱保时捷减震螺母拆卸套筒,Socket Tool,9,1.31,https://detail.1688.com/offer/1052585318797.html,included,
1052541188681,industrial,【专用三围尺】健身尺子腰围尺量臂腿围胸围卷尺精准三维尺多功能,Tape Measure,1,0.15,https://detail.1688.com/offer/1052541188681.html,included,
1052484672567,industrial,厂家批发黑柄手雷柄十字螺丝刀一次性赠品梅花起子4.0十字螺丝批,Screwdriver or Bit,0.09,0.01,https://detail.1688.com/offer/1052484672567.html,included,
1052339659090,industrial,跨境电扳手电动无刷棘轮扳手舞台桁架充电式90度小型角向扳手,Rechargeable Electric Wrench,56,8.18,https://detail.1688.com/offer/1052339659090.html,included,
1052103485170,industrial,汽修工具套装修车工具批头套筒棘轮扳手套筒盒子多功能车载工具箱,Tool Set,73,10.66,https://detail.1688.com/offer/1052103485170.html,included,
1051798859576,industrial,电动扳手套筒磁性加长风批套筒头电钻8mm加深批头彩钢瓦自攻螺丝,Socket Tool,1.35,0.2,https://detail.1688.com/offer/1051798859576.html,included,
1051759606934,industrial,厂家批发火花塞套筒扳手汽车拆卸工具安装万向火花塞T型套筒扳手,Socket Tool,9.5,1.39,https://detail.1688.com/offer/1051759606934.html,included,
1051759054021,industrial,美式轮胎气门芯汽车轮胎气门针扳手钥匙电动自行车摩托真空胎嘴帽,Wrench,1.1,0.16,https://detail.1688.com/offer/1051759054021.html,included,
1051742852656,industrial,跨境三尖木工钻头批发木材开孔器手电钻定位钻多功能钻头套装工具,Electric Drill,0.18,0.03,https://detail.1688.com/offer/1051742852656.html,included,
1051711846738,industrial,德力西电气内六角扳手单个1.5-19mm六角螺丝刀球头平头六角扳手,Hex Key,0.61,0.09,https://detail.1688.com/offer/1051711846738.html,included,
1051637589098,industrial,63件1/2气动加长六角套筒套装小风炮大飞四角套头扳手汽修组套,Tool Set,273,39.86,https://detail.1688.com/offer/1051637589098.html,included,
1051631125740,industrial,活动扳手活口迷你小型扳手正品6寸8寸10寸万用能活络扳子拆卸工具,Adjustable Wrench,5.47,0.8,https://detail.1688.com/offer/1051631125740.html,included,
1051431108483,industrial,自行车链条拆卸工具钳子截链器链条尺快拆扣魔术扣拆卸钳子工具,Pliers,0.6,0.09,https://detail.1688.com/offer/1051431108483.html,included,
1051420396345,industrial,玩具家具配送工具赠品小螺丝刀手机拆机小起子一字十字迷你螺丝刀,Screwdriver or Bit,0.11,0.02,https://detail.1688.com/offer/1051420396345.html,included,
1051409953453,industrial,捉狗钳狗夹子抓捕狗工具加长加厚防狗咬救助流浪狗猫逮狗防身养殖,Pliers,11.9,1.74,https://detail.1688.com/offer/1051409953453.html,included,
1051374611040,industrial,八合一螺丝批十字一字起子家用组合工具套装两用小螺丝刀梅花平口,Screwdriver Set,4,0.58,https://detail.1688.com/offer/1051374611040.html,included,
1051104205772,industrial,链条魔术扣钳子 山地车自行车链条快拆扣魔术扣拆卸安装扳手工具,Wrench,2.8,0.41,https://detail.1688.com/offer/1051104205772.html,included,
1051030819628,industrial,红黑老虎钳多功能五金钳工业级尖嘴钳斜嘴钳钳子大开口工具批发,Workshop Pliers,2.7,0.39,https://detail.1688.com/offer/1051030819628.html,included,
1051025232651,industrial,跨境热销13合一精密螺丝刀套装便携式高硬度多功能笔式螺丝批工具,Portable Screwdriver Set,9,1.31,https://detail.1688.com/offer/1051025232651.html,included,
1050934540102,industrial,断线钳剪刀钢筋剪断钳多功能省力钢丝剪大力剪铁丝钳子非液压重型,Pliers,15.1,2.2,https://detail.1688.com/offer/1050934540102.html,included,
1050904399879,industrial,拉线管束钳拔取钳管路拆卸器弯头卡箍钳卡扣钳汽车卡钳汽修工具,Pliers,1,0.15,https://detail.1688.com/offer/1050904399879.html,included,
1050788326268,industrial,多功能骨头扳手内六角螺丝工具便携十合一自行车内六方套筒小扳手,Portable Socket Tool,1.1,0.16,https://detail.1688.com/offer/1050788326268.html,included,
1050578731412,industrial,组套车载家用保险礼品组合直销五金工具箱组合维修工具套装件套9,Tool Set,9.2,1.34,https://detail.1688.com/offer/1050578731412.html,included,
1050490754259,industrial,1/2大飞镜面绿带六角短套筒头子扳手多规格修车机修汽修五金工具,Socket Tool,0.95,0.14,https://detail.1688.com/offer/1050490754259.html,included,
1050245009721,industrial,45pc短柄工具组套棘轮扳手活动扳手维修工具拆卸多功能,Tool Set,55,8.03,https://detail.1688.com/offer/1050245009721.html,included,
1050237281972,industrial,铬钒钢材质火花塞套筒维修汽车摩托车扭力组套8件套套筒扳手,Tool Set,26,3.8,https://detail.1688.com/offer/1050237281972.html,included,
1050144682519,industrial,8口铬钼钢编轮组钢丝调整工具 维修自行车辐条扳手,Wrench,1.7,0.25,https://detail.1688.com/offer/1050144682519.html,included,
1050074398247,industrial,源头供应29件黑色圆筒钻头 塑盒套装木工钻金属钻 五金配件,Drill Bit,63,9.2,https://detail.1688.com/offer/1050074398247.html,included,
1049926083825,industrial,汽车补胎钉电动车摩托车自行车补胎钉胶钉蘑菇钉真空胎补胎可贴标,,0.35,,https://detail.1688.com/offer/1049926083825.html,held,product-identification-or-relevance-review
1049919594316,industrial,4.5寸迷你小钳子有牙尖嘴钳手工钳老虎钳珠宝钳子加长斜嘴钳五金,Workshop Pliers,2.85,0.42,https://detail.1688.com/offer/1049919594316.html,included,
1049891838864,industrial,跨境套筒头8PC丝锥套筒套装四方孔传动加长套筒批头套筒扳手工具,Socket Tool,33,4.82,https://detail.1688.com/offer/1049891838864.html,included,
1049850592158,industrial,厂家批发中性版两用萝卜头螺丝刀十字一字可调头小胖墩短柄改锥,Screwdriver or Bit,1,0.15,https://detail.1688.com/offer/1049850592158.html,included,
1049743995561,industrial,厂家直销3合一绝缘电工螺丝刀强磁十字一字可换批头维修工具套装,Screwdriver Set,3.3,0.48,https://detail.1688.com/offer/1049743995561.html,included,
1049450337389,industrial,电动扳手套筒大飞配套扳手套筒组套汽修组套风批套组合内六角电泳,Tool Set,10.8,1.58,https://detail.1688.com/offer/1049450337389.html,included,
1049209752059,industrial,新款燕尾钉螺丝套筒无磁套筒钢珠套筒批头手电钻高硬度钻尾丝套筒,Socket Tool,0.6,0.09,https://detail.1688.com/offer/1049209752059.html,included,
1049176085201,industrial,雅样 46件套筒扳手工具汽修组套扳子小飞1/4棘轮扳手套装家用维修,Tool Set,11,1.61,https://detail.1688.com/offer/1049176085201.html,included,
1048948408618,industrial,厂家批发 老虎钳尖嘴钳6寸8寸钢丝钳美式斜嘴斜口钳五金工具大全,Workshop Pliers,2.55,0.37,https://detail.1688.com/offer/1048948408618.html,included,
1048795579967,industrial,8口铬钼钢编轮组钢丝调整工具 维修自行车辐条扳手,Wrench,1.7,0.25,https://detail.1688.com/offer/1048795579967.html,included,
1048663122254,industrial,航模模型六边形内六角螺丝刀套装高速钢公制1.5-2-2.5-3mm扳手,Screwdriver Set,21,3.07,https://detail.1688.com/offer/1048663122254.html,included,
1048241010233,industrial,正宗老式火钳加厚家用厨房烧火钳子长把户外烧烤轻便环卫垃圾夹,Pliers,6.2,0.91,https://detail.1688.com/offer/1048241010233.html,included,
1047962577560,industrial,得力正品工具省力皮带打孔器家用腰带打孔钳裤带手表带打洞器打眼,Pliers,10.8,1.58,https://detail.1688.com/offer/1047962577560.html,included,
1047920520296,industrial,13合一精密螺丝刀套装厂家直供手机拆机工具,Screwdriver Set,1.31,0.19,https://detail.1688.com/offer/1047920520296.html,included,
1047705687731,industrial,FEIBAO飞豹工业级省力钳6寸8寸钢丝钳尖嘴钳家用多功能手工斜嘴钳,Workshop Pliers,9.1,1.33,https://detail.1688.com/offer/1047705687731.html,included,
1047696461330,industrial,南威多功能铝合金卫浴扳手轻型扳手活口大开口短柄活动两用扳手,Wrench,6.5,0.95,https://detail.1688.com/offer/1047696461330.html,included,
1047305196414,industrial,60PC号码钻头组套 圆柄镀钛60件套麻花钻套装钻头工具,Tool Set,42.5,6.21,https://detail.1688.com/offer/1047305196414.html,included,
1047112462673,industrial,拓森镍铁尖嘴钳钢丝钳6寸8寸多功能电工钳多用钳老虎钳斜嘴斜口钳,Workshop Pliers,7.21,1.05,https://detail.1688.com/offer/1047112462673.html,included,
1047100083249,industrial,钻头厂家上新磨制螺旋槽阶梯钻促销优选钢材高温淬火台钻打孔工具,Drill Bit,2.5,0.37,https://detail.1688.com/offer/1047100083249.html,included,
1046915957635,industrial,电动扳手短套筒 哑光六角 8-32mm1/2 大飞风炮套筒头哑光镀镍套筒,Socket Tool,0.76,0.11,https://detail.1688.com/offer/1046915957635.html,included,
1046898978846,industrial,不锈钢止血钳直弯头手术夹子钳夹物持针器宠物钓鱼取钩器拔毛钳子,Stainless Steel Pliers,5,0.73,https://detail.1688.com/offer/1046898978846.html,included,
1046886004850,industrial,活动扳手工业级包胶防滑大开口多功能8寸10寸12寸高硬度扳手批发,Adjustable Wrench,2.56,0.37,https://detail.1688.com/offer/1046886004850.html,included,
1046835004580,industrial,跨境维修水盆花洒马桶拆卸安装14合1多功能卫浴扳手8合1水槽扳手,Wrench,1.8,0.26,https://detail.1688.com/offer/1046835004580.html,included,
1046809370133,industrial,汽车氧传感器套筒拆卸扳手22mm汽车拆氧传感器工具含氧传感器扳手,Socket Tool,21.6,3.15,https://detail.1688.com/offer/1046809370133.html,included,
1046441117889,industrial,穿心螺丝刀工厂直批起子改锥可砸敲击螺丝刀批头4寸12寸工业级,Screwdriver or Bit,1.85,0.27,https://detail.1688.com/offer/1046441117889.html,included,
1046320492906,industrial,33件空心批头组合拧螺丝内六角批头充电钻异形起子头实心组合套装,Rechargeable Tool Set,4.39,0.64,https://detail.1688.com/offer/1046320492906.html,included,
1045936510344,industrial,折叠式内六角扳手六棱梅花十字一字内六方扳手六角螺丝刀套装,Foldable Screwdriver Set,5.8,0.85,https://detail.1688.com/offer/1045936510344.html,included,
1045832860207,industrial,厂家直销汽车发动机通风帽燃油滤清器扳手6英寸8英寸柴油汽保工具,Wrench,20,2.92,https://detail.1688.com/offer/1045832860207.html,included,
1045804994133,industrial,螺丝刀两用起子十字一字改锥螺丝批两用二合一双头螺丝刀,Screwdriver or Bit,0.25,0.04,https://detail.1688.com/offer/1045804994133.html,included,
1045715841490,industrial,厂家批发活动扳手6-24寸多用途活口手动扳手汽修五金工具扭力扳手,Torque Wrench,5.9,0.86,https://detail.1688.com/offer/1045715841490.html,included,
1045380446879,industrial,45N服装裁剪纸样打制版工具U型钳检票钳 缺口钳 刀口钳 布样钳,Pliers,5.99,0.87,https://detail.1688.com/offer/1045380446879.html,included,
1045261107996,industrial,4寸活扳手100mm活口活动螺丝中性五金工具迷你加厚碳钢,Adjustable Wrench,8,1.17,https://detail.1688.com/offer/1045261107996.html,included,
1045217461419,industrial,40件套星批组套内六角扳手套装组合汽修工具花键花型十二梅花批头,Tool Set,25.99,3.79,https://detail.1688.com/offer/1045217461419.html,included,
1045209383427,industrial,1/2寸大飞加长小风炮重型气动套筒电动扳手套筒78mm轮胎修车工具,Socket Tool,4.5,0.66,https://detail.1688.com/offer/1045209383427.html,included,
1044841063690,industrial,烟斗型套筒六角小扳手烟头L型套筒 弯头7形套筒扳手 随车配套工具,Socket Tool,0.34,0.05,https://detail.1688.com/offer/1044841063690.html,included,
1044804151160,industrial,短柄棘轮扳手 厂家直购迷你快速两用工具 木工专用棘轮扳手套装,Wrench,7.98,1.17,https://detail.1688.com/offer/1044804151160.html,included,
1044711613068,industrial,5件套内饰面板与卡扣拆卸工具汽车内饰面板音响拆装工具起子套组,Screwdriver or Bit,149,21.76,https://detail.1688.com/offer/1044711613068.html,included,
1044706975027,industrial,大班模型按压钳带胶套平口钳模型夹持钳夹持钳八寸平口玻璃钳,Pliers,9.5,1.39,https://detail.1688.com/offer/1044706975027.html,included,
1044313513743,industrial,工业级扳手高碳钢加硬汽修工具活口扳子家用沾塑防滑省力活动扳手,Adjustable Wrench,5,0.73,https://detail.1688.com/offer/1044313513743.html,included,
1044086040758,industrial,跨境定制六角柄宝塔钻头高硬度手电钻打孔工具多功能阶梯钻头套装,Electric Drill,1.5,0.22,https://detail.1688.com/offer/1044086040758.html,included,
1043854002020,industrial,弯嘴钳弯头尖嘴钳6寸夹持钳钓鱼钳子剥线细小弯口钳6寸有牙,Long-Nose Pliers,6.55,0.96,https://detail.1688.com/offer/1043854002020.html,included,
1043809990322,industrial,5寸水口钳剪钳斜薄款单刃手工高达偏口小钳子6寸斜口钳剪线工业级,Pliers,0.45,0.07,https://detail.1688.com/offer/1043809990322.html,included,
1043300633007,industrial,s2内六角扳手多规格螺丝套装高硬度球形强扭力内六角扳手厂家直销,Hex Key,3.2,0.47,https://detail.1688.com/offer/1043300633007.html,included,
1043278128180,industrial,多功能剥线21合一拨线新款电工扒皮专用拔线分线多功能折叠剥线钳,Foldable Wire Stripping Pliers,4,0.58,https://detail.1688.com/offer/1043278128180.html,included,
1043175469878,industrial,火花塞拆卸工具中飞14mm16mm火花塞套筒扳手超薄磁性汽车专用工具,Socket Tool,5.8,0.85,https://detail.1688.com/offer/1043175469878.html,included,
1042641557948,industrial,拆卸轮胎扳手汽配十字架多功能汽车十字套筒防滑加力,Socket Tool,12,1.75,https://detail.1688.com/offer/1042641557948.html,included,
1042624059650,industrial,工业级活动扳手粘塑6寸8寸万能活口扳手工具卫浴手动扳手五金工具,Adjustable Wrench,2.7,0.39,https://detail.1688.com/offer/1042624059650.html,included,
1042605288327,industrial,令卜扳手 8-22单头活动套筒两用扳手可旋转梅花开口扳手汽修工具,Socket Tool,8,1.17,https://detail.1688.com/offer/1042605288327.html,included,
1042416932860,industrial,工业级高碳钢扳手大开口卫浴扳子家用维修工具汽修五金活动扳手,Adjustable Wrench,4.76,0.7,https://detail.1688.com/offer/1042416932860.html,included,
1042398510606,industrial,八寸老虎钳六寸工业级五金工具尖嘴钳碳钢斜口钳子虎皮钢丝钳批发,Workshop Pliers,2.8,0.41,https://detail.1688.com/offer/1042398510606.html,included,
1042216235278,industrial,1/2电动扳手套筒8-32mm全套加长内六角手电钻大飞风批套筒头套装,Socket Tool,0.79,0.12,https://detail.1688.com/offer/1042216235278.html,included,
1042162822642,industrial,特大号螺丝刀超长大一字平口长杆超硬工业高硬度加长车载防身撬棍,Screwdriver or Bit,5.8,0.85,https://detail.1688.com/offer/1042162822642.html,included,
1042076672062,industrial,【鑫达】多功能螺丝刀套装8合1多功能家用螺丝刀一字梅花便携组合,Portable Screwdriver Set,5.89,0.86,https://detail.1688.com/offer/1042076672062.html,included,
1041897595266,industrial,短柄快速棘轮扳手迷你省力刺轮快板套筒扳手套装套管小中大飞,Socket Tool,38.5,5.62,https://detail.1688.com/offer/1041897595266.html,included,
1041874181259,industrial,捉狗钳狗夹子抓捕狗工具狐狸貉子防狗咬救助流浪狗猫逮狗防身养殖,Pliers,11,1.61,https://detail.1688.com/offer/1041874181259.html,included,
1041831808745,industrial,72齿快速套筒棘轮扳手小型大飞中飞小飞双向牛角短柄迷你汽修扳手,Socket Tool,13.2,1.93,https://detail.1688.com/offer/1041831808745.html,included,
1041719449979,industrial,活动头套筒两用板手8-22mm 令卜扳手 套筒开口梅花扳手 汽修工具,Socket Tool,8,1.17,https://detail.1688.com/offer/1041719449979.html,included,
1041657951914,industrial,工业级老虎钳8寸家用6寸尖嘴斜口钳剪线断线钳子加硬碳钢老虎钳,Workshop Pliers,2.7,0.39,https://detail.1688.com/offer/1041657951914.html,included,
1041635967376,industrial,工业级穿心加长通心螺丝刀手动可敲击铬钒钢强磁十字一字改锥批发,Screwdriver or Bit,2.29,0.33,https://detail.1688.com/offer/1041635967376.html,included,
1041500050995,industrial,电动扳手钻头木工四刃支罗钻木工开孔器1/2电扳手加长杆模板钻头,Electric Wrench,4.5,0.66,https://detail.1688.com/offer/1041500050995.html,included,
1041443678835,industrial,中性棘轮扳手省力快速开口梅花双向万能两用梅开扳手两用棘轮扳手,Wrench,4.7,0.69,https://detail.1688.com/offer/1041443678835.html,included,
1041392514807,industrial,洗手盆水龙头专用水槽扳手厨房换台盆下水管洗菜盆冷热水拆卸工具,Wrench,0.2,0.03,https://detail.1688.com/offer/1041392514807.html,included,
1041390318167,industrial,升级木工35mm铰链开孔器橱柜门板合页打孔定位器铰链安装辅助工具,Drill Bit,95,13.87,https://detail.1688.com/offer/1041390318167.html,included,
1041178066398,industrial,加长套筒头强磁电动扳手风批电钻8mm彩钢瓦自攻螺丝钻燕尾丝批头,Socket Tool,2.8,0.41,https://detail.1688.com/offer/1041178066398.html,included,
1040957631173,industrial,钢丝钳 工业级老虎钳高碳钢斜嘴口钳高硬度尖嘴钳6寸钳子五金工具,Workshop Pliers,2.8,0.41,https://detail.1688.com/offer/1040957631173.html,included,
1040597632595,industrial,净水器拔管叉家用2分3分PE水管滤芯接头器多功能扳手维护工具,Wrench,0.9,0.13,https://detail.1688.com/offer/1040597632595.html,included,
1040167522389,industrial,德力西电气强磁螺丝刀十字一字螺丝批两用起子改锥迷你小螺丝刀,Screwdriver or Bit,2.17,0.32,https://detail.1688.com/offer/1040167522389.html,included,
1040147461820,industrial,汽保工具开灯钳 胶扣起子 拆塑料铆钉汽车下压式胶扣钳汽车工具,Screwdriver or Bit,1.2,0.18,https://detail.1688.com/offer/1040147461820.html,included,
1040044137297,industrial,电动起子套筒加深1/2大飞六角套头气动气动扳手汽修轮胎扳手工具,Socket Tool,2.2,0.32,https://detail.1688.com/offer/1040044137297.html,included,
1039762759031,industrial,坚果花生不锈钢干果钳子懒人嗑瓜子剥壳神器家用剥葵花籽剥壳工具,Stainless Steel Pliers,1.65,0.24,https://detail.1688.com/offer/1039762759031.html,included,
1039727605043,industrial,131件套汽车螺纹修复组套 螺纹丝攻修复 螺纹修复工具 五金工具,Tool Set,49.9,7.29,https://detail.1688.com/offer/1039727605043.html,included,
1039571370119,industrial,加长内六角压批套装S2电动扳手大飞内6角球头内六方旋具套筒批头,Socket Tool,5.6,0.82,https://detail.1688.com/offer/1039571370119.html,included,
1039259373098,industrial,钢珠卡扣套筒8mm无磁彩钛燕尾钉螺丝专用内六角批头手电钻专用,Socket Tool,0.5,0.07,https://detail.1688.com/offer/1039259373098.html,included,
1039156626466,industrial,厂家批发8寸钢丝钳工业级多功能五金工具省力钳子多功能剥线钳,Workshop Pliers,6.35,0.93,https://detail.1688.com/offer/1039156626466.html,included,
1039152478826,industrial,T型套筒扳手多功能镜面手动汽车装配维修套筒扳手批发三合一套筒,Socket Tool,2.33,0.34,https://detail.1688.com/offer/1039152478826.html,included,
1039126208948,industrial,电动扳手外内六角无磁加深型套筒头加长气动风批批头电钻螺母扳手,Socket Tool,1.39,0.2,https://detail.1688.com/offer/1039126208948.html,included,
1039058978416,industrial,加长钻头打孔混凝土水泥墙瓷砖磁砖专用三角合金霸王钻手电钻大全,Electric Drill,6.93,1.01,https://detail.1688.com/offer/1039058978416.html,included,
1038811830875,industrial,SMU工业级多功能快速自锁鳄嘴扳手超强扭力8寸10寸高强度万能扳手,Wrench,13,1.9,https://detail.1688.com/offer/1038811830875.html,included,
1038810756561,industrial,M12大众斯柯达高尔夫方向盘拆卸工具座椅门锁扣拆卸扳手M12套筒头,Socket Tool,9.8,1.43,https://detail.1688.com/offer/1038810756561.html,included,
1038647710962,industrial,电动扳手钻头木工四刃支罗钻木工开孔器1/2电扳手加长杆模板钻头,Electric Wrench,4.5,0.66,https://detail.1688.com/offer/1038647710962.html,included,
1038444795052,industrial,厂家批发三叉套筒扳手Y型加长多功能汽车维修工具套装六角扳手,Tool Set,1.65,0.24,https://detail.1688.com/offer/1038444795052.html,included,
1037997280377,industrial,批发多功能活动扳手工业级大开口管活两用大开口扳手工具活动扳手,Adjustable Wrench,7.5,1.1,https://detail.1688.com/offer/1037997280377.html,included,
1037643180422,industrial,匞派 T型内六角扳手 l型双头加长胶柄内六角握把7拐杖平头六棱,Hex Key,1.2,0.18,https://detail.1688.com/offer/1037643180422.html,included,
1037526939057,industrial,批头拐角器90度电动转弯螺丝刀起子头套筒加长杆万向直角弯拐工具,Socket Tool,3.8,0.55,https://detail.1688.com/offer/1037526939057.html,included,
1037352296638,industrial,便携折叠式内六角扳手工具套装公制英制梅花螺丝刀6角内六方扳手,Foldable Portable Screwdriver Set,3.8,0.55,https://detail.1688.com/offer/1037352296638.html,included,
1037130566689,industrial,跨境手机维修工具螺丝刀套装平板电脑手表拆机工具精密螺丝批8合1,Screwdriver Set,6.5,0.95,https://detail.1688.com/offer/1037130566689.html,included,
1036880397746,industrial,烟头L型套筒 弯头7形套筒扳手 烟斗型套筒六角小扳手随车配套工具,Socket Tool,0.37,0.05,https://detail.1688.com/offer/1036880397746.html,included,
1036325817387,industrial,15件套汽车发动机皮带可调节扳手轮拆装风扇12角六角梅花惰轮扳手,Adjustable Wrench,72,10.51,https://detail.1688.com/offer/1036325817387.html,included,
1036325219023,industrial,多功能梅花扳手眼镜呆头扳手8-22mm活动扳手汽修手动扳自紧板手,Adjustable Wrench,1.07,0.16,https://detail.1688.com/offer/1036325219023.html,included,
1036297802966,industrial,卡夫威尔内六角扳手山地车自行车修车拐杖T形L型加长螺丝扳手工具,Hex Key,2,0.29,https://detail.1688.com/offer/1036297802966.html,included,
1036091762597,industrial,六棱扳手棘轮快速内六角扳手加长内六方六角匙套装M4-5-6-8-14-17,Hex Key,19.63,2.87,https://detail.1688.com/offer/1036091762597.html,included,
1035623091764,industrial,背板槽开口钳封边条钳子封边带开口钳背板全屋家具木工安装工具,Pliers,34.1,4.98,https://detail.1688.com/offer/1035623091764.html,included,
1034795505416,industrial,平头内六角扳手加长加硬L型内6角扳手单个工具套装镀锌镀镍M3M4M6,Tool Set,0.13,0.02,https://detail.1688.com/offer/1034795505416.html,included,
1034578875538,industrial,古铜款内六角扳手加硬L型球头六棱S2加长内六角套装梅花扳手批发,Hex Key,0.31,0.05,https://detail.1688.com/offer/1034578875538.html,included,
1034534703625,industrial,德力西电气内六角扳手球头t型六棱六方螺丝刀加长杆拐杖六角扳手,Hex Key,2.65,0.39,https://detail.1688.com/offer/1034534703625.html,included,
1034502140548,industrial,家用8合1多功能组合小螺丝刀梅花一字起子便携维修工具手机拆机,Portable Screwdriver or Bit,4,0.58,https://detail.1688.com/offer/1034502140548.html,included,
1034197322893,industrial,水槽扳手卫浴专用八合一多功能洗脸盆水龙头水管拧松器安装工具,Wrench,2.99,0.44,https://detail.1688.com/offer/1034197322893.html,included,
1034163852027,industrial,捡垃圾夹子火钳子加长夹子卫生钳环卫厕所拾物器不锈钢火剪铁夹碳,Stainless Steel Pliers,3.7,0.54,https://detail.1688.com/offer/1034163852027.html,included,
1034095840337,industrial,厂家跨境201件套公制通用机修组套棘轮扳手便携工具汽修三层抽屉,Portable Tool Set,499,72.86,https://detail.1688.com/offer/1034095840337.html,included,
1033897816588,industrial,6件套T型1/2电扳手风批头套装汽修工具星型旋具套筒内六角气动,Socket Tool,33.5,4.89,https://detail.1688.com/offer/1033897816588.html,included,
1033636661604,industrial,手电钻强磁性六角套筒头套装1/4柄风批套筒扳手螺母拆卸器m8m14,Socket Tool,9,1.31,https://detail.1688.com/offer/1033636661604.html,included,
1032752931871,industrial,一件起批活动扳手8寸工业级活口10寸6寸万能批发多功能,Adjustable Wrench,4.8,0.7,https://detail.1688.com/offer/1032752931871.html,included,
1032365513908,industrial,1/4小飞旋具套筒S2内六角扳手一字十字梅花头t15t20t30花型批头,Hex Key,0.7,0.1,https://detail.1688.com/offer/1032365513908.html,included,
1032264537936,industrial,8-22mm通用扳手自紧式可调眼镜扳手板双头扳手专用手动工具,Wrench,1.2,0.18,https://detail.1688.com/offer/1032264537936.html,included,
1031288632185,industrial,新款燕尾钉螺丝套筒无磁套筒钢珠套筒批头手电钻高硬度钻尾丝套筒,Socket Tool,1.43,0.21,https://detail.1688.com/offer/1031288632185.html,included,
1031082950029,industrial,透明柄螺丝刀小型水晶迷你螺丝起子透明头一字十字改锥厂家批发,Screwdriver or Bit,0.21,0.03,https://detail.1688.com/offer/1031082950029.html,included,
1030832586564,industrial,汽车油箱盖拆卸专用工具三爪可调万用汽油泵盖扳手,Wrench,18.5,2.7,https://detail.1688.com/offer/1030832586564.html,included,
1030168363096,industrial,无磁新款钉螺强磁套筒头套内六角高强度燕尾钻尾丝瓦钉手电钻批头,Socket Tool,0.5,0.07,https://detail.1688.com/offer/1030168363096.html,included,
1030152953642,industrial,汽车刹车分泵调整器蝶式棘轮扳手刹车片活塞后刹车更换拆装分离器,Wrench,1.45,0.21,https://detail.1688.com/offer/1030152953642.html,included,
1029648379271,industrial,多用途铁皮夹弹簧帐篷鳄鱼夹 2寸/4寸/6寸尖嘴型多功能木工A夹子,Spring,0.48,0.07,https://detail.1688.com/offer/1029648379271.html,included,
1029563500470,industrial,硬质合金三角钻陶瓷瓷砖大理石材开孔钻头手电钻墙壁打眼开孔钻咀,Electric Drill,1.5,0.22,https://detail.1688.com/offer/1029563500470.html,included,
1029348996678,industrial,工业级8寸钢丝钳老虎钳橙黑色家用8寸钢丝钳维修五金电工专用钳子,Combination Pliers,4.4,0.64,https://detail.1688.com/offer/1029348996678.html,included,
1029322604681,industrial,双头开口扳手46mm/50mm/60mm/支持LOGO雕刻适应于铁路/电力维修,Wrench,1.75,0.26,https://detail.1688.com/offer/1029322604681.html,included,
1029173775508,industrial,重型套筒扳手3/4寸26件套筒头汽车维修扳手轮胎修理工具重型组套,Tool Set,205,29.93,https://detail.1688.com/offer/1029173775508.html,included,
1028787085463,industrial,骨头扳手自行车多用板手 六角骨头扳手 自行车套筒工具套筒螺丝刀,Socket Tool,1.1,0.16,https://detail.1688.com/offer/1028787085463.html,included,
1028610127704,industrial,加厚电焊地线夹子电焊搭铁接地线钳防漏电电焊夹接地夹,Pliers,2.2,0.32,https://detail.1688.com/offer/1028610127704.html,included,
1028422453403,industrial,省力皮带打孔器腰带多功能打孔钳手工家用裤带表带打眼打洞机工具,Pliers,17.5,2.56,https://detail.1688.com/offer/1028422453403.html,included,
1027514534839,industrial,高达模型剪钳卡装红色水口钳子双刃剪钳军模组装手工diy拼装工具,Pliers,4,0.58,https://detail.1688.com/offer/1027514534839.html,included,
1027181858402,industrial,厂家供应九字钳尖嘴钳小平钳功能打孔钳工具批发DIY饰品手工串珠,Long-Nose Pliers,7,1.02,https://detail.1688.com/offer/1027181858402.html,included,
1027118861376,industrial,BOY花鼓薄片扳手13-19mm自行车维修工具高碳钢便携修车扳手,Portable Wrench,5.2,0.76,https://detail.1688.com/offer/1027118861376.html,included,
1027010223890,industrial,T型套筒扳手加长杆设计可外加力使用汽修维修专用工具6-19外六角,Socket Tool,2.66,0.39,https://detail.1688.com/offer/1027010223890.html,included,
1026497221854,industrial,钢制机滤扳手滤芯机油格扳手机滤专用工具帽式机油滤清器帽式扳手,Wrench,3.3,0.48,https://detail.1688.com/offer/1026497221854.html,included,
1026044743243,industrial,定制拆火花塞套筒扳手汽车拆卸安装万向火花塞套筒拆卸火花塞扳手,Socket Tool,3.8,0.55,https://detail.1688.com/offer/1026044743243.html,included,
1025220135937,industrial,新款电工跨境7PCS绝缘螺丝刀CRV高硬度磁性批头十字一字带测电笔,Screwdriver or Bit,8.8,1.28,https://detail.1688.com/offer/1025220135937.html,included,
1024576793594,industrial,油管扳手快速拧油管油管专用工具17活动摇头万向油管扳手拆卸油管,Wrench,75,10.95,https://detail.1688.com/offer/1024576793594.html,included,
1024330645968,industrial,小螺丝刀十字一字生耳批黑批仔手机拆机工具玩具配送批迷你螺丝批,Screwdriver or Bit,0.03,,https://detail.1688.com/offer/1024330645968.html,held,image-or-price-verification-failed
1023070824051,industrial,水口钳剪钳子电子钳5寸迷你小型塑料电工斜口钳斜嘴钳高达模型剪,Pliers,5.2,0.76,https://detail.1688.com/offer/1023070824051.html,included,
1022807110094,industrial,家用一十字螺丝刀顺威厂家带磁改锥螺丝批加长维修拆卸梅花起子,Screwdriver or Bit,2.1,0.31,https://detail.1688.com/offer/1022807110094.html,included,
1022788784255,industrial,活动扳手工具套装万用活口超硬五金大全多功能大开口精品扳子全套,Tool Set,10.8,1.58,https://detail.1688.com/offer/1022788784255.html,included,
1020774402715,industrial,开孔器钻头金钢砂瓷砖陶瓷大理石扩孔器6mm佛珠修圆工具金刚石,Drill Bit,0.97,0.14,https://detail.1688.com/offer/1020774402715.html,included,
1020576841169,industrial,粗砂开孔器玉石翡翠吸筒玉石工具开孔器大理石瓷砖陶瓷钻头开孔,Drill Bit,1.8,0.26,https://detail.1688.com/offer/1020576841169.html,included,
1020294826209,industrial,多功能内六角工具自行车配件6角多口扳手五金工具尺寸全套螺丝刀,Wrench,0.07,0.01,https://detail.1688.com/offer/1020294826209.html,included,
1020035602844,industrial,跨境热销款内六角扳手套装加长球头平头六方扳多功能手维修工具,Hex Key,0.6,0.09,https://detail.1688.com/offer/1020035602844.html,included,
1019874339315,industrial,燕尾钉螺丝套筒无磁8mm套筒钢珠套筒批头手电钻高硬度钻尾丝套筒,Socket Tool,1.82,0.27,https://detail.1688.com/offer/1019874339315.html,included,
1019808709990,industrial,内六角扳手套装加硬加长组合9件套家用六棱六角六方6角螺丝刀盒装,Screwdriver Set,9.8,1.43,https://detail.1688.com/offer/1019808709990.html,included,
1018924829175,industrial,跨境四件套组合套装锂电电钻电锤角磨机电动扳手锂电电动工具套装,Tool Set,535,78.12,https://detail.1688.com/offer/1018924829175.html,included,
1018900233039,industrial,公制T型内六角扳手T柄六角匙六方匙拐杖螺丝刀平头球头扳手2-10mm,Hex Key,4,0.58,https://detail.1688.com/offer/1018900233039.html,included,
1018624398192,industrial,绿色L型内六角扳手套装厂家现货批发翻盖45#钢手动五金工具加硬,Hex Key,6.8,0.99,https://detail.1688.com/offer/1018624398192.html,included,
1018583568838,industrial,木塞钻爪式筒式木塞钻头组合工具跨境镀钛六角柄木工沉孔钻头套装,Tool Set,5.41,0.79,https://detail.1688.com/offer/1018583568838.html,included,
1018464832770,industrial,高硬度L型双头十字螺丝刀套装小空间使用直角拐弯螺丝批7字型起子,Screwdriver Set,0.3,0.04,https://detail.1688.com/offer/1018464832770.html,included,
1018110060943,industrial,72齿快速棘轮扳手 小飞中飞大飞葫芦柄套筒扳手 汽修工具快速扳手,Socket Tool,10.2,1.49,https://detail.1688.com/offer/1018110060943.html,included,
1017979052707,industrial,高速钢开孔器 不锈钢 金属扩孔器 铝合金打孔钻头 瓷砖开孔器,Stainless Steel Drill Bit,2.35,0.34,https://detail.1688.com/offer/1017979052707.html,included,
1017545071396,industrial,专业辐条扳手 山地自行车编圈 调圈维修工具 钢丝扳手 自行车配件,Wrench,15,2.19,https://detail.1688.com/offer/1017545071396.html,included,
1017271734852,industrial,1/4小套筒小飞六角短套头6.3mm小快速扳手套头7/8/10/14mm,Socket Tool,0.6,0.09,https://detail.1688.com/offer/1017271734852.html,included,
1017266680367,industrial,T型扳手套筒丁字杆汽车摩托车维修工具6-19mm加长包塑六角扳手,Socket Tool,2.15,0.31,https://detail.1688.com/offer/1017266680367.html,included,
1016572359604,industrial,跨境多规格开口两用扳手套装大型汽修机修工具镜面梅花汽修专用,Wrench,1.65,0.24,https://detail.1688.com/offer/1016572359604.html,included,
1089494384800,industrial,螺丝刀十字一字多功能加长改锥两用螺丝批小螺丝刀套装起子带磁性,Screwdriver Set,22.2,3.24,https://detail.1688.com/offer/1089494384800.html,included,
1089221148952,industrial,汽车油管封口夹3件套塑料油管断流钳子汽修专用工具封口钳,Pliers,2.39,0.35,https://detail.1688.com/offer/1089221148952.html,included,
1089079584856,industrial,老虎钳钢丝钳多功能家用专用工具大全电工斜口尖嘴工业级钳子,Combination Pliers,6.05,0.88,https://detail.1688.com/offer/1089079584856.html,included,
1089070072818,industrial,两用棘轮扳手工业级快速省力开口梅花弯柄双向两用多功能汽修板手,Wrench,11.13,1.63,https://detail.1688.com/offer/1089070072818.html,included,
1089000416635,industrial,源头工厂大飞加长风炮套筒电动气动扳手通用工业级实体店批发,Socket Tool,3.4,0.5,https://detail.1688.com/offer/1089000416635.html,included,
1088925440462,industrial,弹力夹橡圈可调节松紧鳄鱼夹铃铛夹带螺钉固定夹子镀镍PVC护套夹,Adjustable Threaded Fastener,0.39,0.06,https://detail.1688.com/offer/1088925440462.html,included,
1088742664879,industrial,电锤冲击钻头方柄圆柄六角柄超薄扁凿子镐钎电镐头铲子凿开槽穿墙,Drill Bit,4.53,0.66,https://detail.1688.com/offer/1088742664879.html,included,
1088718176302,industrial,内六角扳手平头加长L型六方形单个1.5-17mm公制特长6角扳手,Hex Key,5.7,0.83,https://detail.1688.com/offer/1088718176302.html,included,
1088539225599,industrial,断头螺丝无头螺栓取出器双头螺栓螺纹双头螺杆螺钉滑牙拆装器工具,Threaded Fastener,6.8,0.99,https://detail.1688.com/offer/1088539225599.html,included,
1088330761997,industrial,高强度加长薄壁套筒锂电扳手专用加硬风炮套筒摩托电动车维修套头,Socket Tool,3.4,0.5,https://detail.1688.com/offer/1088330761997.html,included,
1088238204147,industrial,短款便携式内六角扳手8件套内六边形六棱高硬度内六角维修拆卸,Portable Hex Key,1.2,0.18,https://detail.1688.com/offer/1088238204147.html,included,
1088105913033,industrial,实用简约汽车顶省力扳手助力摇杆快速摇把升降顶换轮胎随车工具,Wrench,3.67,0.54,https://detail.1688.com/offer/1088105913033.html,included,
1088071616072,industrial,福冈工业级尖嘴钳钢丝钳多功能加长尖头钳子电工专用剥线6寸家用,Workshop Pliers,18.5,2.7,https://detail.1688.com/offer/1088071616072.html,included,
1088036633842,industrial,老虎钳钢丝钳多功能家用尖嘴钳工业级斜嘴钳电工专用钳子套装,Workshop Pliers,26.18,3.82,https://detail.1688.com/offer/1088036633842.html,included,
1087990437516,industrial,内六角扳手套装内6角六方六棱梅花扳手加长六边形公制螺丝刀工具,Screwdriver Set,14.25,2.08,https://detail.1688.com/offer/1087990437516.html,included,
1087967821015,industrial,T型套筒扳手组套万向旋转火花塞套筒3pc 4pc汽车维修拆卸安装工具,Tool Set,5,0.73,https://detail.1688.com/offer/1087967821015.html,included,
1087967776139,industrial,螺丝刀两用十字二合一字双头棘轮螺丝批强磁高硬度小起子改锥,Screwdriver or Bit,8.51,1.24,https://detail.1688.com/offer/1087967776139.html,included,
1087951341615,industrial,世达内六角扳手特长款球头6棱角扳手单个加长L型公制六方形螺丝刀,Hex Key,4.26,0.62,https://detail.1688.com/offer/1087951341615.html,included,
1087785692531,industrial,钢卷尺3米5米7.5米加厚加硬尺子耐摔装修钢卷尺自锁盒尺圈尺,Tape Measure,8.9,1.3,https://detail.1688.com/offer/1087785692531.html,included,
1087763897328,industrial,高硬度内六角合金S2六方扳手全套工具万能梅花螺丝刀套装通用,Screwdriver Set,5.5,0.8,https://detail.1688.com/offer/1087763897328.html,included,
1084558787135,industrial,【新疆可发】螺母取出器反牙套筒滑牙防盗螺丝坏螺帽流氓折除工具,Socket Tool,18.3,2.67,https://detail.1688.com/offer/1084558787135.html,included,
1063457084366,industrial,气门芯钥匙气门芯扳手铜气门芯车用工具气嘴拆卸扳手自行车通用,Wrench,0.25,0.04,https://detail.1688.com/offer/1063457084366.html,included,
1052215151876,industrial,三叉套筒扳手多功能加长外六角Y型套筒扳手工具三角套筒板手批发,Socket Tool,2.8,0.41,https://detail.1688.com/offer/1052215151876.html,included,
1042873599666,industrial,汽车加长通用轮胎扳手十字架拆卸维修换胎工具套装套筒扳手外六角,Tool Set,17.8,2.6,https://detail.1688.com/offer/1042873599666.html,included,
668663605137,smart-home,酒店公寓出租屋ttlock通通锁蓝牙智能锁无线远程开锁G2通通网关,Wireless Smart Gateway,89,13.0,https://detail.1688.com/offer/668663605137.html,included,
682893872105,smart-home,圆和涂鸦智能8寸语音中控屏zigbee多功能主机全屋智能可控制家用,Smart Control Panel,2680,391.32,https://detail.1688.com/offer/682893872105.html,included,
669114568070,smart-home,圆和智能家居涂鸦ZigBee多功能语音中控网关适配鸿蒙小度全屋,Smart Gateway,688,100.46,https://detail.1688.com/offer/669114568070.html,included,
918175439564,smart-home,涂鸦智能家居zigbee2mqtt智能插座app远程定时电量监测16A插座,Smart Socket,13.5,1.97,https://detail.1688.com/offer/918175439564.html,included,
740127747359,smart-home,WiFi涂鸦智能家居智能中控屏app遥控内置zigbee网关10寸控制面板,Smart Control Panel,75,10.95,https://detail.1688.com/offer/740127747359.html,included,
725136097955,smart-home,智能扫地机器人全自动家用扫吸拖自动回充带语音APP控制跨境代发,,288,,https://detail.1688.com/offer/725136097955.html,held,product-identification-or-relevance-review
811329152763,smart-home,跨境欧盟认证卧室床头小夜灯智能联动过道楼梯厕所感应智能感应,,38,,https://detail.1688.com/offer/811329152763.html,held,product-identification-or-relevance-review
667417220381,smart-home,出口热销东方一号涂鸦全自动智能指纹密码卡片智能家居APP门锁,Electronic Door Lock,355,51.83,https://detail.1688.com/offer/667417220381.html,included,
843692159864,smart-home,智能屏全屋智能家居背景音乐主机控制器系统套装嵌入式吸顶音响慧,,288,,https://detail.1688.com/offer/843692159864.html,held,product-identification-or-relevance-review
681871877180,smart-home,S-2043-A0IC数字密码锁12键触摸式 可刷卡智能家居锁,Electronic Door Lock,65.5,9.56,https://detail.1688.com/offer/681871877180.html,included,
683439572141,smart-home,智能扫地机带水箱app路线规划扫拖跨境家用小家电礼品 扫地机器人,,148,,https://detail.1688.com/offer/683439572141.html,held,product-identification-or-relevance-review
761464166866,smart-home,全自动家用扫地机器人扫拖一体智能语音拖地三合一吸尘器扫地机,,238,,https://detail.1688.com/offer/761464166866.html,held,product-identification-or-relevance-review
857556479096,smart-home,超薄人体感应智能led长条自粘充电式橱柜酒柜衣柜氛围灯卧室,,2.99,,https://detail.1688.com/offer/857556479096.html,held,product-identification-or-relevance-review
810607238250,smart-home,厂家直销欧盟认证 卧室床头走廊楼梯过道磁吸感应小夜灯智能联动,,38,,https://detail.1688.com/offer/810607238250.html,held,product-identification-or-relevance-review
675764600859,smart-home,小度中控屏语音智能小度智能屏家用wifi款涂鸦zigbee智能家居,Smart Control Panel,63.2,9.23,https://detail.1688.com/offer/675764600859.html,included,
921082493039,smart-home,跨境专卖扫地机器人拖扫吸智能三合一清洁机懒人清洁器家电小礼品,,10.6,,https://detail.1688.com/offer/921082493039.html,held,product-identification-or-relevance-review
1076022274532,smart-home,智能家居Matter通断器 WiFi 蓝牙 家电 DIY 改造手机 APP远程操控,Smart Power Controller,24.9,3.64,https://detail.1688.com/offer/1076022274532.html,included,
874769904217,smart-home,涂鸦24G人体存在传感器智能家居wifi毫米波雷达波感应呼吸检测,Electronic Sensor,71,10.37,https://detail.1688.com/offer/874769904217.html,included,
669053541255,smart-home,涂鸦智能家居蓝牙手指机器人app远程定时语音控制无线开关灯神器,Wireless Smart Switch,21,3.07,https://detail.1688.com/offer/669053541255.html,included,
1014955970533,smart-home,五轻智能灯控免布线遥控APP天猫精灵全屋智能家居系统设计方案,,399,,https://detail.1688.com/offer/1014955970533.html,held,product-identification-or-relevance-review
1000052600685,smart-home,Zigbee电地暖温控器APP远程语音控制水地暖壁挂炉恒温器源头厂家,Smart Thermostat,60,8.76,https://detail.1688.com/offer/1000052600685.html,included,
631590920169,smart-home,智能开窗机 链条式遥控远程语音控制雨感自动推关窗 电动开窗器,Electric Window Opener,60,8.76,https://detail.1688.com/offer/631590920169.html,included,
1015869681883,smart-home,五轻智能智能家居控制系统家庭别墅全屋灯光窗帘电视空调设计方案,,399,,https://detail.1688.com/offer/1015869681883.html,held,product-identification-or-relevance-review
693330026712,smart-home,wifi涂鸦智能无线遥控开关免布线电池家用远距离防水控制随意贴,Wireless Smart Switch,35,5.11,https://detail.1688.com/offer/693330026712.html,included,
848248595506,smart-home,智能开关已接入米家APP控制面板超薄小爱同学全屋语音单火零火版,Smart Switch,3.9,0.57,https://detail.1688.com/offer/848248595506.html,included,
692483091530,smart-home,电动折臂式开窗器 智能电动滑臂开窗器APP远程语音关窗控制开窗机,Electric Window Opener,70,10.22,https://detail.1688.com/offer/692483091530.html,included,
930198695223,smart-home,智能感应小夜灯LED人体红外type-c充电无线磁吸式起夜灯家用,,9.5,,https://detail.1688.com/offer/930198695223.html,held,product-identification-or-relevance-review
746608849158,smart-home,涂鸦智能家居WiFi中控屏内置alexa美规Linux美规5寸屏屏对讲中控,Smart Control Panel,84,12.27,https://detail.1688.com/offer/746608849158.html,included,
844787306137,smart-home,涂鸦智能家居zigbee2mqtt窗帘机器人app远程控制适配罗马杆开合帘,Smart Curtain Controller,30,4.38,https://detail.1688.com/offer/844787306137.html,included,
844149959794,smart-home,跨境智能人体感应led小夜灯玄关卧室家用七彩光控感应睡眠床头灯,,32.8,,https://detail.1688.com/offer/844149959794.html,held,product-identification-or-relevance-review
961345324884,smart-home,智能无线充电人体感应小夜灯免布线家用夜间过道衣橱LED灯宿舍灯,,21,,https://detail.1688.com/offer/961345324884.html,held,product-identification-or-relevance-review
952040986487,smart-home,已接入米家APP智能开关控制面板mesh2.0支持全屋语音控制灯单零火,Smart Switch,3.9,0.57,https://detail.1688.com/offer/952040986487.html,included,
859126395264,smart-home,智能语音小夜灯现货USB声控灯说话控制LED护眼卧室宿舍感应灯批发,,1.69,,https://detail.1688.com/offer/859126395264.html,held,product-identification-or-relevance-review
1068544680003,smart-home,巴西规 WiFi 智能触摸开关带插座  APP 远程智能家居开关,Smart Switch,45,6.57,https://detail.1688.com/offer/1068544680003.html,included,
715044594971,smart-home,跨境智能扫地机器人USB充电自动清洁机吸尘器小家电会销礼品批发,,18.2,,https://detail.1688.com/offer/715044594971.html,held,product-identification-or-relevance-review
947935485228,smart-home,跨境智能扫地机器人USB充电家用全自动四合一扫吸拖除菌礼品批发,,15.8,,https://detail.1688.com/offer/947935485228.html,held,product-identification-or-relevance-review
797291609936,smart-home,22K智能遥控器 433遥控器  2.4G遥控器  无线遥控器 可定 制,Wireless Smart Remote Control,6,0.88,https://detail.1688.com/offer/797291609936.html,included,
651204938378,smart-home,公牛智能墙壁开关面板酒店家居86型无线免布线遥控随意贴懒人开关,,34.1,,https://detail.1688.com/offer/651204938378.html,held,product-identification-or-relevance-review
717176043798,smart-home,磁悬浮环形灯家居智能创意摆件高档卧室小夜灯黑科技礼物,,228,,https://detail.1688.com/offer/717176043798.html,held,product-identification-or-relevance-review
966783868455,smart-home,WIFI智能断路器手机遥控开关单相空开涂鸦APP语音控制智能家居,Smart Switch,34,4.96,https://detail.1688.com/offer/966783868455.html,included,
979958393911,smart-home,普彩定时插座智能定时器开关时间控制器电动车充电防过充自动断电,,50.8,,https://detail.1688.com/offer/979958393911.html,held,product-identification-or-relevance-review
834583288155,smart-home,创意流沙画摆件沙漏桌面客厅家居装饰品3d立体小夜灯男女生日礼物,,10.8,,https://detail.1688.com/offer/834583288155.html,held,product-identification-or-relevance-review
633819916070,smart-home,ZigBee涂鸦智能家居无线网关方形app遥控定时有线智能家庭主机,Wireless Smart Gateway,84,12.27,https://detail.1688.com/offer/633819916070.html,included,
665787821995,smart-home,圆和免布线开关无线随意贴遥控场景zigbee智能隔墙可控家用开关,,30,,https://detail.1688.com/offer/665787821995.html,held,product-identification-or-relevance-review
820218517041,smart-home,智能联动感应小夜灯家用卧室走廊过道厕所起夜夜间感应灯led灯,,38,,https://detail.1688.com/offer/820218517041.html,held,product-identification-or-relevance-review
676137608351,smart-home,zigbee涂鸦智能家居网关中继器app定时zigbee网关信号扩大器,Smart Gateway,33,4.82,https://detail.1688.com/offer/676137608351.html,included,
639660565538,smart-home,蓝牙手指机器人涂鸦智能家居远程控制无线机器人物联网遥控器家用,Wireless Remote Button Pusher,21,3.07,https://detail.1688.com/offer/639660565538.html,included,
794135119849,smart-home,智能电动窗帘轨道已接入米家app智能语音控制静电机轨道I型U型轨,Smart Curtain Controller,18.9,2.76,https://detail.1688.com/offer/794135119849.html,included,
965851549289,smart-home,zigbee2MQTT涂鸦智能家居led球泡灯app远程7W音乐律动智能led灯,,35,,https://detail.1688.com/offer/965851549289.html,held,product-identification-or-relevance-review
901835560194,smart-home,智能零火开关全屋语音控制一二三开面板蓝牙Mesh2.0已接入米家APP,Smart Switch,3.9,0.57,https://detail.1688.com/offer/901835560194.html,included,
862853038954,smart-home,智能灯控家居 小配精灵情景语音 电视风扇灯窗帘灯光空调离线控制,,36,,https://detail.1688.com/offer/862853038954.html,held,product-identification-or-relevance-review
909566115262,smart-home,可接入多生态APP智能灯控面板蓝牙无线零火双线版LED智能语音开关,Wireless Smart Control Panel,119,17.38,https://detail.1688.com/offer/909566115262.html,included,
1062838561340,smart-home,涂鸦计量ZigBee智能开关断路器无线遥控远程手机控制智能家居外贸,Wireless Smart Switch,55,8.03,https://detail.1688.com/offer/1062838561340.html,included,
693929660589,smart-home,tuya温湿度传感器无线智能wifi温度计涂鸦智能家居温度探测器跨境,Wireless Temperature and Humidity Monitor,22,3.21,https://detail.1688.com/offer/693929660589.html,included,
675127988271,smart-home,涂鸦智能开关肤感玻璃zigbee酒店开关智能家居智能语音控制系统,Smart Switch,60,8.76,https://detail.1688.com/offer/675127988271.html,included,
599874607963,smart-home,已接入米家app智能开关插座面板支持wifi远程开关声语音控制开关,Smart Switch,15.9,2.32,https://detail.1688.com/offer/599874607963.html,included,
943257375492,smart-home,涂鸦智能家居zigbee2mqttapp远程控制肤感玻璃场景切换智能开关,Smart Switch,84,12.27,https://detail.1688.com/offer/943257375492.html,included,
1036874975724,smart-home,智能家居系统小爱同学语音控制情景联动APP远程控制全屋无线控制,,65.54,,https://detail.1688.com/offer/1036874975724.html,held,product-identification-or-relevance-review
863268117213,smart-home,五轻智能灯控智能电动窗帘电机轨道2.4GHz直连智能面板情景语音,Smart Curtain Controller,111.8,16.32,https://detail.1688.com/offer/863268117213.html,included,
877722440613,smart-home,智能开关蓝牙MESH2.0面板已接入米家APP支持小爱同学控制语音零火,Smart Switch,3.9,0.57,https://detail.1688.com/offer/877722440613.html,included,
922278064317,smart-home,钢化玻璃智能开关面板mesh2.0已接入米家APP支持小爱同学控制蓝牙,Smart Switch,7.9,1.15,https://detail.1688.com/offer/922278064317.html,included,
749276818793,smart-home,matter协议智能家居zigbee网关Thread协议app远程有线智能网关,Smart Gateway,209,30.52,https://detail.1688.com/offer/749276818793.html,included,
704713843459,smart-home,WiFi涂鸦智能家居智能中控屏4寸内置zigbee网关Linux系统语音控制,Smart Gateway,79,11.54,https://detail.1688.com/offer/704713843459.html,included,
681368468135,smart-home,涂鸦zigbee场景随意贴开关智能家居情景无线开关双开wifi遥控开关,Wireless Smart Switch,38,5.55,https://detail.1688.com/offer/681368468135.html,included,
642715221883,smart-home,zigbee2mqttZHA涂鸦智能家居场景4键随意贴app定时无线情景开关,,59,,https://detail.1688.com/offer/642715221883.html,held,product-identification-or-relevance-review
653516603280,smart-home,涂鸦智能wifi空气盒子智能家居甲醛气体二氧化碳无线温湿度检测仪,Wireless Temperature and Humidity Monitor,66,9.64,https://detail.1688.com/offer/653516603280.html,included,
1026651856147,smart-home,涂鸦智能家居zigbee智能窗帘开关防眩光流动背光触控窗帘面板,,81,,https://detail.1688.com/offer/1026651856147.html,held,product-identification-or-relevance-review
894147359253,smart-home,已接入米家APP智能开关面板支持小爱同学控制语音全屋双单零火版,Smart Switch,19.9,2.91,https://detail.1688.com/offer/894147359253.html,included,
634079997588,smart-home,WiFi灯控智能开关涂鸦智能家居app远程控制零火接线触摸墙壁开关,Smart Switch,22,3.21,https://detail.1688.com/offer/634079997588.html,included,
746454440255,smart-home,Wifi涂鸦智能家居中控屏内置alexaZigBee网关5英寸美规中控面板,Smart Gateway,83,12.12,https://detail.1688.com/offer/746454440255.html,included,
807330212257,smart-home,入门款涂鸦智能开关Mini智能中控屏GFF架构3.5寸红外遥控3路开关,Smart Switch,326,47.6,https://detail.1688.com/offer/807330212257.html,included,
647045003632,smart-home,涂鸦智能家居zigbee智能开关支持2mqttHA单零火灯控按键开关,Smart Switch,46,6.72,https://detail.1688.com/offer/647045003632.html,included,
928530070899,smart-home,涂鸦智能家居zigbee2mqtt低功耗机械手柄阀门APP远程定时控制器,,102,,https://detail.1688.com/offer/928530070899.html,held,product-identification-or-relevance-review
934970214429,smart-home,tuya智能家居zigbee2mqtt墙壁智能插座欧规英规app远程计电量插座,Smart Socket,80,11.68,https://detail.1688.com/offer/934970214429.html,included,
961813173413,smart-home,zigbee2MQTT涂鸦智能家居app远程定时控制音乐律动智能led灯,,33,,https://detail.1688.com/offer/961813173413.html,held,product-identification-or-relevance-review
923639338620,smart-home,涂鸦水浸传感器远程智能家居zigbee漏水报警器感应探测器工厂OEM,Electronic Sensor,32,4.67,https://detail.1688.com/offer/923639338620.html,included,
643228006517,smart-home,zigbee2mqttzha涂鸦智能家居无线4键随意贴app定时场景开关,,56,,https://detail.1688.com/offer/643228006517.html,held,product-identification-or-relevance-review
998970492971,smart-home,涂鸦智能家居蓝牙bluetooth&Mesh zigbee无线网关Type-C供电端口,Wireless Smart Gateway,84,12.27,https://detail.1688.com/offer/998970492971.html,included,
744446368390,smart-home,zigbee2mqtt涂鸦智能家居开关通断器app遥控定时智能开关模组,Smart Switch,25,3.65,https://detail.1688.com/offer/744446368390.html,included,
680542781556,smart-home,蓝牙涂鸦智能家居手指机器人三代app遥控定时语音控制拇指遥控器,Remote Button Pusher,17,2.48,https://detail.1688.com/offer/680542781556.html,included,
1074577799829,smart-home,涂鸦智能家居zigbee智能开关10A单零火通用接线私模美规按键开关,Smart Switch,74,10.81,https://detail.1688.com/offer/1074577799829.html,included,
710444583727,smart-home,4寸涂鸦智能家居WiFi智能中控屏Linux系统内置zigbee网关alexa,Smart Gateway,499,72.86,https://detail.1688.com/offer/710444583727.html,included,
933818978656,smart-home,涂鸦智能家居墙壁WiFi开关单零火通用app远程控制美规智能开关,Smart Switch,6,0.88,https://detail.1688.com/offer/933818978656.html,included,
1052821459365,smart-home,涂鸦智能家居Matter智能开关10A零火接线私模触摸wifi开关,Smart Switch,71,10.37,https://detail.1688.com/offer/1052821459365.html,included,
670670597047,smart-home,zigbee涂鸦智能家居支持2mqttZHA射灯GU10接口智能射灯智能灯杯,,34,,https://detail.1688.com/offer/670670597047.html,held,product-identification-or-relevance-review
642494704750,smart-home,zigbeeZHA涂鸦智能家居2mqtt场景开关app定时4键情景随意贴,,46,,https://detail.1688.com/offer/642494704750.html,held,product-identification-or-relevance-review
901489320534,smart-home,WiFi涂鸦智能开关app远程控制智能家居matter开关欧规按键开关,Smart Switch,55,8.03,https://detail.1688.com/offer/901489320534.html,included,
1082641137137,smart-home,zigbee涂鸦智能家居调光开关app遥控触摸多路无级调光定时开关,,47,,https://detail.1688.com/offer/1082641137137.html,held,product-identification-or-relevance-review
922347108217,smart-home,涂鸦智能家居app远程控制定时智能开关蓝牙翘板机器人关灯神器,Smart Switch,82,11.97,https://detail.1688.com/offer/922347108217.html,included,
943283191444,smart-home,涂鸦智能家居WIFI开关app控制肤感玻璃场景切换墙壁智能开关,Smart Switch,95,13.87,https://detail.1688.com/offer/943283191444.html,included,
947514181617,smart-home,涂鸦智能家居zigbee2mqtt智能插座app远程控制16A计量墙壁插座,Smart Socket,74,10.81,https://detail.1688.com/offer/947514181617.html,included,
946538871661,smart-home,涂鸦智能家居WiFi智能开关AG肤感玻璃app远程控制zigbee墙壁开关,Smart Switch,80,11.68,https://detail.1688.com/offer/946538871661.html,included,
703973048177,smart-home,涂鸦智能家居中控屏内置alexa触摸屏app定时Linux屏对讲4寸中控屏,Smart Control Panel,74,10.81,https://detail.1688.com/offer/703973048177.html,included,
872984222150,smart-home,涂鸦智能家居matter开关app远程定时美规背光灯控按键FCC认证,,6,,https://detail.1688.com/offer/872984222150.html,held,product-identification-or-relevance-review
726564432613,smart-home,wifi涂鸦智能家居按键回弹开关app遥控定时美规背光灯控智能开关,Smart Switch,54,7.88,https://detail.1688.com/offer/726564432613.html,included,
1081612838688,smart-home,涂鸦智能家居WiFi调光开关app远程定时肤感玻璃场景切换智能开关,Smart Switch,78,11.39,https://detail.1688.com/offer/1081612838688.html,included,
1059032712324,smart-home,WiFi智能家居matter触摸开关单零火通用app远程定时智能开关,Smart Switch,50,7.3,https://detail.1688.com/offer/1059032712324.html,included,
743946707612,smart-home,涂鸦智能家居Zigbee2mqttapp查看无线安防门窗门磁感应器,,29,,https://detail.1688.com/offer/743946707612.html,held,product-identification-or-relevance-review
650773731095,smart-home,涂鸦智能家居花园灌溉水阀蓝牙zigbee2mqttapp远程定时园林灌溉机,,90,,https://detail.1688.com/offer/650773731095.html,held,product-identification-or-relevance-review
744459596187,smart-home,zigbee2mqtt涂鸦智能家居开关迷你通断器app远程定时智能开关模组,Smart Switch,33,4.82,https://detail.1688.com/offer/744459596187.html,included,
1082683174407,smart-home,涂鸦智能家居zigbee智能开关app远程定时零火接线mesh中继开关,Smart Switch,33.73,4.93,https://detail.1688.com/offer/1082683174407.html,included,
681168831671,smart-home,涂鸦bluetooth蓝牙智能手指机器人app远程遥控3代迷你拇指遥控器,Remote Button Pusher,17,2.48,https://detail.1688.com/offer/681168831671.html,included,
626362321396,smart-home,zigbee2mqtt涂鸦智能家居地暖恒温器app定时语音控制地暖智能开关,Smart Switch,84,12.27,https://detail.1688.com/offer/626362321396.html,included,
994479540454,smart-home,涂鸦智能家居WiFi摄像头室内300万像素高清彩色夜视移动监测监控,Security Camera,70,10.22,https://detail.1688.com/offer/994479540454.html,included,
805662410000,smart-home,入门款涂鸦智能Mini智能中控屏GFF架构3.5寸红外遥控3路按键开关,Smart Control Panel,343,50.08,https://detail.1688.com/offer/805662410000.html,included,
660192169889,smart-home,涂鸦蓝牙zigbee2mqtt智能家居灌溉水阀app定时园林滴灌智能浇水器,,84,,https://detail.1688.com/offer/660192169889.html,held,product-identification-or-relevance-review
706681243804,smart-home,涂鸦智能家居zigbee智能开关app定时单零火10a灯控2mqtt智能面板,Smart Switch,13.5,1.97,https://detail.1688.com/offer/706681243804.html,included,
924586286122,smart-home,zigbee2mqtt涂鸦智能家居窗帘拉绳电机app锂电太阳能充电智能电机,,192,,https://detail.1688.com/offer/924586286122.html,held,product-identification-or-relevance-review
964232478173,smart-home,WiFi涂鸦智能家居matter智能led灯alexa语音app远程控制灯丝灯,,27,,https://detail.1688.com/offer/964232478173.html,held,product-identification-or-relevance-review
638828947534,smart-home,涂鸦 zigbee/wifi智能家居窗帘电机app语音定时电动窗帘轨道电机,Smart Curtain Controller,84,12.27,https://detail.1688.com/offer/638828947534.html,included,
631011504569,smart-home,ZIGBEE涂鸦智能家居拉绳窗帘电机支持2mqttZHA智能电机,Smart Curtain Controller,84,12.27,https://detail.1688.com/offer/631011504569.html,included,
1082682294152,smart-home,涂鸦智能家居zigbee智能开关app定时单零火通用2mqtt美规开关,Smart Switch,38.5,5.62,https://detail.1688.com/offer/1082682294152.html,included,
954498881809,smart-home,zigbee2mqtt涂鸦智能家居app远程检测水塔箱水位液位智能传感器,Electronic Sensor,187,27.3,https://detail.1688.com/offer/954498881809.html,included,
806004381703,smart-home,WiFi涂鸦智能家居暖气阀门app定时zigbee暖气节能恒温温控开关,,154,,https://detail.1688.com/offer/806004381703.html,held,product-identification-or-relevance-review
726781237842,smart-home,涂鸦智能家居WiFi智能开关APP定时美规零火双控1234路灯控开关,Smart Switch,54,7.88,https://detail.1688.com/offer/726781237842.html,included,
665309440004,smart-home,WiFi涂鸦智能家居浇花定时器充电app微滴灌系统双泵浇灌智能开关,Rechargeable Smart Switch,219,31.98,https://detail.1688.com/offer/665309440004.html,included,
933337090625,smart-home,涂鸦智能家居10寸智能中控屏Linux系统内置alexaWiFi智能中控开关,Smart Control Panel,1699,248.08,https://detail.1688.com/offer/933337090625.html,included,
872443397422,smart-home,zigbee2mqtt涂鸦智能家居20Aapp定时电量监测AC热水器智能开关,Smart Switch,13.5,1.97,https://detail.1688.com/offer/872443397422.html,included,
776262913493,smart-home,Matter涂鸦智能家居WiFi智能灯泡调光Led灯GU10E27E14照明灯泡,,27,,https://detail.1688.com/offer/776262913493.html,held,product-identification-or-relevance-review
689586007761,smart-home,涂鸦智能家居Zigbee2MQTT球泡灯app定时9WRGBCWE27智能灯泡,,35,,https://detail.1688.com/offer/689586007761.html,held,product-identification-or-relevance-review
635258395559,smart-home,Zigbee2mqtt涂鸦智能家居app报警水浸传感器漏水探测器,Electronic Sensor,42,6.13,https://detail.1688.com/offer/635258395559.html,included,
696399221894,smart-home,涂鸦蓝牙beacon智能家居LED球泡灯app定时语音E27接口9W智能灯泡,,10,,https://detail.1688.com/offer/696399221894.html,held,product-identification-or-relevance-review
742554188360,smart-home,zigbee2mqtt涂鸦智能家居调光智能开关通断器app定时智能调光模组,Smart Switch,41,5.99,https://detail.1688.com/offer/742554188360.html,included,
665309440141,smart-home,涂鸦WiFi智能家居园林灌溉浇花器app定时水阀花园农林智能洒水器,,214,,https://detail.1688.com/offer/665309440141.html,held,product-identification-or-relevance-review
887808476578,smart-home,Zigbee2mqtt涂鸦智能家居PIR智能安防WiFi人体红外传感器,Electronic Sensor,35,5.11,https://detail.1688.com/offer/887808476578.html,included,
1056131575954,smart-home,涂鸦智能家居WiFi调光开关app远程控制AG肤感玻璃触摸调光面板,,78,,https://detail.1688.com/offer/1056131575954.html,held,product-identification-or-relevance-review
731881650336,smart-home,涂鸦智能家居zigbee2mqtt窗帘开关app语音定时4芯线窗帘墙壁开关,,13.5,,https://detail.1688.com/offer/731881650336.html,held,product-identification-or-relevance-review
744803583358,smart-home,WiFi涂鸦智能家居开关迷你通断器app定时alexa语音智能开关模组,Smart Switch,25,3.65,https://detail.1688.com/offer/744803583358.html,included,
1081814907985,smart-home,涂鸦智能家居WiFi智能开关app远程定时人体存在开关美规按键开关,Smart Switch,40.5,5.91,https://detail.1688.com/offer/1081814907985.html,included,
667894172865,smart-home,智能家居涂鸦WiFi按键智能开关app定时控制断电记忆墙壁开关面板,Smart Switch,54,7.88,https://detail.1688.com/offer/667894172865.html,included,
667676825555,smart-home,WiFi涂鸦智能家居窗帘智能开关通断器APP定时语音窗帘智能模组,Smart Switch,38,5.55,https://detail.1688.com/offer/667676825555.html,included,
873886323561,smart-home,涂鸦智能家居WiFi模组homekitalexa远程控制matter智能开关通断器,Smart Switch,39,5.69,https://detail.1688.com/offer/873886323561.html,included,
776212819076,smart-home,Matter涂鸦智能家居LEDWiFi灯泡app远程控制调光GU10调光rgb灯杯,,23,,https://detail.1688.com/offer/776212819076.html,held,product-identification-or-relevance-review
1081765923927,smart-home,涂鸦智能家居WiFi开关单火接线带电容美规开关app远程定时智能开,,29,,https://detail.1688.com/offer/1081765923927.html,held,product-identification-or-relevance-review
934400381520,smart-home,涂鸦智能家居墙壁智能开关app远程控制单零火通用面板WiFi开关,Smart Switch,6,0.88,https://detail.1688.com/offer/934400381520.html,included,
610330279427,smart-home,隐藏式wifi调光智能开关通断器涂鸦家居app定时控制模组语音灯控,Smart Switch,43,6.28,https://detail.1688.com/offer/610330279427.html,included,
673584310494,smart-home,zigbee涂鸦智能家居2MQTT红外遥控器app语音定时IR智能遥控器,Smart Remote Control,54,7.88,https://detail.1688.com/offer/673584310494.html,included,
997476802394,smart-home,TUYA涂鸦智能家居蓝牙bluetooth&Meshzigbee无线小网关typec供电,Wireless Smart Gateway,84,12.27,https://detail.1688.com/offer/997476802394.html,included,
944833080774,smart-home,涂鸦智能家居触摸墙壁开关app控制肤感玻璃场景切换WiFi智能开关,Smart Switch,95,13.87,https://detail.1688.com/offer/944833080774.html,included,
1085431575935,smart-home,跨境感应小夜灯蜡烛灯烛光浪漫餐厅酒吧桌灯户外餐桌台灯氛围灯,,30,,https://detail.1688.com/offer/1085431575935.html,held,already-in-existing-catalogue
1085152292455,smart-home,免布线Zigbee无线场景开关随意贴面板控制Tuya智能家居灯窗帘风扇,,30.5,,https://detail.1688.com/offer/1085152292455.html,held,product-identification-or-relevance-review
1085115210673,smart-home,Sonoff CAM-S3W窗户摄像头全彩夜视2K高清运动监视器智能家居,Security Camera,239,34.9,https://detail.1688.com/offer/1085115210673.html,included,
1085113220110,smart-home,涂鸦智能家居zigbee智能插座app远程定时控制16A电量监测墙壁插座,Smart Socket,36.9,5.39,https://detail.1688.com/offer/1085113220110.html,included,
1084812795625,smart-home,涂鸦智能有线网关Zigbee3.0 支持本地+远程双控智能家居控制中心,Smart Gateway,115,16.79,https://detail.1688.com/offer/1084812795625.html,included,
1084455854667,smart-home,涂鸦APP智能控制网关zigbee有线智能家居智控中枢网关THP12-Z-V5,Smart Gateway,279,40.74,https://detail.1688.com/offer/1084455854667.html,included,
1084335324573,smart-home,涂鸦WiFi英规86型2.5D面板多功能5孔智能插座带USB‑A+C PD20W,Smart Socket,58,8.47,https://detail.1688.com/offer/1084335324573.html,included,
1084225946230,smart-home,涂鸦APP智能控制TYGWBS-02N无线蓝牙网关type-c供电端口 智能家居,Wireless Smart Gateway,36,5.26,https://detail.1688.com/offer/1084225946230.html,included,
1084176981564,smart-home,涂鸦智能家居WiFi智能插座app远程定时语音控制13A英规插座,Smart Socket,18,2.63,https://detail.1688.com/offer/1084176981564.html,included,
1083988308430,smart-home,涂鸦智能家居室内WiFi云台4MP智能安防摄像头红外夜视监控摇头机,Security Camera,69,10.07,https://detail.1688.com/offer/1083988308430.html,included,
1083955392834,smart-home,涂鸦智能家居WiFi灯泡APP远程定时E27接口RGB灯球A14A7智能灯,,13.5,,https://detail.1688.com/offer/1083955392834.html,held,product-identification-or-relevance-review
1083930691597,smart-home,能率燃气热水器13/16升E4水伺服家用恒温速热综合降噪停水控温,,2898.8,,https://detail.1688.com/offer/1083930691597.html,held,product-identification-or-relevance-review
1083763392301,smart-home,WiFi涂鸦智能家居G80智能灯泡音乐律动app控制5W智能仿钨丝灯,,70,,https://detail.1688.com/offer/1083763392301.html,held,product-identification-or-relevance-review
1083682560799,smart-home,WiFi涂鸦智能家居户外屋檐灯app远程LED串灯IP67防水1600万色RGB,,96,,https://detail.1688.com/offer/1083682560799.html,held,product-identification-or-relevance-review
1083427050001,smart-home,英规涂鸦WIFI智能家居插头插座开关Sirs语音控制远程手机APP定时,,19,,https://detail.1688.com/offer/1083427050001.html,held,product-identification-or-relevance-review
1083408842799,smart-home,SONOFF SNZB-04PR1 Zigbee 3.0无线门窗传感器门磁智能家居,Wireless Electronic Sensor,64,9.34,https://detail.1688.com/offer/1083408842799.html,included,
1083067338171,smart-home,涂鸦智能家居zigbee智能开关app远程定时控制6路巴西规格墙壁开关,Smart Switch,46,6.72,https://detail.1688.com/offer/1083067338171.html,included,
1082988997779,smart-home,涂鸦智能家居户外WiFi摄像头4MP太阳能充电IP65防水全彩夜视安防,Rechargeable Security Camera,89.5,13.07,https://detail.1688.com/offer/1082988997779.html,included,
1082541111042,smart-home,SONOFF SNZB-02P Zigbee3.0温湿度传感器智能家居带电池,Temperature and Humidity Monitor,84.57,12.35,https://detail.1688.com/offer/1082541111042.html,included,
1082520067928,smart-home,Smilewolf零火线Zigbee3.0智能开关面板智能家居易微联支持Alexa,Smart Switch,70,10.22,https://detail.1688.com/offer/1082520067928.html,included,
1086676090565,smart-home,涂鸦智能家居WiFi智能插头App远程定时语音遥控智能插座,Smart Socket,37,5.4,https://detail.1688.com/offer/1086676090565.html,included,
1083747545808,smart-home,爆款床头卧室过道感应灯人来即亮 智能家居感应小夜灯插电款批发,,3.99,,https://detail.1688.com/offer/1083747545808.html,held,product-identification-or-relevance-review
1082956156100,smart-home,涂鸦ZIGBEE智能家居3.5寸场景调光控制开关面板智能场景联动,,269,,https://detail.1688.com/offer/1082956156100.html,held,product-identification-or-relevance-review
1082238231002,smart-home,涂鸦智能家居WiFi智能插头App远程定时语音遥控智能插座,Smart Socket,26.5,3.87,https://detail.1688.com/offer/1082238231002.html,included,
1082196273435,smart-home,涂鸦智M8 PRO智能开关面板支持场景联动ZIGBEE智能家居面板,Smart Switch,189,27.6,https://detail.1688.com/offer/1082196273435.html,included,
1081996102113,smart-home,涂鸦智能家居zigbee智能开关单零火通用app远程定时欧规按键开关,Smart Switch,35,5.11,https://detail.1688.com/offer/1081996102113.html,included,
1081742126851,smart-home,星空水波纹夕阳面布线充电磁吸氛围灯家居卧室客厅多用小夜灯壁灯,,6,,https://detail.1688.com/offer/1081742126851.html,held,product-identification-or-relevance-review
1081087587574,smart-home,涂鸦智能家居蓝牙土壤温度表植物湿度监测探测器花园温度传感器,Electronic Sensor,32,4.67,https://detail.1688.com/offer/1081087587574.html,included,
1081053434787,smart-home,Tuya涂鸦智能断路器三相四线i远程手机控制实时监测智能家居,Smart Power Controller,80,11.68,https://detail.1688.com/offer/1081053434787.html,included,
1081039554252,smart-home,懒人家居全能机器人集尘智能扫地一体全自动清洁拖地清洗免洗家用,,33.91,,https://detail.1688.com/offer/1081039554252.html,held,product-identification-or-relevance-review
1080691603573,smart-home,Zigbee2mqtt涂鸦智能家居1路调光开关app远程定时触摸开关,Smart Switch,47,6.86,https://detail.1688.com/offer/1080691603573.html,included,
1080320282019,smart-home,现货零售批发跨境星空投影灯北极光水波纹蓝牙音乐激光家居氛围灯,,199,,https://detail.1688.com/offer/1080320282019.html,held,product-identification-or-relevance-review
1080124961883,smart-home,Zigbee3.0 无线按键智能家居场景开关无线遥控智能设备触发控制器,,13,,https://detail.1688.com/offer/1080124961883.html,held,product-identification-or-relevance-review
1080048681375,smart-home,智能led光控感应小夜灯卧室家居创意礼品美规欧规英规插电节能灯,,1.25,,https://detail.1688.com/offer/1080048681375.html,held,product-identification-or-relevance-review
1080044249581,smart-home,圆形小夜灯美规跨境led灯光控室内感应开关床头灯家居灯智能感应,,1,,https://detail.1688.com/offer/1080044249581.html,held,product-identification-or-relevance-review
1080043740643,smart-home,智能led光控感应小夜灯卧室家居创意礼品美规欧规英规插电节能灯,,1.25,,https://detail.1688.com/offer/1080043740643.html,held,product-identification-or-relevance-review
1080042796574,smart-home,智能led光控感应小夜灯白光暖光家居创意礼品亚马逊爆款电子产品,,1.14,,https://detail.1688.com/offer/1080042796574.html,held,product-identification-or-relevance-review
1080040909781,smart-home,美规跨境灯圆形小夜灯led光控室内感应开关床头灯创意智能家居灯,,0.4,,https://detail.1688.com/offer/1080040909781.html,held,product-identification-or-relevance-review
1080010809910,smart-home,智能锁专用假勾全钢防卡死锁体智能家居智能门锁涂鸦智能防撬,Electronic Door Lock,36,5.26,https://detail.1688.com/offer/1080010809910.html,included,
1079996643698,smart-home,WIFI智能家居APP远程控制无线通断器,Wireless Smart Power Controller,27.55,4.02,https://detail.1688.com/offer/1079996643698.html,included,
1079392015716,smart-home,跨境豆豆鸭硅胶小夜灯家居装饰小摆件台灯七彩氛围灯柔光护眼夜灯,,10.7,,https://detail.1688.com/offer/1079392015716.html,held,product-identification-or-relevance-review
1079339831811,smart-home,涂鸦智能 温湿度传感器 跨境爆款 涂鸦智能家居 插电使用无需电池,Temperature and Humidity Monitor,32,4.67,https://detail.1688.com/offer/1079339831811.html,included,
1079031409940,smart-home,智能led光控感应小夜灯卧室家居创意礼品美规欧规英规插电节能灯,,1.14,,https://detail.1688.com/offer/1079031409940.html,held,product-identification-or-relevance-review
1079006771605,smart-home,新款2025款WiFi智能断路器支持语音控制​​，并通过涂鸦智能家居,Smart Power Controller,29.2,4.26,https://detail.1688.com/offer/1079006771605.html,included,
1079005730163,smart-home,礼品店小夜灯新奇特led光控室内感应床头灯创意智能家居产品灯,,0.4,,https://detail.1688.com/offer/1079005730163.html,held,product-identification-or-relevance-review
1079000734379,smart-home,美规跨境灯圆形小夜灯led光控室内感应开关床头灯创意智能家居灯,,1,,https://detail.1688.com/offer/1079000734379.html,held,product-identification-or-relevance-review
1078995238570,smart-home,新奇特卡通大白开关小夜灯 智能家居LED光控感应灯插电节能小夜灯,,0.4,,https://detail.1688.com/offer/1078995238570.html,held,product-identification-or-relevance-review
1078752222276,smart-home,智能家居用品拖地机器人干湿两用懒人擦地清洁扫地机跨境礼品批发,,21.5,,https://detail.1688.com/offer/1078752222276.html,held,product-identification-or-relevance-review
1078459221904,smart-home,跨境爆款USB星空投影灯汽车内饰家居卧室小夜灯浪漫银河氛围灯标,,26,,https://detail.1688.com/offer/1078459221904.html,held,product-identification-or-relevance-review
1078403423507,smart-home,跨境氛围小夜灯智能人体感应磁吸充电式墙壁灯家居灯,,26,,https://detail.1688.com/offer/1078403423507.html,held,product-identification-or-relevance-review
1078142599042,smart-home,美规跨境灯圆形小夜灯led光控室内感应开关床头灯家居灯[智能感应,,1,,https://detail.1688.com/offer/1078142599042.html,held,product-identification-or-relevance-review
1078130731439,smart-home,美规跨境灯圆形小夜灯led光控室内感应开关床头灯创意智能家居灯,,0.4,,https://detail.1688.com/offer/1078130731439.html,held,product-identification-or-relevance-review
1078094046698,smart-home,跨境新款双头小夜灯智能人体感应磁吸充电式墙壁灯家居灯玄关射灯,,19,,https://detail.1688.com/offer/1078094046698.html,held,product-identification-or-relevance-review
1078030038152,smart-home,RGBW感应小夜灯氛围感家居客厅卧室床头磁吸免布线墙壁灯老人起夜,,36,,https://detail.1688.com/offer/1078030038152.html,held,product-identification-or-relevance-review
1077805299073,smart-home,涂鸦zigbee无线多模网关网关涂鸦智能家居联动中枢智能远程控制,Wireless Smart Gateway,85,12.41,https://detail.1688.com/offer/1077805299073.html,included,
1077494446587,smart-home,海尔电热水器50/60/80升能效家用2200W金刚三层胆防电墙,,1001.3,,https://detail.1688.com/offer/1077494446587.html,held,product-identification-or-relevance-review
1077270521404,smart-home,跨境智能扫地机器人家用扫吸拖一体好物自动吸尘器小家电礼品家居,,14.8,,https://detail.1688.com/offer/1077270521404.html,held,product-identification-or-relevance-review
1077155327679,smart-home,涂鸦ZigBee开关4-way智能开关按键全屋控制智能家居场景开关带屏,Smart Switch,105,15.33,https://detail.1688.com/offer/1077155327679.html,included,
1077127387581,smart-home,新奇特卡通大白开关小夜灯 智能家居LED光控感应灯插电节能小夜灯,,0.4,,https://detail.1688.com/offer/1077127387581.html,held,product-identification-or-relevance-review
1077106702427,smart-home,智能家居24G微波雷达人体存在传感器智能家居人体存在感应器己接,Electronic Sensor,50,7.3,https://detail.1688.com/offer/1077106702427.html,included,
1076899959423,smart-home,爆款床头卧室过道感应灯人来即亮 智能家居感应小夜灯插电款批发,,4.8,,https://detail.1688.com/offer/1076899959423.html,held,product-identification-or-relevance-review
1076587409316,smart-home,懒人家居全能机器人集尘智能扫地一体全自动清洁拖地清洗免洗家用,,34.96,,https://detail.1688.com/offer/1076587409316.html,held,product-identification-or-relevance-review
1075866200510,smart-home,涂鸦智能家居场景开关4键appZig智能开关bee定时手持遥控无线情景,Wireless Smart Switch,55,8.03,https://detail.1688.com/offer/1075866200510.html,included,
1075843677308,smart-home,插电智能家居人体感应小夜灯夜归照明灯卧室客厅玄关宿舍楼梯过道,,3.8,,https://detail.1688.com/offer/1075843677308.html,held,product-identification-or-relevance-review
1074974223856,smart-home,涂鸦智能家居Zigbee智能开关DlY 灯具名称显示屏按键开关场景开关,Smart Switch,105,15.33,https://detail.1688.com/offer/1074974223856.html,included,
1074967839980,smart-home,跨境智能家居感应橱柜灯Type-C充电超薄调光色磁吸LED衣柜夜灯条,,25,,https://detail.1688.com/offer/1074967839980.html,held,product-identification-or-relevance-review
1074776869342,smart-home,跨境供应意式智能插座 9939I意大利规格远程控制无线遥控插头插座,Wireless Smart Socket,24.5,3.58,https://detail.1688.com/offer/1074776869342.html,included,
1074677485691,smart-home,法规智能插座外壳套料WiFi 欧规德规插座外壳 16A 防火V0,,4,,https://detail.1688.com/offer/1074677485691.html,held,product-identification-or-relevance-review
1074276456132,smart-home,ZigBee PIR红外运动传感器Tuya智能家居安防人体探测传感器,Electronic Sensor,35.5,5.18,https://detail.1688.com/offer/1074276456132.html,included,
1074046419059,smart-home,星空水波纹夕阳面布线充电磁吸氛围灯家居卧室客厅多用小夜灯壁灯,,6,,https://detail.1688.com/offer/1074046419059.html,held,product-identification-or-relevance-review
1073535966464,smart-home,欧规涂鸦WiFi智能开关俄罗斯Alice语音APP远程智能家居开关工厂批,Smart Switch,32.9,4.8,https://detail.1688.com/offer/1073535966464.html,included,
1073251955634,smart-home,涂鸦智能家居ZigBee声光警报器RGB呼吸灯警报app控制智能安防设备,,58,,https://detail.1688.com/offer/1073251955634.html,held,product-identification-or-relevance-review
1072987846213,smart-home,创意新品珍珠奶茶杯硅胶小夜灯家居装饰个性化布置发光定时小台灯,,13.5,,https://detail.1688.com/offer/1072987846213.html,held,product-identification-or-relevance-review
1072807831430,smart-home,美规智能插座外壳长条形16A  WiFi智能插座外壳防火V0,,4,,https://detail.1688.com/offer/1072807831430.html,held,product-identification-or-relevance-review
1072654815705,smart-home,爆款床头卧室过道感应灯人来即亮 智能家居感应小夜灯插电款批发,,5.8,,https://detail.1688.com/offer/1072654815705.html,held,product-identification-or-relevance-review
1072554171652,smart-home,涂鸦Zigbee吸顶网关强电供电/POE供电智能网关远程控制家居联动,Smart Gateway,179,26.14,https://detail.1688.com/offer/1072554171652.html,included,
1072053161332,smart-home,涂鸦智能家居蓝牙单口水阀定时编程控制器下雨延时铜头灌溉阀门,,54,,https://detail.1688.com/offer/1072053161332.html,held,product-identification-or-relevance-review
1070915211160,smart-home,卡通哆啦a梦台灯儿童护眼小夜灯家居卧室床头装饰台灯房间氛围灯,,189,,https://detail.1688.com/offer/1070915211160.html,held,product-identification-or-relevance-review
1070527849637,smart-home,涂鸦方案12寸背景音乐播放器安卓系统全屋语音控制智能家居中控屏,Smart Control Panel,980,143.09,https://detail.1688.com/offer/1070527849637.html,included,
1070470566218,smart-home,涂鸦WiFi信号增强放大器无线网络扩展器智能家居中继无线中继器,,31,,https://detail.1688.com/offer/1070470566218.html,held,product-identification-or-relevance-review
1070085856990,smart-home,涂鸦智能家居照明开关DIY名称显示ZigBee零火墙壁按键开关86底盒,,105,,https://detail.1688.com/offer/1070085856990.html,held,product-identification-or-relevance-review
1069396784948,smart-home,涂鸦智能插座一拖二 双插USB电量统计WiFi蓝牙语音控制智能插座,Smart Socket,43,6.28,https://detail.1688.com/offer/1069396784948.html,included,
1068917591954,smart-home,涂鸦 WiFi 水浸套装 智能家居漏水传感器手机 APP 推送溢水报警器,Electronic Sensor,95,13.87,https://detail.1688.com/offer/1068917591954.html,included,
1068664036898,smart-home,创意智能感应USB充电护眼睡眠灯居家桌面摆件简约卡通雪人小夜灯,,22,,https://detail.1688.com/offer/1068664036898.html,held,product-identification-or-relevance-review
1068114484795,smart-home,涂鸦智能双频蓝牙网关无线家居APP远程控制器跨境出口款多模网关,Wireless Smart Gateway,49,7.15,https://detail.1688.com/offer/1068114484795.html,included,
1068042232094,smart-home,礼品店小夜灯新奇特led光控室内感应床头灯创意智能家居产品灯,,0.4,,https://detail.1688.com/offer/1068042232094.html,held,product-identification-or-relevance-review
1068039112351,smart-home,美规跨境灯圆形小夜灯led光控室内感应开关床头灯创意智能家居灯,,0.4,,https://detail.1688.com/offer/1068039112351.html,held,product-identification-or-relevance-review
1067953216616,smart-home,亚克力小夜灯彷蘑菇夜灯照明灯氛围装饰创意家居装饰品触摸式夜灯,,19,,https://detail.1688.com/offer/1067953216616.html,held,product-identification-or-relevance-review
1067597119768,smart-home,涂鸦wifi通断器无线遥控免布线zigbee智能开关家居APP定时远程控,Wireless Smart Switch,14.5,2.12,https://detail.1688.com/offer/1067597119768.html,included,
1067393068770,smart-home,美规跨境灯方形框卡通开关/光控led小夜灯智能家居插电床头灯台灯,,0.45,,https://detail.1688.com/offer/1067393068770.html,held,product-identification-or-relevance-review
1067031257556,smart-home,SONOFF SNZB-04PR2 Zigbee 3.0无线门窗传感器门磁DWGen2智能家居,Wireless Electronic Sensor,55.9,8.16,https://detail.1688.com/offer/1067031257556.html,included,
1066857687953,smart-home,智能锁专用假勾全钢防卡死锁体智能家居智能门锁涂鸦智能防撬,Electronic Door Lock,36,5.26,https://detail.1688.com/offer/1066857687953.html,included,
1066396643055,smart-home,AUTILINK厂家智能家居tuya wifi智能开关钢化玻璃黑色,Smart Switch,42,6.13,https://detail.1688.com/offer/1066396643055.html,included,
1066277930343,smart-home,跨境爆款USB星空投影灯汽车内饰家居卧室小夜灯浪漫银河氛围灯免,,9,,https://detail.1688.com/offer/1066277930343.html,held,product-identification-or-relevance-review
1066277930294,smart-home,SONOFF NSPanel Pro 第二代双通道继电器智能家居控制面板 86型,Smart Control Panel,1303.5,190.33,https://detail.1688.com/offer/1066277930294.html,included,
1065900345614,smart-home,涂鸦24G人体存在传感器WiFi全屋智能家居远程控制移动感应传感器,Electronic Sensor,79,11.54,https://detail.1688.com/offer/1065900345614.html,included,
1065677628965,smart-home,易微联wifi+蓝牙智能开关模块Alexa语音控制智能家居定时延时开关,,12,,https://detail.1688.com/offer/1065677628965.html,held,product-identification-or-relevance-review
1065564094554,smart-home,天籁10寸模拟5.1吸顶嵌入音箱家庭影院背景音乐蓝牙安卓主机,,3700,,https://detail.1688.com/offer/1065564094554.html,held,product-identification-or-relevance-review
1065418106981,smart-home,美规跨境灯方形月亮小夜灯led光控感应开关床头灯创意智能家居灯,,1,,https://detail.1688.com/offer/1065418106981.html,held,product-identification-or-relevance-review
1065198197287,smart-home,matter WiFi智能家居美规智能开关支持Homekit GoogleHome Alexa,Smart Switch,60,8.76,https://detail.1688.com/offer/1065198197287.html,included,
1065167452821,smart-home,涂鸦蓝牙开关机器人智能家居长续航APP远程控制语音联动智能开关,Smart Switch,75,10.95,https://detail.1688.com/offer/1065167452821.html,included,
1064875597180,smart-home,Sonoff TRVZB Zigbee 温控阀智能家居燃气安全防护APP语音控制,,126.14,,https://detail.1688.com/offer/1064875597180.html,held,product-identification-or-relevance-review
1064869989394,smart-home,SONOFF SNZB-04PR1 Zigbee 3.0 门窗传感器智能门磁家居安全防护,Electronic Sensor,51,7.45,https://detail.1688.com/offer/1064869989394.html,included,
1064863821634,smart-home,SONOFF SNZB-04PR2 Zigbee 3.0无线门窗传感器DW Gen2智能家居,Wireless Electronic Sensor,47,6.86,https://detail.1688.com/offer/1064863821634.html,included,
1064615376191,smart-home,超薄智能led人体感应灯充电式酒柜衣柜橱柜灯带家居磁吸感应灯条,,16,,https://detail.1688.com/offer/1064615376191.html,held,product-identification-or-relevance-review
1064378113129,smart-home,智能led光控感应小夜灯白光暖光家居创意礼品亚马逊爆款电子产品,,1,,https://detail.1688.com/offer/1064378113129.html,held,product-identification-or-relevance-review
1064336060005,smart-home,实力工厂4G智能睡眠监测带家用卧室床垫智慧养老适老化报警器打样,,380,,https://detail.1688.com/offer/1064336060005.html,held,product-identification-or-relevance-review
1063869746132,smart-home,SONOFF SNZB-02DR2 Zigbee带屏智能温湿度传感器智能家居远程控制,Temperature and Humidity Monitor,81,11.83,https://detail.1688.com/offer/1063869746132.html,included,
1063856457655,smart-home,欧规86型涂鸦WiFi风扇灯开关钢化玻璃面板触摸开关,Smart Switch,8,1.17,https://detail.1688.com/offer/1063856457655.html,included,
1063733205822,smart-home,跨境智能人体感应灯插入式光控墙壁灯温馨小夜灯过道玄关家居筒灯,,19,,https://detail.1688.com/offer/1063733205822.html,held,product-identification-or-relevance-review
1063661513018,smart-home,涂鸦智能家居zigbee智能开关显屏文字自定义雷达感应亮屏墙壁开关,Smart Switch,105,15.33,https://detail.1688.com/offer/1063661513018.html,included,
1063394631089,smart-home,智能WiFi欧规插座 Cozylife欧规插头 APP远程定时语音带计量工厂,,16.9,,https://detail.1688.com/offer/1063394631089.html,held,product-identification-or-relevance-review
1063386736995,smart-home,SONOFF SNZB-06P24 Zigbee人体存在传感器24G雷达智能家居易微联,Electronic Sensor,135,19.71,https://detail.1688.com/offer/1063386736995.html,included,
1063060911066,smart-home,SONOFF ZBbridge-P Zigbee Bridge PRO Zigbee 3.0网关智能家居,Smart Gateway,89,13.0,https://detail.1688.com/offer/1063060911066.html,included,
1063032454363,smart-home,数显WiFi 涂鸦智能家居开关APP手机无线远程智能遥控开关断路器,Wireless Smart Switch,36,5.26,https://detail.1688.com/offer/1063032454363.html,included,
1062993634632,smart-home,创意复古迷你小夜灯led电子蜡烛灯家居派对装饰氛围拍照道具摆件,,1.5,,https://detail.1688.com/offer/1062993634632.html,held,product-identification-or-relevance-review
1062923497907,smart-home,SONOFF SNZB-02B Zigbee温湿度传感器远程监控智能家居Alexa,Temperature and Humidity Monitor,65,9.49,https://detail.1688.com/offer/1062923497907.html,included,
1062495464196,smart-home,涂鸦智能WiFi欧规按键开关国标英规alexa语音APP智能家居墙壁开关,,38,,https://detail.1688.com/offer/1062495464196.html,held,product-identification-or-relevance-review
1062434631829,smart-home,涂鸦智能卷帘电机zigbee电动窗帘智能家居语音遥控智能拉珠拉绳电,Smart Curtain Controller,15,2.19,https://detail.1688.com/offer/1062434631829.html,included,
1062277031183,smart-home,NOVO乐屋N99-3E-1.5N智能家居电动窗帘电机 涂鸦WiFi静音无线遥控,Quiet Wireless Smart Curtain Controller,95,13.87,https://detail.1688.com/offer/1062277031183.html,included,
1062238586637,smart-home,涂鸦官方zigbee多模网关无线智能双频网关wifi蓝牙远程家居控制器,Wireless Smart Gateway,58,8.47,https://detail.1688.com/offer/1062238586637.html,included,
1062096328916,smart-home,智能开关涂鸦APP智能控制面板全屋语音零火版zigbee场景家居 插座,Smart Switch,50,7.3,https://detail.1688.com/offer/1062096328916.html,included,
1060853839938,smart-home,TUYA涂鸦Zigbee场景开关 四键随意贴 四键场景开关 智能家居联动,,35,,https://detail.1688.com/offer/1060853839938.html,held,product-identification-or-relevance-review
1060739189423,smart-home,自动感应门牌灯磁吸夜灯墙壁灯家居壁挂式智能灯楼梯厕所走廊暖光,,11.5,,https://detail.1688.com/offer/1060739189423.html,held,product-identification-or-relevance-review
1060522575247,smart-home,星空水波纹小山丘免布线充电磁吸氛围灯家居卧室客厅用小夜灯壁灯,,6,,https://detail.1688.com/offer/1060522575247.html,held,product-identification-or-relevance-review
1060489974468,smart-home,澳规新西兰规WiFi智能插座涂鸦16A语音手机APP远程控制家居,Smart Socket,28,4.09,https://detail.1688.com/offer/1060489974468.html,included,
1060413447072,smart-home,不倒翁爆款蘑菇灯便携式解压卧室摆件充电小夜灯床头家居护眼台灯,,14.8,,https://detail.1688.com/offer/1060413447072.html,held,product-identification-or-relevance-review
1060394110898,smart-home,定制三色电动窗帘轨道智能电机阳台遮光窗帘卧室遮光双层带纱窗帘,Smart Curtain Controller,35,5.11,https://detail.1688.com/offer/1060394110898.html,included,
1060140790922,smart-home,涂鸦Zigbee智能家庭控制中心网关ZIGBEE3.0智能家居控制主机,Smart Gateway,138,20.15,https://detail.1688.com/offer/1060140790922.html,included,
1059940615301,smart-home,涂鸦APP智能控制V5多功能网关无线远程智能家居全屋有线zigbee3.0,Wireless Smart Gateway,279,40.74,https://detail.1688.com/offer/1059940615301.html,included,
1059837248145,smart-home,氛围灯触摸感应少女心钥匙扣挂件立体创意礼物摆件卧室家居小夜灯,,6,,https://detail.1688.com/offer/1059837248145.html,held,product-identification-or-relevance-review
1059457053577,smart-home,跨境专卖家居23CM扫地机器人集尘智能扫地一体全自动清洁扫地机,,16.5,,https://detail.1688.com/offer/1059457053577.html,held,product-identification-or-relevance-review
1059189199180,smart-home,美规智能插座WiFi插座16A计量 手机APP控制 Alexa语音控制无USB,Smart Socket,18.5,2.7,https://detail.1688.com/offer/1059189199180.html,included,
1058902621670,smart-home,涂鸦智能开关铝合金面板语音远程控制全屋智能家居zigbee智能开关,Smart Switch,73.68,10.76,https://detail.1688.com/offer/1058902621670.html,included,
1058580879996,smart-home,现货8寸嵌入式涂鸦网关中控屏两分区双音源WiFi智能家居音乐主机,Smart Gateway,1600,233.62,https://detail.1688.com/offer/1058580879996.html,included,
1058473741484,smart-home,Zigbee涂鸦智能家居电器智能开关零火版平板开关86型通用,Smart Switch,35,5.11,https://detail.1688.com/offer/1058473741484.html,included,
1058455146819,smart-home,跨境专卖家居迷您扫地机器人集尘智能扫地一体全自动清洁扫地机,,12,,https://detail.1688.com/offer/1058455146819.html,held,product-identification-or-relevance-review
1058065166592,smart-home,肤感玻璃涂鸦智能开关zigbee零火版语音远程APP控制全屋智能家居,Smart Switch,68.21,9.96,https://detail.1688.com/offer/1058065166592.html,included,
1057560104490,smart-home,433RF欧规16A智能家居无线遥控开关多功能插座远距离控制灯具电视,Wireless Smart Switch,28,4.09,https://detail.1688.com/offer/1057560104490.html,included,
1057488394051,smart-home,涂鸦tuya网关远程遥控器自动智能家居zigbee蓝牙WiFi多模多功能,Smart Gateway,35,5.11,https://detail.1688.com/offer/1057488394051.html,included,
1057486622235,smart-home,涂鸦tuya网关远程遥控器自动智能家居zigbee蓝牙WiFi多模多功能,Smart Gateway,35,5.11,https://detail.1688.com/offer/1057486622235.html,included,
1057343471510,smart-home,SONOFF Zigbee SWV-ZFE智能水阀带流量计欧规智能家居浇花灌溉器,,200,,https://detail.1688.com/offer/1057343471510.html,held,product-identification-or-relevance-review
1057191762433,smart-home,电动窗帘轨道智能遥控开合帘电机铝合金单轨双轨语音套装家居酒店,Smart Remote Control,49,7.15,https://detail.1688.com/offer/1057191762433.html,included,
1056732949623,smart-home,创意欢乐兔开关小夜灯led开关兔子床头灯智能家居灯,,1.8,,https://detail.1688.com/offer/1056732949623.html,held,product-identification-or-relevance-review
1056675418296,smart-home,8寸嵌入式涂鸦中控屏两分区双音源WiFi智能家居音乐网关播放器,Smart Gateway,1600,233.62,https://detail.1688.com/offer/1056675418296.html,included,
1055792148489,smart-home,跨境天籁智能家居中控背景音乐wifi远程手机app控制主机c10-7plus,,1350,,https://detail.1688.com/offer/1055792148489.html,held,product-identification-or-relevance-review
1055751116857,smart-home,涂鸦智能5G双频多模网关全屋智能家居中枢支持Zigbee蓝牙一键替换,Smart Gateway,69,10.07,https://detail.1688.com/offer/1055751116857.html,included,
1054466595803,smart-home,涂鸦智能家居WiFi智能开关10GHz毫米波人体存在感应墙壁开关,Smart Switch,70,10.22,https://detail.1688.com/offer/1054466595803.html,included,
1054459108324,smart-home,欧规智能插座16/20A 欧标计量WiFi远程Matter/涂鸦智能家居自动化,Smart Socket,20,2.92,https://detail.1688.com/offer/1054459108324.html,included,
1054452332642,smart-home,现货10寸嵌入式涂鸦米家中控屏四分区WiFi智能家居墙面蓝牙主机,Smart Control Panel,1750,255.52,https://detail.1688.com/offer/1054452332642.html,included,
1054393146025,smart-home,usb充电led人体感应灯人来灯亮智能小夜灯可充电家居床头灯宿舍,,3.7,,https://detail.1688.com/offer/1054393146025.html,held,product-identification-or-relevance-review
1053613335280,smart-home,厂家直销遥控发射器夹子汽车遮阳板遥控器支架防静电遥控器支架锁,,2,,https://detail.1688.com/offer/1053613335280.html,held,product-identification-or-relevance-review
1053602400420,smart-home,智能家居移动展示箱演示模型沙盘展物联拉杆箱智能家居演示模型,,680,,https://detail.1688.com/offer/1053602400420.html,held,product-identification-or-relevance-review
1053563778313,smart-home,蓝牙手指机器人智能家居涂鸦app配置网关可远程定时语音控制开关,Smart Gateway,76,11.1,https://detail.1688.com/offer/1053563778313.html,included,
1053332683284,smart-home,智能语音小夜灯空调伴侣USB空调语音遥控器红外通用灯光客厅家居,,2.38,,https://detail.1688.com/offer/1053332683284.html,held,product-identification-or-relevance-review
1053275963524,smart-home,跨境MINI懒人无线智能遥控器 433学习码智能家居随意贴 MINI免布,Wireless Smart Remote Control,2.7,0.39,https://detail.1688.com/offer/1053275963524.html,included,
1053241769572,smart-home,Zigbee涂鸦118/120按键开关智能家居远程控制Matter美规澳规WiFi,,39.8,,https://detail.1688.com/offer/1053241769572.html,held,product-identification-or-relevance-review
1053049692737,smart-home,昇琼｜20263.5 英寸智能家居触摸屏控制面板迷你版内置 3 位开关,Smart Control Panel,529,77.24,https://detail.1688.com/offer/1053049692737.html,included,
1053035260914,smart-home,WiFi智能插座涂鸦美规方插语音WiFiAPP远程控制智能家居插头开,Smart Socket,20,2.92,https://detail.1688.com/offer/1053035260914.html,included,
1052794996435,smart-home,涂鸦智能多模网关Zigbee+蓝牙Mesh多协议全屋智能家居控制中心,Smart Gateway,66,9.64,https://detail.1688.com/offer/1052794996435.html,included,
1052568189350,smart-home,厨房氛围灯免安装餐桌台面橱柜下专用装饰酒瓶灯罩瓶塞充电小夜灯,,10.8,,https://detail.1688.com/offer/1052568189350.html,held,product-identification-or-relevance-review
1051721526175,smart-home,智能家居开关展示柜 智能面板样品展示架 全屋定 制展厅展柜厂家,,3080,,https://detail.1688.com/offer/1051721526175.html,held,product-identification-or-relevance-review
1051685168948,smart-home,涂鸦wifi万能转换印度智能插座小南非规插头手机app远程语音控制,Smart Socket,29.5,4.31,https://detail.1688.com/offer/1051685168948.html,included,
1051452498756,smart-home,源头工厂爆款智能插座方插涂鸦语音WiFiAPP远程控制智能家居插头,Smart Socket,19.99,2.92,https://detail.1688.com/offer/1051452498756.html,included,
1051171196919,smart-home,亚克力小夜灯彷蘑菇夜灯照明灯氛围装饰创意家居装饰品触摸式夜灯,,19,,https://detail.1688.com/offer/1051171196919.html,held,product-identification-or-relevance-review
1050956119752,smart-home,智能家居照明演示箱磁吸轨道灯调光驱动展示箱全屋智能样品测试箱,,680,,https://detail.1688.com/offer/1050956119752.html,held,product-identification-or-relevance-review
1050948487979,smart-home,智能家居移动展示箱演示模型沙盘展物联拉杆箱智能家居演示模型,,680,,https://detail.1688.com/offer/1050948487979.html,held,product-identification-or-relevance-review
1049178200052,smart-home,涂鸦zigbee开关PLC开关新款屏显面板Tuya屏显开关免刻字开关,,145,,https://detail.1688.com/offer/1049178200052.html,held,product-identification-or-relevance-review
1049099617671,smart-home,亚克力小夜灯彷蘑菇夜灯照明灯氛围装饰创意家居装饰品触摸式夜灯,,19,,https://detail.1688.com/offer/1049099617671.html,held,product-identification-or-relevance-review
1048795930960,smart-home,涂鸦智能中控屏wifi遥控内置zigbee网关10寸控制面板tuya智能家居,Smart Control Panel,79,11.54,https://detail.1688.com/offer/1048795930960.html,included,
1047708599670,smart-home,涂鸦Wifi/Zigbee 电动窗帘电机智能家居电动窗帘轨道电机,Smart Curtain Controller,118,17.23,https://detail.1688.com/offer/1047708599670.html,included,
1047176709332,smart-home,杜亚电动智能轨道全自动开合已接入米家离线滑轨 app语音遥控轨道,,100,,https://detail.1688.com/offer/1047176709332.html,held,product-identification-or-relevance-review
1046902814700,smart-home,美的电饭煲家用5升大容量6多功能新款柴火饭电饭锅3到4人政府补贴,,179,,https://detail.1688.com/offer/1046902814700.html,held,product-identification-or-relevance-review
1046499281428,smart-home,Tuya 涂鸦 WiFi 门磁感应器 门窗传感器 APP远程报警跨境一件代发,Electronic Sensor,32,4.67,https://detail.1688.com/offer/1046499281428.html,included,
1046222279291,smart-home,涂鸦蓝牙mesh协议 蓝牙mesh40A插卡取电开关高频低频酒店延时断电,,60,,https://detail.1688.com/offer/1046222279291.html,held,product-identification-or-relevance-review
1046020731910,smart-home,涂鸦智能WiFi人体运动感应智能家居zigbee红外传感器智能联动探测,Electronic Sensor,32,4.67,https://detail.1688.com/offer/1046020731910.html,included,
1045146210219,smart-home,欧规涂鸦WiFi智能开关俄罗斯Alice语音APP远程智能家居开关工厂批,Smart Switch,32.9,4.8,https://detail.1688.com/offer/1045146210219.html,included,
1045082763108,smart-home,涂鸦智能 WiFi阀门机械手 水阀燃气阀 APP远程无线控制器智能家居,,52,,https://detail.1688.com/offer/1045082763108.html,held,product-identification-or-relevance-review
1044627656827,smart-home,新奇特卡通大白开关小夜灯 智能家居LED光控感应灯插电节能小夜灯,,0.4,,https://detail.1688.com/offer/1044627656827.html,held,product-identification-or-relevance-review
1044404563732,smart-home,7寸背景嵌入式音乐可接8个喇叭两分区双音源wifi酷狗智能家居英文,,1350,,https://detail.1688.com/offer/1044404563732.html,held,product-identification-or-relevance-review
1044263920787,smart-home,新奇特卡通大白开关小夜灯 智能家居LED光控感应灯插电节能小夜灯,,0.4,,https://detail.1688.com/offer/1044263920787.html,held,product-identification-or-relevance-review
1044054001996,smart-home,涂鸦网关TUYA多模蓝牙网关多协议zigbee网关智能家居联动设备,Smart Gateway,37,5.4,https://detail.1688.com/offer/1044054001996.html,included,
1043563870524,smart-home,美规跨境灯圆形小夜灯led光控室内感应开关床头灯创意智能家居灯,,0.4,,https://detail.1688.com/offer/1043563870524.html,held,product-identification-or-relevance-review
1043517541489,smart-home,涂鸦zigbee中继器智能家居网关家用信号放大器穿墙增强放大器,Smart Gateway,41,5.99,https://detail.1688.com/offer/1043517541489.html,included,
1043066740108,smart-home,KNX金属触摸开关面板MS系类智能家居智能照明控制系统面板,Smart Switch,850,124.11,https://detail.1688.com/offer/1043066740108.html,included,
1043030571004,smart-home,涂鸦WiFi智能红外遥控器USB万能遥控器Tuya手机远程智能家居控制,,17.49,,https://detail.1688.com/offer/1043030571004.html,held,product-identification-or-relevance-review
1042952119922,smart-home,彷蘑菇夜灯照明灯氛围装饰创意家居装饰品触摸式夜灯,,20,,https://detail.1688.com/offer/1042952119922.html,held,product-identification-or-relevance-review
1042722651635,smart-home,涂鸦智能中控屏5寸控制面板智能家居多功能触摸屏控制面板,Smart Control Panel,799,116.66,https://detail.1688.com/offer/1042722651635.html,included,
1042651258546,smart-home,Matter智能墙壁开关定时开关遥控器零火款远程控制智能家居Alexa,,30,,https://detail.1688.com/offer/1042651258546.html,held,product-identification-or-relevance-review
1040568737026,smart-home,跨境专卖家居迷您扫地机器人集尘智能扫地一体全自动清洁扫地机,,8.5,,https://detail.1688.com/offer/1040568737026.html,held,product-identification-or-relevance-review
1040455747809,smart-home,Zigbee雷达波24G人体存在传感器远程控智能家居联动传感器,Electronic Sensor,23,3.36,https://detail.1688.com/offer/1040455747809.html,included,
1040135953594,smart-home,涂鸦WIFI水浸传感器TUYA水感漏水检测报警器智能家居水位警报器,Electronic Sensor,24,3.5,https://detail.1688.com/offer/1040135953594.html,included,
1040111687508,smart-home,涂鸦智能网关有线zigbee网关zigbee智能家居系统远程联动控制器,Smart Gateway,95,13.87,https://detail.1688.com/offer/1040111687508.html,included,
1039522196129,smart-home,led长续航充电灯人体感应灯人走灯灭护眼起夜家用卧室磁吸小夜灯,,3.3,,https://detail.1688.com/offer/1039522196129.html,held,product-identification-or-relevance-review
1039431577508,smart-home,公牛米家APP家居全屋系统智能开关面板小爱语音声控凌动无线批发,Wireless Smart Switch,28.57,4.17,https://detail.1688.com/offer/1039431577508.html,included,
1039180889601,smart-home,涂鸦WiFi中继器智能家居信号扩大器信号接收穿墙增强放大加强器,,38,,https://detail.1688.com/offer/1039180889601.html,held,product-identification-or-relevance-review
1039002349714,smart-home,智能家居A-OK奥科AM25-1.2/30-MEL-P-W涂鸦WiFi电子限位管状电机,,180,,https://detail.1688.com/offer/1039002349714.html,held,product-identification-or-relevance-review
1038488982340,smart-home,涂鸦智能家居多功能中控屏8寸1多模网关Alexa语音控制内置IR红外,Smart Gateway,295,43.07,https://detail.1688.com/offer/1038488982340.html,included,
1038376850785,smart-home,跨境三色电动窗帘轨道智能电机阳台遮光窗帘双层带纱窗帘遮光卧室,Smart Curtain Controller,35,5.11,https://detail.1688.com/offer/1038376850785.html,included,
1037072592825,smart-home,批发智能家居用品拖地机器人干湿两用懒人擦地清洁扫地机礼品,,32,,https://detail.1688.com/offer/1037072592825.html,held,product-identification-or-relevance-review
1037055366618,smart-home,涂鸦tuya网关远程遥控器自动智能家居zigbee蓝牙WiFi多模多功能,Smart Gateway,35,5.11,https://detail.1688.com/offer/1037055366618.html,included,
1036500788085,smart-home,厂家直供支持跨境涂鸦智能WiFi系列远程APP控制AIexa谷歌各大音响,,14.8,,https://detail.1688.com/offer/1036500788085.html,held,product-identification-or-relevance-review
1036429647186,smart-home,MG24 USB Dongle网关支持Zigbee/Thread Hub mqtt HA智能家居,Smart Gateway,129,18.84,https://detail.1688.com/offer/1036429647186.html,included,
1035002460382,smart-home,跨境新品幻彩小夜灯智能人体感应磁吸充电墙壁家居卧室氛围感射灯,,19,,https://detail.1688.com/offer/1035002460382.html,held,product-identification-or-relevance-review
1033761088205,smart-home,智能家居DOOYA杜亚DM35R-6/28内置遥控型管状电机适配香格里拉等,,168,,https://detail.1688.com/offer/1033761088205.html,held,product-identification-or-relevance-review
1033642685859,smart-home,8寸智能家居嵌入式中控屏涂鸦网关两分区双音源Wifi背景音乐主机,Smart Gateway,1600,233.62,https://detail.1688.com/offer/1033642685859.html,included,
1033287990143,smart-home,Tuya涂鸦zigbee多模网关无线蓝牙双模网关涂鸦智能家居联动远程控,Wireless Smart Gateway,59,8.61,https://detail.1688.com/offer/1033287990143.html,included,
1032104708468,smart-home,涂鸦智能卷帘电机WiFi电动窗帘智能家居语音遥控智能拉珠拉绳电机,Smart Curtain Controller,20,2.92,https://detail.1688.com/offer/1032104708468.html,included,
1031824666972,smart-home,涂鸦智能手指机器人家居蓝牙app远程定时语音控制遥控开关灯神器,Smart Switch,69,10.07,https://detail.1688.com/offer/1031824666972.html,included,
1031687819030,smart-home,Tuya智能家居WiFi自动窗帘免轨道遥控智能窗帘语音电动窗帘电机,Smart Curtain Controller,289,42.2,https://detail.1688.com/offer/1031687819030.html,included,
1031287536953,smart-home,人体感应壁灯铜币灯氛围夜灯usb充电智能家居衣柜灯橱柜灯led灯,,23,,https://detail.1688.com/offer/1031287536953.html,held,product-identification-or-relevance-review
1031167392825,smart-home,黑色Tuya烟雾报警探测器涂鸦烟感WiFi智能家居APP感应Detector,Electronic Sensor,38,5.55,https://detail.1688.com/offer/1031167392825.html,included,
1031089884579,smart-home,涂鸦WiFi智能窗帘伴侣免布线自动窗帘智能家居设备电动窗帘电机,Smart Curtain Controller,20,2.92,https://detail.1688.com/offer/1031089884579.html,included,
1030808719336,smart-home,简约碎花台灯布艺书房卧室睡眠床头灯氛围遥控小夜灯婴儿喂奶充电,,12.5,,https://detail.1688.com/offer/1030808719336.html,held,product-identification-or-relevance-review
1030153116646,smart-home,涂鸦zigbee智能开关app定时无线旋钮按键调光智能家居场景开关,Wireless Smart Switch,41.3,6.03,https://detail.1688.com/offer/1030153116646.html,included,
1030140616295,smart-home,厂家批发 涂鸦智能网关加强版zigbee3.0全屋智能家居中枢家庭网关,Smart Gateway,278,40.59,https://detail.1688.com/offer/1030140616295.html,included,
1029791239443,smart-home,涂鸦官方双频无线蓝牙网关智能家居网关远程控制器智能家居系统,Wireless Smart Gateway,50,7.3,https://detail.1688.com/offer/1029791239443.html,included,
1029301054497,smart-home,涂鸦智能wifi射频无线对拷贝遥控器车库门智能家居联动亮度传感器,Wireless Electronic Sensor,49,7.15,https://detail.1688.com/offer/1029301054497.html,included,
1028607331341,smart-home,草莓熊疯狂动物城朱迪智能感应小夜灯家居生活用品卧室宿舍墙壁灯,,34,,https://detail.1688.com/offer/1028607331341.html,held,product-identification-or-relevance-review
1027632461810,smart-home,涂鸦智能家居wifi光照度传感器家庭联动智能太阳能亮度光照探测器,Electronic Sensor,95,13.87,https://detail.1688.com/offer/1027632461810.html,included,
1027533498582,smart-home,AG肤感玻璃智能开关面板已接入米家APP小爱同学语音控制智能家居,Smart Switch,9.26,1.35,https://detail.1688.com/offer/1027533498582.html,included,
1027224775679,smart-home,跨境智能窗帘电机APP涂鸦WiFi智能家居设备语音遥控电动窗帘伴侣,Smart Curtain Controller,20,2.92,https://detail.1688.com/offer/1027224775679.html,included,
1027179203779,smart-home,厂家供应方形创意家居小夜灯LED壁橱灯红外人体感应灯Motion Sens,,3.7,,https://detail.1688.com/offer/1027179203779.html,held,product-identification-or-relevance-review
1026948819822,smart-home,智能睡眠监测床垫枕头实时心率呼吸监测传感器定制适老化改造方案,Electronic Sensor,360,52.56,https://detail.1688.com/offer/1026948819822.html,included,
1026580710379,smart-home,涂鸦智能家居蓝牙翘板机器人App远程控制智能开关定时开关灯神器,Smart Switch,85,12.41,https://detail.1688.com/offer/1026580710379.html,included,
1026546910711,smart-home,涂鸦WiFi美规智能插座Smartlife定时开关tuya智能语音控制美标US,Smart Socket,18,2.63,https://detail.1688.com/offer/1026546910711.html,included,
1026485915460,smart-home,智能家居ZigBee 无线智能开关远程遥控定时语音控制家用断路器,Wireless Smart Switch,60,8.76,https://detail.1688.com/offer/1026485915460.html,included,
1025829990273,smart-home,涂鸦智能zigbee网关wifi无线家用远程控制器自动联动智能家居网关,Wireless Smart Gateway,65,9.49,https://detail.1688.com/offer/1025829990273.html,included,
1025759222807,smart-home,瑞安科泰86型随意贴无线遥控智能开关面板免布线智能家居灯具电源,Wireless Smart Switch,8.5,1.24,https://detail.1688.com/offer/1025759222807.html,included,
1018426244412,smart-home,欧盟/欧规触摸墙壁开关智能家居tuya手机Siri语音控制1/2/3/4通道,,14,,https://detail.1688.com/offer/1018426244412.html,held,product-identification-or-relevance-review
1017995422952,smart-home,声必可B8接入米家智能家居背景音乐主机嵌入式吸顶音响米家音响,,610,,https://detail.1688.com/offer/1017995422952.html,held,product-identification-or-relevance-review
1017785729919,smart-home,天籁10寸旋钮中控背景音乐 zigbee网关智能家居控制系统主机q10,Smart Gateway,1650,240.92,https://detail.1688.com/offer/1017785729919.html,included,
1016441757372,smart-home,Tuya涂鸦智能开关通断器WiFi蓝牙双模迷你暗盒通断器语音控制定时,Smart Switch,14.5,2.12,https://detail.1688.com/offer/1016441757372.html,included,
1016143331215,smart-home,tuya智能欧盟WIFI触摸墙壁开关智能家居1/2/3/4通道Siri语音控制,,14,,https://detail.1688.com/offer/1016143331215.html,held,product-identification-or-relevance-review
1016107659288,smart-home,tuya触摸开关220V欧盟/美国WIFI语音Siri控制1/2/3墙智能家居开关,Smart Switch,15,2.19,https://detail.1688.com/offer/1016107659288.html,included,
1015087850116,smart-home,Zigbee涂鸦118/120按键开关远程控制智能家居matter美规澳标WiFi,,35,,https://detail.1688.com/offer/1015087850116.html,held,product-identification-or-relevance-review
1014335796453,smart-home,智能家居背景音乐主机8寸触摸屏控制支持在线音乐播放,,1400,,https://detail.1688.com/offer/1014335796453.html,held,product-identification-or-relevance-review
1013055110943,smart-home,SONOFF SNZB-02DR2 Zigbee带屏智能温湿度传感器智能家居远程控制,Temperature and Humidity Monitor,81,11.83,https://detail.1688.com/offer/1013055110943.html,included,
1011495272011,smart-home,接入米家小爱语音控制蓝牙mesh智能开关面板零火双控版全屋家居,Smart Switch,95,13.87,https://detail.1688.com/offer/1011495272011.html,included,
1010852815352,smart-home,布艺台灯跨境百褶小夜灯家居摆件饰品酒吧卧室客厅氛围灯可调光,,13.5,,https://detail.1688.com/offer/1010852815352.html,held,product-identification-or-relevance-review
1010752793674,smart-home,228型WIFI开关插座 钢化玻璃面板欧规APP远程控制A+C组合智能家用,,97.7,,https://detail.1688.com/offer/1010752793674.html,held,product-identification-or-relevance-review
1010185733710,smart-home,涂鸦欧规16AWiFi插头2合1电量统计Alexa语音控制场景联动2C1A无线,,42,,https://detail.1688.com/offer/1010185733710.html,held,product-identification-or-relevance-review
1009319077476,smart-home,涂鸦Zigbee智能插座英规插头定时开关英标头带计量语音控制ALexa,Smart Socket,20.5,2.99,https://detail.1688.com/offer/1009319077476.html,included,
1008099697185,smart-home,涂鸦智能家居zigbee光照感应器涂鸦光照传感器控制亮度检测探测器,Electronic Sensor,32,4.67,https://detail.1688.com/offer/1008099697185.html,included,
1008053840879,smart-home,zigbee涂鸦APP智能控制家居2路继电器中控屏4寸 多模网关全面屏4S,Smart Gateway,498,72.71,https://detail.1688.com/offer/1008053840879.html,included,
1006044860676,smart-home,4G通讯易微联APP控制器智能家居控制器灯具门禁开关厂家直销,Access Control Terminal,99,14.46,https://detail.1688.com/offer/1006044860676.html,included,
1006007160659,smart-home,零火版智能开关面板已接入米家APP语音远程控制无线双控智能家居,Wireless Smart Switch,7.16,1.05,https://detail.1688.com/offer/1006007160659.html,included,
1005605295094,smart-home,跨境易微联单路智能开关远程点动通断器433遥控WIFI控制自锁模块,,21.9,,https://detail.1688.com/offer/1005605295094.html,held,product-identification-or-relevance-review
1005325636908,smart-home,已接入米家app全屋智能家居小米mesh蓝牙零火智能开关两开玻璃86,Smart Switch,70,10.22,https://detail.1688.com/offer/1005325636908.html,included,
1004341197000,smart-home,Matter带电量统计智能插头WIFI插座Homekit AlexaGoogle 英规插座,,19.5,,https://detail.1688.com/offer/1004341197000.html,held,product-identification-or-relevance-review
1004294096337,smart-home,亚马逊智能家居热销新品爆款TPC充电橱柜灯led三色轻薄人体感应灯,,14.5,,https://detail.1688.com/offer/1004294096337.html,held,product-identification-or-relevance-review
1004191378233,smart-home,SONOFF S60ZB TPG Zigbee英规智能插座智能家居远程定时控制,Smart Socket,75,10.95,https://detail.1688.com/offer/1004191378233.html,included,
1003125182323,smart-home,智能家居AOK奥科卷帘AM35-6/28-G零间隙卷帘电机支持无线遥控,,166,,https://detail.1688.com/offer/1003125182323.html,held,product-identification-or-relevance-review
1003063308706,smart-home,涂鸦Zigbee人体存在感应器 无线红外防盗智能家居联动传感器,Wireless Electronic Sensor,30,4.38,https://detail.1688.com/offer/1003063308706.html,included,
1002788635384,smart-home,专用双轨电动窗帘轨道智能无刷蓝牙小电机客厅窗帘遮光卧室窗纱,Smart Curtain Controller,28,4.09,https://detail.1688.com/offer/1002788635384.html,included,
1002560684311,smart-home,wifi万能规转换欧规插座智能欧标插头涂鸦app远程语音控制带电量,,30,,https://detail.1688.com/offer/1002560684311.html,held,product-identification-or-relevance-review
1002414427093,smart-home,易微联Zigbee门窗传感器智能防盗门磁报警器感应器智能家居联动,Electronic Sensor,23,3.36,https://detail.1688.com/offer/1002414427093.html,included,
1002122010624,smart-home,涂鸦tuya 智能家居wifi开关单路继电器模块点动自锁互锁远程遥控,,12,,https://detail.1688.com/offer/1002122010624.html,held,product-identification-or-relevance-review
1001880426290,smart-home,美标泰规越规墙壁智能家居插座，wifi插座APP定时遥控插座外壳,,10.5,,https://detail.1688.com/offer/1001880426290.html,held,product-identification-or-relevance-review
1000665844575,smart-home,智能家居全屋酒店民宿客房控制系统无线语音控制空调灯光窗帘方案,,98,,https://detail.1688.com/offer/1000665844575.html,held,product-identification-or-relevance-review
1000316474528,smart-home,涂鸦Zigbee智能开关86型语音离在线一体家居控制,Smart Switch,210,30.66,https://detail.1688.com/offer/1000316474528.html,included,
999670586381,smart-home,智能家居红外遥控器涂鸦zigbee定时开关IR智能万能红外空调遥控器,,41,,https://detail.1688.com/offer/999670586381.html,held,product-identification-or-relevance-review
999599232114,smart-home,NSPanel Pro Control NSPanel86PB SONOFF Gray羌色智能家居中控,,799,,https://detail.1688.com/offer/999599232114.html,held,product-identification-or-relevance-review
998181737424,smart-home,内嵌电动窗帘轨道氛围灯电机客厅阳台窗帘遮光卧室北欧智能遥控,Smart Remote Control,57,8.32,https://detail.1688.com/offer/998181737424.html,included,
997370944792,smart-home,新款铝合金电动智能窗帘双轨道一体涂鸦卧室客厅酒店工程窗帘遮光,,33.4,,https://detail.1688.com/offer/997370944792.html,held,product-identification-or-relevance-review
996579971197,smart-home,涂鸦wifi插座 墙壁触摸开关万能插座快充 多国通用智能插头zigbee,Smart Switch,75,10.95,https://detail.1688.com/offer/996579971197.html,included,
995340456228,smart-home,天籁f3pro zigbee无线遥控智能家居触摸屏开关窗帘调光设备86主机,,240,,https://detail.1688.com/offer/995340456228.html,held,product-identification-or-relevance-review
995311884688,smart-home,天籁x6遥控灯调光发光二极管调光器旋转智能调光器墙壁智能开关,Smart Switch,260,37.96,https://detail.1688.com/offer/995311884688.html,included,
994134047769,smart-home,宁波厂家电机上下盖智能家居电动窗帘配件塑料外壳件批发,,2.3,,https://detail.1688.com/offer/994134047769.html,held,product-identification-or-relevance-review
993989825085,smart-home,卧室床头书房民宿舍led小夜灯睡眠氛围灯高级感创意美式usb小台灯,,13.5,,https://detail.1688.com/offer/993989825085.html,held,product-identification-or-relevance-review
993974556384,smart-home,涂鸦8寸中控屏语音控制电视空调窗帘灯光场景等 全屋智能家居定制,Smart Control Panel,120,17.52,https://detail.1688.com/offer/993974556384.html,included,
993880802178,smart-home,智能家居A-OK奥科AM24B-1/34-EL-II内置电子限位百叶电机含变压器,,140,,https://detail.1688.com/offer/993880802178.html,held,product-identification-or-relevance-review
993440792196,smart-home,cozylife智能国标插座WIFI定时开关2.4G频道手机APP远程语音控制,,20.1,,https://detail.1688.com/offer/993440792196.html,held,product-identification-or-relevance-review
993330565135,smart-home,涂鸦旋钮温控器地暖新风控制面板铝合金旋圆屏钮家居智能中控屏,Smart Control Panel,120,17.52,https://detail.1688.com/offer/993330565135.html,included,
993167038977,smart-home,美规涂鸦智能WiFi插座多功能可远程控制带typc接口USB充电口,,38,,https://detail.1688.com/offer/993167038977.html,held,product-identification-or-relevance-review
992822157664,smart-home,智能家居A-OK奥科AC114-01B单频道遥控器 电动开合帘433射频单控,,23,,https://detail.1688.com/offer/992822157664.html,held,product-identification-or-relevance-review
992534542284,smart-home,涂鸦7寸中控屏选配背景音乐系统或3路智能开关 全屋智能家居定制,Smart Switch,120,17.52,https://detail.1688.com/offer/992534542284.html,included,
992159349446,smart-home,涂鸦智能WIFI水阀气阀阀门机械手涂鸦zigbee远程控制器可以联动,,58,,https://detail.1688.com/offer/992159349446.html,held,product-identification-or-relevance-review
992138289301,smart-home,ZigBee涂鸦网关无线多模远程遥控智能家居定时有线智能蓝牙网关,Wireless Smart Gateway,79,11.54,https://detail.1688.com/offer/992138289301.html,included,
991402712152,smart-home,涂鸦WIFI智能插座UK美规16A CE认证全球出口一件代发智能家居单插,Smart Socket,19,2.77,https://detail.1688.com/offer/991402712152.html,included,
990090332745,smart-home,涂鸦wifi智能开关alexa语音app控制智能家居欧规英规触摸开关定制,Smart Switch,23.5,3.43,https://detail.1688.com/offer/990090332745.html,included,
989251655764,smart-home,易微联Zigbee人体存在传感器毫米波雷达微波人体感应开关智能家居,Electronic Sensor,52,7.59,https://detail.1688.com/offer/989251655764.html,included,
988410902073,smart-home,英标WIFi智能插座家居遥控涂鸦家用带USB港版远程定时控制开关插,Smart Socket,47,6.86,https://detail.1688.com/offer/988410902073.html,included,
988378717266,smart-home,电动卷帘遥控器自动电机无线单通道多通道磁吸款智能家居控制器,,28,,https://detail.1688.com/offer/988378717266.html,held,product-identification-or-relevance-review
986652684226,smart-home,无线人体感应led充电磁吸小夜灯智能自动床头衣柜橱柜灯家居夜灯,,4.5,,https://detail.1688.com/offer/986652684226.html,held,product-identification-or-relevance-review
986635511941,smart-home,Tuya WiFi+蓝牙+RF智能触摸开关单火零火通用款美规规开智能家居,Smart Switch,24,3.5,https://detail.1688.com/offer/986635511941.html,included,
986458639048,smart-home,无线 智能家居遥控器 信号稳定 适用范围广,,13,,https://detail.1688.com/offer/986458639048.html,held,product-identification-or-relevance-review
986132694595,smart-home,智能家居杜亚DC1681墙面嵌入式双通道接收器可搭配所有杜亚发射器,,85,,https://detail.1688.com/offer/986132694595.html,held,product-identification-or-relevance-review
985326109648,smart-home,2025年跨境专卖家居迷您扫地机器人智能扫地一体全自动清洁扫地机,,9.9,,https://detail.1688.com/offer/985326109648.html,held,product-identification-or-relevance-review
984744490894,smart-home,智能场景演示箱 酒店场景演示 家居场景演示 产品配套演示箱,,1499,,https://detail.1688.com/offer/984744490894.html,held,product-identification-or-relevance-review
982218853681,smart-home,涂鸦WIFI独居老人呼叫器无线门铃家用居家养老医院对讲系统批发,,13,,https://detail.1688.com/offer/982218853681.html,held,product-identification-or-relevance-review
981916168788,smart-home,涂鸦WiFi老人呼叫器无线紧急按钮sos报警器居家养老一键求救警报,,15,,https://detail.1688.com/offer/981916168788.html,held,product-identification-or-relevance-review
981752679577,smart-home,智能家居A-OK奥科AC123-01黑色单频遥控器 自动开合帘单通道控制,,32,,https://detail.1688.com/offer/981752679577.html,held,product-identification-or-relevance-review
981250317011,smart-home,zegbeeWIFI147大功率10路智能家居遥控开关APP控制触摸无线墙壁,Wireless Smart Switch,83.8,12.24,https://detail.1688.com/offer/981250317011.html,included,
981064730912,smart-home,Zigbee智能家居遥控开关涂鸦APP语音触摸开关玻璃面板欧规零火版,Smart Switch,37.5,5.48,https://detail.1688.com/offer/981064730912.html,included,
980934331649,smart-home,涂鸦智能WiFi遥控开关触摸遥控开关玻璃面板欧规智能家居开关零火,Smart Switch,32.4,4.73,https://detail.1688.com/offer/980934331649.html,included,
979727600244,smart-home,智能家居NOVO乐屋N21涂鸦zigbee电动开合帘电机N30127自动马达,,90,,https://detail.1688.com/offer/979727600244.html,held,product-identification-or-relevance-review
979681211536,smart-home,cozylife国标智能插座 米家WiFi插座带计量插头远程控制定时开关,Smart Socket,16,2.34,https://detail.1688.com/offer/979681211536.html,included,
979033792845,smart-home,Homekit英规智能插座wifi计量Cozylife插座远程控制定时语音Alexa,Smart Socket,22.8,3.33,https://detail.1688.com/offer/979033792845.html,included,
978718444377,smart-home,涂鸦zigbee单火通断器多路家用电工改装智能家居远程APP控制,Smart Power Controller,40,5.84,https://detail.1688.com/offer/978718444377.html,included,
978696400532,smart-home,适老化跌倒报警器涂鸦智能家居网关存在驻留漏水报警睡眠监测仪,Smart Gateway,18,2.63,https://detail.1688.com/offer/978696400532.html,included,
978596561935,smart-home,新款人体感应橱柜灯智能家居夜灯usb充电条灯便携车灯卧室橱柜灯,,23,,https://detail.1688.com/offer/978596561935.html,held,product-identification-or-relevance-review
978048317643,smart-home,升级款涂鸦tuya APP智能家居远程遥控开关单路7-32V 点动模块,,27,,https://detail.1688.com/offer/978048317643.html,held,product-identification-or-relevance-review
977680302114,smart-home,国标Homekit插座智能WiFi 计量插座Cozylife APP远程控制语音小度,,16,,https://detail.1688.com/offer/977680302114.html,held,product-identification-or-relevance-review
977375938347,smart-home,智能欧规插座WiFi插头带计量Cozylife APP手机远程定时语音控制,,16.9,,https://detail.1688.com/offer/977375938347.html,held,product-identification-or-relevance-review
977355067026,smart-home,1500毫安橱柜灯家居卧室USB充电人体感应灯磁吸衣柜灯酒柜灯夜灯,,19,,https://detail.1688.com/offer/977355067026.html,held,product-identification-or-relevance-review
977313198735,smart-home,英规涂鸦WIFI智能家居插头插座开关Sirs语音控制远程手机APP定时,,19,,https://detail.1688.com/offer/977313198735.html,held,product-identification-or-relevance-review
976969738220,smart-home,巴西规智能插头插座涂鸦Wifi手机语音控制美规英规欧规智能家居,,20,,https://detail.1688.com/offer/976969738220.html,held,product-identification-or-relevance-review
975801965488,smart-home,跨境智能家居小型拖地机器人干湿两用懒人擦地清洁扫地机礼品批发,,29,,https://detail.1688.com/offer/975801965488.html,held,product-identification-or-relevance-review
975071894233,smart-home,"Zigbee3.0门磁2032,纽扣电池,Z2M,HA,低功耗长续航智能家居安防",,13,,https://detail.1688.com/offer/975071894233.html,held,product-identification-or-relevance-review
974775290652,smart-home,懒人开关面板遥控免布线灯远程控制器双控智能家居无线 智能开关,Wireless Smart Switch,7.8,1.14,https://detail.1688.com/offer/974775290652.html,included,
974577155372,smart-home,WIFI欧规插座Cozylife智能插座定时APP远程控制兼容Alexa Google,Smart Socket,16.9,2.47,https://detail.1688.com/offer/974577155372.html,included,
973596676678,smart-home,智能led光控感应小夜灯白光暖光家居创意礼品亚马逊爆款电子产品,,2.1,,https://detail.1688.com/offer/973596676678.html,held,product-identification-or-relevance-review
973554396999,smart-home,无线智能开关app远程语音控制接收器免布线遥控开关全屋智能家居,Wireless Smart Switch,5,0.73,https://detail.1688.com/offer/973554396999.html,included,
973363461725,smart-home,涂鸦智选F5智能家居中控屏背景音乐主机带2路继电器开关语音控制,Smart Control Panel,458,66.87,https://detail.1688.com/offer/973363461725.html,included,
973334781863,smart-home,涂鸦智选TPP01-Z智能家居中控屏4寸背景音乐Zigbee网关语音控制,Smart Gateway,458,66.87,https://detail.1688.com/offer/973334781863.html,included,
973276333247,smart-home,HomeKit英规智能插座WiFi插座cozylife插座Alexa语音定时远程控制,Smart Socket,27.6,4.03,https://detail.1688.com/offer/973276333247.html,included,
973263037993,smart-home,领普ES3人体存在传感器毫米波雷达红外热释电远程提醒智能家居,Electronic Sensor,75,10.95,https://detail.1688.com/offer/973263037993.html,included,
973183037682,smart-home,新国标智能排插家居定时开关远程控制插排计量插线板鱼缸插座遥控,,108,,https://detail.1688.com/offer/973183037682.html,held,product-identification-or-relevance-review
973177928630,smart-home,厂家直供涂鸦方案Zigbee有线智能网关智能家居控制中心跨境出口,Smart Gateway,39,5.69,https://detail.1688.com/offer/973177928630.html,included,
973153228402,smart-home,涂鸦智选THP10-Z有线网关智能家居智慧酒店Zigbee设备控制中心,Smart Gateway,39,5.69,https://detail.1688.com/offer/973153228402.html,included,
973066758530,smart-home,涂鸦 zigbee147大功率8路10路智能家居遥控开关APP控制触摸无线Wi,Wireless Smart Switch,85,12.41,https://detail.1688.com/offer/973066758530.html,included,
972641854446,smart-home,涂鸦智选SS190小智管家智能音箱智能家居中控网关四合一语音助手,Smart Speaker,179,26.14,https://detail.1688.com/offer/972641854446.html,included,
972109055726,smart-home,智能家居乐屋NOVO梦幻帘六频遥控器 电动窗帘配件六通道发射器,,25,,https://detail.1688.com/offer/972109055726.html,held,product-identification-or-relevance-review
971910268175,smart-home,新款圆形智能光控感应灯小夜灯白光蓝光红光暖光琥珀光智能家居,,2.7,,https://detail.1688.com/offer/971910268175.html,held,product-identification-or-relevance-review
971558546067,smart-home,养老智能床垫监测心率体征一体式床垫适老化改造监护睡眠床垫定制,,988,,https://detail.1688.com/offer/971558546067.html,held,product-identification-or-relevance-review
971100400518,smart-home,SONOFF ZBMINIL2 智能家居无线遥控灯控开关模块暗装无需零线跨境,,55.48,,https://detail.1688.com/offer/971100400518.html,held,product-identification-or-relevance-review
970942992012,smart-home,涂鸦方案PIR智能人体运动+光照亮度传感器智能家居联动报警通知,Electronic Sensor,65,9.49,https://detail.1688.com/offer/970942992012.html,included,
970854109836,smart-home,涂鸦Zigbee人体存在传感器24g毫米波雷达人体感应智能家居联动,Electronic Sensor,64,9.34,https://detail.1688.com/offer/970854109836.html,included,
970635213864,smart-home,涂鸦 WiFi干接点模块 无线 APP远程干接点通断器智能家居改装开关,,29,,https://detail.1688.com/offer/970635213864.html,held,product-identification-or-relevance-review
970353441545,smart-home,涂鸦方案国标四位六位分控计量版智能排插USB充电APP控制定时开关,,62,,https://detail.1688.com/offer/970353441545.html,held,product-identification-or-relevance-review
969727328809,smart-home,智能家居CM82涂鸦ZIGBEE窗帘电机 82智能电动窗帘马达厂家直销,Smart Curtain Controller,83,12.12,https://detail.1688.com/offer/969727328809.html,included,
969631150565,smart-home,涂鸦方案Wifi/Zigbee智能排插手机远程语音控制定时开关插排插座,,62,,https://detail.1688.com/offer/969631150565.html,held,product-identification-or-relevance-review
969091539275,smart-home,涂鸦方案小智管家万能红外遥控器AI智能音箱语音控制智能家居酒店,Smart Speaker,78,11.39,https://detail.1688.com/offer/969091539275.html,included,
968959485776,smart-home,深圳厂家联动感应灯充电人体感应灯小夜灯走廊过道智能无线家居,,25,,https://detail.1688.com/offer/968959485776.html,held,product-identification-or-relevance-review
968745779445,smart-home,24G人体存在感应器易微联毫米波雷达适老化智能家居人在传感器,Electronic Sensor,18,2.63,https://detail.1688.com/offer/968745779445.html,included,
968739326796,smart-home,涂鸦方案智慧酒店86底盒入墙式有线网关智能家居Zigbee墙壁网关,Smart Gateway,139,20.3,https://detail.1688.com/offer/968739326796.html,included,
968482477386,smart-home,Cozylife智能开关手机控制遥控器语音Wif暗盒通断器双控智能家居,Smart Switch,13.5,1.97,https://detail.1688.com/offer/968482477386.html,included,
968364632190,smart-home,涂鸦wifi智能通断器手机无线远程遥控定时开关家居改装件控制家用,Wireless Smart Power Controller,16.5,2.41,https://detail.1688.com/offer/968364632190.html,included,
968183765745,smart-home,涂鸦智能家居zigbee调光灯具智能旋钮调节开关窗帘场景面板X3 PRO,,259,,https://detail.1688.com/offer/968183765745.html,held,product-identification-or-relevance-review
967322260849,smart-home,zigbee带电量统计智能调光谷歌alexahue语音控制远程操控app英规,,125,,https://detail.1688.com/offer/967322260849.html,held,product-identification-or-relevance-review
966704021158,smart-home,跨境英规开关智能插座带功率计量远程语音插座家用移动墙壁插座,Smart Socket,125,18.25,https://detail.1688.com/offer/966704021158.html,included,
966635682572,smart-home,智能插座WIFI2.4G巴西规插头coyzlife插座支持远程控制兼容Alexa,Smart Socket,17.5,2.56,https://detail.1688.com/offer/966635682572.html,included,
966558531472,smart-home,涂鸦智能家居matter网关智能家居zigbee网关app远程有线智能网关,Smart Gateway,184,26.87,https://detail.1688.com/offer/966558531472.html,included,
966544903648,smart-home,WIFI智能开关2P断路器无线远程遥控智能家居63A过载保护,Wireless Smart Switch,45,6.57,https://detail.1688.com/offer/966544903648.html,included,
966181417660,smart-home,zigbee开关插座调光器powermeter远程遥控电量统计1A欧规插座定时,,125,,https://detail.1688.com/offer/966181417660.html,held,product-identification-or-relevance-review
965645414814,smart-home,智能家居NOVO乐屋K35-EL-6-28管状电机D10308涂鸦智能卷帘电机,,145,,https://detail.1688.com/offer/965645414814.html,held,product-identification-or-relevance-review
965533104018,smart-home,智能插座调光器overthreadmatter协议苹果homekit可控硅英规家居,Smart Socket,97,14.16,https://detail.1688.com/offer/965533104018.html,included,
965221700653,smart-home,Matter智能家居英规插座dimmer支持homekit语音app带记忆功能,,125,,https://detail.1688.com/offer/965221700653.html,held,product-identification-or-relevance-review
965158114595,smart-home,WiFi涂鸦智能家居matter球泡灯app远程控制7W音乐律动智能led灯,,27,,https://detail.1688.com/offer/965158114595.html,held,product-identification-or-relevance-review
965158114529,smart-home,WiFi涂鸦智能家居matter球泡灯app远程控制5W音乐律动智能led灯,,48,,https://detail.1688.com/offer/965158114529.html,held,product-identification-or-relevance-review
965102202752,smart-home,wifi智能插座调光器英规alexa手机App定时开关插座远程遥控智能家,Smart Socket,53,7.74,https://detail.1688.com/offer/965102202752.html,included,
965001363739,smart-home,zigbee带电量统计插座智能生活谷歌alexa语音控制远程操控app欧规,,125,,https://detail.1688.com/offer/965001363739.html,held,product-identification-or-relevance-review
964593648003,smart-home,涂鸦X3 PROzigbee调光灯具智能家居智能旋钮调节开关窗帘场景面板,,259,,https://detail.1688.com/offer/964593648003.html,held,product-identification-or-relevance-review
964265352297,smart-home,tuya涂鸦蓝牙智能家居无线网关手机app远程遥控定时智能家庭主机,Wireless Smart Gateway,29,4.23,https://detail.1688.com/offer/964265352297.html,included,
963368548577,smart-home,tuya智能家居zigbee智能调光旋钮开关窗帘场景开关面板X3 PRO,,259,,https://detail.1688.com/offer/963368548577.html,held,product-identification-or-relevance-review
963271857881,smart-home,涂鸦zigbee红外遥控器语音手机远程控制智能家居空调电视万能遥控,,38,,https://detail.1688.com/offer/963271857881.html,held,product-identification-or-relevance-review
963265497770,smart-home,跨境智能家居小型拖地机器人干湿两用懒人擦地清洁扫地机智能清洁,,32,,https://detail.1688.com/offer/963265497770.html,held,product-identification-or-relevance-review
962977810554,smart-home,Tuya涂鸦智能家居Zigbee3.0智能有线网关多设备场景联动控制网关,Smart Gateway,118,17.23,https://detail.1688.com/offer/962977810554.html,included,
962883120283,smart-home,易微联水浸探测器eWelink水浸zigbee支持2MQTT漏水检测传感器泡水,Electronic Sensor,15,2.19,https://detail.1688.com/offer/962883120283.html,included,
962397956708,smart-home,ZigBee2MQTT智能LED灯涂鸦智能家居调色调光GX53灯泡音乐律动,,33,,https://detail.1688.com/offer/962397956708.html,held,product-identification-or-relevance-review
961819568063,smart-home,跨境新款双头小夜灯智能人体感应磁吸充电式墙壁灯家居灯玄关射灯,,16.5,,https://detail.1688.com/offer/961819568063.html,held,product-identification-or-relevance-review
961205675611,smart-home,涂鸦Zigbee智能家居3键场景按键开关 App遥控无线随意贴情景开关,,28,,https://detail.1688.com/offer/961205675611.html,held,product-identification-or-relevance-review
960713848351,smart-home,易微联网关zigbee3.0 无线网关eWelink Gateway智能家居专用网关,Wireless Smart Gateway,48,7.01,https://detail.1688.com/offer/960713848351.html,included,
960298724273,smart-home,欧规智能tuya插座 涂鸦WIFI插座定时开关插座远程Alexa带计量工厂,,18.2,,https://detail.1688.com/offer/960298724273.html,held,product-identification-or-relevance-review
960151642378,smart-home,涂鸦WiFi智能家居APP灯控开关面板单零火美规欧规定时触摸语音,,35,,https://detail.1688.com/offer/960151642378.html,held,product-identification-or-relevance-review
960104322213,smart-home,led小夜灯插电带开关 壁灯床头灯 婴儿喂奶照明 创意家居生活用品,,5.88,,https://detail.1688.com/offer/960104322213.html,held,product-identification-or-relevance-review
959490999255,smart-home,涂鸦带计量欧规插座WIFI蓝牙智能插座APP定时远程语音控制Alexa,Smart Socket,18.4,2.69,https://detail.1688.com/offer/959490999255.html,included,
957379344377,smart-home,Tuya涂鸦多模网关智能家居控制中心无线蓝牙Mesh中控网关zigbee,Wireless Smart Gateway,50,7.3,https://detail.1688.com/offer/957379344377.html,included,
956678217390,smart-home,欧规插头方形跨境小夜灯插座插电led开关光控感应外贸智能家居灯,,1.35,,https://detail.1688.com/offer/956678217390.html,held,product-identification-or-relevance-review
956642953634,smart-home,美规跨境灯方形星星小夜灯led光控感应开关床头灯创意智能家居灯,,1,,https://detail.1688.com/offer/956642953634.html,held,product-identification-or-relevance-review
955177479655,smart-home,太空人蓝牙音箱RGB台灯七彩氛围灯充电款卧室书房创意灯家居装饰,,46,,https://detail.1688.com/offer/955177479655.html,held,product-identification-or-relevance-review
952213552472,smart-home,涂鸦智能灯RGB氛围灯对接AI设备Amazon Alexa/语音控制居家小夜灯,,42.7,,https://detail.1688.com/offer/952213552472.html,held,product-identification-or-relevance-review
952143515995,smart-home,涂鸦Zigbee人存在传感器24g毫米波雷达人体感应220V智能家居联动,Electronic Sensor,69,10.07,https://detail.1688.com/offer/952143515995.html,included,
952135602675,smart-home,涂鸦方案智慧酒店POE供电有线智能网关离线控制智能家居控制枢纽,Smart Gateway,36,5.26,https://detail.1688.com/offer/952135602675.html,included,
952128056913,smart-home,86型涂鸦智能家居英规WIFI智能插座玻璃面板 13A英标墙壁智能插座,Smart Socket,52,7.59,https://detail.1688.com/offer/952128056913.html,included,
952092015648,smart-home,铝合金轨道遮光窗帘滑轨全屋智能家居卧室开合帘电动遮阳帘全自动,,18,,https://detail.1688.com/offer/952092015648.html,held,product-identification-or-relevance-review
951773306946,smart-home,Home Assistant中枢网关兼容多个平台智能家居核心HA智能网关,Smart Gateway,580,84.69,https://detail.1688.com/offer/951773306946.html,included,
948897956329,smart-home,实木布艺usb小台灯卧室床头灯书房民宿舍led小夜灯创意氛围灯装饰,,13.5,,https://detail.1688.com/offer/948897956329.html,held,product-identification-or-relevance-review
948808520848,smart-home,涂鸦方案国标八位分控Wifi/Zigbee智能排插远程遥控定时开关插座,,90,,https://detail.1688.com/offer/948808520848.html,held,product-identification-or-relevance-review
947811400241,smart-home,已接入米家APP智能家居开关机器人长续航远程控制个性化智能开关,Smart Switch,90,13.14,https://detail.1688.com/offer/947811400241.html,included,
947804916604,smart-home,智能家居手指开关机器人工具包套装远程开机适配拨杆开关翘板开关,,14,,https://detail.1688.com/offer/947804916604.html,held,product-identification-or-relevance-review
947801740822,smart-home,跨境智能家居电动窗帘zigbee 3.0免布线智能窗帘伴侣窗帘机器人,Smart Curtain Controller,39,5.69,https://detail.1688.com/offer/947801740822.html,included,
947541633192,smart-home,智能家居带屏室内温湿度显示器LED屏幕蓝牙zigbee3.0温湿度传感器,Temperature and Humidity Monitor,37,5.4,https://detail.1688.com/offer/947541633192.html,included,
946903782641,smart-home,涂鸦智能家居红外射频遥控器氛围灯多功能远程控制智能遥控器,Smart Remote Control,53,7.74,https://detail.1688.com/offer/946903782641.html,included,
946638206793,smart-home,已接入米家APP智能家居电动窗帘MESH远程控制免布线智能窗帘伴侣,Smart Curtain Controller,39,5.69,https://detail.1688.com/offer/946638206793.html,included,
945012414076,smart-home,智能家居电动窗帘AOK奥科AC123-01S遥控器单通道背面双键发射器,Smart Curtain Controller,30,4.38,https://detail.1688.com/offer/945012414076.html,included,
944912404311,smart-home,涂鸦 wifi 智能射灯APP远程语音 Alexa Google 调光调色GU10灯泡,,17,,https://detail.1688.com/offer/944912404311.html,held,product-identification-or-relevance-review
944874476560,smart-home,涂鸦智能家居zigbee2mqttapp控制肤感玻璃场景切换智能开关,Smart Switch,83,12.12,https://detail.1688.com/offer/944874476560.html,included,
942722192963,smart-home,铁艺蘑菇咖啡厅餐厅餐桌氛围床头露营触摸开关轻奢风台灯led灯,Smart Switch,23,3.36,https://detail.1688.com/offer/942722192963.html,included,
941903742426,smart-home,全屋智能家居系统无线语音控制全屋灯光窗帘空调电视全屋方案设计,,300,,https://detail.1688.com/offer/941903742426.html,held,product-identification-or-relevance-review
941429722907,smart-home,中古vintage卧室床头台灯法式复古南洋风氛围客厅书房花瓣布艺灯,,26.5,,https://detail.1688.com/offer/941429722907.html,held,product-identification-or-relevance-review
941247912885,smart-home,tuya涂鸦wifi智能家居智能电表通断器智能开关家用电表电量监控,Smart Switch,11,1.61,https://detail.1688.com/offer/941247912885.html,included,
941246745829,smart-home,懒人家居全能机器人规划路线智能扫地一体全自动清洁拖地清洗家用,,148,,https://detail.1688.com/offer/941246745829.html,held,product-identification-or-relevance-review
941175324792,smart-home,跨境七彩渐变氛围小夜灯智能人体感应磁吸直插式幻彩墙壁灯家居灯,,27,,https://detail.1688.com/offer/941175324792.html,held,product-identification-or-relevance-review
938522975202,smart-home,新国标涂鸦智能排插WIFI插座智能家居六路定时开关插排计量插线板,,130,,https://detail.1688.com/offer/938522975202.html,held,product-identification-or-relevance-review
938027492969,smart-home,已接入米家APP空调伴侣遥控器wifi手机红外远程开关智能控制器,,24.01,,https://detail.1688.com/offer/938027492969.html,held,product-identification-or-relevance-review
937488821508,smart-home,人体充电式磁吸自粘长条led衣柜橱柜酒柜灯条灯带可调光家居夜灯,,19.3,,https://detail.1688.com/offer/937488821508.html,held,product-identification-or-relevance-review
937375230258,smart-home,欧规wifi智能防水IP44插座涂鸦无线遥控定时家居2口插头远程控制,,75,,https://detail.1688.com/offer/937375230258.html,held,product-identification-or-relevance-review
937078151734,smart-home,智能家居用品拖地机器人干湿两用懒人擦地清洁扫地机跨境礼品批发,,26,,https://detail.1688.com/offer/937078151734.html,held,product-identification-or-relevance-review
937024719998,smart-home,coyzlife智能插座WIFI美规插头homekit智能插座远程语音控制定时,Smart Socket,13.9,2.03,https://detail.1688.com/offer/937024719998.html,included,
936241530424,smart-home,无线遥控拍拍灯橱柜酒柜家居创意橱柜装饰灯 照明阅读小夜灯,,2.78,,https://detail.1688.com/offer/936241530424.html,held,product-identification-or-relevance-review
936051333644,smart-home,新国标智能排插智能家居定时开关远程控制插排计量插线板鱼缸插座,,105,,https://detail.1688.com/offer/936051333644.html,held,product-identification-or-relevance-review
935954499588,smart-home,涂鸦8寸TPA08音乐主机ZIGBEE网关红外控制多功能家居控制中控屏,Smart Gateway,1230,179.6,https://detail.1688.com/offer/935954499588.html,included,
934948008301,smart-home,涂鸦APP有线网关远程控制器智能家居有线zigbee3.0智能网关工厂批,Smart Gateway,104.99,15.33,https://detail.1688.com/offer/934948008301.html,included,
934388473014,smart-home,wifi6智能灌溉器水阀智能家居花园洒水滴灌定时浇水控制器远程,,127,,https://detail.1688.com/offer/934388473014.html,held,product-identification-or-relevance-review
933436823133,smart-home,涂鸦网关无线远程控制器自动智能家居无线智能zigbee蓝牙多模网关,Wireless Smart Gateway,85.99,12.56,https://detail.1688.com/offer/933436823133.html,included,
931999324936,smart-home,漏水警报器适老化智能家居手机远程控制雨水异常检测水浸传感器,Electronic Sensor,44,6.42,https://detail.1688.com/offer/931999324936.html,included,
931615361630,smart-home,zigbee涂鸦智能家居25管卷帘电机app远程定时控制智能窗帘电机,Smart Curtain Controller,20,2.92,https://detail.1688.com/offer/931615361630.html,included,
931477006794,smart-home,蓝牙涂鸦智能家居摇臂手指机器人app远程定时语音控制拇指遥控器,Remote Button Pusher,80,11.68,https://detail.1688.com/offer/931477006794.html,included,
928968207874,smart-home,涂鸦方案跨境16A欧标欧规PD20W快充智能排插Google/Alexa语音控制,,95,,https://detail.1688.com/offer/928968207874.html,held,product-identification-or-relevance-review
928559809567,smart-home,智能家居开合帘DOOYA杜亚DC1602十五频遥控器发射器控制液晶433,,48,,https://detail.1688.com/offer/928559809567.html,held,product-identification-or-relevance-review
927531844036,smart-home,跨境专卖家居迷您扫地机器人集尘智能扫地一体全自动清洁扫地机,,8.5,,https://detail.1688.com/offer/927531844036.html,held,product-identification-or-relevance-review
927333276093,smart-home,涂鸦智能家居16A隐藏式WiFi/zigbee智能灯开关模块通断器,,25,,https://detail.1688.com/offer/927333276093.html,held,product-identification-or-relevance-review
926881278161,smart-home,tuya涂鸦多模网关智能家居无线网关语音控制蓝牙ZigBee物联网主机,Wireless Smart Gateway,70,10.22,https://detail.1688.com/offer/926881278161.html,included,
926344342117,smart-home,智能控制器演示箱 家居场景装修展示箱手提式LED灯具测试面板箱,,680,,https://detail.1688.com/offer/926344342117.html,held,product-identification-or-relevance-review
926117724702,smart-home,美规跨境灯卡通开关/光控led小夜灯智能家居插电床头灯卧室灯,,1.6,,https://detail.1688.com/offer/926117724702.html,held,product-identification-or-relevance-review
925959863143,smart-home,智能用电功能演示箱家居开关显示屏车载视频摄像安防展示箱非标,,680,,https://detail.1688.com/offer/925959863143.html,held,product-identification-or-relevance-review
924669130539,smart-home,智能家居matter zigbee红外遥控器涂鸦智能红外遥控厂家直销,,66,,https://detail.1688.com/offer/924669130539.html,held,product-identification-or-relevance-review
921379429413,smart-home,跨境悬浮灯感应旋转小夜灯无线充电台灯创意智能家居摆件氛围灯,,62,,https://detail.1688.com/offer/921379429413.html,held,product-identification-or-relevance-review
920408790182,smart-home,涂鸦tuya无线网关远程遥控自动智能家居蓝牙2.4G WiFi多模网关,Wireless Smart Gateway,50,7.3,https://detail.1688.com/offer/920408790182.html,included,
920231948185,smart-home,涂鸦方案智能家居智慧酒店86墙壁田字格四键横版八键智能开关面板,Smart Switch,3,0.44,https://detail.1688.com/offer/920231948185.html,included,
920057203886,smart-home,86型涂鸦智能家居WiFi开关AG肤感玻璃田字格触摸zigbee智能开关,Smart Switch,100,14.6,https://detail.1688.com/offer/920057203886.html,included,
917978253040,smart-home,博瑞思涂鸦Zigbee人体存在传感器场景联动智能家居吸顶壁装,Electronic Sensor,49.8,7.27,https://detail.1688.com/offer/917978253040.html,included,
917595087260,smart-home,涂鸦 8寸音乐主机中控屏ZIGBEE网关红外控制多功能家居控制主机,Smart Gateway,1580,230.7,https://detail.1688.com/offer/917595087260.html,included,
917088800267,smart-home,涂鸦wifi智能插座越南规支持远程遥控定时开关语音控制家居插座,Smart Socket,23,3.36,https://detail.1688.com/offer/917088800267.html,included,
914955703273,smart-home,TUYA带电量统计智能插头WIFI插座Homekit AlexaGoogle 英规插座,,20.5,,https://detail.1688.com/offer/914955703273.html,held,product-identification-or-relevance-review
914266407816,smart-home,涂鸦智能 zigbee3.0有线增强网关 带外置天线智能家居中枢网关,Smart Gateway,105,15.33,https://detail.1688.com/offer/914266407816.html,included,
913790501416,smart-home,厂家直销 涂鸦智能插座墙壁插座10A手机远程控制,Smart Socket,35.9,5.24,https://detail.1688.com/offer/913790501416.html,included,
912828185244,smart-home,涂鸦无线多模网关智慧家庭蓝牙Zigbee智能家居中枢多功能家用遥控,Wireless Smart Gateway,118,17.23,https://detail.1688.com/offer/912828185244.html,included,
912462244321,smart-home,睡眠监测床垫生命体征多床集中看护管理心率异常智能无线智能看护,,1199,,https://detail.1688.com/offer/912462244321.html,held,product-identification-or-relevance-review
912198259802,smart-home,涂鸦zigbee智能家居红外遥控器空调电视app语音定时IR智能遥控器,Smart Remote Control,46,6.72,https://detail.1688.com/offer/912198259802.html,included,
912185852387,smart-home,跨境新款LED充电触摸拍拍灯遥控婴儿床头灯宿舍批发,,6.5,,https://detail.1688.com/offer/912185852387.html,held,product-identification-or-relevance-review
911622484832,smart-home,zigbee水浸报警器涂鸦智能家居2mqttZHA漏水感应器智能传感器,Electronic Sensor,29,4.23,https://detail.1688.com/offer/911622484832.html,included,
911353087815,smart-home,涂鸦智能中控屏4~10寸ZIGBEE无线86旋钮高清智能家居网关面板主机,Wireless Smart Gateway,113.5,16.57,https://detail.1688.com/offer/911353087815.html,included,
910717682078,smart-home,2mqttZHAzigbee水浸报警器涂鸦智能app远程监控漏水渗水传感器,Electronic Sensor,28.8,4.21,https://detail.1688.com/offer/910717682078.html,included,
908846717788,smart-home,欧规Matter WiFi高功率40A开关跨境产品支持HomeKit语音控制,,55,,https://detail.1688.com/offer/908846717788.html,held,product-identification-or-relevance-review
908846609723,smart-home,欧规Matter WiFi高功率20A/40A开关兼容苹果HomeKit语音远程控制,,52,,https://detail.1688.com/offer/908846609723.html,held,product-identification-or-relevance-review
908450668542,smart-home,懒人家居全能机器人集尘智能扫地一体全自动清洁拖地清洗免洗家用,,8.5,,https://detail.1688.com/offer/908450668542.html,held,product-identification-or-relevance-review
908068079317,smart-home,欧规涂鸦WiFi热水器开关高功率40A触摸式钢化玻璃面板APP远程控制,,45,,https://detail.1688.com/offer/908068079317.html,held,product-identification-or-relevance-review
907955791346,smart-home,智能无线摄像头家用儿童看护红外夜视网络防护家居监控远程摄像机,Wireless Security Camera,23.5,3.43,https://detail.1688.com/offer/907955791346.html,included,
907454485158,smart-home,zigbee涂鸦智能有线网关zigbee智能家居中枢主机V3智能网关,Smart Gateway,105,15.33,https://detail.1688.com/offer/907454485158.html,included,
904786676172,smart-home,高续航太阳能台灯餐桌灯野营灯户外室内充电触摸控制led灯夜灯,,29,,https://detail.1688.com/offer/904786676172.html,held,product-identification-or-relevance-review
904309853359,smart-home,跨境专卖家居迷您扫地机器人集尘智能扫地一体全自动清洁扫地机,,8.5,,https://detail.1688.com/offer/904309853359.html,held,product-identification-or-relevance-review
902248461613,smart-home,欧规插头兔子跨境小夜灯插座插电led开关光控感应外贸智能家居灯,,0.45,,https://detail.1688.com/offer/902248461613.html,held,product-identification-or-relevance-review
901170194151,smart-home,适老化改造智能睡眠监测床垫老年人心率呼吸异常预警监测床垫定制,,1288,,https://detail.1688.com/offer/901170194151.html,held,product-identification-or-relevance-review
900353348230,smart-home,ZigBee涂鸦智能家居雷达24G人体存在传感器雷达感应器呼吸传感器,Electronic Sensor,68,9.93,https://detail.1688.com/offer/900353348230.html,included,
900064543630,smart-home,tuya涂鸦智能ZigBee蓝牙多模网关 网关智能锁远程语音控制Alexa等,Smart Gateway,45,6.57,https://detail.1688.com/offer/900064543630.html,included,
899880132269,smart-home,睡眠监测床垫智能看护系统健康体征生成报告定制,,3888,,https://detail.1688.com/offer/899880132269.html,held,product-identification-or-relevance-review
899447089607,smart-home,漏水报警器下雨天自动开关窗适老化改造智能家居水浸传感器,Electronic Sensor,37,5.4,https://detail.1688.com/offer/899447089607.html,included,
899286181831,smart-home,适老化智能家居床垫智能睡眠生命体征监测床垫非穿戴心率异常提示,,690,,https://detail.1688.com/offer/899286181831.html,held,product-identification-or-relevance-review
897565424090,smart-home,涂鸦阀门机械手涂鸦WIFI智能水阀气阀开关远程无线控制气阀,,48,,https://detail.1688.com/offer/897565424090.html,held,product-identification-or-relevance-review
896802466780,smart-home,智能插座wifi插座美规cozylife插座涂鸦插座智能语音控制定时插座,Smart Socket,14,2.04,https://detail.1688.com/offer/896802466780.html,included,
895841364615,smart-home,智能家居1000米两键遥控器学习码遥控器水泵灯具电机遥控器,,5,,https://detail.1688.com/offer/895841364615.html,held,product-identification-or-relevance-review
895794621684,smart-home,涂鸦ZigBee智能家居窗帘电机网关欧标线超静音电动窗帘直流电机,Quiet Smart Gateway,58,8.47,https://detail.1688.com/offer/895794621684.html,included,
895495600997,smart-home,涂鸦智能定时语音管状电机控制器开关智能家居WIFI窗帘开关通断器,Smart Power Controller,88,12.85,https://detail.1688.com/offer/895495600997.html,included,
895291884531,smart-home,涂鸦智能网关全屋智能家居zigbee/多模/蓝牙网关中控远程控制,Smart Gateway,278,40.59,https://detail.1688.com/offer/895291884531.html,included,
894420731796,smart-home,Tuya涂鸦智能家居Zigbee3.0智能有线网关多设备场景联动控制网关,Smart Gateway,118,17.23,https://detail.1688.com/offer/894420731796.html,included,
892854195202,smart-home,跨境4 寸蓝牙音乐播放器 Android 11 涂鸦智能家居壁挂式放大器,,650,,https://detail.1688.com/offer/892854195202.html,held,product-identification-or-relevance-review
892292249582,smart-home,涂鸦wifi智能通断器 手机无线远程遥控定时开关智能家居改装件,Wireless Smart Power Controller,14.5,2.12,https://detail.1688.com/offer/892292249582.html,included,
891058256661,smart-home,跨境小夜灯高续航太阳能充电台灯餐桌灯野营灯户外室内触摸感应,,28,,https://detail.1688.com/offer/891058256661.html,held,product-identification-or-relevance-review
890423575805,smart-home,涂鸦人在传感器24G人体感应开关报警器毫米波雷达适老化智能家居,Electronic Sensor,64,9.34,https://detail.1688.com/offer/890423575805.html,included,
889503716050,smart-home,SONOFFZigbee3.0智能USB网关DonglePlus ZBDongle-E无线智能家居,Wireless Smart Gateway,108.11,15.79,https://detail.1688.com/offer/889503716050.html,included,
888335506329,smart-home,入门款涂鸦智能Mini智能中控屏GFF架构3.5寸红外遥控3路按键开关,Smart Control Panel,390,56.95,https://detail.1688.com/offer/888335506329.html,included,
884513921821,smart-home,迷你智能家居wifi温湿度外壳 公模塑胶外壳 多种款式选择,,1.1,,https://detail.1688.com/offer/884513921821.html,held,product-identification-or-relevance-review
878320362493,smart-home,智能家居  红外转发，雷达多功能外壳（双7号电池）,,1.1,,https://detail.1688.com/offer/878320362493.html,held,product-identification-or-relevance-review
877978038100,smart-home,涂鸦智能家居Wifi夜灯红外人体感应传感小夜灯APP遥控语音定时RGB,,51.5,,https://detail.1688.com/offer/877978038100.html,held,product-identification-or-relevance-review
877360496853,smart-home,领普HS3人体传感器家用红外感应器光照感应设备联动,Electronic Sensor,49,7.15,https://detail.1688.com/offer/877360496853.html,included,
875284701789,smart-home,智能排插远程控制电量统计插线板语音控制插座定时 已接入米家APP,,49.9,,https://detail.1688.com/offer/875284701789.html,held,product-identification-or-relevance-review
874952158081,smart-home,智能排插远程控制五位插孔插线板语音控制插座定时 已接入米家APP,,49.9,,https://detail.1688.com/offer/874952158081.html,held,product-identification-or-relevance-review
870065131454,smart-home,涂鸦 zigbee3.0有线增强网关智能家居中枢外置天线远距离有线网关,Smart Gateway,105,15.33,https://detail.1688.com/offer/870065131454.html,included,
869060544531,smart-home,涂鸦 8寸音乐主机中控屏ZIGBEE网关红外控制多功能家居控制主机,Smart Gateway,1099,160.47,https://detail.1688.com/offer/869060544531.html,included,
868782896364,smart-home,涂鸦智能家居zigbee光照温湿度感应探测器app定时智能安防传感器,Temperature and Humidity Monitor,69,10.07,https://detail.1688.com/offer/868782896364.html,included,
867676032976,smart-home,86型涂鸦插座智能 万用孔带USBtype-c触摸WiFi开关Zigbee家用,,68,,https://detail.1688.com/offer/867676032976.html,held,product-identification-or-relevance-review
867412620313,smart-home,SONOFF BASIC 1GS Gen5 Matter Wifi智能开关模块智能家居Homekit,,25.9,,https://detail.1688.com/offer/867412620313.html,held,product-identification-or-relevance-review
866272684168,smart-home,蓝牙mesh智能开关已接入米家APP手机远程双控随意贴点动控制语音,Smart Switch,11,1.61,https://detail.1688.com/offer/866272684168.html,included,
866066693971,smart-home,WiFi智能开关家居单火线供电模块中控面板无零线安装零线发生器,,25,,https://detail.1688.com/offer/866066693971.html,held,product-identification-or-relevance-review
865118462775,smart-home,86欧盟英国场景控制4键智能开关涂鸦zigbee远程控制智能家居温度,Smart Switch,129,18.84,https://detail.1688.com/offer/865118462775.html,included,
1090110632555,smart-home,萤石智能家居DP2C智能猫眼人体感应可视通话APP实时查看默认项,,221,,https://detail.1688.com/offer/1090110632555.html,held,product-identification-or-relevance-review
1089273284928,smart-home,懒人家居全能机器人集尘智能扫地一体全自动清洁拖地清洗免洗家用,,34.26,,https://detail.1688.com/offer/1089273284928.html,held,product-identification-or-relevance-review
1089086549133,smart-home,萤石DP2C智能猫眼 智能家居系统厂家 上门安装默认项,,225,,https://detail.1688.com/offer/1089086549133.html,held,product-identification-or-relevance-review
1088750241898,smart-home,跨境专卖家居23CM扫地机器人集尘智能扫地一体全自动清洁扫地机,,16.5,,https://detail.1688.com/offer/1088750241898.html,held,product-identification-or-relevance-review
1088749029818,smart-home,跨境专卖家居迷您扫地机器人集尘智能扫地一体全自动清洁扫地机,,12,,https://detail.1688.com/offer/1088749029818.html,held,product-identification-or-relevance-review
1088574153257,smart-home,跨境专卖家居迷您扫地机器人集尘智能扫地一体全自动清洁扫地机无,,6,,https://detail.1688.com/offer/1088574153257.html,held,product-identification-or-relevance-review
1088436285618,smart-home,懒人家居机器人集尘智能扫地一体全自动清洁拖地清洗免洗家用,,34.26,,https://detail.1688.com/offer/1088436285618.html,held,product-identification-or-relevance-review
1088329493025,smart-home,欧规涂鸦wifi开关带RF433智能开关语音助手兼容智能家居面板开关,Smart Switch,25,3.65,https://detail.1688.com/offer/1088329493025.html,included,
1087645061444,smart-home,SONOFF SNZB-09P Zigbee室内报警器105DB警报声红光警示智能家居,,145,,https://detail.1688.com/offer/1087645061444.html,held,product-identification-or-relevance-review
1087508842065,smart-home,智能家居用品拖地机器人干湿两用懒人擦地清洁扫地机跨境礼品批发,,16,,https://detail.1688.com/offer/1087508842065.html,held,product-identification-or-relevance-review
1087495514575,smart-home,跨境专卖家居迷您扫地机器人集尘智能扫地一体全自动清洁扫地机无,,6,,https://detail.1688.com/offer/1087495514575.html,held,product-identification-or-relevance-review
1087487798881,smart-home,跨境专卖家居迷您扫地机器人集尘智能扫地一体全自动清洁扫地机无,,9,,https://detail.1688.com/offer/1087487798881.html,held,product-identification-or-relevance-review
1087228006829,smart-home,跨境智能人体感应墙壁灯温馨小夜灯起夜过道玄关磁吸充电式家居灯,,22,,https://detail.1688.com/offer/1087228006829.html,held,product-identification-or-relevance-review
1086981636820,smart-home,跨境无线智能LED人体感应小夜灯家居起夜床头家用厕所走廊衣柜,,16.9,,https://detail.1688.com/offer/1086981636820.html,held,product-identification-or-relevance-review
1086385630065,smart-home,爆款床头卧室过道感应灯人来即亮 智能家居感应小夜灯插电款批发,,3.9,,https://detail.1688.com/offer/1086385630065.html,held,product-identification-or-relevance-review
1085708031871,smart-home,智能家居用品拖地机器人干湿两用懒人擦地清洁扫地机跨境礼品批发,,28,,https://detail.1688.com/offer/1085708031871.html,held,product-identification-or-relevance-review
1085695511831,smart-home,涂鸦智能WIFI开关智能家居欧规英规触摸开关alexa语音app定时远程,Smart Switch,26.46,3.86,https://detail.1688.com/offer/1085695511831.html,included,
1085507652278,smart-home,SONOFF SNZB-04PR2 Zigbee 3.0无线门窗传感器门磁DWGen2智能家居,Wireless Electronic Sensor,64.9,9.48,https://detail.1688.com/offer/1085507652278.html,included,
1085487364979,smart-home,易微联WiFi蓝牙计电量智能插座APP遥控器控制定时智能家居小度,Smart Socket,41,5.99,https://detail.1688.com/offer/1085487364979.html,included,
1085477912723,smart-home,智能遥控开关无线控制面板免布线单控改多双控家用家居移动随意贴,Wireless Smart Switch,14.88,2.17,https://detail.1688.com/offer/1085477912723.html,included,
1069757080506,smart-home,涂鸦zigbee光照感应器智能家居照度报警app控制亮度检测探测器,Electronic Sensor,41,5.99,https://detail.1688.com/offer/1069757080506.html,included,
1066114268277,smart-home,TuyaWifi智能红外遥控器 涂鸦RF433射频语音涂鸦智能红外遥控器,,13,,https://detail.1688.com/offer/1066114268277.html,held,product-identification-or-relevance-review
1064105192598,smart-home,人在传感器24g毫米波雷达人体感应开关接入米家APP智能家居联动,Electronic Sensor,47,6.86,https://detail.1688.com/offer/1064105192598.html,included,
1043383314871,smart-home,涂鸦智能家居wifi智能通断器开关单路继电器10A远程控制90-250V,Smart Power Controller,12,1.75,https://detail.1688.com/offer/1043383314871.html,included,
1034636706476,smart-home,卧室过道LED光控人体感应灯人来即亮 智能家居感应小夜灯插电款,,6.9,,https://detail.1688.com/offer/1034636706476.html,held,product-identification-or-relevance-review
1003018482326,smart-home,易微联温湿度传感器远程智能家居卧室婴儿房温湿度记录仪接入华为,Temperature and Humidity Monitor,30,4.38,https://detail.1688.com/offer/1003018482326.html,included,
991640115978,smart-home,已接入米家APP智能开关零火版超薄肤感玻璃远程语音控制智能家居,Smart Switch,8.8,1.28,https://detail.1688.com/offer/991640115978.html,included,
990254039965,smart-home,小圆灯人体智能感应3LED小夜灯亚马逊智能家居过道衣柜橱柜led灯,,8,,https://detail.1688.com/offer/990254039965.html,held,product-identification-or-relevance-review
964290158120,smart-home,LV8H小AI智能家居中控屏8寸上墙语音音箱家庭背景音乐主机533喇叭,Smart Control Panel,950,138.71,https://detail.1688.com/offer/964290158120.html,included,
933045839333,smart-home,智能家居代加工涂鸦zigbee24G人体呼吸存在传感器广角毫米波雷达,Electronic Sensor,68,9.93,https://detail.1688.com/offer/933045839333.html,included,
