productId,sourceCategories,originalTitle,englishTitle,supplierPrice,sellingPriceGbp,sourceUrl,frontendStatus,frontendHoldReason
982671372522,loafers,跨境48大码透气休闲男士皮鞋亮面商务正装皮鞋一脚蹬潮流豆豆鞋,Men’s Slip-On Driving Loafers,64,9.34,https://detail.1688.com/offer/982671372522.html,included,
981818740138,loafers | sports-shoes,跨境潮流时尚豆豆鞋休闲百搭豆豆鞋男士单鞋懒人一脚蹬套脚皮鞋,Men’s Slip-On Driving Loafers,54,7.88,https://detail.1688.com/offer/981818740138.html,included,
981064774502,loafers,跨境男士简约4748大码皮鞋男士豆豆鞋软面软底鞋轻便舒适百搭皮鞋,Men’s Driving Loafers,60,8.76,https://detail.1688.com/offer/981064774502.html,included,
982834490600,loafers,一件包邮复古潮流时尚豆豆鞋日常休闲百搭男士单鞋跨境套脚皮鞋,Men’s Slip-On Driving Loafers,64,9.34,https://detail.1688.com/offer/982834490600.html,included,
1007376080521,loafers,跨境4748大码潮流时尚豆豆鞋休闲百搭男士皮鞋懒人一脚蹬套脚皮鞋,Men’s Slip-On Driving Loafers,59,8.61,https://detail.1688.com/offer/1007376080521.html,included,
1090209988636,loafers,之可~牛皮版一脚蹬内增高厚底勃肯鞋秋季新款防滑乐福鞋豆豆鞋女,Women’s Slip-On Chunky-Sole Driving Loafers,87,12.7,https://detail.1688.com/offer/1090209988636.html,included,
1090083792641,loafers,真皮内增高4cm厚底一脚蹬毛毛鞋加绒女2026冬季新款乐福鞋豆豆鞋,Women’s Slip-On Chunky-Sole Fleece-Lined Driving Loafers,56,8.18,https://detail.1688.com/offer/1090083792641.html,included,
1089951904579,loafers,新款2026跨境尖头春夏单鞋女网纱透气平底鞋外贸豆豆鞋女网面大码,Women’s Mesh Driving Loafers,16,2.34,https://detail.1688.com/offer/1089951904579.html,included,
1089910648535,loafers,初遇季复古灰色一字带玛丽珍勃肯鞋子秋冬保暖棉鞋单鞋女鞋豆豆鞋,Women’s Mary Jane Shoes,40,5.84,https://detail.1688.com/offer/1089910648535.html,included,
1089601656548,loafers,毛毛鞋女豆豆鞋新款一脚蹬棉鞋加绒外穿大码可爱秋冬2026百搭黑色,Women’s Slip-On Fleece-Lined Driving Loafers,33,4.82,https://detail.1688.com/offer/1089601656548.html,included,
1089525292273,loafers,男鞋秋季软底轻便懒人脚蹬全包伯肯鞋新款豆豆乐福开车鞋BK62-1,Men’s Slip-On Driving Loafers,32.57,4.76,https://detail.1688.com/offer/1089525292273.html,included,
1089484824714,loafers,英伦风反绒真皮磨砂乐福鞋男士懒人豆豆鞋一脚蹬套脚翻毛休闲男鞋,Men’s Slip-On Driving Loafers,348,50.81,https://detail.1688.com/offer/1089484824714.html,included,
1089476300043,loafers,平底单鞋女2026秋新款豆豆鞋软底不累脚工作鞋圆头浅口中年妈妈鞋,Women’s Driving Loafers,16.9,2.47,https://detail.1688.com/offer/1089476300043.html,included,
1089475724280,loafers,妈妈鞋一脚蹬豆豆鞋女2026秋季软底防滑不累脚舒适中老年平底单鞋,Women’s Slip-On Driving Loafers,18.9,2.76,https://detail.1688.com/offer/1089475724280.html,included,
1089354656360,loafers,MARCO&JOYCE真皮复古简约软底舒适乐福鞋女26秋季新款平底豆豆鞋,Women’s Driving Loafers,110,16.06,https://detail.1688.com/offer/1089354656360.html,included,
1089324176540,loafers,2026新款男士乐福鞋鳄鱼纹真皮休闲皮鞋软底一脚蹬驾车豆豆鞋男,Men’s Slip-On Driving Loafers,16.8,2.45,https://detail.1688.com/offer/1089324176540.html,included,
1089285800753,loafers,新款男鞋大码牛皮休闲豆豆鞋运动潮流小白鞋驾车鞋懒人鞋,Men’s Slip-On Driving Loafers,55,8.03,https://detail.1688.com/offer/1089285800753.html,included,
1089282252700,loafers,大码毛毛鞋女外穿2026新款秋冬加绒一脚蹬爆款豆豆鞋百搭可爱棉鞋,Women’s Slip-On Fleece-Lined Driving Loafers,33,4.82,https://detail.1688.com/offer/1089282252700.html,included,
1089138525689,loafers,内增高毛呢波点全包勃肯鞋女新款秋冬休闲豆豆乐福鞋博肯单鞋,Women’s Loafers,56,8.18,https://detail.1688.com/offer/1089138525689.html,included,
1089034532308,loafers,豆豆鞋时尚2026百搭勃肯鞋扣舒适新款感复古一字秋冬季设计女软底,Women’s Driving Loafers,47,6.86,https://detail.1688.com/offer/1089034532308.html,included,
1089009352759,loafers,韩系氛围感波点博肯鞋女秋冬绒里软底防滑复古百搭外穿懒人豆豆鞋,Women’s Slip-On Driving Loafers,40,5.84,https://detail.1688.com/offer/1089009352759.html,included,
1089006141587,loafers,厚底增高全包勃肯鞋女鞋子2026年新款秋一脚蹬博肯单鞋乐福豆豆鞋,Women’s Slip-On Chunky-Sole Driving Loafers,28.9,4.22,https://detail.1688.com/offer/1089006141587.html,included,
1088639109664,loafers,加绒全包复古勃肯鞋女冬2026新款一脚蹬豆豆鞋毛毛棉鞋保暖雪地靴,Women’s Slip-On Fleece-Lined Driving Loafers,40,5.84,https://detail.1688.com/offer/1088639109664.html,included,
1088564000844,loafers,小众复古尖头浅口百搭单鞋女秋季新款温柔玛丽珍芭蕾舞平底豆豆鞋,Women’s Mary Jane Shoes,67,9.78,https://detail.1688.com/offer/1088564000844.html,included,
1088547556434,loafers,内增高厚底全包勃肯鞋女款2026新款秋季豆豆乐福鞋小个子博肯单鞋,Women’s Chunky-Sole Loafers,28,4.09,https://detail.1688.com/offer/1088547556434.html,included,
1088496712670,loafers,外贸2026平底豆豆猪脚单鞋女鞋子春秋马蹄分趾拇指猪蹄船鞋红色瓢,Women’s Casual Shoes,23.5,3.43,https://detail.1688.com/offer/1088496712670.html,included,
1088464029971,loafers,之可内增高复古玛丽珍毛毛鞋女秋季新款外穿豆豆鞋加绒单鞋女,Women’s Fleece-Lined Mary Jane Shoes,48,7.01,https://detail.1688.com/offer/1088464029971.html,included,
1088444693561,loafers,妈妈鞋一脚蹬豆豆鞋女2026秋季软底防滑不累脚舒适中老年平底单鞋,Women’s Slip-On Driving Loafers,18.9,2.76,https://detail.1688.com/offer/1088444693561.html,included,
1088438437336,loafers,妈妈鞋一脚蹬豆豆鞋女2026秋季软底防滑不累脚舒适中老年平底单鞋,Women’s Slip-On Driving Loafers,20.9,3.05,https://detail.1688.com/offer/1088438437336.html,included,
1088430965626,loafers,晚晚风温柔软底玛丽珍单鞋女2026秋季新款复古浅口百搭懒人豆豆鞋,Women’s Slip-On Mary Jane Shoes,26.9,3.93,https://detail.1688.com/offer/1088430965626.html,included,
1088430512802,loafers,单鞋软皮2026百搭新款舒适圆头浅口一脚蹬豆豆女鞋皮鞋软底奶奶鞋,Women’s Slip-On Dress Shoes,19,2.77,https://detail.1688.com/offer/1088430512802.html,included,
1088336152144,loafers,玛丽珍鞋棉鞋毛毛2026加绒新款豆豆鞋一脚蹬平底秋冬韩版毛绒百搭,Slip-On Fleece-Lined Mary Jane Shoes,35,5.11,https://detail.1688.com/offer/1088336152144.html,included,
1088197728496,loafers,复古全包毛呢勃肯单鞋女2026秋季新款百搭休闲皮带扣乐福豆豆鞋,Women’s Driving Loafers,54,7.88,https://detail.1688.com/offer/1088197728496.html,included,
1088145321840,loafers,简约风圆头毛绒乐福鞋女厚底一字扣豆豆鞋秋冬加绒保暖休闲女鞋速,Women’s Chunky-Sole Fleece-Lined Driving Loafers,61,8.91,https://detail.1688.com/offer/1088145321840.html,included,
1087981017086,loafers,软皮牛筋软底妈妈鞋2026秋季新款单鞋女平底豆豆鞋中老年舒适女鞋,Women’s Driving Loafers,18,2.63,https://detail.1688.com/offer/1087981017086.html,included,
1087864081185,loafers,自留版！复古玛丽珍鞋女一脚蹬褶皱蝴蝶结豆豆鞋百搭气质浅口单鞋,Women’s Slip-On Mary Jane Shoes,52,7.59,https://detail.1688.com/offer/1087864081185.html,included,
1087803609329,loafers,5CM增高博肯鞋女韩系波点单鞋2026秋冬全包博肯批发毛呢豆豆鞋,Women’s Driving Loafers,30,4.38,https://detail.1688.com/offer/1087803609329.html,included,
1087794144963,loafers,法式平底内增高单鞋女2026新款婚鞋新娘鞋浅口仙女风豆豆鞋低帮,Women’s Driving Loafers,60,8.76,https://detail.1688.com/offer/1087794144963.html,included,
1087939058297,loafers,厚底增高全包勃肯鞋女鞋子2026年新款秋一脚蹬博肯单鞋乐福豆豆鞋,Women’s Slip-On Chunky-Sole Driving Loafers,28.9,4.22,https://detail.1688.com/offer/1087939058297.html,included,
1087780965633,loafers,092908英伦简约气质牛皮乐福鞋脚感超好一脚蹬豆豆鞋自留款妈妈鞋,Slip-On Driving Loafers,185,27.01,https://detail.1688.com/offer/1087780965633.html,included,
1087737486403,loafers,全包勃肯鞋女2026冬季新款一脚蹬加绒保暖豆豆鞋厚底雪地靴,Women’s Slip-On Chunky-Sole Fleece-Lined Driving Loafers,37.9,,https://detail.1688.com/offer/1087737486403.html,held,image-or-price-verification-failed
1087708090105,loafers,原标原盒男士反绒皮豆豆鞋新款真皮套脚乐福鞋跨境爆款潮流休闲男,Men’s Slip-On Driving Loafers,313,45.7,https://detail.1688.com/offer/1087708090105.html,included,
1087556078030,loafers,四季跨境大码简约潮男懒人驾车鞋休闲百搭潮男鞋豆豆鞋男鞋子批发,Men’s Slip-On Driving Loafers,12.5,1.83,https://detail.1688.com/offer/1087556078030.html,included,
1087489182426,loafers,新款一脚蹬棉鞋可爱大码2026外穿百搭加绒秋冬豆豆鞋毛毛鞋女,Women’s Slip-On Fleece-Lined Driving Loafers,33,4.82,https://detail.1688.com/offer/1087489182426.html,included,
1087466969255,loafers,法式平底一脚蹬乐福鞋女鞋2026新款秋老钱小皮鞋豆豆鞋玛丽珍单鞋,Women’s Slip-On Mary Jane Shoes,55,8.03,https://detail.1688.com/offer/1087466969255.html,included,
1087465434702,loafers,夏季新款脚蹬透气板鞋防滑时尚百搭运动休闲鞋轻便软底豆豆鞋Z366,Driving Loafers,29.87,4.36,https://detail.1688.com/offer/1087465434702.html,included,
1087448172761,loafers,帆布鞋男鞋2026新款老北京布鞋一脚蹬休闲豆豆鞋男轻便透气鞋子,Men’s Slip-On Driving Loafers,32,4.67,https://detail.1688.com/offer/1087448172761.html,included,
1087360734131,loafers,软底中老年单鞋女2026秋季新款舒适平底软底妈妈鞋低帮软皮豆豆鞋,Women’s Driving Loafers,18.9,2.76,https://detail.1688.com/offer/1087360734131.html,included,
1087359906553,loafers,裸粉色蝴蝶结平底单鞋女2026秋新款温柔风浅口气质百搭通勤豆豆鞋,Women’s Driving Loafers,27.9,4.07,https://detail.1688.com/offer/1087359906553.html,included,
1087358302965,loafers,法式温柔晚风单鞋女2026新款秋季软底配裙子豆豆鞋蝴蝶结仙女瓢鞋,Women’s Driving Loafers,19.9,2.91,https://detail.1688.com/offer/1087358302965.html,included,
1087319958345,loafers,大码毛毛鞋女外穿2026新款秋冬加绒一脚蹬豆豆鞋百搭可爱棉鞋,Women’s Slip-On Fleece-Lined Driving Loafers,33,4.82,https://detail.1688.com/offer/1087319958345.html,included,
1087313154907,loafers,平底单鞋大码新款外穿秋冬季2026舒适绒面毛毛鞋女时尚珍珠豆豆鞋,Women’s Driving Loafers,33,4.82,https://detail.1688.com/offer/1087313154907.html,included,
1087302732545,loafers,平底豆豆猪脚单鞋女鞋子2026年新款马蹄分趾拇指猪蹄船鞋瓢鞋,Women’s Casual Shoes,66,9.64,https://detail.1688.com/offer/1087302732545.html,included,
1087280889573,loafers,2026女勃肯鞋秋季单鞋一脚蹬全包爆款新款孕妇软底豆豆鞋休闲博肯,Women’s Slip-On Driving Loafers,31,4.53,https://detail.1688.com/offer/1087280889573.html,included,
1087194470951,loafers,大码渠道顶板新款2025豆豆鞋男沙色一脚蹬懒人鞋LP乐福鞋男麂皮士,Men’s Slip-On Driving Loafers,226,33.0,https://detail.1688.com/offer/1087194470951.html,included,
1087179361610,loafers,一脚蹬男鞋冬季新款棉鞋加绒保暖厚底皮面豆豆鞋时尚懒人面包鞋男,Men’s Slip-On Chunky-Sole Fleece-Lined Driving Loafers,39.9,5.83,https://detail.1688.com/offer/1087179361610.html,included,
1087134960036,loafers,英伦复古风流苏乐福鞋女一脚蹬懒人豆豆鞋老钱风单鞋秋冬百搭女鞋,Women’s Slip-On Driving Loafers,74,10.81,https://detail.1688.com/offer/1087134960036.html,included,
1087129174630,loafers,飞织蛋卷欧美王妃鞋单鞋豆豆鞋编织平底大码女鞋软底针织方头船鞋,Women’s Driving Loafers,20,2.92,https://detail.1688.com/offer/1087129174630.html,included,
1087090163837,loafers,跨境大码绒面蝴蝶结圆头小单鞋女2026夏季新款浅口平底休闲豆豆鞋,Women’s Driving Loafers,23,3.36,https://detail.1688.com/offer/1087090163837.html,included,
1087082394374,loafers,2026森法式单鞋女蝴蝶结平底鞋绒面一脚蹬懒人鞋2026仙女风豆豆鞋,Women’s Slip-On Driving Loafers,20.9,3.05,https://detail.1688.com/offer/1087082394374.html,included,
1087066750081,loafers,男鞋秋季2026新款复古老钱风工作乐福鞋百搭软底豆豆鞋休闲勃肯鞋,Men’s Driving Loafers,43,6.28,https://detail.1688.com/offer/1087066750081.html,included,
1087066554341,loafers,男鞋秋季2026新款复古老钱风工作乐福鞋百搭软底豆豆鞋休闲勃肯鞋,Men’s Driving Loafers,43,6.28,https://detail.1688.com/offer/1087066554341.html,included,
1086996886717,loafers,前言范2026厚底毛呢棉鞋秋冬外穿新款防滑保暖一脚蹬勃肯豆豆鞋·,Slip-On Chunky-Sole Driving Loafers,92,13.43,https://detail.1688.com/offer/1086996886717.html,included,
1086980616394,loafers,LP乐福鞋女2026经典款一脚蹬时尚百搭真皮老钱风软底豆豆鞋休闲鞋,Women’s Slip-On Driving Loafers,140,20.44,https://detail.1688.com/offer/1086980616394.html,included,
1086940277902,loafers,33--42大小码LP流苏锁扣内增高豆豆羊绒单鞋一脚蹬百搭软底乐福鞋,Slip-On Loafers,62,9.05,https://detail.1688.com/offer/1086940277902.html,included,
1086869971565,loafers,勃肯鞋女春季2026新款秋冬单里一脚蹬棉鞋乐福豆豆鞋全包博肯单鞋,Women’s Slip-On Driving Loafers,51,7.45,https://detail.1688.com/offer/1086869971565.html,included,
1086856928053,loafers,豹纹豆豆鞋男真皮一脚蹬休闲皮鞋乐福鞋跨境外贸大码情侣鞋男女鞋,Unisex Slip-On Driving Loafers,63,9.2,https://detail.1688.com/offer/1086856928053.html,included,
1086850593904,loafers,2026早秋日系单鞋女一字带玛丽珍鞋浅口蝴蝶结豆豆鞋咖色小皮鞋女,Women’s Mary Jane Shoes,33,4.82,https://detail.1688.com/offer/1086850593904.html,included,
1086801922793,loafers,单鞋秋冬玛丽珍鞋女平底乐福鞋时尚带2026复古百搭双扣新款豆豆鞋,Women’s Mary Jane Shoes,45,6.57,https://detail.1688.com/offer/1086801922793.html,included,
1086796233492,loafers,真皮男鞋乐福鞋英伦商务鞋透气软底休闲鞋懒人一脚蹬豆豆鞋男平底,Men’s Slip-On Driving Loafers,68,9.93,https://detail.1688.com/offer/1086796233492.html,included,
1086784791114,loafers,加绒乐福鞋女2026秋冬新款保暖豆豆鞋复古浅口单鞋黑色厚底小皮鞋,Women’s Chunky-Sole Fleece-Lined Driving Loafers,28.9,4.22,https://detail.1688.com/offer/1086784791114.html,included,
1086718401084,loafers,2026秋季新款一脚蹬厚底乐福鞋女松糕软底软面小皮鞋轻便豆豆单鞋,Women’s Slip-On Chunky-Sole Loafers,20,2.92,https://detail.1688.com/offer/1086718401084.html,included,
1086687753506,loafers,复古厚底勃肯鞋女秋季2026新款不累脚JK配裙子袋鼠乐福豆豆鞋批发,Women’s Chunky-Sole Driving Loafers,35,5.11,https://detail.1688.com/offer/1086687753506.html,included,
1086666238473,loafers,小个子内增高单鞋女豹纹方头复古浅口豆豆鞋女平底奶奶鞋,Women’s Driving Loafers,28.8,4.21,https://detail.1688.com/offer/1086666238473.html,included,
1086660342230,loafers,英伦风小皮鞋女款2026秋季新款厚底粗跟增高一脚蹬乐福豆豆鞋单鞋,Women’s Slip-On Chunky-Sole Driving Loafers,28,4.09,https://detail.1688.com/offer/1086660342230.html,included,
1086650000655,loafers,2026年秋季新款跨境大码男式乐福鞋时尚潮流豆豆鞋男鞋百搭单鞋子,Men’s Driving Loafers,31,4.53,https://detail.1688.com/offer/1086650000655.html,included,
1086595781869,loafers,毛毛鞋女秋冬季2026新款加绒棉鞋外穿厚底豆豆鞋羊羔绒大码41到43,Women’s Chunky-Sole Fleece-Lined Driving Loafers,124.58,18.19,https://detail.1688.com/offer/1086595781869.html,included,
1086562369134,loafers,软羊皮~真皮内增高单鞋英伦乐福鞋女圆头锁扣小皮鞋一脚蹬豆豆鞋,Women’s Slip-On Driving Loafers,85,12.41,https://detail.1688.com/offer/1086562369134.html,included,
1086548093049,loafers,厚底内增高全包勃肯鞋女2026新款秋季一脚蹬乐福鞋豆豆鞋博肯单鞋,Women’s Slip-On Chunky-Sole Driving Loafers,46,6.72,https://detail.1688.com/offer/1086548093049.html,included,
1086497331883,loafers,男鞋夏季新款皮面百搭豆豆鞋男士轻便软底防滑耐磨休闲板鞋N61,Men’s Driving Loafers,29.87,4.36,https://detail.1688.com/offer/1086497331883.html,included,
1086482571020,loafers,妈妈鞋一脚蹬豆豆鞋女2026秋季软底防滑不累脚舒适中老年平底单鞋,Women’s Slip-On Driving Loafers,17.9,2.61,https://detail.1688.com/offer/1086482571020.html,included,
1086473479946,loafers,妈妈鞋一脚蹬豆豆鞋女2026秋季软底防滑不累脚舒适中老年平底单鞋,Women’s Slip-On Driving Loafers,24.9,3.64,https://detail.1688.com/offer/1086473479946.html,included,
1086463259498,loafers,仙女鞋温柔单鞋女2026秋季新款平底百搭配裙子晚晚鞋一脚蹬豆豆鞋,Women’s Slip-On Driving Loafers,25.9,3.78,https://detail.1688.com/offer/1086463259498.html,included,
1086461227737,loafers,2026秋季新款单鞋浅口豆豆鞋女软底低跟爆款鞋子中老年妈妈女士鞋,Women’s Driving Loafers,16.9,2.47,https://detail.1688.com/offer/1086461227737.html,included,
1086392694294,loafers,羊皮版~小香风拼色芭蕾风单鞋女一脚蹬通勤鞋软底豆豆鞋大码女鞋,Women’s Slip-On Driving Loafers,70,10.22,https://detail.1688.com/offer/1086392694294.html,included,
1086380162260,loafers,小个子内增高厚底勃肯鞋女2026秋冬新款加绒毛呢乐福鞋豆豆鞋单鞋,Women’s Chunky-Sole Fleece-Lined Driving Loafers,64,9.34,https://detail.1688.com/offer/1086380162260.html,included,
1086375278977,loafers,厚底内增高波点加绒勃肯鞋女2026冬季新款一脚蹬乐福鞋博肯豆豆鞋,Women’s Slip-On Chunky-Sole Fleece-Lined Driving Loafers,25.9,3.78,https://detail.1688.com/offer/1086375278977.html,included,
1086358052456,loafers,蝴蝶结单鞋女2026新款跨境大码格子复古休闲平底方头双条扣豆豆鞋,Women’s Driving Loafers,21,3.07,https://detail.1688.com/offer/1086358052456.html,included,
1086336876098,loafers,皮鞋男2026春秋新款懒人一脚蹬休闲轻便豆豆鞋透气软底驾车潮鞋子,Men’s Slip-On Driving Loafers,11.99,1.75,https://detail.1688.com/offer/1086336876098.html,included,
1086265136520,loafers,假分复古一脚蹬超软底玛丽珍趾单鞋女新款全包2026豆豆鞋休闲秋季,Women’s Slip-On Mary Jane Shoes,50.4,7.36,https://detail.1688.com/offer/1086265136520.html,included,
1086223977019,loafers,男鞋秋季新款潮流百搭一脚蹬软底豆豆休闲乐福鞋耐磨舒适懒人潮鞋,Men’s Slip-On Loafers,83.2,12.15,https://detail.1688.com/offer/1086223977019.html,included,
1086172423959,loafers,男鞋秋季2026新款复古老钱风工作乐福鞋百搭软底豆豆鞋休闲勃肯鞋,Men’s Driving Loafers,43,6.28,https://detail.1688.com/offer/1086172423959.html,included,
1086157107445,loafers,工厂无标！真皮素面乐福鞋 男时尚老钱风休闲透气一脚蹬豆豆鞋,Men’s Slip-On Driving Loafers,330,48.18,https://detail.1688.com/offer/1086157107445.html,included,
1086147054689,loafers,欧美跨境大码女鞋新款牛仔布大码豆豆鞋浅口一脚蹬外贸女单鞋子批,Women’s Slip-On Driving Loafers,15.99,2.33,https://detail.1688.com/offer/1086147054689.html,included,
1086062773324,loafers,奥古狮登复古乐福鞋女款2026新款秋季老钱风舒适平底一脚蹬豆豆鞋,Women’s Slip-On Driving Loafers,88,12.85,https://detail.1688.com/offer/1086062773324.html,included,
1086050485171,loafers,厚底内增高5cm全包博肯鞋女2026秋新款复古一脚蹬休闲单鞋豆豆鞋,Women’s Slip-On Chunky-Sole Driving Loafers,45,6.57,https://detail.1688.com/offer/1086050485171.html,included,
1085925393357,loafers,厚底勃肯鞋女复古秋冬2026新款豆豆乐福鞋平底防滑配裙子软底棉鞋,Women’s Chunky-Sole Loafers,26.9,3.93,https://detail.1688.com/offer/1085925393357.html,included,
1085922283574,loafers,老马鞋店老钱风四季男鞋真皮乐福鞋休闲一脚蹬懒人豆豆鞋软底透气,Men’s Slip-On Driving Loafers,438,63.95,https://detail.1688.com/offer/1085922283574.html,included,
1085904093597,loafers,春秋款甜美蝴蝶结女鞋子女款厚底浅口单鞋丑萌内增高勃肯豆豆鞋,Women’s Chunky-Sole Driving Loafers,27,3.94,https://detail.1688.com/offer/1085904093597.html,included,
1085890057797,loafers,平底豆豆猪脚单鞋女鞋子2026年秋冬新款马蹄分趾拇指猪蹄船鞋瓢鞋,Women’s Casual Shoes,66,9.64,https://detail.1688.com/offer/1085890057797.html,included,
1085847775905,loafers,厚底增高全包勃肯鞋女2026年新款秋季一脚蹬乐福鞋两穿单鞋豆豆鞋,Women’s Slip-On Chunky-Sole Driving Loafers,26.9,3.93,https://detail.1688.com/offer/1085847775905.html,included,
1085841432578,loafers,跨境男鞋春夏豆豆鞋一脚蹬懒人鞋驾车乐福鞋套脚皮鞋男牛皮休闲鞋,Men’s Slip-On Driving Loafers,124,18.11,https://detail.1688.com/offer/1085841432578.html,included,
1085825163955,loafers,软皮圆头浅口单鞋女春秋新款复古豆豆鞋温柔仙女芭蕾舞平底奶奶鞋,Women’s Driving Loafers,73,10.66,https://detail.1688.com/offer/1085825163955.html,included,
1085823873298,loafers,跨境大码外贸一脚蹬女鞋英伦豆豆鞋休闲绒面粗跟高跟鞋新款点点绒,Women’s Slip-On Driving Loafers,57,8.32,https://detail.1688.com/offer/1085823873298.html,included,
1085798583026,loafers,复古老钱风加绒乐福鞋女款2026新款秋季雪地靴豆豆鞋毛毛博肯棉鞋,Women’s Fleece-Lined Driving Loafers,46,6.72,https://detail.1688.com/offer/1085798583026.html,included,
1085779039987,loafers,葡萄ma同款3cm粗跟~百搭方头单鞋豆豆鞋2026秋季新款一脚蹬乐福鞋,Slip-On Driving Loafers,95,13.87,https://detail.1688.com/offer/1085779039987.html,included,
1085775918174,loafers,速卖通大码乐福鞋女2026小众乐福鞋休闲低帮豆豆鞋男鞋跨境wish,Driving Loafers,40,5.84,https://detail.1688.com/offer/1085775918174.html,included,
1085775918135,loafers,头层牛皮豆豆鞋潮流ins鳄鱼纹一脚蹬懒人鞋英伦风休闲开车鞋皮鞋,Slip-On Driving Loafers,88,12.85,https://detail.1688.com/offer/1085775918135.html,included,
1085768166057,loafers,真皮男鞋2026新款英伦商务鞋透气软底休闲鞋懒人一脚蹬豆豆鞋男,Men’s Slip-On Driving Loafers,78,11.39,https://detail.1688.com/offer/1085768166057.html,included,
1085751436665,loafers,英伦风乐福鞋一脚蹬百搭小皮鞋男款平底休闲豆豆鞋通勤驾车鞋,Men’s Slip-On Driving Loafers,161.6,23.6,https://detail.1688.com/offer/1085751436665.html,included,
1085737305563,loafers,牛反绒勃肯鞋男款2026秋冬季透气休闲豆豆鞋时尚青年舒适蜗牛鞋潮,Men’s Driving Loafers,44,6.42,https://detail.1688.com/offer/1085737305563.html,included,
1085615418809,loafers,内增高4CM~绒面超软小土豆博博鞋女秋新款深口单鞋舒适豆豆鞋女鞋,Women’s Driving Loafers,111,16.21,https://detail.1688.com/offer/1085615418809.html,included,
1085591537328,loafers,2026小香风芭蕾舞单鞋通勤鞋蝴蝶结平底晚晚法式一脚蹬浅口豆豆鞋,Slip-On Driving Loafers,29,4.23,https://detail.1688.com/offer/1085591537328.html,included,
1085573281067,loafers,鱼嘴韩版平底假分趾浅口勃肯时装单鞋女夏秋新款一脚蹬超软豆豆鞋,Women’s Slip-On Driving Loafers,29,4.23,https://detail.1688.com/offer/1085573281067.html,included,
1085570804604,loafers,跨境大码35-43蝴蝶结豆豆鞋女鞋一脚蹬防滑软底百搭女单鞋春秋季,Women’s Slip-On Driving Loafers,32,4.67,https://detail.1688.com/offer/1085570804604.html,included,
1085546107286,loafers,厚底内增高全包勃肯鞋女2026秋冬新款一脚蹬单鞋豆豆鞋博肯乐福鞋,Women’s Slip-On Chunky-Sole Driving Loafers,37,5.4,https://detail.1688.com/offer/1085546107286.html,included,
1085538376918,loafers,跨境热卖大码豆豆鞋 套脚懒人鞋一脚登小皮鞋驾车软底乐福鞋男鞋,Men’s Slip-On Driving Loafers,30,4.38,https://detail.1688.com/offer/1085538376918.html,included,
1085529239481,loafers,2026秋冬新款分趾法式小众猪蹄晚风鞋子女分拇指羊蹄平底豆豆单鞋,Women’s Casual Shoes,66,9.64,https://detail.1688.com/offer/1085529239481.html,included,
1085495523182,loafers,牛皮版~法式水钻丝绒乐福鞋平底鞋内增高一脚蹬豆豆鞋单鞋女款,Women’s Slip-On Driving Loafers,82,11.97,https://detail.1688.com/offer/1085495523182.html,included,
1085494444767,loafers,复古时尚褶皱乐福鞋女圆头休闲皮鞋黑色一脚蹬低跟豆豆老钱风单鞋,Women’s Slip-On Loafers,75,10.95,https://detail.1688.com/offer/1085494444767.html,included,
1085487987184,loafers,厚底内增高波点加绒勃肯鞋女2026冬季新款一脚蹬乐福鞋博肯豆豆鞋,Women’s Slip-On Chunky-Sole Fleece-Lined Driving Loafers,26.9,3.93,https://detail.1688.com/offer/1085487987184.html,included,
1085463533535,loafers,软底秋季浅口鞋百搭蝴蝶结豆豆鞋女新款一脚蹬单鞋法式内增高2026,Women’s Slip-On Driving Loafers,38.9,5.68,https://detail.1688.com/offer/1085463533535.html,included,
1085461476931,loafers,2026新款豆豆休闲鞋女法式透气平底软底奶奶鞋瓢鞋优雅软底单鞋夏,Women’s Casual Shoes,20,2.92,https://detail.1688.com/offer/1085461476931.html,included,
1085442091886,loafers,内增高厚底全包勃肯鞋女款2026新款秋季豆豆乐福鞋小个子博肯单鞋,Women’s Chunky-Sole Loafers,28,4.09,https://detail.1688.com/offer/1085442091886.html,included,
1085390925895,loafers,新款宽楦乐福鞋休闲女士平底鞋软底软面妈妈鞋舒适大码豆豆女鞋,Women’s Loafers,45,6.57,https://detail.1688.com/offer/1085390925895.html,included,
1085351618391,loafers,2026男士一脚蹬懒人豆豆鞋男英伦风复古休闲绒面乐福鞋皮鞋男AH13,Men’s Slip-On Driving Loafers,40,5.84,https://detail.1688.com/offer/1085351618391.html,included,
1085278401447,loafers,2026年秋季新款豆豆鞋中老年妈妈鞋平底防滑皮鞋软底镂空时装单鞋,Driving Loafers,21.8,3.18,https://detail.1688.com/offer/1085278401447.html,included,
1085258451459,loafers,羊皮版小众流苏乐福鞋女平底圆头小皮鞋百搭懒人单鞋复古豆豆鞋,Women’s Slip-On Driving Loafers,85,12.41,https://detail.1688.com/offer/1085258451459.html,included,
1085258451307,loafers,复古勃肯鞋女2026秋季新款圆头丑萌加绒时尚休闲软底两穿豆豆鞋,Women’s Fleece-Lined Driving Loafers,68.9,10.06,https://detail.1688.com/offer/1085258451307.html,included,
1085210699704,loafers,韩版真皮反绒皮勃肯鞋女搭扣圆头单鞋舒适百搭休闲软底两穿豆豆鞋,Women’s Driving Loafers,10,1.46,https://detail.1688.com/offer/1085210699704.html,included,
1085164501384,loafers,欧洲站跨境男鞋春季新款豆豆鞋男低帮套脚透气懒人鞋一脚蹬乐福鞋,Men’s Slip-On Driving Loafers,47.9,6.99,https://detail.1688.com/offer/1085164501384.html,included,
1085119924501,loafers,亮面乐福鞋男2026年春季新款真皮透气一脚蹬皮鞋厚底漆皮豆豆鞋男,Men’s Slip-On Chunky-Sole Driving Loafers,132,19.27,https://detail.1688.com/offer/1085119924501.html,included,
1085113470664,loafers,冬季外穿一件代发保暖加绒女鞋一脚蹬棉鞋时尚百搭豆豆鞋网红直播,Women’s Slip-On Fleece-Lined Driving Loafers,5.5,0.8,https://detail.1688.com/offer/1085113470664.html,included,
1085092353410,loafers,百搭跟韩版2026豆豆鞋通勤鞋皮带扣圆头中秋季浅口单鞋女内增高无,Women’s Driving Loafers,50,7.3,https://detail.1688.com/offer/1085092353410.html,included,
1085064420034,loafers,跟风仙女2026浅口鞋粗跟单鞋女新款一脚蹬蝴蝶结中豆豆甜美单鞋,Women’s Slip-On Casual Shoes,32,4.67,https://detail.1688.com/offer/1085064420034.html,included,
1084971420301,loafers,2025春夏新款新郎男士商务正装皮鞋男软皮软面懒人套脚单鞋豆豆鞋,Men’s Slip-On Driving Loafers,55,8.03,https://detail.1688.com/offer/1084971420301.html,included,
1084957904657,loafers,真皮厚底内增高勃肯鞋女一脚蹬懒人2026春季新款复古休闲豆豆单鞋,Women’s Slip-On Chunky-Sole Casual Shoes,72.27,10.55,https://detail.1688.com/offer/1084957904657.html,included,
1084885757056,loafers,法式复古假分趾软底奶奶鞋女2026秋季新款配裙子一脚蹬单鞋豆豆鞋,Women’s Slip-On Driving Loafers,23.9,3.49,https://detail.1688.com/offer/1084885757056.html,included,
1084885393582,loafers,法式复古假分趾软底奶奶鞋女2026秋季新款配裙子一脚蹬单鞋豆豆鞋,Women’s Slip-On Driving Loafers,22.9,3.34,https://detail.1688.com/offer/1084885393582.html,included,
1084868786495,loafers,厚底勃肯鞋女复古秋冬2026新款豆豆乐福鞋平底防滑配裙子软底棉鞋,Women’s Chunky-Sole Loafers,26.9,3.93,https://detail.1688.com/offer/1084868786495.html,included,
1084825927106,loafers,新款软底懒人乐福鞋小皮鞋厚底一脚蹬懒豆豆鞋舒适孕妇鞋跨境代发,Slip-On Chunky-Sole Driving Loafers,45,6.57,https://detail.1688.com/offer/1084825927106.html,included,
1084813826211,loafers,粗跟单鞋女2026新款秋季一脚蹬女鞋软皮蝴蝶结浅口豆豆鞋百搭中跟,Women’s Slip-On Driving Loafers,20.9,3.05,https://detail.1688.com/offer/1084813826211.html,included,
1084813585907,loafers,秋冬羊羔毛平底毛毛鞋女浅口加绒保暖豆豆鞋复古刺绣懒人一脚蹬,Women’s Slip-On Fleece-Lined Driving Loafers,43,6.28,https://detail.1688.com/offer/1084813585907.html,included,
1084803463436,loafers,平底豆豆猪脚单鞋女鞋子2026年新款马蹄分趾拇指猪蹄船鞋瓢鞋,Women’s Casual Shoes,66,9.64,https://detail.1688.com/offer/1084803463436.html,included,
1084737920778,loafers,复古全包勃肯鞋女2026秋冬新款软底加绒一脚蹬豆豆鞋百搭休闲棉鞋,Women’s Slip-On Fleece-Lined Driving Loafers,22.9,3.34,https://detail.1688.com/offer/1084737920778.html,included,
1084725559296,loafers,英伦风复古搭扣老钱风乐福鞋女2026秋新款平底休闲百搭单鞋豆豆鞋,Women’s Driving Loafers,49.8,7.27,https://detail.1688.com/offer/1084725559296.html,included,
1084585943544,loafers,坡跟鞋女2026年新款软底软面妈妈鞋春秋浅口百搭内增高单鞋豆豆鞋,Women’s Driving Loafers,114.2,16.67,https://detail.1688.com/offer/1084585943544.html,included,
1084547165268,loafers,2026新款复古厚底乐福鞋女绒面圆头一脚蹬软底休闲豆豆鞋百搭单鞋,Women’s Slip-On Chunky-Sole Driving Loafers,37,5.4,https://detail.1688.com/offer/1084547165268.html,included,
1084545604540,loafers,渔夫鞋女2026春夏季新款时尚百搭透气镂空平底软底豆豆鞋女士单鞋,Women’s Driving Loafers,20,2.92,https://detail.1688.com/offer/1084545604540.html,included,
1084544820417,loafers,底浅口豆豆鞋女2026秋季上班软底鞋超软年新款百搭懒人一脚蹬单鞋,Women’s Slip-On Driving Loafers,20,2.92,https://detail.1688.com/offer/1084544820417.html,included,
1084538303666,loafers,直播爆款豆豆鞋男真皮牛皮跨境高档一脚蹬商务软底休闲鞋男乐福鞋,Men’s Slip-On Driving Loafers,63,9.2,https://detail.1688.com/offer/1084538303666.html,included,
1084521057460,loafers,5673-2潮牌真皮透气一脚蹬乐福鞋驾车豆豆鞋男懒人单鞋,Men’s Slip-On Driving Loafers,51.9,7.58,https://detail.1688.com/offer/1084521057460.html,included,
1084514533443,loafers,鞋子女冬季加绒毛毛鞋外穿平底防滑妈妈棉鞋一脚蹬保暖孕妇豆豆鞋,Women’s Slip-On Fleece-Lined Driving Loafers,23.33,3.41,https://detail.1688.com/offer/1084514533443.html,included,
1084475605720,loafers,男2026春秋新款男鞋风薄底休闲两穿勃肯鞋一脚蹬乐福鞋轻便豆豆鞋,Men’s Slip-On Driving Loafers,49,7.15,https://detail.1688.com/offer/1084475605720.html,included,
1084446854225,loafers,20237★D跨境大码四季时尚豆豆男鞋,Men’s Casual Shoes,298,43.51,https://detail.1688.com/offer/1084446854225.html,included,
1084386514045,loafers,勃肯鞋女两穿女鞋2026新款秋季一脚蹬懒人单鞋复古平底博肯豆豆鞋,Women’s Slip-On Driving Loafers,20.9,3.05,https://detail.1688.com/offer/1084386514045.html,included,
1084375800160,loafers,磨砂软皮勃肯鞋女2026秋季新款百搭软底豆豆鞋一脚蹬平底休闲女鞋,Women’s Slip-On Driving Loafers,29.9,4.37,https://detail.1688.com/offer/1084375800160.html,included,
1084374540257,loafers,平底玛丽珍单鞋女款2026新款秋季芭蕾舞假分趾猪蹄鞋豆豆鞋勃肯鞋,Women’s Mary Jane Shoes,27.9,4.07,https://detail.1688.com/offer/1084374540257.html,included,
1084351848453,loafers,复古磨砂皮乐福鞋女款2026新款秋季轻便百搭豆豆鞋一脚蹬博肯单鞋,Women’s Slip-On Driving Loafers,49,7.15,https://detail.1688.com/offer/1084351848453.html,included,
1084340774558,loafers,大码新款潮流时尚百搭一脚蹬乐福鞋驾车鞋舒适通勤豆豆鞋现货,Slip-On Driving Loafers,19.8,2.89,https://detail.1688.com/offer/1084340774558.html,included,
1084318638322,loafers,2026春新款小香风乐福鞋黑白拼色链条休闲鞋平底豆豆鞋女一脚蹬,Women’s Slip-On Driving Loafers,146.05,21.33,https://detail.1688.com/offer/1084318638322.html,included,
1084317628831,loafers,亚马逊爆款妈妈鞋女软底防滑豆豆鞋中老年单鞋平底大码42跨境专供,Women’s Driving Loafers,29,4.23,https://detail.1688.com/offer/1084317628831.html,included,
1084315614905,loafers,法式浅口单鞋女2026秋冬新款波点蝴蝶结平底玛丽珍鞋复古豆豆鞋女,Women’s Mary Jane Shoes,36,5.26,https://detail.1688.com/offer/1084315614905.html,included,
1084309492575,loafers,软底软面豆豆鞋女2026夏新款洞洞款平底镂空妈妈鞋孕妇工作乐福鞋,Women’s Driving Loafers,21,3.07,https://detail.1688.com/offer/1084309492575.html,included,
1084299239562,loafers,蝴蝶结浅43大码豆豆鞋女鞋2026新款一脚蹬防滑软底百搭女单鞋春秋,Women’s Slip-On Driving Loafers,30,4.38,https://detail.1688.com/offer/1084299239562.html,included,
1084298688987,loafers,小众复古平底分趾猪蹄鞋女鞋子2026新款春秋季拇指马蹄鞋豆豆单鞋,Women’s Casual Shoes,75,10.95,https://detail.1688.com/offer/1084298688987.html,included,
1084245343989,loafers,牛反绒全包博肯鞋女加绒保暖棉鞋雪地靴冬季新款一脚蹬毛毛豆豆鞋,Women’s Slip-On Fleece-Lined Driving Loafers,63.36,9.25,https://detail.1688.com/offer/1084245343989.html,included,
1084202877685,loafers,缪家新款复古风乐福鞋英伦小皮鞋平底豆豆鞋真皮学院风懒人单鞋女,Women’s Slip-On Driving Loafers,265,38.69,https://detail.1688.com/offer/1084202877685.html,included,
1084199977915,loafers,复古绒面懒人平底乐福鞋2026新款法式休闲单鞋一脚蹬豆豆鞋穆勒鞋,Slip-On Driving Loafers,28,4.09,https://detail.1688.com/offer/1084199977915.html,included,
1084184207475,loafers,爆款单鞋女2026秋季新款复古磨砂皮增高深口女坡跟小个子豆豆鞋女,Women’s Driving Loafers,39.9,5.83,https://detail.1688.com/offer/1084184207475.html,included,
1084175573297,loafers,复古乐福鞋女粗跟软底小皮鞋2026秋季新款百搭软皮豆豆鞋浅口单鞋,Women’s Driving Loafers,27.9,4.07,https://detail.1688.com/offer/1084175573297.html,included,
1084149624360,loafers,女士布鞋2026秋季新款外穿防滑休闲软底一脚蹬老年妈妈豆豆单鞋女,Women’s Slip-On Casual Shoes,24.9,3.64,https://detail.1688.com/offer/1084149624360.html,included,
1084148836671,loafers,女士布鞋2026秋季新款外穿防滑休闲软底一脚蹬老年妈妈豆豆单鞋女,Women’s Slip-On Casual Shoes,25.9,3.78,https://detail.1688.com/offer/1084148836671.html,included,
1084146688909,loafers,勃肯鞋女懒人一脚蹬女鞋子2026秋季新款软底豆豆鞋浅口单鞋博肯鞋,Women’s Slip-On Driving Loafers,21.9,3.2,https://detail.1688.com/offer/1084146688909.html,included,
1084133459885,loafers,流苏锁扣男新款老钱风极简平底一脚蹬乐福鞋软底休闲豆豆鞋3689,Men’s Slip-On Driving Loafers,88.11,12.87,https://detail.1688.com/offer/1084133459885.html,included,
1083953435814,loafers,厚底勃肯鞋女复古秋冬2026新款豆豆乐福鞋平底防滑配裙子软底棉鞋,Women’s Chunky-Sole Loafers,24.9,3.64,https://detail.1688.com/offer/1083953435814.html,included,
1083928035245,loafers,平底软底玛丽珍单鞋女2026年新款秋季配裙豆豆鞋百搭温柔风乐福鞋,Women’s Mary Jane Shoes,20.9,3.05,https://detail.1688.com/offer/1083928035245.html,included,
1083867943965,loafers,7CM内增高厚底勃肯鞋女2026秋新款全包休闲乐福鞋豆豆鞋博肯单鞋,Women’s Chunky-Sole Driving Loafers,64,9.34,https://detail.1688.com/offer/1083867943965.html,included,
1083829572537,loafers,毛毛鞋女外穿平底2026年新款秋冬星星豆豆鞋加绒网红女鞋百搭舒适,Women’s Fleece-Lined Driving Loafers,23.9,3.49,https://detail.1688.com/offer/1083829572537.html,included,
1083815338140,loafers,平底休闲单鞋女新款跨境大码绒面浅口晚晚鞋43码外贸双扣带豆豆鞋,Women’s Driving Loafers,23,3.36,https://detail.1688.com/offer/1083815338140.html,included,
1083798485501,loafers,韩国绒面蝴蝶结圆头浅口单鞋女软底平底奶奶鞋2026新款仙女豆豆鞋,Women’s Driving Loafers,54,7.88,https://detail.1688.com/offer/1083798485501.html,included,
1083764453744,loafers,春秋2026新款韩版时尚法式气质豆豆鞋潮软底通勤单鞋女鞋子,Women’s Driving Loafers,74,10.81,https://detail.1688.com/offer/1083764453744.html,included,
1083678658264,loafers,平底分趾猪蹄鞋女鞋子2026新款春秋季马蹄猪脚单鞋绒面豹纹豆豆鞋,Women’s Driving Loafers,59,8.61,https://detail.1688.com/offer/1083678658264.html,included,
1083660998756,loafers,厚底休闲单鞋女软底防滑舒适豆豆鞋春秋百搭粗跟妈妈鞋板鞋健步鞋,Women’s Chunky-Sole Driving Loafers,58,8.47,https://detail.1688.com/offer/1083660998756.html,included,
1083654582896,loafers,复古乐福鞋女2026新款软底平底单鞋英伦风一脚蹬懒人豆豆鞋,Women’s Slip-On Driving Loafers,25,3.65,https://detail.1688.com/offer/1083654582896.html,included,
1083622012426,loafers,新款休闲时尚商务鞋透气半托跨境爆款豆豆鞋一脚蹬凉鞋乐福鞋男鞋,Men’s Slip-On Driving Loafers,13.98,2.04,https://detail.1688.com/offer/1083622012426.html,included,
1083599616905,loafers,2025年春秋马蹄鞋平底豆豆猪脚单鞋分趾拇指猪蹄鞋船鞋红色瓢鞋子,Casual Shoes,57.06,8.33,https://detail.1688.com/offer/1083599616905.html,included,
1083556144911,loafers,法式羊羔毛毛鞋女外穿2025冬季新款厚底百搭一脚蹬豆豆鞋加绒棉鞋,Women’s Slip-On Chunky-Sole Fleece-Lined Driving Loafers,75,10.95,https://detail.1688.com/offer/1083556144911.html,included,
1083476331774,loafers,圆点波点单鞋女2026百搭爆款小香风鞋子浅口豆豆鞋女xhr289-227,Women’s Driving Loafers,95,13.87,https://detail.1688.com/offer/1083476331774.html,included,
1083473507715,loafers,乐福鞋男夏季新款男女板鞋运动休闲鞋潮鞋一脚蹬懒人鞋轻便豆豆鞋,Unisex Slip-On Driving Loafers,24.99,3.65,https://detail.1688.com/offer/1083473507715.html,included,
1083465562801,loafers,牛皮版英伦学院风小皮鞋女布洛克雕花豆豆鞋流苏平底乐福鞋单鞋,Women’s Driving Loafers,75,10.95,https://detail.1688.com/offer/1083465562801.html,included,
1083399862165,loafers,软皮豆豆鞋牛筋软底单鞋女春夏新款轻便防滑妈妈鞋一脚蹬女工作鞋,Women’s Slip-On Driving Loafers,19,2.77,https://detail.1688.com/offer/1083399862165.html,included,
1083335766107,loafers,2026新款法式浅口单鞋女春秋季复古气质一脚蹬平底豆豆玛丽珍鞋女,Women’s Slip-On Mary Jane Shoes,68,9.93,https://detail.1688.com/offer/1083335766107.html,included,
1083287871829,loafers,超软底一脚蹬休闲复古玛丽珍单鞋女秋季全包假分新款趾豆豆鞋2026,Women’s Slip-On Mary Jane Shoes,48,7.01,https://detail.1688.com/offer/1083287871829.html,included,
1083268544667,loafers,暖枫莱老北京布鞋女鞋豆豆软底休闲防滑妈妈单鞋平底孕妇脚蹬春秋,Women’s Casual Shoes,23.64,3.45,https://detail.1688.com/offer/1083268544667.html,included,
1083223186776,loafers,外贸新款磨砂皮豆豆鞋女软底防滑平底单鞋一脚蹬乐福鞋舒适妈妈鞋,Women’s Slip-On Driving Loafers,48,7.01,https://detail.1688.com/offer/1083223186776.html,included,
1083183228815,loafers,2026春夏季新款中老年女式防滑牛筋软底豆豆运动小皮鞋松紧带厚底,Women’s Chunky-Sole Dress Shoes,19.8,2.89,https://detail.1688.com/offer/1083183228815.html,included,
1083171872548,loafers,小香风渔夫鞋女2026春秋新款百搭休闲透气一脚蹬豆豆鞋平底懒人鞋,Women’s Slip-On Driving Loafers,51.62,7.54,https://detail.1688.com/offer/1083171872548.html,included,
1083133431908,loafers,知予~厚底内增高浅口玛丽珍单鞋女2026秋季勃肯鞋豆豆鞋乐福女鞋,Women’s Chunky-Sole Mary Jane Shoes,52,7.59,https://detail.1688.com/offer/1083133431908.html,included,
1083128509298,loafers,女士布鞋2026秋季新款外穿防滑休闲软底一脚蹬老年妈妈豆豆单鞋女,Women’s Slip-On Casual Shoes,25.9,3.78,https://detail.1688.com/offer/1083128509298.html,included,
1083099384890,loafers,知予~法式芭蕾风平底两穿单鞋女2026年一脚蹬玛丽珍小皮鞋豆豆鞋,Women’s Slip-On Mary Jane Shoes,56,8.18,https://detail.1688.com/offer/1083099384890.html,included,
1083093983534,loafers,2026马蹄分趾拇指猪蹄船鞋瓢鞋平底豆豆猪脚单鞋女鞋时尚黑白波点,Women’s Casual Shoes,120,17.52,https://detail.1688.com/offer/1083093983534.html,included,
1083074834805,loafers,法式小香风蝴蝶结圆头平底单鞋女2026秋季浅口芭蕾舞豆豆鞋蛋卷鞋,Women’s Driving Loafers,37,5.4,https://detail.1688.com/offer/1083074834805.html,included,
1083069514224,loafers,尖头平底单鞋女2026新款轻便百搭一脚蹬瓢鞋小香风浅口软底豆豆鞋,Women’s Slip-On Driving Loafers,21,3.07,https://detail.1688.com/offer/1083069514224.html,included,
1083058085713,loafers,平底不累脚乐福鞋女2026秋季新款玛丽珍小皮鞋女勃肯鞋豆豆鞋单鞋,Women’s Mary Jane Shoes,59,8.61,https://detail.1688.com/offer/1083058085713.html,included,
1083054371613,loafers,头层牛皮皮鞋男款真皮新款透气休闲皮鞋软底防滑豆豆鞋大码爸爸鞋,Men’s Driving Loafers,48,7.01,https://detail.1688.com/offer/1083054371613.html,included,
1083012198115,loafers,shoes跨境大码批发外贸出口意大利高档潮牌豆豆鞋男真皮软底一脚,Men’s Driving Loafers,77,11.24,https://detail.1688.com/offer/1083012198115.html,included,
1083011145138,loafers,【秋简】丑萌厚底勃肯鞋女瓢鞋2026秋季复古魔术贴玛丽珍豆豆单鞋,Women’s Chunky-Sole Mary Jane Shoes,57,8.32,https://detail.1688.com/offer/1083011145138.html,included,
1082949240595,loafers,厚底内增高勃肯鞋女2025新款秋季一脚蹬博肯单鞋乐福鞋豆豆鞋,Women’s Slip-On Chunky-Sole Driving Loafers,14.5,2.12,https://detail.1688.com/offer/1082949240595.html,included,
1082941299300,loafers,法式复古假分趾软底奶奶鞋女2026秋季新款配裙子一脚蹬单鞋豆豆鞋,Women’s Slip-On Driving Loafers,22.9,3.34,https://detail.1688.com/offer/1082941299300.html,included,
1082895400877,loafers,厚底增高勃肯鞋女2026年新款秋季巨好看超火玛丽珍单鞋乐福豆豆鞋,Women’s Chunky-Sole Mary Jane Shoes,25.9,3.78,https://detail.1688.com/offer/1082895400877.html,included,
1082881610900,loafers,豆豆男鞋秋季英伦风黑色商务男士休闲皮鞋一脚蹬开车软底工作潮鞋,Men’s Slip-On Dress Shoes,70.35,10.27,https://detail.1688.com/offer/1082881610900.html,included,
1082875867420,loafers,复古森系绒面乐福鞋女春秋橡胶外穿单鞋黄棕一脚蹬懒人豆豆鞋,Women’s Slip-On Driving Loafers,43,6.28,https://detail.1688.com/offer/1082875867420.html,included,
1082845860157,loafers,厚底豆豆鞋男士商务休闲一脚蹬潮流透气时尚百搭软底皮鞋男乐福鞋,Men’s Slip-On Chunky-Sole Driving Loafers,53,7.74,https://detail.1688.com/offer/1082845860157.html,included,
1082830022775,loafers,皮鞋男夏季新款镂空透气时尚豆豆鞋商务驾车休闲小白鞋潮一件代发,Men’s Driving Loafers,42,6.13,https://detail.1688.com/offer/1082830022775.html,included,
1082823477033,loafers,爆款玛丽珍鞋女2026年秋款休闲双搭扣平底单鞋复古勃肯软底豆豆鞋,Women’s Mary Jane Shoes,30.9,4.51,https://detail.1688.com/offer/1082823477033.html,included,
1082795143489,loafers,【秋简】厚底内增高全包勃肯鞋女2026秋冬一脚蹬单鞋豆豆鞋乐福鞋,Women’s Slip-On Chunky-Sole Driving Loafers,52,7.59,https://detail.1688.com/offer/1082795143489.html,included,
1082737404203,loafers,2026跨境新款小白鞋女软底一脚蹬豆豆鞋休闲防滑女单鞋平底妈妈鞋,Women’s Slip-On Driving Loafers,37,5.4,https://detail.1688.com/offer/1082737404203.html,included,
1082734429088,loafers,跨境女鞋一脚蹬懒人豆豆鞋2026春秋新款皮鞋女一脚蹬发型师乐福鞋,Women’s Slip-On Driving Loafers,62,9.05,https://detail.1688.com/offer/1082734429088.html,included,
1082602230214,loafers,跨境懒人单鞋女大码夏季新款软底一脚蹬外贸圆头绒面豆豆鞋,Women’s Slip-On Driving Loafers,24.8,3.62,https://detail.1688.com/offer/1082602230214.html,included,
1082582804430,loafers,平底分趾猪蹄鞋女鞋子2026春秋季拇指马蹄豆豆鞋复古豹纹单鞋,Women’s Driving Loafers,56,8.18,https://detail.1688.com/offer/1082582804430.html,included,
1082517599870,loafers,2026春马蹄分趾拇指猪蹄船鞋红色瓢鞋平底豆豆猪脚单鞋女鞋子,Women’s Casual Shoes,52,7.59,https://detail.1688.com/offer/1082517599870.html,included,
1082513515868,loafers,小众复古平底分趾猪蹄鞋女鞋子2026新款春秋季拇指马蹄鞋豆豆单鞋,Women’s Casual Shoes,75,10.95,https://detail.1688.com/offer/1082513515868.html,included,
1082512915840,loafers,平底分趾猪蹄鞋女鞋子2026春秋季拇指马蹄豆豆鞋复古豹纹单鞋,Women’s Driving Loafers,65,9.49,https://detail.1688.com/offer/1082512915840.html,included,
1082415632348,loafers,平底分趾鞋小众豆豆玛丽珍鞋女士浅口单鞋2026秋季新款马蹄猪蹄鞋,Women’s Mary Jane Shoes,25.9,3.78,https://detail.1688.com/offer/1082415632348.html,included,
1082398766658,loafers,知予~法式平底乐福鞋女鞋2026秋季新款一脚蹬英伦风豆豆鞋小皮鞋,Women’s Slip-On Driving Loafers,63,9.2,https://detail.1688.com/offer/1082398766658.html,included,
1082301306062,loafers,厚底内增高波点玛丽珍单鞋女款2026秋季新款博肯鞋豆豆鞋浅口单鞋,Women’s Chunky-Sole Mary Jane Shoes,28.9,4.22,https://detail.1688.com/offer/1082301306062.html,included,
1082298710138,loafers,毛毛鞋冬天外穿2026年新款冬季一脚蹬豆豆鞋平底软底保暖加绒棉鞋,Slip-On Fleece-Lined Driving Loafers,28.9,4.22,https://detail.1688.com/offer/1082298710138.html,included,
1082232209223,loafers,爆款平底全包勃肯鞋女鞋子2026新款秋季一脚蹬博肯单鞋乐福豆豆鞋,Women’s Slip-On Driving Loafers,22.9,3.34,https://detail.1688.com/offer/1082232209223.html,included,
1082217165373,loafers,小个子内增高7cm厚底勃肯鞋女一脚蹬软底豆豆鞋全包博肯大头单鞋,Women’s Slip-On Chunky-Sole Driving Loafers,78,11.39,https://detail.1688.com/offer/1082217165373.html,included,
1082188739294,loafers,复古内增高玛丽珍鞋女2026秋季新款勃肯鞋软底舒适豆豆鞋芭蕾单鞋,Women’s Mary Jane Shoes,25.8,3.77,https://detail.1688.com/offer/1082188739294.html,included,
1082174019938,loafers,小众设计感复古平底单鞋女2026新款仙女风方头浅口一脚蹬豆豆鞋女,Women’s Slip-On Driving Loafers,40.9,5.97,https://detail.1688.com/offer/1082174019938.html,included,
1082158905251,loafers,秋季镂空豆豆鞋女真皮新款软底透气洞洞鞋一脚蹬中老年舒适妈妈鞋,Women’s Slip-On Driving Loafers,19,2.77,https://detail.1688.com/offer/1082158905251.html,included,
1082144573228,loafers,小众复古平底分趾猪蹄鞋女鞋子2026新款春秋季拇指马蹄鞋豆豆单鞋,Women’s Casual Shoes,66,9.64,https://detail.1688.com/offer/1082144573228.html,included,
1082126787278,loafers,2678男鞋豆豆鞋乐福洞洞皮鞋春夏低帮套脚牛皮面镂空透气孔休闲鞋,Men’s Slip-On Driving Loafers,77,11.24,https://detail.1688.com/offer/1082126787278.html,included,
1082093621439,loafers,【秋简】厚底内增高全包勃肯鞋女2026乐福鞋豆豆鞋博肯单鞋小皮鞋,Women’s Chunky-Sole Driving Loafers,69,10.07,https://detail.1688.com/offer/1082093621439.html,included,
1082080771900,loafers,妈妈鞋一脚蹬豆豆鞋女2026秋季软底防滑不累脚舒适中老年平底单鞋,Women’s Slip-On Driving Loafers,18,2.63,https://detail.1688.com/offer/1082080771900.html,included,
1082071662757,loafers,女士布鞋2026秋季新款外穿防滑休闲软底一脚蹬老年妈妈豆豆单鞋女,Women’s Slip-On Casual Shoes,24.9,3.64,https://detail.1688.com/offer/1082071662757.html,included,
1082051582197,loafers,厚底增高勃肯鞋女2026年新款秋季巨好看超火玛丽珍单鞋乐福豆豆鞋,Women’s Chunky-Sole Mary Jane Shoes,25.9,3.78,https://detail.1688.com/offer/1082051582197.html,included,
1081995807157,loafers,冬季复古加绒一脚蹬豆豆鞋外穿2026新款保暖软底毛毛勃肯鞋女棉鞋,Women’s Slip-On Fleece-Lined Driving Loafers,26.9,3.93,https://detail.1688.com/offer/1081995807157.html,included,
1081968825827,loafers,工厂直销跨境大码批发跨境男士豆豆鞋一脚蹬男懒人鞋时尚外贸男鞋,Men’s Slip-On Driving Loafers,63,9.2,https://detail.1688.com/offer/1081968825827.html,included,
1081895770715,loafers,真皮软底豆豆鞋女2026春秋舒适软牛皮平底单鞋子不累脚大码乐福鞋,Women’s Driving Loafers,88,12.85,https://detail.1688.com/offer/1081895770715.html,included,
1081890163286,loafers,男鞋四季款时尚乐福鞋男一脚蹬懒人鞋板鞋平底驾车鞋简约豆豆鞋潮,Men’s Slip-On Driving Loafers,48,7.01,https://detail.1688.com/offer/1081890163286.html,included,
1081686030224,loafers,2026年现货勃肯鞋复古大头丑萌乐福鞋软底休闲小众豆豆博肯单鞋女,Women’s Loafers,75,10.95,https://detail.1688.com/offer/1081686030224.html,included,
1081667286662,loafers,外贸跨境大码洞洞单鞋女平底肥宽胖脚妈妈鞋女士乐福鞋大码豆豆鞋,Women’s Driving Loafers,19,2.77,https://detail.1688.com/offer/1081667286662.html,included,
1081665006765,loafers,晚风仙女配2025珍鞋新款晚女春季裙子豆豆单鞋浅口百搭鞋玛丽平底,Women’s Casual Shoes,28,4.09,https://detail.1688.com/offer/1081665006765.html,included,
1081652865773,loafers,乐福鞋休闲百搭豆豆鞋2026秋冬季新款一脚蹬懒人鞋Wish代发不累脚,Slip-On Driving Loafers,43,6.28,https://detail.1688.com/offer/1081652865773.html,included,
1081631839033,loafers,厚女红底增乐高豆豆勃肯鞋2025新款春秋季女鞋款子网爆博肯福单鞋,Women’s Casual Shoes,54,7.88,https://detail.1688.com/offer/1081631839033.html,included,
1081619690658,loafers,法式内增高芭蕾风浅口波点玛丽珍单鞋女2026秋夏新款晚晚鞋豆豆鞋,Women’s Mary Jane Shoes,29,4.23,https://detail.1688.com/offer/1081619690658.html,included,
1081600935034,loafers,软底妈妈鞋低跟浅口小皮鞋女通勤百搭豆豆鞋2026秋季新款透气单鞋,Women’s Driving Loafers,15,2.19,https://detail.1688.com/offer/1081600935034.html,included,
1081559530162,loafers,复古编织头一脚蹬加绒豆豆鞋女2026新款磨砂流苏系带圆头平底单鞋,Women’s Slip-On Lace-Up Fleece-Lined Driving Loafers,40,5.84,https://detail.1688.com/offer/1081559530162.html,included,
1081552991831,loafers,早秋上新巨好看乐福鞋女软底豆豆鞋2026新款时尚百搭舒适复古单鞋,Women’s Driving Loafers,160.5,23.44,https://detail.1688.com/offer/1081552991831.html,included,
1081548595432,loafers,早秋上新巨好看乐福鞋女软底豆豆鞋2026新款时尚百搭舒适复古单鞋,Women’s Driving Loafers,162.5,23.73,https://detail.1688.com/offer/1081548595432.html,included,
1081531419567,loafers,2026独立站跨境外贸新款欧美男士乐福鞋英伦轻便豆豆鞋48码,Men’s Driving Loafers,57,8.32,https://detail.1688.com/offer/1081531419567.html,included,
1081529012198,loafers,软皮牛筋软底妈妈鞋2026秋季新款单鞋女平底豆豆鞋中老年舒适女鞋,Women’s Driving Loafers,19.9,2.91,https://detail.1688.com/offer/1081529012198.html,included,
1081527008691,loafers,复古平跟豹纹玛丽珍鞋女2026秋季新款软底豆豆浅口单鞋绒面勃肯鞋,Women’s Mary Jane Shoes,26.9,3.93,https://detail.1688.com/offer/1081527008691.html,included,
1081494993318,loafers,小2026显瘦秋季内增高一脚蹬豆豆鞋新款时尚浅口单鞋金属装饰方头,Slip-On Driving Loafers,40,5.84,https://detail.1688.com/offer/1081494993318.html,included,
1081485554958,loafers,小个子内配裙子浅口豆豆鞋女2026新款粗跟奶奶鞋温柔软底轻便瓢鞋,Women’s Driving Loafers,21.9,3.2,https://detail.1688.com/offer/1081485554958.html,included,
1081461588644,loafers,跨境超软甜美绒面圆头平底系带女鞋新品大码多巴胺软底浅口豆豆鞋,Women’s Lace-Up Driving Loafers,17.9,2.61,https://detail.1688.com/offer/1081461588644.html,included,
1081406419572,loafers,厚底内增高波点玛丽珍单鞋女款2026秋季新款博肯鞋豆豆鞋浅口单鞋,Women’s Chunky-Sole Mary Jane Shoes,27.9,4.07,https://detail.1688.com/offer/1081406419572.html,included,
1081399519768,loafers,毛毛鞋冬天外穿2026年新款冬季一脚蹬豆豆鞋平底软底保暖加绒棉鞋,Slip-On Fleece-Lined Driving Loafers,28.9,4.22,https://detail.1688.com/offer/1081399519768.html,included,
1081393947992,loafers,厚底内增高波点玛丽珍单鞋女款2026秋季新款博肯鞋豆豆鞋浅口单鞋,Women’s Chunky-Sole Mary Jane Shoes,28.9,4.22,https://detail.1688.com/offer/1081393947992.html,included,
1085367386254,loafers,夏款豆豆鞋男2026新款韩版潮流懒人一脚蹬透气百搭休闲帆布鞋大码,Men’s Slip-On Driving Loafers,33,4.82,https://detail.1688.com/offer/1085367386254.html,included,
1083648842312,loafers,豆豆男鞋2026秋季新款侧拉链休闲板鞋男士一脚蹬运动潮鞋C6102,Men’s Slip-On Trainers,35.7,,https://detail.1688.com/offer/1083648842312.html,held,image-or-price-verification-failed
1081326570563,loafers,舒适方头黑色方头女鞋编织巨好看单鞋女春秋低跟鞋一脚蹬女豆豆鞋,Women’s Slip-On Driving Loafers,103.5,15.11,https://detail.1688.com/offer/1081326570563.html,included,
1081297823673,loafers,平底勃肯鞋女加绒保暖雪地靴女2026新款冬季乐福鞋豆豆鞋博肯棉鞋,Women’s Fleece-Lined Driving Loafers,55,8.03,https://detail.1688.com/offer/1081297823673.html,included,
1081282950915,loafers,2026秋季男鞋豆豆鞋驾车一脚蹬休闲鞋百搭小皮鞋手工缝线跨境大码,Men’s Slip-On Driving Loafers,68,9.93,https://detail.1688.com/offer/1081282950915.html,included,
1081235332676,loafers,一脚蹬春秋平底浅口单鞋女软皮圆头牛筋底软底豆豆鞋休闲妈妈鞋,Women’s Slip-On Driving Loafers,18.5,2.7,https://detail.1688.com/offer/1081235332676.html,included,
1081218039687,loafers,舒适休闲妈妈平底单鞋牛筋软底豆豆鞋一脚蹬懒人套脚中老年妈妈鞋,Slip-On Driving Loafers,33,4.82,https://detail.1688.com/offer/1081218039687.html,included,
1081114513641,loafers,平底豆豆猪脚单鞋女鞋子2026秋马蹄分趾拇指猪蹄船鞋红色瓢鞋,Women’s Casual Shoes,73,10.66,https://detail.1688.com/offer/1081114513641.html,included,
1081054575828,loafers,女士布鞋2026秋季新款外穿防滑休闲软底一脚蹬老年妈妈豆豆单鞋女,Women’s Slip-On Casual Shoes,26.9,3.93,https://detail.1688.com/offer/1081054575828.html,included,
1081046406012,loafers,知予~厚底内增高全包勃肯鞋女鞋2026新款秋冬一脚蹬乐福豆豆单鞋,Women’s Slip-On Chunky-Sole Loafers,62,9.05,https://detail.1688.com/offer/1081046406012.html,included,
1081040416676,loafers,小众复古平底分趾猪蹄鞋女鞋子2026新款春秋季拇指马蹄鞋豆豆单鞋,Women’s Casual Shoes,61,8.91,https://detail.1688.com/offer/1081040416676.html,included,
1081038286075,loafers,BEILIXUAN实拍英伦风真皮乐福鞋女内增3cm一脚蹬豆豆鞋百搭单鞋,Women’s Slip-On Driving Loafers,93,13.58,https://detail.1688.com/offer/1081038286075.html,included,
1081028046688,loafers,跨境大码批发皮鞋男2025春秋新款豆豆休闲鞋男士商务软底百搭一脚,Men’s Dress Shoes,64,9.34,https://detail.1688.com/offer/1081028046688.html,included,
1081009581310,loafers,2026牛筋软底妈妈中老年豆豆软皮高档品质单鞋中年女士舒适皮鞋,Women’s Dress Shoes,9.9,1.45,https://detail.1688.com/offer/1081009581310.html,included,
1080982969694,loafers,毛昵料单里平底鞋猪蹄假分趾鞋2026秋季百搭通勤浅口软底豆豆鞋,Driving Loafers,35,5.11,https://detail.1688.com/offer/1080982969694.html,included,
1080916130646,loafers,亚马逊跨境大码批发外贸出口意大利高档潮牌豆豆鞋男真皮软底一脚,Men’s Driving Loafers,77,11.24,https://detail.1688.com/offer/1080916130646.html,included,
1080879747327,loafers,2026年秋新款仙女风魔术贴百搭单鞋女韩版软底平底浅口豆豆鞋女鞋,Women’s Driving Loafers,30.9,4.51,https://detail.1688.com/offer/1080879747327.html,included,
1080876026275,loafers,平底软底豆豆鞋女2026春季浅口一脚蹬豆豆鞋女款孕妇鞋子单鞋,Women’s Slip-On Driving Loafers,21,3.07,https://detail.1688.com/offer/1080876026275.html,included,
1080858963055,loafers,爆款浅口玛丽珍鞋春季新款法式舒适豆豆鞋时尚软皮软底复古单鞋女,Women’s Mary Jane Shoes,23.9,3.49,https://detail.1688.com/offer/1080858963055.html,included,
1080766840438,loafers,跨境大码男士百搭休闲豆豆鞋舒适软底软面透气套脚驾车速卖通男鞋,Men’s Slip-On Driving Loafers,51,7.45,https://detail.1688.com/offer/1080766840438.html,included,
1080730126945,loafers,断码品牌厚底乐福鞋女2026春秋款软底豆豆鞋小皮鞋女百搭单鞋,Women’s Chunky-Sole Driving Loafers,68,9.93,https://detail.1688.com/offer/1080730126945.html,included,
1080713951666,loafers,小众复古平底分趾猪蹄鞋女鞋子2026新款春秋季拇指马蹄鞋豆豆单鞋,Women’s Casual Shoes,77,11.24,https://detail.1688.com/offer/1080713951666.html,included,
1080704767386,loafers,方头浅口单鞋女2026年法式百搭平底豆豆鞋软底秋季新款晚风女鞋子,Women’s Driving Loafers,23,3.36,https://detail.1688.com/offer/1080704767386.html,included,
1080690693133,loafers,小众复古平底分趾猪蹄鞋女鞋子2026新款春秋季拇指马蹄鞋豆豆单鞋,Women’s Casual Shoes,68,9.93,https://detail.1688.com/offer/1080690693133.html,included,
1080665390519,loafers,法式豹纹单鞋女春秋爆款复古圆头小香风玛丽珍鞋新中式软底豆豆鞋,Women’s Mary Jane Shoes,29.7,4.34,https://detail.1688.com/offer/1080665390519.html,included,
1080663214784,loafers,外贸跨境真软皮单鞋女士中年舒适超软皮鞋牛筋软底妈妈女式豆豆鞋,Women’s Driving Loafers,17.9,2.61,https://detail.1688.com/offer/1080663214784.html,included,
1080597552022,loafers,女鞋2026新款夏季一脚蹬乐福鞋平底勃肯单鞋软底不累脚孕妇豆豆鞋,Women’s Slip-On Driving Loafers,39,5.69,https://detail.1688.com/offer/1080597552022.html,included,
1080597310659,loafers,复古休闲勃肯鞋女2026年秋季新款百搭平底德训鞋软底懒人豆豆单鞋,Women’s Slip-On Trainers,38,5.55,https://detail.1688.com/offer/1080597310659.html,included,
1080547280692,loafers,2026镂空花纹妈妈鞋乐福女鞋休闲单鞋春夏软底花朵仙女浅口豆豆鞋,Women’s Driving Loafers,83,12.12,https://detail.1688.com/offer/1080547280692.html,included,
1080521013288,loafers,软皮豆豆鞋女2026年秋季新款一脚蹬复古软底轻便外穿平底妈妈单鞋,Women’s Slip-On Driving Loafers,19.9,2.91,https://detail.1688.com/offer/1080521013288.html,included,
1080520821736,loafers,妈妈鞋一脚蹬豆豆鞋女2026秋季软底防滑不累脚舒适中老年平底单鞋,Women’s Slip-On Driving Loafers,25.9,3.78,https://detail.1688.com/offer/1080520821736.html,included,
1080519909537,loafers,妈妈鞋一脚蹬豆豆鞋女2026秋季软底防滑不累脚舒适中老年平底单鞋,Women’s Slip-On Driving Loafers,26.9,3.93,https://detail.1688.com/offer/1080519909537.html,included,
1080510516957,loafers,韩版玛丽珍鞋女浅口2026秋季新款超软豆豆鞋百搭温柔一字仙女单鞋,Women’s Mary Jane Shoes,28.9,4.22,https://detail.1688.com/offer/1080510516957.html,included,
1080481703891,loafers,大码跨境透气镂空豆豆鞋帆船鞋系带休闲板鞋男鞋驾车鞋,Men’s Lace-Up Driving Loafers,61.1,8.92,https://detail.1688.com/offer/1080481703891.html,included,
1080469271948,loafers,豆豆鞋男透气一脚蹬懒人鞋软底商务男鞋时尚百搭英伦风休闲鞋批发,Men’s Slip-On Driving Loafers,18,2.63,https://detail.1688.com/offer/1080469271948.html,included,
1080456919356,loafers,小众复古平底分趾猪蹄鞋女鞋子2026新款春秋季拇指马蹄鞋豆豆单鞋,Women’s Casual Shoes,61,8.91,https://detail.1688.com/offer/1080456919356.html,included,
1080428801989,loafers,2026冬季白色毛毛豆豆鞋女外穿法式配裙子加绒棉鞋一字带玛丽珍,Women’s Fleece-Lined Mary Jane Shoes,33,4.82,https://detail.1688.com/offer/1080428801989.html,included,
1080404380035,loafers,妈妈鞋一脚蹬豆豆鞋女2026秋季软底防滑不累脚舒适中老年平底单鞋,Women’s Slip-On Driving Loafers,19.9,2.91,https://detail.1688.com/offer/1080404380035.html,included,
1080349408002,loafers,复古百搭平底勃肯鞋女2026秋季新款一脚蹬方头单鞋懒人软底豆豆鞋,Women’s Slip-On Driving Loafers,39,5.69,https://detail.1688.com/offer/1080349408002.html,included,
1080334309001,loafers,外贸大码休闲女鞋2025春秋新款英伦风乐福鞋女网红圆头系带豆豆鞋,Women’s Lace-Up Driving Loafers,27,3.94,https://detail.1688.com/offer/1080334309001.html,included,
1080330494974,loafers,法式小香风芭蕾舞鞋女蝴蝶结撞色豆豆鞋复古内增高单鞋不累脚女鞋,Women’s Driving Loafers,58,8.47,https://detail.1688.com/offer/1080330494974.html,included,
1080322972822,loafers,勃肯鞋女2026年春季新款复古搭扣平底单鞋韩版乐福鞋一脚蹬豆豆鞋,Women’s Slip-On Driving Loafers,13,1.9,https://detail.1688.com/offer/1080322972822.html,included,
1080216927635,loafers,2026秋春季软皮软底单鞋一脚蹬豆豆鞋中老年女鞋子女款舒适妈妈鞋,Women’s Slip-On Driving Loafers,18,2.63,https://detail.1688.com/offer/1080216927635.html,included,
1080197585862,loafers,方头简约内增高2026气质3cm复古新款豆豆鞋一脚蹬蝴蝶结浅口单鞋,Slip-On Driving Loafers,40,5.84,https://detail.1688.com/offer/1080197585862.html,included,
1080168536387,loafers,平底分趾猪蹄鞋褶皱红色单鞋女鞋子2026夏季浅口拇指马蹄鞋豆豆鞋,Women’s Driving Loafers,65.88,9.62,https://detail.1688.com/offer/1080168536387.html,included,
1080146393773,loafers,厚底增高全包勃肯鞋女2026新款秋夏一脚蹬乐福鞋单鞋豆豆鞋博肯鞋,Women’s Slip-On Chunky-Sole Driving Loafers,54,7.88,https://detail.1688.com/offer/1080146393773.html,included,
1080073662280,loafers,软底勃肯鞋女2026年秋季新款乐福鞋一脚蹬圆头百搭单鞋平底豆豆鞋,Women’s Slip-On Driving Loafers,18.9,2.76,https://detail.1688.com/offer/1080073662280.html,included,
1080027723495,loafers,平底猪蹄分趾鞋女2026秋季新款仙女百搭通勤浅口软底豆豆单鞋,Women’s Casual Shoes,68,9.93,https://detail.1688.com/offer/1080027723495.html,included,
1079738910525,loafers,豆豆鞋女珍珠2026年秋季新款奶奶鞋平底浅口软皮孕妇皮鞋妈妈单鞋,Women’s Driving Loafers,25.9,3.78,https://detail.1688.com/offer/1079738910525.html,included,
1079731926757,loafers,豆豆鞋女珍珠2026年秋季新款奶奶鞋平底浅口软皮孕妇皮鞋妈妈单鞋,Women’s Driving Loafers,27.9,4.07,https://detail.1688.com/offer/1079731926757.html,included,
1079714459840,loafers,晚晚风温柔鞋瓢鞋平底单鞋女2026新款夏季法式浅口软底孕妇豆豆鞋,Women’s Driving Loafers,42,6.13,https://detail.1688.com/offer/1079714459840.html,included,
1079630470106,loafers,豹纹软底水貂绒毛毛鞋女冬季外穿保暖加绒一脚蹬配裙子豆豆鞋棉鞋,Women’s Slip-On Fleece-Lined Driving Loafers,54,7.88,https://detail.1688.com/offer/1079630470106.html,included,
1079520012888,loafers,内增高2026复一脚蹬单鞋软底新款懒人古老豆豆鞋钱风秋季穆勒鞋女,Women’s Slip-On Driving Loafers,44,6.42,https://detail.1688.com/offer/1079520012888.html,included,
1079466562849,loafers,妈妈鞋一脚蹬豆豆鞋女2026秋季软底防滑不累脚舒适中老年平底单鞋,Women’s Slip-On Driving Loafers,25.9,3.78,https://detail.1688.com/offer/1079466562849.html,included,
1079425911906,loafers,春夏季一脚蹬透气洞洞鞋软底豆豆妈妈博肯鞋北京布鞋女宽头妈妈鞋,Women’s Slip-On Clogs,11,1.61,https://detail.1688.com/offer/1079425911906.html,included,
1079393409436,loafers,妈妈鞋一脚蹬豆豆鞋女2026秋季软底防滑不累脚舒适中老年平底单鞋,Women’s Slip-On Driving Loafers,20.9,3.05,https://detail.1688.com/offer/1079393409436.html,included,
1079356221083,loafers,春夏秋季网面老北京布鞋新款透气软底中老年妈妈单鞋豆豆鞋跨境,Mesh Driving Loafers,6.88,1.0,https://detail.1688.com/offer/1079356221083.html,included,
1079313012084,loafers,2026褶皱跟低晚风新款温柔晚软底豆豆鞋春秋季浅口平底玛丽珍单鞋,Mary Jane Shoes,48,7.01,https://detail.1688.com/offer/1079313012084.html,included,
1079194229288,loafers,平底分趾猪蹄鞋浅口单鞋女鞋子2026夏季小众拇指马蹄鞋黑色豆豆鞋,Women’s Driving Loafers,66.88,9.77,https://detail.1688.com/offer/1079194229288.html,included,
1079180372185,loafers,新款牛筋底妈妈鞋中老年透气镂空舒适防滑单鞋牛皮平底豆豆鞋,Driving Loafers,27,3.94,https://detail.1688.com/offer/1079180372185.html,included,
1079178534754,loafers,春秋拇指感船单鞋女鞋子分趾猪脚豆豆鞋子平底高级猪蹄2026马蹄,Women’s Driving Loafers,29.8,4.35,https://detail.1688.com/offer/1079178534754.html,included,
1079169923898,loafers,全包花边勃肯鞋女内增高5cm单鞋女2026新款秋冬一脚蹬懒人豆豆鞋,Women’s Slip-On Driving Loafers,50,7.3,https://detail.1688.com/offer/1079169923898.html,included,
1079136871880,loafers,高品质真皮小众高级感舒适豆豆鞋女一脚蹬软底平底乐福鞋百搭单鞋,Women’s Slip-On Driving Loafers,328,47.89,https://detail.1688.com/offer/1079136871880.html,included,
1079096878378,loafers,春夏透气老北布鞋女士百搭工作鞋时尚一脚蹬妈妈豆豆鞋单鞋妈妈鞋,Women’s Slip-On Driving Loafers,7,1.02,https://detail.1688.com/offer/1079096878378.html,included,
1079086490149,loafers,新款女鞋豆豆鞋牛筋底中老年妈妈鞋平底防滑皮鞋软底不累脚单鞋子,Women’s Driving Loafers,26,3.8,https://detail.1688.com/offer/1079086490149.html,included,
1079084378780,loafers,法式水钻方头黑色平底单鞋女2026年春秋新款浅口一脚蹬懒人豆豆鞋,Women’s Slip-On Driving Loafers,39.99,5.84,https://detail.1688.com/offer/1079084378780.html,included,
1079068649335,loafers,软皮休闲软底单鞋女平跟豆豆2026春秋新款复古一脚蹬中年妈妈,Women’s Slip-On Casual Shoes,31,4.53,https://detail.1688.com/offer/1079068649335.html,included,
1079059042229,loafers,夏季男鞋真皮新款一脚蹬豆豆鞋洞洞皮鞋套脚网眼乐福鞋透气鞋跨境,Men’s Slip-On Driving Loafers,85,12.41,https://detail.1688.com/offer/1079059042229.html,included,
1079043630485,loafers,秋冬男鞋真皮新款一脚蹬豆豆鞋男士休闲皮鞋套脚乐福鞋软底鞋跨境,Men’s Slip-On Driving Loafers,85,12.41,https://detail.1688.com/offer/1079043630485.html,included,
1079031511824,loafers,跨境情侣款大码套脚乐福鞋英伦风正装商务豆豆鞋一脚蹬休闲男鞋48,Unisex Slip-On Driving Loafers,65,9.49,https://detail.1688.com/offer/1079031511824.html,included,
1079004769980,loafers,法式温柔风豆豆鞋女2026秋季新款软底圆头蝴蝶结舒适百搭浅口单鞋,Women’s Driving Loafers,18.9,2.76,https://detail.1688.com/offer/1079004769980.html,included,
1078987074897,loafers,小众复古平底分趾猪蹄鞋女鞋子2026新款春秋季拇指马蹄鞋豆豆单鞋,Women’s Casual Shoes,61,8.91,https://detail.1688.com/offer/1078987074897.html,included,
1078883059050,loafers,法式平底豆豆鞋女2026秋季新款复古方头奶奶鞋软底百搭瓢鞋小皮鞋,Women’s Driving Loafers,20.9,3.05,https://detail.1688.com/offer/1078883059050.html,included,
1078871233581,loafers,英伦风厚底两穿勃肯鞋女2026秋季新款增高复古乐福鞋一脚蹬豆豆鞋,Women’s Slip-On Chunky-Sole Driving Loafers,32.9,4.8,https://detail.1688.com/offer/1078871233581.html,included,
1078870319406,loafers,法式平底豆豆鞋女2026秋季新款复古方头奶奶鞋软底百搭瓢鞋小皮鞋,Women’s Driving Loafers,20.9,3.05,https://detail.1688.com/offer/1078870319406.html,included,
1078861687770,loafers,豆豆鞋女珍珠2026年秋季新款奶奶鞋平底浅口软皮孕妇皮鞋妈妈单鞋,Women’s Driving Loafers,27.9,4.07,https://detail.1688.com/offer/1078861687770.html,included,
1078856795935,loafers,法式平底豆豆鞋女2026秋季新款复古方头奶奶鞋软底百搭瓢鞋小皮鞋,Women’s Driving Loafers,21.9,3.2,https://detail.1688.com/offer/1078856795935.html,included,
1078764056052,loafers,复古玛丽珍加绒毛毛鞋女鞋2026年秋季新款外穿平底豆豆鞋保暖单鞋,Women’s Fleece-Lined Mary Jane Shoes,29.9,4.37,https://detail.1688.com/offer/1078764056052.html,included,
1078602863440,loafers,妈妈鞋一脚蹬豆豆鞋女2026秋季软底防滑不累脚舒适中老年平底单鞋,Women’s Slip-On Driving Loafers,24.9,3.64,https://detail.1688.com/offer/1078602863440.html,included,
1078597755472,loafers,妈妈鞋一脚蹬豆豆鞋女2026秋季软底防滑不累脚舒适中老年平底单鞋,Women’s Slip-On Driving Loafers,26.9,3.93,https://detail.1688.com/offer/1078597755472.html,included,
1078597623536,loafers,软皮豆豆鞋女2026年秋季新款一脚蹬复古软底轻便外穿平底妈妈单鞋,Women’s Slip-On Driving Loafers,20.9,3.05,https://detail.1688.com/offer/1078597623536.html,included,
1078554623079,loafers,软皮单鞋女久站不累脚工作鞋2026秋季新款软底舒适浅口百搭豆豆鞋,Women’s Driving Loafers,21.8,3.18,https://detail.1688.com/offer/1078554623079.html,included,
1078553955788,loafers,平底分趾猪蹄鞋女鞋子2026春秋季拇指马蹄豆豆鞋复古绒面豹纹单鞋,Women’s Driving Loafers,31,4.53,https://detail.1688.com/offer/1078553955788.html,included,
1078468424657,loafers,复古厚底休闲勃肯鞋女2026秋季新款一脚蹬豆豆鞋全包舒适休闲单鞋,Women’s Slip-On Chunky-Sole Driving Loafers,54,7.88,https://detail.1688.com/offer/1078468424657.html,included,
1078340338445,loafers,妈妈鞋一脚蹬豆豆鞋女2026秋季软底防滑不累脚舒适中老年平底单鞋,Women’s Slip-On Driving Loafers,21.9,3.2,https://detail.1688.com/offer/1078340338445.html,included,
1078332251234,loafers,软皮软底豆豆鞋春秋妈妈鞋一脚蹬牛筋底圆头平底浅口单鞋女休闲,Women’s Slip-On Driving Loafers,18.4,2.69,https://detail.1688.com/offer/1078332251234.html,included,
1078276444212,loafers,跨境大码男鞋2026年新款抖音爆款皮面休闲鞋懒人开车行防滑豆豆鞋,Men’s Slip-On Driving Loafers,41,5.99,https://detail.1688.com/offer/1078276444212.html,included,
1078273433101,loafers,厚底内增高勃肯鞋女2026秋新款百搭丑萌复古乐福鞋豆豆鞋休闲单鞋,Women’s Chunky-Sole Driving Loafers,61,8.91,https://detail.1688.com/offer/1078273433101.html,included,
1078272520515,loafers,大码跨境男士豆豆鞋2026抖音爆款秋季时尚中高帮男款开车鞋男板鞋,Men’s Driving Loafers,42,6.13,https://detail.1688.com/offer/1078272520515.html,included,
1078250818054,loafers,2025新款男鞋透气网面乐福鞋夏季一脚蹬软底休闲豆豆鞋,Men’s Mesh Slip-On Driving Loafers,22,3.21,https://detail.1688.com/offer/1078250818054.html,included,
1078131250489,loafers,内5CM厚底分趾拇指猪蹄鞋女2026春秋软皮豆豆鞋平底马蹄单鞋,Women’s Chunky-Sole Driving Loafers,61.88,9.04,https://detail.1688.com/offer/1078131250489.html,included,
1078087700114,loafers,秋冬小皮鞋外穿加绒玛丽珍软底豆豆鞋棉鞋温柔乐福二法式毛毛鞋女,Women’s Fleece-Lined Mary Jane Shoes,6.9,1.01,https://detail.1688.com/offer/1078087700114.html,included,
1077955869379,loafers,复古软底玛丽珍单鞋女2026秋季新款勃肯鞋女平底两穿乐福鞋豆豆鞋,Women’s Mary Jane Shoes,62,9.05,https://detail.1688.com/offer/1077955869379.html,included,
1077939365809,loafers,2026秋冬款浅口百搭仙女风外穿毛毛鞋女鞋蝴蝶结加绒平底豆豆棉鞋,Women’s Fleece-Lined Casual Shoes,46,6.72,https://detail.1688.com/offer/1077939365809.html,included,
1077895657076,loafers,复古圆头一脚蹬平底单鞋女2026春秋新款休闲勃肯鞋轻便软底豆豆鞋,Women’s Slip-On Driving Loafers,23,3.36,https://detail.1688.com/offer/1077895657076.html,included,
1077846625989,loafers,乐福鞋单鞋百搭女厚底豆豆全包复古2026懒人春季勃肯鞋一脚蹬新款,Women’s Slip-On Chunky-Sole Loafers,25,3.65,https://detail.1688.com/offer/1077846625989.html,included,
1077704994696,loafers,2026妈妈鞋子秋季款新款百搭鞋单鞋平底皮鞋女豆豆妈妈软底妈妈鞋,Women’s Walking Shoes,18.9,2.76,https://detail.1688.com/offer/1077704994696.html,included,
1077703810197,loafers,软皮单鞋女2026秋季新款豆豆鞋软皮软底舒适百搭妈妈鞋工作小皮鞋,Women’s Driving Loafers,17.9,2.61,https://detail.1688.com/offer/1077703810197.html,included,
1077670747528,loafers,妈妈鞋一脚蹬豆豆鞋女2026秋季软底防滑不累脚舒适中老年平底单鞋,Women’s Slip-On Driving Loafers,18.9,2.76,https://detail.1688.com/offer/1077670747528.html,included,
1077537400649,loafers,2026秋季平底豆豆鞋女一脚蹬短靴两穿可拆卸玛丽珍学生堆堆靴子,Women’s Slip-On Mary Jane Shoes,57,8.32,https://detail.1688.com/offer/1077537400649.html,included,
1077462393346,loafers,仙女风玛丽珍魔术贴单鞋女2026秋季韩版软底浅口平底豆豆鞋奶奶鞋,Women’s Mary Jane Shoes,25.9,3.78,https://detail.1688.com/offer/1077462393346.html,included,
1077459596701,loafers,超软舒适乐福鞋复古风2026软皮磨砂尖头豆豆单鞋春秋百搭新款女鞋,Women’s Loafers,49,7.15,https://detail.1688.com/offer/1077459596701.html,included,
1077425899423,loafers,男士休闲豆豆鞋跨境秋季时尚百搭潮流软底轻便一脚蹬懒人开车鞋,Men’s Slip-On Driving Loafers,15,2.19,https://detail.1688.com/offer/1077425899423.html,included,
1077266647947,loafers,蜻蜓牌男鞋新款休闲皮鞋男真皮牛筋软底防滑透气一脚蹬爸爸豆豆鞋,Men’s Slip-On Driving Loafers,80,11.68,https://detail.1688.com/offer/1077266647947.html,included,
1077238421013,loafers,方头豆豆鞋女法式复古温柔平底休闲单鞋软皮软底一脚蹬乐福小皮鞋,Women’s Slip-On Driving Loafers,73,10.66,https://detail.1688.com/offer/1077238421013.html,included,
1077228041011,loafers,小众复古平底分趾猪蹄鞋女鞋子2026新款春秋季拇指马蹄鞋豆豆单鞋,Women’s Casual Shoes,76,11.1,https://detail.1688.com/offer/1077228041011.html,included,
1077083259053,loafers,软皮单鞋女久站不累脚工作鞋2026秋季新款软底舒适浅口百搭豆豆鞋,Women’s Driving Loafers,19.9,2.91,https://detail.1688.com/offer/1077083259053.html,included,
1076985109908,loafers,复古风厚底全包勃肯鞋女2026秋新款超火豆豆鞋乐福鞋懒人舒适单鞋,Women’s Slip-On Chunky-Sole Driving Loafers,58,8.47,https://detail.1688.com/offer/1076985109908.html,included,
1076975799792,loafers,软皮单鞋女2026年新款秋季磨砂时尚女鞋平底乐福鞋低跟软底豆豆鞋,Women’s Driving Loafers,20.9,3.05,https://detail.1688.com/offer/1076975799792.html,included,
1076961859939,loafers,德训鞋2026年新款男皮鞋透气商务时尚防滑豆豆鞋流行老钱风乐福鞋,Men’s Driving Loafers,51,7.45,https://detail.1688.com/offer/1076961859939.html,included,
1076915444206,loafers,厚底增高全包勃肯鞋女2026秋季新款复古百搭一脚蹬豆豆鞋休闲单鞋,Women’s Slip-On Chunky-Sole Driving Loafers,67,9.78,https://detail.1688.com/offer/1076915444206.html,included,
1076877634008,loafers,YsshadiR复古超软真皮豆豆鞋2026秋新软底奶奶鞋舒适百搭博肯单鞋,Driving Loafers,115,16.79,https://detail.1688.com/offer/1076877634008.html,included,
1076689920386,loafers,真皮豆豆鞋女勃肯鞋2026新款春秋冬平底单鞋厚底鞋软底孕妇乐福鞋,Women’s Chunky-Sole Driving Loafers,78,11.39,https://detail.1688.com/offer/1076689920386.html,included,
1076689920261,loafers,爆款法式复古单鞋2026秋季新款软底一脚蹬休闲豆豆鞋百搭小皮鞋女,Women’s Slip-On Driving Loafers,20.9,3.05,https://detail.1688.com/offer/1076689920261.html,included,
1076634803572,loafers,2026春秋新款休闲平底百搭跨境外贸大码单鞋女尖头一脚蹬豆豆鞋,Women’s Slip-On Driving Loafers,26.9,3.93,https://detail.1688.com/offer/1076634803572.html,included,
1076496984217,loafers,2026新款复古圆头浅口单鞋女法式休闲百搭软底一脚蹬绒面豆豆单鞋,Women’s Slip-On Casual Shoes,25,3.65,https://detail.1688.com/offer/1076496984217.html,included,
1076471085110,loafers,42大码2026春秋韩版孕妇浅口单鞋女软皮豆豆鞋平底防滑休闲瓢鞋43,Women’s Driving Loafers,37.88,5.53,https://detail.1688.com/offer/1076471085110.html,included,
1076458180376,loafers,2026春马蹄分趾拇指猪蹄船鞋红色瓢鞋平底豆豆猪脚单鞋女鞋子,Women’s Casual Shoes,52,7.59,https://detail.1688.com/offer/1076458180376.html,included,
1076262517050,loafers,洞洞皮鞋跨境外贸大码男鞋真皮透气镂空男士豆豆鞋柔软舒适乐福鞋,Men’s Driving Loafers,78,11.39,https://detail.1688.com/offer/1076262517050.html,included,
1076244861392,loafers,经典新款豆豆鞋男鞋英伦软底懒人男士皮鞋韩版四季商务休闲驾车鞋,Men’s Slip-On Driving Loafers,99,14.46,https://detail.1688.com/offer/1076244861392.html,included,
857960974077,loafers,外贸男鞋春秋新款百搭男皮鞋商务正装鞋软底PU休闲鞋豆豆鞋乐福鞋,Men’s Driving Loafers,32.7,4.77,https://detail.1688.com/offer/857960974077.html,included,
857836925981,loafers,夏季网面透气男鞋中帮平底运动鞋户外阿甘鞋休闲防水皮面豆豆鞋子,Men’s Mesh Driving Loafers,14,2.04,https://detail.1688.com/offer/857836925981.html,included,
857692520791,loafers,跨境大码男鞋韩版时尚磨砂豆豆鞋男潮流驾车鞋外贸轻便套脚懒人鞋,Men’s Slip-On Driving Loafers,63,9.2,https://detail.1688.com/offer/857692520791.html,included,
855735956234,loafers,外贸特47大码牛皮乐福鞋男英伦休闲商务豆豆鞋一脚蹬工作百搭皮鞋,Men’s Slip-On Driving Loafers,95,13.87,https://detail.1688.com/offer/855735956234.html,included,
854962848402,loafers,四季男鞋一脚蹬懒人鞋 豆豆鞋休闲皮鞋 韩版潮英伦男鞋,Men’s Slip-On Driving Loafers,10.85,1.58,https://detail.1688.com/offer/854962848402.html,included,
853965052420,loafers,跨境大码低帮春豆豆懒人鞋亚马逊独立站代发圆头手工缝线休闲单鞋,Slip-On Casual Shoes,32.8,4.79,https://detail.1688.com/offer/853965052420.html,included,
853547458750,loafers,春秋季社会小伙休闲鞋潮鞋豆豆鞋男懒人鞋子套脚一脚蹬男鞋跨境,Men’s Slip-On Driving Loafers,23,3.36,https://detail.1688.com/offer/853547458750.html,included,
853416554481,loafers,跨境爆款大码男鞋新款潮流英伦时尚套脚百搭休闲鞋软面软底豆豆鞋,Men’s Slip-On Driving Loafers,58,8.47,https://detail.1688.com/offer/853416554481.html,included,
852588767546,loafers,英伦风绒面豆豆鞋跨境大码男鞋38-48码2024新款麻花个性小皮鞋男,Men’s Driving Loafers,61.5,8.98,https://detail.1688.com/offer/852588767546.html,included,
850890173624,loafers,男士商务皮鞋新款软底休闲鞋跨境百塔一脚蹬懒人鞋潮流时尚豆豆鞋,Men’s Slip-On Driving Loafers,13.9,2.03,https://detail.1688.com/offer/850890173624.html,included,
850527159008,loafers,跨境休闲男鞋手工缝制男鞋夏季软底透气休闲大码懒人驾车鞋豆豆鞋,Men’s Slip-On Driving Loafers,43,6.28,https://detail.1688.com/offer/850527159008.html,included,
848887478182,loafers,四季长期有货跨境热销外贸大码男加绒保暖豆豆鞋套脚懒人开车男鞋,Men’s Slip-On Fleece-Lined Driving Loafers,58,8.47,https://detail.1688.com/offer/848887478182.html,included,
848710047416,loafers,秋冬季一脚蹬男士套脚反绒皮豆豆鞋英伦简约休闲男鞋懒人鞋开车鞋,Men’s Slip-On Driving Loafers,32.8,4.79,https://detail.1688.com/offer/848710047416.html,included,
848305009372,loafers,男士皮鞋平底一脚蹬软面鞋正装百搭工作鞋豆豆鞋商务休闲休闲百搭,Men’s Slip-On Driving Loafers,9,1.31,https://detail.1688.com/offer/848305009372.html,included,
848203847021,loafers,男士软面软底休闲鞋2025新款一脚蹬舒适平底男鞋潮时尚百搭豆豆鞋,Men’s Slip-On Driving Loafers,18.5,2.7,https://detail.1688.com/offer/848203847021.html,included,
846698084090,loafers,秋冬男鞋单棉同款皮鞋英伦时尚黑色休闲鞋系带软皮软底豆豆鞋子男,Men’s Lace-Up Driving Loafers,14.99,2.19,https://detail.1688.com/offer/846698084090.html,included,
846533470709,loafers,四季男士豆豆鞋英伦轻便驾车鞋春夏休闲鞋时尚保暖懒人鞋子,Men’s Slip-On Driving Loafers,35,5.11,https://detail.1688.com/offer/846533470709.html,included,
846121403426,loafers,跨境男士软底休闲鞋新款时尚英伦风商务豆豆鞋软皮百搭上班工作鞋,Men’s Driving Loafers,16,2.34,https://detail.1688.com/offer/846121403426.html,included,
846050378397,loafers,皮鞋男款2026春秋季时尚软皮休闲皮鞋质感耐磨豆豆鞋男鞋批发零售,Men’s Driving Loafers,14.5,2.12,https://detail.1688.com/offer/846050378397.html,included,
845763278938,loafers,春秋季日常通勤软皮软底手工上线透气头层牛皮男士休闲皮鞋豆豆鞋,Men’s Driving Loafers,50,7.3,https://detail.1688.com/offer/845763278938.html,included,
841006080450,loafers,男鞋真皮商务英伦风休闲软底皮鞋男士软底一脚蹬懒人黑色豆豆潮鞋,Men’s Slip-On Dress Shoes,65,9.49,https://detail.1688.com/offer/841006080450.html,included,
838893901946,loafers,新款男士休闲豆豆鞋韩版青少年一脚蹬驾车鞋潮男懒人鞋子大码男鞋,Men’s Slip-On Driving Loafers,30,4.38,https://detail.1688.com/offer/838893901946.html,included,
837310008891,loafers,秋冬季新款男鞋休闲鞋男低帮驾车鞋平底皮鞋套脚乐福鞋大码豆豆鞋,Men’s Slip-On Driving Loafers,36,5.26,https://detail.1688.com/offer/837310008891.html,included,
834839130233,loafers,男士休闲皮鞋一脚蹬懒人鞋厚底圆头潮男社会豆豆鞋反绒皮乐福鞋,Men’s Slip-On Chunky-Sole Driving Loafers,90,13.14,https://detail.1688.com/offer/834839130233.html,included,
833250481854,loafers,豆豆鞋男年春季潮流小皮鞋男士休闲鞋英伦一脚蹬懒人潮鞋百搭,Men’s Slip-On Driving Loafers,46,6.72,https://detail.1688.com/offer/833250481854.html,included,
833093908510,loafers,豆豆鞋男2022新款一脚蹬懒人乐福鞋男士黑色牛皮休闲皮鞋,Men’s Slip-On Driving Loafers,57,8.32,https://detail.1688.com/offer/833093908510.html,included,
832696910245,loafers,男鞋夏季新款休闲皮鞋男真皮头层牛皮乐福鞋驾车豆豆鞋子套脚,Men’s Slip-On Driving Loafers,45,6.57,https://detail.1688.com/offer/832696910245.html,included,
832693466422,loafers,2025豆豆鞋男士休闲皮鞋一脚蹬懒人驾车男鞋韩版潮鞋百搭厚底防滑,Men’s Slip-On Chunky-Sole Driving Loafers,65,9.49,https://detail.1688.com/offer/832693466422.html,included,
829211183976,loafers,男鞋2026秋季新款男士运动休闲鞋潮鞋一脚蹬懒人鞋轻便豆豆鞋男,Men’s Slip-On Driving Loafers,27,3.94,https://detail.1688.com/offer/829211183976.html,included,
828530535867,loafers,套脚款豆豆鞋时尚平跟防滑耐磨舒适英伦潮流单鞋休闲纯色现货软底,Slip-On Driving Loafers,55,8.03,https://detail.1688.com/offer/828530535867.html,included,
828292966151,loafers,2026秋季新款豆豆鞋男鞋跨境软底潮流百搭日常休闲皮鞋男板鞋批发,Men’s Driving Loafers,75,10.95,https://detail.1688.com/offer/828292966151.html,included,
826536356308,loafers,跨境外贸男鞋透气新款百搭皮鞋软皮韩版小白鞋软底防滑鞋豆豆男鞋,Men’s Trainers,12,1.75,https://detail.1688.com/offer/826536356308.html,included,
826413181700,loafers,英伦百塔一脚蹬懒人商务皮鞋男士透气软底休闲鞋平跟鞋潮流豆豆鞋,Men’s Slip-On Driving Loafers,9.5,1.39,https://detail.1688.com/offer/826413181700.html,included,
824464919237,loafers,跨境豆豆男鞋夏季透气英伦风黑色商务男士休闲皮鞋一脚蹬开车软底,Men’s Slip-On Dress Shoes,43,6.28,https://detail.1688.com/offer/824464919237.html,included,
824166674411,loafers,跨境2024新款头层牛皮八爪鱼驾车鞋时尚休闲豆豆鞋手工缝制男潮鞋,Men’s Driving Loafers,55,8.03,https://detail.1688.com/offer/824166674411.html,included,
823998579648,loafers,大码454647新款小白鞋白色豆豆鞋男英伦透气休闲鞋软底驾车懒人鞋,Men’s Slip-On Driving Loafers,75,10.95,https://detail.1688.com/offer/823998579648.html,included,
823415475380,loafers,2024春季新款休闲男皮鞋豆豆鞋懒人一脚蹬驾车鞋软面青年套脚,Men’s Slip-On Driving Loafers,52,7.59,https://detail.1688.com/offer/823415475380.html,included,
822391285766,loafers,男商务春夏季商务皮鞋鞋软底休闲鞋小白鞋英伦百塔一脚蹬男豆豆鞋,Men’s Slip-On Driving Loafers,13.5,1.97,https://detail.1688.com/offer/822391285766.html,included,
822233724474,loafers,男士皮鞋软底捡漏商务休闲豆豆鞋上班保安爸爸鞋子一件代发批发,Men’s Driving Loafers,13.99,2.04,https://detail.1688.com/offer/822233724474.html,included,
821852437844,loafers,跨境夏季皮鞋男透气薄款软底软皮男士凉鞋镂空洞洞懒人休闲豆豆鞋,Men’s Slip-On Driving Loafers,85,12.41,https://detail.1688.com/offer/821852437844.html,included,
815191979363,loafers,豆豆鞋套脚低帮舒适浅口男鞋四季款平跟潮流舒适韩版休闲耐磨平跟,Men’s Slip-On Driving Loafers,53,7.74,https://detail.1688.com/offer/815191979363.html,included,
815022554314,loafers,豆豆鞋男士透气休闲皮鞋亮面秋季新款真皮懒人一脚蹬乐福鞋男款潮,Men’s Slip-On Driving Loafers,70,10.22,https://detail.1688.com/offer/815022554314.html,included,
813202400880,loafers,真皮豆豆鞋男鞋2025新款乐福潮鞋男士韩版百搭一脚蹬驾车休闲皮鞋,Men’s Slip-On Driving Loafers,70,10.22,https://detail.1688.com/offer/813202400880.html,included,
813189351742,loafers,正品男鞋真皮休闲透气皮鞋男士夏季百搭豆豆防滑鞋韩版小白鞋,Men’s Trainers,16.88,2.46,https://detail.1688.com/offer/813189351742.html,included,
810759093565,loafers,四季新款男士牛皮豆豆鞋透气软底百搭小白鞋懒人一脚蹬休闲皮鞋男,Men’s Slip-On Driving Loafers,30,4.38,https://detail.1688.com/offer/810759093565.html,included,
810599762200,loafers,真皮乐福鞋四季新款男鞋软底软面一脚蹬手工头层牛皮休闲豆豆鞋男,Men’s Slip-On Driving Loafers,30,4.38,https://detail.1688.com/offer/810599762200.html,included,
810360095463,loafers,2026新款大码男士休闲时尚亮片单鞋理发师一脚登套脚男鞋子豆豆鞋,Men’s Slip-On Driving Loafers,60,8.76,https://detail.1688.com/offer/810360095463.html,included,
810360095099,loafers,新款男士休闲豆豆鞋大码懒人鞋一脚登套脚单鞋流苏时尚百搭男鞋子,Men’s Slip-On Driving Loafers,60,8.76,https://detail.1688.com/offer/810360095099.html,included,
808819114274,loafers,男士网面半拖夏季大码男鞋软底运动休闲鞋男士一脚蹬懒人豆豆拖鞋,Men’s Mesh Slip-On Slippers,13,1.9,https://detail.1688.com/offer/808819114274.html,included,
807616524771,loafers,代发夏季新款豆豆鞋男透气韩版百搭潮流一脚蹬低帮网面休闲跑步鞋,Men’s Mesh Slip-On Driving Loafers,19,2.77,https://detail.1688.com/offer/807616524771.html,included,
806440574784,loafers,男士夏季透气网面半拖鞋一脚蹬户外懒人鞋潮流百搭软底休闲豆豆鞋,Men’s Mesh Slip-On Driving Loafers,15,2.19,https://detail.1688.com/offer/806440574784.html,included,
805597306375,loafers,男鞋春季2024年新款懒人软底一脚蹬豆豆鞋男士驾车休闲皮鞋男跨境,Men’s Slip-On Driving Loafers,62,9.05,https://detail.1688.com/offer/805597306375.html,included,
805295922521,loafers,春夏季新款皮鞋豆豆鞋英伦正装商务休闲男士懒人一脚蹬乐福鞋男,Men’s Slip-On Driving Loafers,48,7.01,https://detail.1688.com/offer/805295922521.html,included,
804366564462,loafers,男士皮鞋低帮透气开车豆豆鞋休闲透气日常套脚软皮软底一脚蹬代发,Men’s Slip-On Driving Loafers,13,1.9,https://detail.1688.com/offer/804366564462.html,included,
802812118123,loafers,欧洲站真皮漆皮休闲百搭男士豆豆鞋司机驾车套脚潮流透气乐福男鞋,Men’s Slip-On Driving Loafers,180,26.28,https://detail.1688.com/offer/802812118123.html,included,
802137708265,loafers,英伦复古男士乐福鞋金属马衔扣一脚蹬白色厚底休闲豆豆鞋男,Men’s Slip-On Chunky-Sole Driving Loafers,70,10.22,https://detail.1688.com/offer/802137708265.html,included,
798861294754,loafers,2026新款头层牛皮男士小白鞋透气软底豆豆鞋无胶水手工缝制一脚蹬,Men’s Slip-On Driving Loafers,30,4.38,https://detail.1688.com/offer/798861294754.html,included,
797781665078,loafers,透气镂空男鞋2026一脚蹬轻便休闲鞋网面男士飞织潮鞋开车豆豆鞋子,Men’s Mesh Slip-On Driving Loafers,15.9,2.32,https://detail.1688.com/offer/797781665078.html,included,
797676902185,loafers,男士休闲皮鞋软皮软底工作鞋套脚一脚蹬豆豆鞋潮流英伦男鞋子批发,Men’s Slip-On Driving Loafers,14.9,2.18,https://detail.1688.com/offer/797676902185.html,included,
797670114558,loafers,软底休闲鞋男2026新款透气一脚蹬平底皮鞋英伦驾车软底豆豆鞋子男,Men’s Slip-On Driving Loafers,14.9,2.18,https://detail.1688.com/offer/797670114558.html,included,
797256925594,loafers,男鞋懒人一脚蹬豆豆鞋春秋季平底鞋中老年平底爸爸鞋乐福夏季透气,Men’s Slip-On Driving Loafers,16.5,2.41,https://detail.1688.com/offer/797256925594.html,included,
796714740774,loafers,大码4950春夏新款男士反绒皮豆豆鞋批发男鞋套脚鞋英伦休闲鞋子,Men’s Slip-On Driving Loafers,70,10.22,https://detail.1688.com/offer/796714740774.html,included,
794279199966,loafers,2024夏季新款豆豆鞋男休闲商务懒人皮鞋时尚潮流透气镂空乐福鞋男,Men’s Slip-On Driving Loafers,25,3.65,https://detail.1688.com/offer/794279199966.html,included,
794269340509,loafers,鳄鱼纹皮鞋春季休闲豆豆鞋一脚蹬男工作鞋软底驾车鞋百搭商务男鞋,Men’s Slip-On Driving Loafers,23.5,3.43,https://detail.1688.com/offer/794269340509.html,included,
793270899795,loafers,豆豆鞋套脚低帮舒适浅口男鞋四季款平跟潮流舒适韩版休闲耐磨平跟,Men’s Slip-On Driving Loafers,56,8.18,https://detail.1688.com/offer/793270899795.html,included,
791435885133,loafers,2024夏季低帮休闲男鞋大码牛皮套脚驾车鞋轻便复古百搭豆豆鞋透气,Men’s Slip-On Driving Loafers,47,6.86,https://detail.1688.com/offer/791435885133.html,included,
787854416634,loafers,春夏季休闲鞋潮鞋男套脚豆豆鞋男懒人鞋套脚潮流一脚蹬男鞋布鞋子,Men’s Slip-On Driving Loafers,23,3.36,https://detail.1688.com/offer/787854416634.html,included,
785491225540,loafers,男鞋2024新款春季软底透气豆豆鞋男休闲皮鞋男士乐福鞋-3799,Men’s Driving Loafers,90,13.14,https://detail.1688.com/offer/785491225540.html,included,
783423452715,loafers,运动风休闲厚底飞织棋盘格男鞋百搭简约一脚蹬豆豆鞋透气防滑平底,Men’s Slip-On Chunky-Sole Driving Loafers,42,6.13,https://detail.1688.com/offer/783423452715.html,included,
782143310973,loafers,真皮牛皮男士皮鞋2024新款透气防臭休闲鞋软底软面懒人驾车豆豆鞋,Men’s Slip-On Driving Loafers,17,2.48,https://detail.1688.com/offer/782143310973.html,included,
781172191146,loafers,真皮牛皮男士皮鞋2024新款透气防臭休闲鞋软底软面懒人驾车豆豆鞋,Men’s Slip-On Driving Loafers,18,2.63,https://detail.1688.com/offer/781172191146.html,included,
779249940342,loafers,男士磨砂牛皮鞋带宽头舒适透气男鞋猪皮内里除臭吸汗豆豆鞋-3779,Men’s Driving Loafers,88,12.85,https://detail.1688.com/offer/779249940342.html,included,
778500684890,loafers,男士皮鞋真皮春季鳄鱼纹头层牛皮英伦商务休闲鞋子新款厚底豆豆鞋,Men’s Chunky-Sole Driving Loafers,64,9.34,https://detail.1688.com/offer/778500684890.html,included,
777868081608,loafers,春季软底软面豆豆鞋百搭休闲鞋透气一脚蹬平底小皮鞋驾车工作男鞋,Men’s Slip-On Driving Loafers,15.5,2.26,https://detail.1688.com/offer/777868081608.html,included,
777822006467,loafers,2026新款春秋商务豆豆鞋韩版个性懒人鞋潮流一脚蹬英伦运动休闲鞋,Slip-On Driving Loafers,10,1.46,https://detail.1688.com/offer/777822006467.html,included,
776831149185,loafers,外贸跨境大码男鞋春季半拖鞋男休闲透气韩版潮流懒人一脚蹬豆豆鞋,Men’s Slip-On Driving Loafers,14,2.04,https://detail.1688.com/offer/776831149185.html,included,
776095218297,loafers,跨境大码48豆豆鞋男格子青年潮鞋 软底驾车鞋懒人鞋休闲皮鞋男鞋,Men’s Slip-On Driving Loafers,69,10.07,https://detail.1688.com/offer/776095218297.html,included,
775988429698,loafers,新款春秋豆豆鞋中跟单鞋一脚蹬懒人小皮鞋舒适轻便透气男士阿甘鞋,Men’s Slip-On Driving Loafers,17.5,2.56,https://detail.1688.com/offer/775988429698.html,included,
775716461511,loafers,男鞋2024新款夏季运动休闲一脚蹬阿甘鞋男士板鞋轻便软底豆豆潮牌,Men’s Slip-On Trainers,34,4.96,https://detail.1688.com/offer/775716461511.html,included,
774797205782,loafers,跨境外贸男鞋春夏季新款潮流透气懒人半托皮面豆豆鞋工厂鞋子批发,Men’s Slip-On Driving Loafers,17.5,2.56,https://detail.1688.com/offer/774797205782.html,included,
774218782561,loafers,春夏季新款跨境爆款男士豆豆鞋休闲百搭韩版一脚蹬透气驾车懒人鞋,Men’s Slip-On Driving Loafers,78,11.39,https://detail.1688.com/offer/774218782561.html,included,
774035748088,loafers,豆豆鞋男春季新款男鞋休闲透气驾车平底懒人鞋一脚蹬乐福鞋跨境,Men’s Slip-On Driving Loafers,25,3.65,https://detail.1688.com/offer/774035748088.html,included,
773537378111,loafers,长期有货豆豆鞋厂家大码男鞋皮鞋休闲鞋男英伦风司机驾车男鞋子,Men’s Driving Loafers,32,4.67,https://detail.1688.com/offer/773537378111.html,included,
772800301547,loafers,男鞋纯皮商务休闲一脚蹬豆豆鞋懒人驾车磨砂皮皮鞋软底鞋软底防滑,Men’s Slip-On Driving Loafers,40,5.84,https://detail.1688.com/offer/772800301547.html,included,
772756787413,loafers,真皮男鞋2025新款英伦商务鞋透气软底休闲鞋懒人一脚蹬豆豆鞋男,Men’s Slip-On Driving Loafers,78,11.39,https://detail.1688.com/offer/772756787413.html,included,
772608496909,loafers,男士拖鞋夏季透气时尚休闲鞋软底一脚蹬无后跟半拖懒人平底豆豆鞋,Men’s Slip-On Driving Loafers,18,2.63,https://detail.1688.com/offer/772608496909.html,included,
770700830154,loafers,一件代发男鞋2024春季新款豆豆鞋休闲一脚蹬小皮鞋厂家直销男低帮,Men’s Slip-On Driving Loafers,17,2.48,https://detail.1688.com/offer/770700830154.html,included,
770700539488,loafers,2024新款男鞋夏季男士休闲运动鞋一脚蹬开车软底豆豆鞋子套脚圆头,Men’s Slip-On Driving Loafers,16.9,2.47,https://detail.1688.com/offer/770700539488.html,included,
770613913712,loafers,2025春季新款男鞋真皮豆豆鞋软底舒适透气休闲乐福鞋一脚蹬开车鞋,Men’s Slip-On Driving Loafers,70,10.22,https://detail.1688.com/offer/770613913712.html,included,
769700384098,loafers,卡帝鑫新款休闲男鞋小白鞋百搭豆豆鞋软底软面皮鞋一脚蹬皮鞋,Men’s Slip-On Driving Loafers,39,5.69,https://detail.1688.com/offer/769700384098.html,included,
769152109532,loafers,3153新款中国风豆豆鞋休闲软底牛筋底老北京布鞋,Driving Loafers,13.8,2.01,https://detail.1688.com/offer/769152109532.html,included,
768670326991,loafers,跨境男鞋春秋牛筋底一脚蹬懒人鞋软底软面系带休闲皮面豆豆鞋,Men’s Slip-On Lace-Up Driving Loafers,13.8,2.01,https://detail.1688.com/offer/768670326991.html,included,
767922879383,loafers,外贸代发休闲男鞋时尚百搭透气网面运动鞋一脚蹬懒人鞋舒适豆豆鞋,Men’s Mesh Slip-On Driving Loafers,16,2.34,https://detail.1688.com/offer/767922879383.html,included,
763194574590,loafers,阿甘男鞋春季2025新款运动休闲板鞋男士板鞋户外运动潮搭豆豆潮鞋,Men’s Trainers,24,3.5,https://detail.1688.com/offer/763194574590.html,included,
759101962579,loafers,2026春季豆豆鞋男款休闲套脚男鞋跨境大码鞋子男,Men’s Slip-On Driving Loafers,58,8.47,https://detail.1688.com/offer/759101962579.html,included,
756955618461,loafers,欧洲站2025新款素面豆豆鞋男马衔扣懒人潮流百搭真皮软底乐福皮鞋,Men’s Slip-On Driving Loafers,228,33.29,https://detail.1688.com/offer/756955618461.html,included,
755963635819,loafers,直播牛皮男士豆豆冷粘鞋爆款透气舒适休闲皮鞋男套脚乐福鞋子男,Men’s Slip-On Loafers,65,9.49,https://detail.1688.com/offer/755963635819.html,included,
751580790728,loafers,一脚蹬懒人单鞋2023春季男士英伦皮鞋休闲系带豆豆鞋批发皮鞋男,Men’s Slip-On Lace-Up Driving Loafers,8.4,1.23,https://detail.1688.com/offer/751580790728.html,included,
751535549142,loafers,皮鞋男春季新款一脚蹬透气豆豆鞋跨境批发男士休闲鞋软底男鞋子,Men’s Slip-On Driving Loafers,8.4,1.23,https://detail.1688.com/offer/751535549142.html,included,
751516917689,loafers,秋季男士PU皮鞋跨境批发休闲鞋男shoesmen软底透气一脚蹬豆豆鞋男,Men’s Slip-On Driving Loafers,8.4,1.23,https://detail.1688.com/offer/751516917689.html,included,
1064961222541,loafers,跨境新款透气低帮男鞋超轻套脚乐福鞋一脚蹬豆豆鞋男休闲,Men’s Slip-On Driving Loafers,18,2.63,https://detail.1688.com/offer/1064961222541.html,included,
749592907572,loafers,新款豆豆鞋皮面男鞋英伦男士休闲鞋潮流男单鞋乐福一脚蹬帆布鞋男,Men’s Slip-On Driving Loafers,48,7.01,https://detail.1688.com/offer/749592907572.html,included,
749175227393,loafers,皮鞋男2024新款英伦商务透气休闲豆豆鞋百搭软底驾车工作鞋一脚蹬,Men’s Slip-On Driving Loafers,18,2.63,https://detail.1688.com/offer/749175227393.html,included,
749110526558,loafers,皮鞋男2024新款英伦商务透气休闲豆豆鞋百搭软底驾车工作鞋一脚蹬,Men’s Slip-On Driving Loafers,18,2.63,https://detail.1688.com/offer/749110526558.html,included,
743845452047,loafers,欧洲站皮鞋男款2023秋季新款厚底男士商务休闲板男鞋真皮豆豆鞋男,Men’s Chunky-Sole Driving Loafers,80,11.68,https://detail.1688.com/offer/743845452047.html,included,
742991746399,loafers,2023春季新款套脚休闲鞋男士大码拉链皮鞋外贸大码手工懒人豆豆鞋,Men’s Slip-On Driving Loafers,47,6.86,https://detail.1688.com/offer/742991746399.html,included,
742412784796,loafers,2023男鞋秋季新款韩版时尚百搭休闲运动一脚蹬板鞋豆豆鞋舒适百搭,Men’s Slip-On Driving Loafers,18,2.63,https://detail.1688.com/offer/742412784796.html,included,
742020977545,loafers,秋季男鞋透气厚底懒人休闲一脚蹬豆豆皮鞋男士英伦风黑色乐福潮鞋,Men’s Slip-On Chunky-Sole Loafers,42,6.13,https://detail.1688.com/offer/742020977545.html,included,
741155823641,loafers,Men Boat Shoes复古板鞋系带帆船鞋豆豆真皮透气乐福鞋男女船鞋,Unisex Lace-Up Loafers,139,20.3,https://detail.1688.com/offer/741155823641.html,included,
740039152498,loafers,一脚蹬男鞋真皮懒人豆豆鞋软底皮鞋男士商务休闲鞋厚底跨境大码,Men’s Slip-On Chunky-Sole Driving Loafers,85,12.41,https://detail.1688.com/offer/740039152498.html,included,
739088214462,loafers,【100%全牛皮】男士皮鞋商务休闲透气豆豆鞋防滑软底中老年爸爸鞋,Men’s Driving Loafers,19,2.77,https://detail.1688.com/offer/739088214462.html,included,
738746783018,loafers,夏季镂空皮鞋男透气软底男鞋豆豆鞋男款一脚蹬驾车鞋休闲乐福鞋,Men’s Slip-On Driving Loafers,37,5.4,https://detail.1688.com/offer/738746783018.html,included,
738665872716,loafers,批发跨境大码外贸男士休闲鞋时尚潮流大码男鞋单鞋运动猪皮豆豆鞋,Men’s Driving Loafers,57,8.32,https://detail.1688.com/offer/738665872716.html,included,
737565047482,loafers,男士休闲鞋春季低帮透气百搭皮鞋软底舒适一脚蹬工作鞋豆豆鞋,Men’s Slip-On Driving Loafers,12,1.75,https://detail.1688.com/offer/737565047482.html,included,
736714541833,loafers,秋季皮鞋男士休闲shoes men一脚蹬豆豆鞋软底驾车鞋一件代发皮鞋,Men’s Slip-On Driving Loafers,12,1.75,https://detail.1688.com/offer/736714541833.html,included,
735831213545,loafers,商务皮鞋男士加绒保暖休闲鞋平跟英伦百塔一脚蹬懒人鞋潮流豆豆鞋,Men’s Slip-On Fleece-Lined Driving Loafers,14,2.04,https://detail.1688.com/offer/735831213545.html,included,
735808734757,loafers,2025夏季外贸鞋子男款男士真皮豆豆鞋软面软底休闲皮鞋懒人鞋子,Men’s Slip-On Driving Loafers,37,5.4,https://detail.1688.com/offer/735808734757.html,included,
734630592528,loafers,2025春秋季新款男鞋透气鞋子男老北京布鞋男士休闲豆豆鞋帆布鞋男,Men’s Driving Loafers,17,2.48,https://detail.1688.com/offer/734630592528.html,included,
734059327996,loafers,低帮休闲豆豆鞋透气潮流百搭黑色皮鞋一脚蹬工作懒人潮鞋外贸代发,Slip-On Driving Loafers,23,3.36,https://detail.1688.com/offer/734059327996.html,included,
733348141996,loafers,跨境春夏季休闲鞋潮鞋男豆豆鞋男懒人鞋套脚潮流一脚蹬男鞋布鞋子,Men’s Slip-On Driving Loafers,22,3.21,https://detail.1688.com/offer/733348141996.html,included,
731418360015,loafers,男鞋秋季男士PU皮鞋男shoesmen软底透气一脚蹬豆豆鞋男透气舒适,Men’s Slip-On Driving Loafers,9,1.31,https://detail.1688.com/offer/731418360015.html,included,
1078474490544,loafers,复古老钱风男士夏季时尚百搭休闲鞋净版懒人一脚蹬鞋豆豆鞋,Men’s Slip-On Driving Loafers,27,3.94,https://detail.1688.com/offer/1078474490544.html,included,
1076625248704,loafers,棕色绒面乐福鞋2026夏季新款男鞋一脚蹬百搭小皮鞋舒适休闲豆豆鞋,Men’s Slip-On Driving Loafers,31,4.53,https://detail.1688.com/offer/1076625248704.html,included,
1076249124046,loafers,复古豆豆鞋男款夏季软底防滑一脚蹬休闲勃肯鞋男士运动百搭乐福鞋,Men’s Slip-On Driving Loafers,73.4,10.72,https://detail.1688.com/offer/1076249124046.html,included,
1076246788079,loafers,牛反绒男豆豆鞋一脚蹬懒人鞋休闲皮鞋软底舒适透气驾车鞋新款,Men’s Slip-On Driving Loafers,87.5,12.78,https://detail.1688.com/offer/1076246788079.html,included,
1075576619138,loafers,2026新款头层牛皮款皮鞋透气真皮豆豆鞋懒人开车鞋手工休闲皮鞋,Slip-On Driving Loafers,30,4.38,https://detail.1688.com/offer/1075576619138.html,included,
1075183935117,loafers,工厂代发男鞋新款豆豆鞋男透气休闲皮鞋男鞋软皮软底防滑驾车批发,Men’s Driving Loafers,8.5,1.24,https://detail.1688.com/offer/1075183935117.html,included,
1074815621394,loafers,老钱风豆豆鞋男士秋季透气2026新款时尚休闲一脚蹬懒人乐福鞋男潮,Men’s Slip-On Driving Loafers,38,5.55,https://detail.1688.com/offer/1074815621394.html,included,
1074334084820,loafers,勃肯男鞋2026新款秋季休闲软底豆豆鞋一脚蹬防滑运动驾车乐福鞋男,Men’s Slip-On Driving Loafers,44,6.42,https://detail.1688.com/offer/1074334084820.html,included,
1073466178779,loafers,皮鞋男2025秋季软皮休闲豆豆鞋男轻便透气驾车鞋一脚蹬软底乐福鞋,Men’s Slip-On Driving Loafers,73,10.66,https://detail.1688.com/offer/1073466178779.html,included,
1073382744097,loafers,豆豆鞋男2026跨境新款驾车平底休闲风男鞋潮流时尚户外懒人乐福鞋,Men’s Slip-On Driving Loafers,42,6.13,https://detail.1688.com/offer/1073382744097.html,included,
1072375461295,loafers,跨境新款男士八爪鱼休闲鞋低帮系带大码乐福鞋外贸大码透气豆豆鞋,Men’s Lace-Up Driving Loafers,60,8.76,https://detail.1688.com/offer/1072375461295.html,included,
1072284036063,loafers,头层牛反绒老钱风一脚蹬豆豆乐福男鞋百搭软底软面莫卡辛休闲鞋,Men’s Slip-On Loafers,88,12.85,https://detail.1688.com/offer/1072284036063.html,included,
1072161789230,loafers,软皮软底春夏单层皮休闲皮鞋男驾车防滑鞋单鞋豆豆鞋透气男鞋轻便,Men’s Driving Loafers,12.59,1.84,https://detail.1688.com/offer/1072161789230.html,included,
1072130429711,loafers,男鞋真皮商务英伦风休闲软底皮鞋男士软底一脚蹬懒人黑色豆豆潮鞋,Men’s Slip-On Dress Shoes,58,8.47,https://detail.1688.com/offer/1072130429711.html,included,
1071793325755,loafers,乐福鞋男增高套脚商务正装皮鞋男一脚蹬豆豆鞋男休闲男鞋一件代发,Men’s Slip-On Driving Loafers,75,10.95,https://detail.1688.com/offer/1071793325755.html,included,
1071650495146,loafers,跨境直播爆款豆豆鞋跨境大码懒人驾车鞋英伦休闲鞋新款夏季男鞋,Men’s Slip-On Driving Loafers,55,8.03,https://detail.1688.com/offer/1071650495146.html,included,
1071370658614,loafers,豆豆鞋男2026跨境新款平底镂空休闲风男鞋潮流时尚户外懒人乐福鞋,Men’s Slip-On Driving Loafers,43,6.28,https://detail.1688.com/offer/1071370658614.html,included,
1071241982596,loafers,男士牛仔布休闲鞋透气软底一脚蹬懒人鞋春秋防滑布鞋软底豆豆鞋男,Men’s Slip-On Driving Loafers,17,2.48,https://detail.1688.com/offer/1071241982596.html,included,
1071228125400,loafers | sports-shoes,一脚蹬男鞋夏季透气网面运动阿甘板鞋男士豆豆鞋软底防滑休闲潮鞋,Men’s Mesh Slip-On Driving Loafers,13.5,1.97,https://detail.1688.com/offer/1071228125400.html,included,
1070874574954,loafers,男鞋春季新款阿甘时尚潮鞋豆豆鞋轻便舒适平底休闲鞋潮流运动鞋子,Men’s Driving Loafers,13,1.9,https://detail.1688.com/offer/1070874574954.html,included,
1070331377331,loafers,温州皮革鞋子2026新款透气软面耐磨一脚蹬鞋男休闲豆豆鞋一件代发,Men’s Slip-On Driving Loafers,49,7.15,https://detail.1688.com/offer/1070331377331.html,included,
1069789522249,loafers,男士皮鞋男鞋皮新款休闲透气软底软皮脚蹬懒人驾车跨境豆豆鞋批发,Men’s Slip-On Driving Loafers,12,1.75,https://detail.1688.com/offer/1069789522249.html,included,
1069382756311,loafers,松弛感老钱风乐福鞋男反绒一脚蹬懒人豆豆休闲潮款男鞋502705-J,Men’s Slip-On Loafers,128,18.69,https://detail.1688.com/offer/1069382756311.html,included,
1069183674489,loafers,男士休闲乐福鞋一脚蹬软底透气休闲鞋男款舒适百搭豆豆鞋,Men’s Slip-On Driving Loafers,15,2.19,https://detail.1688.com/offer/1069183674489.html,included,
1069153033502,loafers,男鞋2026新款一脚蹬懒人鞋男士百搭透气豆豆鞋乐福鞋夏季一件代发,Men’s Slip-On Driving Loafers,16,2.34,https://detail.1688.com/offer/1069153033502.html,included,
1068251832022,loafers,跨境大码老钱风反绒乐福鞋商务休闲一脚蹬懒人豆豆鞋透气软底男鞋,Men’s Slip-On Driving Loafers,80,11.68,https://detail.1688.com/offer/1068251832022.html,included,
1067888516401,loafers,26款老钱风流苏乐福鞋男反绒皮一脚蹬商务通勤休闲皮鞋懒人豆豆鞋,Men’s Slip-On Driving Loafers,240,35.04,https://detail.1688.com/offer/1067888516401.html,included,
1067887491472,loafers,2026新款皮鞋男士休闲鞋套脚豆豆鞋子男PU软面皮英伦男鞋一件代发,Men’s Slip-On Driving Loafers,9,1.31,https://detail.1688.com/offer/1067887491472.html,included,
1067768834862,loafers,新款男鞋2026脚蹬百搭舒适休闲乐福鞋一脚蹬皮鞋豆豆黑色男士开车,Men’s Slip-On Loafers,50,7.3,https://detail.1688.com/offer/1067768834862.html,included,
1067706005240,loafers,捡漏新款男士透气休闲小皮鞋一脚蹬懒人豆豆鞋男潮鞋,Men’s Slip-On Driving Loafers,95,13.87,https://detail.1688.com/offer/1067706005240.html,included,
1067611350518,loafers,春夏季厚底勃肯鞋半托休闲鞋豆豆鞋男懒人鞋子乐福鞋一脚蹬男鞋,Men’s Slip-On Chunky-Sole Driving Loafers,20,2.92,https://detail.1688.com/offer/1067611350518.html,included,
1067066328428,loafers,【真皮革的】2026新款男士皮鞋男透气商务休闲软底套脚耐磨豆豆鞋,Men’s Slip-On Driving Loafers,8.8,1.28,https://detail.1688.com/offer/1067066328428.html,included,
1066929774371,loafers,头层牛皮男士休闲乐福鞋软底软面真皮豆豆鞋薄款皮鞋男款男鞋代发,Men’s Driving Loafers,62,9.05,https://detail.1688.com/offer/1066929774371.html,included,
1066845528264,loafers,新款豆豆鞋春季男士休闲鞋潮流英伦风商务皮鞋一脚蹬驾车鞋子男鞋,Men’s Slip-On Driving Loafers,15.99,2.33,https://detail.1688.com/offer/1066845528264.html,included,
1066681983876,loafers,2026春季新款男士复古一脚蹬潮流休闲豆豆鞋英伦风商务通勤小皮鞋,Men’s Slip-On Driving Loafers,75,10.95,https://detail.1688.com/offer/1066681983876.html,included,
1066594244826,loafers,勃肯豆豆鞋男鞋夏季一脚蹬老钱风软底休闲开车可踩脚软底乐福皮鞋,Men’s Slip-On Driving Loafers,105,15.33,https://detail.1688.com/offer/1066594244826.html,included,
1066098463090,loafers,亚马逊男鞋小皮鞋平底手工驾车鞋豆豆鞋春夏低帮大码跨境休闲鞋单,Men’s Driving Loafers,53,7.74,https://detail.1688.com/offer/1066098463090.html,included,
1065915834180,loafers,2026老钱风男士真皮乐福鞋商务休闲英伦风豆豆鞋开口笑轻便鞋子男,Men’s Driving Loafers,141,20.59,https://detail.1688.com/offer/1065915834180.html,included,
1065654950507,loafers,2026春夏季男鞋懒人豆豆鞋男韩版老北京布鞋男士休闲鞋学生透气鞋,Men’s Slip-On Driving Loafers,14.5,2.12,https://detail.1688.com/offer/1065654950507.html,included,
1064956623145,loafers,2026春季新款高品质男鞋时尚休闲鞋超轻透气乐福鞋一脚蹬豆豆鞋男,Men’s Slip-On Driving Loafers,16.5,2.41,https://detail.1688.com/offer/1064956623145.html,included,
1064275651450,loafers,男士跨境新款鳄鱼纹豆豆鞋浅口一脚蹬商务休闲透气防滑软底驾车鞋,Men’s Slip-On Driving Loafers,16.5,2.41,https://detail.1688.com/offer/1064275651450.html,included,
1063863451495,loafers,跨境大码豆豆鞋新款男鞋休闲鞋男低帮驾车鞋平底皮鞋套脚乐福鞋,Men’s Slip-On Driving Loafers,36,5.26,https://detail.1688.com/offer/1063863451495.html,included,
1063539684217,loafers,牛筋软底一脚蹬豆豆鞋中年男士驾车鞋打孔透气休闲鞋批发一件代发,Men’s Slip-On Driving Loafers,37,5.4,https://detail.1688.com/offer/1063539684217.html,included,
1062906263350,loafers,头层牛皮新款真皮男休闲套脚乐福鞋一脚蹬豆豆鞋舒适透气软底皮鞋,Men’s Slip-On Driving Loafers,109,15.92,https://detail.1688.com/offer/1062906263350.html,included,
1062594033865,loafers,男士豆豆鞋压花鳄鱼纹休闲皮鞋潮流软底一脚蹬懒人鞋皮面男乐福鞋,Men’s Slip-On Driving Loafers,19.5,2.85,https://detail.1688.com/offer/1062594033865.html,included,
1062488739204,loafers,一脚蹬休闲板鞋夏季新款反绒真皮豆豆鞋老钱风商务百搭乐福鞋7653,Slip-On Driving Loafers,140,20.44,https://detail.1688.com/offer/1062488739204.html,included,
1062453743650,loafers,布面托鞋男2026跨境爆款软底舒适休闲男鞋一脚蹬懒人鞋时尚豆豆鞋,Men’s Slip-On Driving Loafers,16.5,2.41,https://detail.1688.com/offer/1062453743650.html,included,
1062421899869,loafers,鞋子男2026新款英伦风豆豆鞋轻便软底一脚蹬休闲男鞋软底商务皮鞋,Men’s Slip-On Driving Loafers,19,2.77,https://detail.1688.com/offer/1062421899869.html,included,
1061626994615,loafers,跨境2026男士小码豆豆鞋情侣乐福鞋一脚蹬套脚懒人鞋大码休闲驾车,Unisex Slip-On Driving Loafers,52,7.59,https://detail.1688.com/offer/1061626994615.html,included,
1060849335783,loafers,跨境大码套脚男士乐福鞋春秋蛇纹时尚漆皮男鞋户外驾车懒人豆豆鞋,Men’s Slip-On Driving Loafers,62,9.05,https://detail.1688.com/offer/1060849335783.html,included,
1059466983786,loafers,豆豆鞋夏季透气薄款镂空网鞋开车软底运动鞋轻便一脚蹬男士休闲鞋,Men’s Slip-On Driving Loafers,12,1.75,https://detail.1688.com/offer/1059466983786.html,included,
1059285832265,loafers,男鞋2026跨境大码四季新款英伦风豆豆鞋一脚蹬休闲乐福鞋批发代发,Men’s Slip-On Driving Loafers,70,10.22,https://detail.1688.com/offer/1059285832265.html,included,
1058541946741,loafers,男鞋2026新款夏季一脚蹬黑色运动休闲鞋男士软底休闲韩版豆豆潮鞋,Men’s Slip-On Casual Shoes,18,2.63,https://detail.1688.com/offer/1058541946741.html,included,
1058485023404,loafers,包头懒人拖鞋男士夏季透气一脚蹬拖鞋舒适两穿休闲男鞋简约豆豆鞋,Men’s Slip-On Driving Loafers,11,1.61,https://detail.1688.com/offer/1058485023404.html,included,
1057848850578,loafers,一脚蹬防滑耐磨司机工作鞋豆豆鞋春秋款老北京布鞋男款牛筋底软底,Men’s Slip-On Driving Loafers,23.5,3.43,https://detail.1688.com/offer/1057848850578.html,included,
1057835106979,loafers,复古褶皱乐福鞋男一脚蹬懒人单鞋做旧豆豆休闲男鞋502694-J,Men’s Slip-On Loafers,108,15.77,https://detail.1688.com/offer/1057835106979.html,included,
1057736885388,loafers,博肯鞋男士夏季外穿薄款轻便一脚瞪平底休闲布鞋男士懒人豆豆鞋,Men’s Slip-On Driving Loafers,14,2.04,https://detail.1688.com/offer/1057736885388.html,included,
1057558009517,loafers,豆豆鞋男士夏季薄款透气休闲鞋软底一脚蹬懒人鞋子男工作鞋男款,Men’s Slip-On Driving Loafers,13.5,1.97,https://detail.1688.com/offer/1057558009517.html,included,
1057296930925,loafers,一脚蹬乐福鞋男2026夏季透气软面镂空懒人鞋休闲洞洞宽头豆豆板鞋,Men’s Slip-On Loafers,43,6.28,https://detail.1688.com/offer/1057296930925.html,included,
1056836993068,loafers,头层牛皮鞋2026新款百搭透气休闲皮鞋男士一脚蹬软底驾车豆豆鞋,Men’s Slip-On Driving Loafers,32,4.67,https://detail.1688.com/offer/1056836993068.html,included,
1056611083014,loafers,男士夏季外穿薄款轻便一脚瞪软底平底休闲布鞋男士懒人豆豆鞋男鞋,Men’s Slip-On Driving Loafers,15,2.19,https://detail.1688.com/offer/1056611083014.html,included,
1055897238539,loafers,夏季凉鞋2026年男士乐福休闲半托鞋飞行员驾车网布透气懒人豆豆鞋,Men’s Slip-On Driving Loafers,38,5.55,https://detail.1688.com/offer/1055897238539.html,included,
1055850820867,loafers,2026新款男士休闲男鞋软皮懒人驾车豆豆鞋透气爸爸皮鞋男一件代发,Men’s Slip-On Driving Loafers,6.5,0.95,https://detail.1688.com/offer/1055850820867.html,included,
1055357177528,loafers,鞋子男新款休闲皮鞋商务英伦风pu休闲鞋男鞋百搭软底透气鞋豆豆鞋,Men’s Driving Loafers,16,2.34,https://detail.1688.com/offer/1055357177528.html,included,
1055155488927,loafers,2809男士豆豆鞋乐福驾车休闲鞋春夏低帮套脚一脚蹬牛皮面单鞋皮鞋,Men’s Slip-On Driving Loafers,103,15.04,https://detail.1688.com/offer/1055155488927.html,included,
1054403545243,loafers,9933透气网面休闲男鞋豆豆鞋39-46,Men’s Mesh Driving Loafers,43,6.28,https://detail.1688.com/offer/1054403545243.html,included,
1054368694709,loafers,豆豆鞋男2026抖音爆款网孔透气时尚阿甘鞋懒人低帮驾车休闲男板鞋,Men’s Slip-On Driving Loafers,45,6.57,https://detail.1688.com/offer/1054368694709.html,included,
1054350118043,loafers,轻奢设计师款2026夏高品质布透气男鞋超轻套脚鞋一脚蹬工装豆豆鞋,Men’s Slip-On Driving Loafers,39,5.69,https://detail.1688.com/offer/1054350118043.html,included,
1054326818705,loafers,高端手工反绒真皮豆豆鞋男士夏季透气厚底一脚蹬休闲老钱风乐福鞋,Men’s Slip-On Chunky-Sole Driving Loafers,240,35.04,https://detail.1688.com/offer/1054326818705.html,included,
1053706392696,loafers,男款豆豆鞋休闲新款皮鞋鞋防滑耐磨一脚蹬开车鞋手工鞋超轻防臭,Men’s Slip-On Driving Loafers,35,5.11,https://detail.1688.com/offer/1053706392696.html,included,
1053704392282,loafers,豆豆鞋男2026夏季新款一脚蹬乐福鞋软底透气驾车鞋百搭休闲懒人鞋,Men’s Slip-On Driving Loafers,88,12.85,https://detail.1688.com/offer/1053704392282.html,included,
1053447660211,loafers,厂家直销P家新款真皮系带阿甘鞋休闲百搭时尚休闲男款运动豆豆鞋,Men’s Lace-Up Driving Loafers,270,39.42,https://detail.1688.com/offer/1053447660211.html,included,
1053301157791,loafers,夏季网面阿甘鞋男透气薄款百搭休闲鞋潮流软底豆豆鞋运动跑步鞋男,Men’s Mesh Driving Loafers,15.6,2.28,https://detail.1688.com/offer/1053301157791.html,included,
1053255416816,loafers,豆豆鞋新款男士一脚蹬休闲皮鞋英伦商务百搭男鞋软底防滑套脚皮鞋,Men’s Slip-On Driving Loafers,55,8.03,https://detail.1688.com/offer/1053255416816.html,included,
1053048261332,loafers,大码休闲男鞋春季新款皮面舒适软底透气休闲运动鞋潮流男士豆豆鞋,Men’s Driving Loafers,15.9,2.32,https://detail.1688.com/offer/1053048261332.html,included,
1052089663552,loafers,男款休闲鞋时尚复古德训鞋透气平底单鞋运动阿甘鞋系带男鞋豆豆鞋,Men’s Lace-Up Driving Loafers,19.5,2.85,https://detail.1688.com/offer/1052089663552.html,included,
1052008074825,loafers,设计师款2026夏高品质冰丝布透气男鞋超轻套脚鞋一脚蹬工装豆豆鞋,Men’s Slip-On Driving Loafers,40,5.84,https://detail.1688.com/offer/1052008074825.html,included,
1052000448736,loafers,商务正装一脚蹬休闲乐福鞋老钱风复古经典豆豆鞋英伦风绅士正装鞋,Slip-On Driving Loafers,118,17.23,https://detail.1688.com/offer/1052000448736.html,included,
1051626227437,loafers,皮鞋男新款透气百搭休闲鞋中老年爸爸鞋商务正装男鞋一脚蹬豆豆鞋,Men’s Slip-On Driving Loafers,17,2.48,https://detail.1688.com/offer/1051626227437.html,included,
1051059331608,loafers,夏季新款豆豆鞋男士休闲鞋懒人中老年布鞋子男工作鞋驾车跨境,Men’s Slip-On Driving Loafers,10,1.46,https://detail.1688.com/offer/1051059331608.html,included,
1051058459649,loafers,皮鞋男款乐福鞋2026新款夏季透气豆豆鞋男士休闲皮鞋软底一脚蹬鞋,Men’s Slip-On Driving Loafers,11.9,1.74,https://detail.1688.com/offer/1051058459649.html,included,
1050075164784,loafers,一脚蹬男鞋夏季透气网面运动阿甘板鞋男士豆豆鞋软底防滑休闲潮鞋,Men’s Mesh Slip-On Driving Loafers,14.5,2.12,https://detail.1688.com/offer/1050075164784.html,included,
1049102565532,loafers,8532男豆豆鞋乐福鞋平底皮鞋春夏低帮套脚牛皮面镂空透气孔休闲鞋,Men’s Slip-On Driving Loafers,83,12.12,https://detail.1688.com/offer/1049102565532.html,included,
1048219680060,loafers,皮鞋男新款透气百搭休闲鞋中老年爸爸鞋商务正装男鞋一脚蹬豆豆鞋,Men’s Slip-On Driving Loafers,13.8,2.01,https://detail.1688.com/offer/1048219680060.html,included,
1048188164577,loafers,春秋跨境休闲鞋男套脚英伦风小白鞋商务正装皮鞋软底开车豆豆鞋,Men’s Slip-On Driving Loafers,15.9,2.32,https://detail.1688.com/offer/1048188164577.html,included,
1048067253642,loafers,软皮男鞋软底男士商务休闲鞋一脚蹬百塔轻便豆豆鞋爸爸鞋跨境男鞋,Men’s Slip-On Driving Loafers,9.8,1.43,https://detail.1688.com/offer/1048067253642.html,included,
1047589404910,loafers,气质亲肤裸脚感真皮乐福鞋男夏季透气手工软底软面懒人休闲豆豆鞋,Men’s Slip-On Driving Loafers,248,36.21,https://detail.1688.com/offer/1047589404910.html,included,
1047503062306,loafers,春夏新款时尚百搭豆豆鞋一脚蹬乐福鞋休闲时尚男士皮鞋透气爸爸鞋,Men’s Slip-On Driving Loafers,12.9,1.88,https://detail.1688.com/offer/1047503062306.html,included,
1047273372360,loafers,新款透气男鞋真皮休闲男士皮鞋软底商务豆豆鞋一脚蹬帅气英伦风,Men’s Slip-On Driving Loafers,21.9,3.2,https://detail.1688.com/offer/1047273372360.html,included,
1047227764606,loafers,夏季新品羊皮乐福鞋男套脚软皮懒人豆豆鞋轻便软底休闲时尚渔夫鞋,Men’s Slip-On Driving Loafers,248,36.21,https://detail.1688.com/offer/1047227764606.html,included,
1046372286343,loafers,皮鞋男新款透气百搭休闲鞋中老年爸爸鞋商务正装男鞋一脚蹬豆豆鞋,Men’s Slip-On Driving Loafers,13.9,2.03,https://detail.1688.com/offer/1046372286343.html,included,
1046363986910,loafers,皮鞋男新款透气百搭休闲鞋中老年爸爸鞋商务正装男鞋一脚蹬豆豆鞋,Men’s Slip-On Driving Loafers,13.8,2.01,https://detail.1688.com/offer/1046363986910.html,included,
1046189695779,loafers,2026外贸春夏季豆豆鞋男韩版休闲乐福鞋一脚蹬懒鞋英伦风驾车男鞋,Men’s Slip-On Driving Loafers,46.26,6.75,https://detail.1688.com/offer/1046189695779.html,included,
1046027907338,loafers,新款男鞋豆豆鞋帆布一脚蹬懒人鞋老北布鞋舒适透气软休闲男鞋子,Men’s Slip-On Driving Loafers,17,2.48,https://detail.1688.com/offer/1046027907338.html,included,
1045967101186,loafers,跨境新款春季男士休闲鞋男款软底软面时尚小白鞋一脚蹬豆豆鞋子男,Men’s Slip-On Driving Loafers,16,2.34,https://detail.1688.com/offer/1045967101186.html,included,
1045534986248,loafers,头层丝光羊绒皮乐福鞋男士流苏一脚蹬平底休闲百搭老钱风豆豆单鞋,Men’s Slip-On Loafers,248,36.21,https://detail.1688.com/offer/1045534986248.html,included,
1045454115753,loafers,豆豆鞋套脚低帮舒适浅口男鞋四季款平跟潮流舒适韩版休闲耐磨平跟,Men’s Slip-On Driving Loafers,52,7.59,https://detail.1688.com/offer/1045454115753.html,included,
1045346134658,loafers,小土豆全包勃肯鞋男懒人一脚蹬乐福鞋百搭户外休闲豆豆鞋潮流男鞋,Men’s Slip-On Driving Loafers,15,2.19,https://detail.1688.com/offer/1045346134658.html,included,
1045005651342,loafers,真皮豆豆鞋2026新款亲肤羊皮草编底乐福鞋夏季一脚蹬懒人休闲男鞋,Men’s Slip-On Driving Loafers,248,36.21,https://detail.1688.com/offer/1045005651342.html,included,
1045002293349,loafers,男鞋豆豆鞋春季新款真皮软底一脚蹬商务休闲皮鞋上班开车鞋子代发,Men’s Slip-On Driving Loafers,66,9.64,https://detail.1688.com/offer/1045002293349.html,included,
1044438401620,loafers,春秋季新款男士豆豆鞋跨境大码休闲套脚皮鞋男户外手工缝线驾车鞋,Men’s Slip-On Driving Loafers,73,10.66,https://detail.1688.com/offer/1044438401620.html,included,
1043344777730,loafers,高端鹿皮+牛皮无胶水缝制男士豆豆鞋 2026夏新款透气柔软舒适男鞋,Men’s Driving Loafers,116,16.94,https://detail.1688.com/offer/1043344777730.html,included,
1042633665200,loafers,男鞋春夏新款飞织网面一脚蹬舒适百搭休闲轻便透气休闲鞋豆豆鞋,Men’s Mesh Slip-On Driving Loafers,16.5,2.41,https://detail.1688.com/offer/1042633665200.html,included,
1040666014155,loafers,亚马逊乐福鞋豆豆男鞋大码2026新款男士懒人鞋日常休闲鞋跨境批发,Men’s Slip-On Loafers,41,5.99,https://detail.1688.com/offer/1040666014155.html,included,
1040659274426,loafers,2026夏季新款男士休闲皮鞋懒人套脚豆豆鞋小白鞋驾车男一脚蹬休闲,Men’s Slip-On Driving Loafers,48,7.01,https://detail.1688.com/offer/1040659274426.html,included,
1040552450993,loafers,圆头豆豆鞋春季男士网面透气驾车鞋舒适低帮百搭休闲鞋一脚蹬男鞋,Men’s Mesh Slip-On Driving Loafers,18.5,2.7,https://detail.1688.com/offer/1040552450993.html,included,
1040297749871,loafers,男鞋2026新款夏季透气薄款上班工作豆豆鞋青少年网面休闲运动网鞋,Men’s Mesh Driving Loafers,19,2.77,https://detail.1688.com/offer/1040297749871.html,included,
1039871628456,loafers,跨境潮流鞋男豆豆鞋欧洲站一脚蹬懒人休闲男鞋2021男士乐福鞋时尚,Men’s Slip-On Driving Loafers,65,9.49,https://detail.1688.com/offer/1039871628456.html,included,
1039425676674,loafers,工厂代发男鞋新款豆豆鞋男透气休闲皮鞋男鞋软皮软底防滑爸爸鞋,Men’s Driving Loafers,8.49,1.24,https://detail.1688.com/offer/1039425676674.html,included,
1039250440342,loafers,跨境大码男鞋春夏季新款懒人休闲英伦一脚蹬豆豆鞋男士透气乐福鞋,Men’s Slip-On Driving Loafers,80,11.68,https://detail.1688.com/offer/1039250440342.html,included,
1038866928654,loafers,2026新款男士乐福鞋一脚蹬厚底增高休闲豆豆鞋男鞋潮流英伦风跨境,Men’s Slip-On Chunky-Sole Driving Loafers,38,5.55,https://detail.1688.com/offer/1038866928654.html,included,
1038644151219,loafers,男鞋2026夏季新款网面透气轻便豆豆鞋休闲男士男鞋潮鞋外贸批发,Men’s Mesh Driving Loafers,13.4,1.96,https://detail.1688.com/offer/1038644151219.html,included,
1038130456974,loafers,工厂代发男鞋新款豆豆鞋男透气休闲皮鞋男鞋软皮软底防滑爸爸鞋,Men’s Driving Loafers,8.9,1.3,https://detail.1688.com/offer/1038130456974.html,included,
1037964725392,loafers,潮牌大码男鞋夏季单层软底休闲懒人皮鞋男士一脚蹬两穿豆豆勃肯鞋,Men’s Slip-On Dress Shoes,29,4.23,https://detail.1688.com/offer/1037964725392.html,included,
1037389535047,loafers,一脚蹬春夏新款软皮舒适百搭透气休闲柔软男鞋软皮豆豆鞋开车鞋,Men’s Slip-On Driving Loafers,35,5.11,https://detail.1688.com/offer/1037389535047.html,included,
1037023324256,loafers,男士拉链休闲运动鞋代发轻便百搭运动鞋平底工作鞋开车男豆豆鞋,Men’s Driving Loafers,17,2.48,https://detail.1688.com/offer/1037023324256.html,included,
1035934055306,loafers,豆豆鞋男2026年新款透气百搭男乐福鞋懒人一脚蹬套脚棉布透气,Men’s Slip-On Driving Loafers,14,2.04,https://detail.1688.com/offer/1035934055306.html,included,
1034616234773,loafers,跨境大码男鞋春夏季新款懒人休闲英伦一脚蹬豆豆鞋男士透气乐福鞋,Men’s Slip-On Driving Loafers,80,11.68,https://detail.1688.com/offer/1034616234773.html,included,
1034313985350,loafers,夏季透气男鞋老北京帆布鞋男韩版豆豆鞋子休闲鞋驾车懒人鞋男布鞋,Men’s Slip-On Driving Loafers,14.75,2.15,https://detail.1688.com/offer/1034313985350.html,included,
1033682307262,loafers,男士豆豆鞋春秋款韩版潮流休闲皮鞋软底防滑透气一脚蹬男鞋,Men’s Slip-On Driving Loafers,15,2.19,https://detail.1688.com/offer/1033682307262.html,included,
1033612560865,loafers,男士豆豆鞋春夏2026新款韩版潮流一脚蹬懒人套脚老北京帆布鞋子男,Men’s Slip-On Driving Loafers,85.9,12.54,https://detail.1688.com/offer/1033612560865.html,included,
1032651348277,loafers,跨境大码男鞋豆豆鞋男乐福鞋开车鞋休闲皮鞋男休闲皮鞋男士,Men’s Driving Loafers,94.7,13.83,https://detail.1688.com/offer/1032651348277.html,included,
1031995176892,loafers,豆豆鞋男鞋外贸驾车鞋牛反绒皮跨境百搭休闲轻便男士乐福鞋皮鞋,Men’s Driving Loafers,58,8.47,https://detail.1688.com/offer/1031995176892.html,included,
1031127444063,loafers,豆豆鞋男透气一脚蹬男鞋韩版潮流精神小伙社会鞋老北布鞋休闲鞋,Men’s Slip-On Driving Loafers,40,5.84,https://detail.1688.com/offer/1031127444063.html,included,
1030351121188,loafers,真皮男鞋2026新款英伦商务鞋透气软底休闲鞋懒人一脚蹬豆豆鞋男,Men’s Slip-On Driving Loafers,80,11.68,https://detail.1688.com/offer/1030351121188.html,included,
1030234227470,loafers,豆豆男鞋春季百搭英伦风男士休闲皮鞋男款懒人一脚蹬开车潮鞋男,Men’s Slip-On Dress Shoes,47.64,6.96,https://detail.1688.com/offer/1030234227470.html,included,
1030033171565,loafers,豆豆鞋新款春季男士休闲鞋潮流英伦风商务皮鞋一脚蹬工作鞋子男鞋,Men’s Slip-On Driving Loafers,15,2.19,https://detail.1688.com/offer/1030033171565.html,included,
1029887929370,loafers,一脚蹬男鞋2026春夏新款薄底爆款豆豆鞋休闲运动鞋男士软底开车鞋,Men’s Slip-On Driving Loafers,16.5,2.41,https://detail.1688.com/offer/1029887929370.html,included,
1029856309361,loafers,男士休闲皮鞋2026春季新款时尚男士皮鞋一脚蹬豆豆鞋潮流男鞋跨境,Men’s Slip-On Driving Loafers,13,1.9,https://detail.1688.com/offer/1029856309361.html,included,
1029268632605,loafers,2026新款夏季头层牛皮男士小皮鞋鞋豆豆鞋懒人开车鞋手工休闲皮鞋,Men’s Slip-On Driving Loafers,30,4.38,https://detail.1688.com/offer/1029268632605.html,included,
1028835477869,loafers,豆豆鞋男真皮夏季透气一脚蹬乐福鞋头层牛皮男士休闲皮鞋防滑软底,Men’s Slip-On Driving Loafers,82,11.97,https://detail.1688.com/offer/1028835477869.html,included,
1028740339643,loafers,豆豆鞋男鞋春夏季2026新款网面透气休闲鞋驾车鞋系带板鞋男士百搭,Men’s Mesh Lace-Up Driving Loafers,17.5,2.56,https://detail.1688.com/offer/1028740339643.html,included,
1028319016578,loafers,套脚豆豆鞋时尚平跟防滑耐磨舒适英伦潮流单鞋休闲风纯色现货,Slip-On Driving Loafers,55,8.03,https://detail.1688.com/offer/1028319016578.html,included,
1027106877378,loafers,男鞋春夏透气网面新款休闲鞋男士一脚蹬豆豆鞋舒适软底轻便运动鞋,Men’s Mesh Slip-On Driving Loafers,13.5,1.97,https://detail.1688.com/offer/1027106877378.html,included,
1026837867624,loafers,男士休闲皮鞋商务牛皮豆豆鞋男秋季新款潮鞋时尚一脚蹬懒人鞋男鞋,Men’s Slip-On Driving Loafers,78,11.39,https://detail.1688.com/offer/1026837867624.html,included,
1026821058922,loafers,跨境外贸欧美同款休闲乐福鞋男士免系带舒适透气百搭一脚蹬豆豆鞋,Men’s Slip-On Lace-Up Driving Loafers,240,35.04,https://detail.1688.com/offer/1026821058922.html,included,
1026119565626,loafers,男新款百搭软底豆豆鞋平底一脚蹬勃肯鞋时尚休闲乐福鞋大码跨境46,Men’s Slip-On Driving Loafers,38,5.55,https://detail.1688.com/offer/1026119565626.html,included,
1026051062135,loafers,2026新款一脚蹬懒人男鞋春季运动休闲平底板鞋潮流勃肯鞋豆豆鞋男,Men’s Slip-On Driving Loafers,32,4.67,https://detail.1688.com/offer/1026051062135.html,included,
1024912375790,loafers,男士帆布鞋春季简约时尚平底豆豆鞋懒人套脚轻便透气休闲男鞋跨境,Men’s Slip-On Driving Loafers,18.5,2.7,https://detail.1688.com/offer/1024912375790.html,included,
1024786474119,loafers,网鞋新款男士软底鞋子男士春秋皮面乐福鞋休闲鞋懒人男鞋豆豆鞋,Men’s Slip-On Driving Loafers,18,2.63,https://detail.1688.com/offer/1024786474119.html,included,
1021383084498,loafers,跨境特大码男款休闲豆豆鞋男一脚蹬软底透气乐福鞋懒人鞋情侣透气,Unisex Slip-On Driving Loafers,30,4.38,https://detail.1688.com/offer/1021383084498.html,included,
1021341780488,loafers,男士乐福皮鞋亮皮一脚蹬厚底英伦风鞋子商务休闲男鞋豆豆鞋子男款,Men’s Slip-On Chunky-Sole Driving Loafers,148,21.61,https://detail.1688.com/offer/1021341780488.html,included,
1017495616234,loafers,阿甘大码男鞋2026春季新款运动休闲鞋一脚蹬懒人开车软底豆豆男鞋,Men’s Slip-On Casual Shoes,16,2.34,https://detail.1688.com/offer/1017495616234.html,included,
1017451956019,loafers,2026年新款百搭懒人鞋真皮豆豆鞋男士休闲驾车鞋软底时尚套脚大码,Men’s Slip-On Driving Loafers,78,11.39,https://detail.1688.com/offer/1017451956019.html,included,
1016152857138,loafers,男士豆豆鞋2026英伦复古尖头休闲法式绒面乐福鞋一脚蹬皮鞋A-3,Men’s Slip-On Driving Loafers,36,5.26,https://detail.1688.com/offer/1016152857138.html,included,
1016124747028,loafers,春秋款男鞋高级感乐福鞋男真皮厚底休闲皮鞋男士透气复古豆豆鞋,Men’s Chunky-Sole Driving Loafers,74,10.81,https://detail.1688.com/offer/1016124747028.html,included,
1014526423933,loafers,男鞋2026新款豆豆鞋春秋透气一脚蹬懒人阿甘鞋透气软底运动休闲鞋,Men’s Slip-On Driving Loafers,16,2.34,https://detail.1688.com/offer/1014526423933.html,included,
1012738917867,loafers,豆豆鞋2023新款男鞋英伦商务真皮一脚蹬软面小皮鞋尖头发型师潮鞋,Men’s Slip-On Driving Loafers,72,10.51,https://detail.1688.com/offer/1012738917867.html,included,
1012402392227,loafers,男鞋特大码头层牛皮爸爸48鞋中老年鞋商务休闲防滑保暖加绒豆豆鞋,Men’s Fleece-Lined Driving Loafers,46,6.72,https://detail.1688.com/offer/1012402392227.html,included,
1012388323764,loafers,男鞋真皮豆豆鞋一脚蹬透气乐福鞋男士潮鞋磨砂复古休闲皮鞋男百搭,Men’s Slip-On Driving Loafers,75,10.95,https://detail.1688.com/offer/1012388323764.html,included,
1010447384264,loafers,跨境大码真皮豆豆鞋男潮男士休闲皮鞋男一脚蹬软皮八爪鱼驾车鞋男,Men’s Slip-On Driving Loafers,54,7.88,https://detail.1688.com/offer/1010447384264.html,included,
1010440244539,loafers,春夏季白色懒人豆豆鞋男士英伦休闲皮鞋办公室商务大码鞋头层牛皮,Men’s Slip-On Driving Loafers,113,16.5,https://detail.1688.com/offer/1010440244539.html,included,
1010365182024,loafers,男鞋豆豆鞋春秋季休闲运动鞋透气拼接阿甘鞋时尚轻便男鞋批发,Men’s Driving Loafers,13.5,1.97,https://detail.1688.com/offer/1010365182024.html,included,
1010360692024,loafers,头层牛皮鞋2026新款百搭透气休闲皮鞋男士一脚蹬软底驾车豆豆鞋,Men’s Slip-On Driving Loafers,30,4.38,https://detail.1688.com/offer/1010360692024.html,included,
1009808220964,loafers,四季通用男士豆豆鞋2026早春新品套脚男休闲皮鞋开车驾车上班皮鞋,Men’s Slip-On Driving Loafers,130,18.98,https://detail.1688.com/offer/1009808220964.html,included,
1008956476598,loafers,2026男士皮鞋男鞋牛皮新款休闲透气软底软皮脚蹬懒人驾车豆豆鞋,Men’s Slip-On Driving Loafers,13,1.9,https://detail.1688.com/offer/1008956476598.html,included,
1008355070123,loafers,875男鞋豆豆鞋乐福鞋一脚蹬懒人驾车皮鞋春夏低帮套脚皮面休闲鞋,Men’s Slip-On Driving Loafers,56,8.18,https://detail.1688.com/offer/1008355070123.html,included,
1007775231004,loafers,皮鞋男2025秋季新款懒人一脚蹬休闲百搭豆豆鞋透气软底驾车潮鞋子,Men’s Slip-On Driving Loafers,48,7.01,https://detail.1688.com/offer/1007775231004.html,included,
1007735824411,loafers,直播爆款头层牛皮懒人鞋小码鞋男士休闲百搭皮鞋软面皮豆豆开车鞋,Men’s Slip-On Driving Loafers,93,13.58,https://detail.1688.com/offer/1007735824411.html,included,
1005898338115,loafers,跨境男鞋夏季一脚蹬休闲鞋子男式夏鞋男装鞋皮鞋夏软底豆豆鞋透气,Men’s Slip-On Driving Loafers,46,6.72,https://detail.1688.com/offer/1005898338115.html,included,
1005756332324,loafers,跨境大码休闲皮鞋男鞋真皮软底轻便八爪鱼底时尚懒人韩版豆豆鞋男,Men’s Slip-On Driving Loafers,42,6.13,https://detail.1688.com/offer/1005756332324.html,included,
1005599085167,loafers,欧洲站复古时尚男豆豆乐福鞋跨境大码鳄鱼纹豆豆鞋英伦休闲皮鞋,Men’s Driving Loafers,79,11.54,https://detail.1688.com/offer/1005599085167.html,included,
1005295125281,loafers,新款老北京麻花布鞋男厚底春夏透气新中式半拖布鞋防滑耐磨豆豆鞋,Men’s Chunky-Sole Driving Loafers,25,3.65,https://detail.1688.com/offer/1005295125281.html,included,
1004681764825,loafers,跨境秋季反绒皮套脚乐福鞋轻便大码休闲豆豆鞋正装开车鞋百搭男鞋,Men’s Slip-On Driving Loafers,61,8.91,https://detail.1688.com/offer/1004681764825.html,included,
1004657575774,loafers,豆豆鞋男款冬季百搭英伦风商务皮鞋男士休闲一脚蹬开车软底乐福鞋,Men’s Slip-On Driving Loafers,40,5.84,https://detail.1688.com/offer/1004657575774.html,included,
1004090678929,loafers,外贸新款男鞋懒人一脚蹬豆豆鞋男士休闲工作鞋耐磨工地上班劳保鞋,Men’s Slip-On Driving Loafers,19,2.77,https://detail.1688.com/offer/1004090678929.html,included,
1003540832104,loafers,跨境四季套脚乐福鞋轻便大码蝴蝶结豆豆鞋商务休闲开车鞋流苏男鞋,Men’s Slip-On Driving Loafers,60,8.76,https://detail.1688.com/offer/1003540832104.html,included,
1003136042835,loafers,跨境秋季反绒皮套脚乐福鞋轻便大码休闲豆豆鞋正装开车鞋百搭男鞋,Men’s Slip-On Driving Loafers,61,8.91,https://detail.1688.com/offer/1003136042835.html,included,
1002867140285,loafers,套脚款豆豆鞋时尚平跟防滑耐磨舒适英伦潮流单鞋休闲纯色现货软底,Slip-On Driving Loafers,53,7.74,https://detail.1688.com/offer/1002867140285.html,included,
1001934858904,loafers,真皮豆豆鞋轻便男鞋新款软皮透气休闲皮鞋软底套脚48号大码爸爸鞋,Men’s Slip-On Driving Loafers,46,6.72,https://detail.1688.com/offer/1001934858904.html,included,
1001772629263,loafers,2026夏季新款休闲百搭皮鞋男一脚蹬软底男士豆豆皮鞋头层牛皮男鞋,Men’s Slip-On Dress Shoes,60,8.76,https://detail.1688.com/offer/1001772629263.html,included,
1000797676363,loafers,新款男式豆豆鞋男懒人鞋套脚时尚百搭休闲鞋一脚蹬开车男豆豆鞋男,Men’s Slip-On Driving Loafers,17,2.48,https://detail.1688.com/offer/1000797676363.html,included,
1000797676207,loafers,男士豆豆鞋一脚蹬男懒人鞋时尚外贸男鞋圆头大码男款乐福鞋休闲鞋,Men’s Slip-On Driving Loafers,17,2.48,https://detail.1688.com/offer/1000797676207.html,included,
1000719907619,loafers,工厂代发男鞋新款豆豆鞋男透气休闲皮鞋男鞋软皮软底防滑驾车,Men’s Driving Loafers,37,5.4,https://detail.1688.com/offer/1000719907619.html,included,
1000364931282,loafers,豆豆鞋2026年新款薄款透气单层牛皮男鞋橡胶软底软皮一脚蹬懒人鞋,Men’s Slip-On Driving Loafers,80,11.68,https://detail.1688.com/offer/1000364931282.html,included,
999854320473,loafers,890春秋男鞋豆豆鞋 大码驾车鞋低帮套脚反毛皮英伦平底休闲鞋跨境,Men’s Slip-On Driving Loafers,60,8.76,https://detail.1688.com/offer/999854320473.html,included,
999711562186,loafers,轻奢款2025跨境秋冬高品质透气博肯半托男鞋套脚加绒豆豆鞋工装鞋,Men’s Slip-On Fleece-Lined Driving Loafers,28,4.09,https://detail.1688.com/offer/999711562186.html,included,
998253009056,loafers,一脚蹬小白鞋豆豆鞋子男春季透气商务软底皮鞋黑色正装驾车工作鞋,Men’s Slip-On Driving Loafers,14,2.04,https://detail.1688.com/offer/998253009056.html,included,
997491626673,loafers,2025新款男士尖头小皮鞋英伦韩版流苏豆豆鞋懒人套脚发型师皮鞋潮,Men’s Slip-On Driving Loafers,240,35.04,https://detail.1688.com/offer/997491626673.html,included,
996746188019,loafers,男式乐福鞋跨境48大码四季新款男士休闲皮鞋时尚一脚蹬套脚豆豆鞋,Men’s Slip-On Driving Loafers,42,6.13,https://detail.1688.com/offer/996746188019.html,included,
996413636893,loafers,原Y有货！高版本LP乐福鞋男平底休闲单鞋外贸跨境舒适豆豆鞋男士,Men’s Driving Loafers,98,14.31,https://detail.1688.com/offer/996413636893.html,included,
994241093089,loafers,男鞋新款百搭休闲鞋男士皮面一脚蹬豆豆鞋软底舒适运动鞋阿甘鞋男,Men’s Slip-On Driving Loafers,15,2.19,https://detail.1688.com/offer/994241093089.html,included,
992499127703,loafers,春秋豆豆鞋休闲皮鞋日常软皮男鞋一脚蹬防滑乐福鞋头层牛皮爸爸鞋,Men’s Slip-On Driving Loafers,53,7.74,https://detail.1688.com/offer/992499127703.html,included,
991539296201,loafers,春秋季新款复古平底浅口舒适轻便豆豆鞋一脚蹬软底勃肯鞋男,Men’s Slip-On Driving Loafers,122,17.81,https://detail.1688.com/offer/991539296201.html,included,
991396857218,loafers,男士阿甘鞋夏季网面透气舒适休闲鞋时尚百搭豆豆鞋懒人鞋简约男鞋,Men’s Mesh Slip-On Driving Loafers,13.3,1.94,https://detail.1688.com/offer/991396857218.html,included,
991382671284,loafers,H236 新款百搭时尚休闲男鞋豆豆鞋 39-44,Men’s Driving Loafers,38,5.55,https://detail.1688.com/offer/991382671284.html,included,
988550578835,loafers,断码清仓特价男士休闲皮鞋真皮软底男鞋子一脚蹬懒人豆豆鞋青年潮,Men’s Slip-On Driving Loafers,59,8.61,https://detail.1688.com/offer/988550578835.html,included,
987257382538,loafers,一脚蹬男鞋秋季皮面运动阿甘板鞋男士豆豆鞋软底防滑休闲潮鞋跨境,Men’s Slip-On Driving Loafers,16.5,2.41,https://detail.1688.com/offer/987257382538.html,included,
986070222679,loafers,皮鞋男商务正装男鞋一脚蹬软底舒适豆豆鞋潮流百搭工作鞋男外贸,Men’s Slip-On Driving Loafers,13.8,2.01,https://detail.1688.com/offer/986070222679.html,included,
985437488919,loafers,真皮豆豆鞋2025新款牛皮乐福鞋男一脚蹬懒人轻便舒适休闲鞋男潮鞋,Men’s Slip-On Driving Loafers,298,43.51,https://detail.1688.com/offer/985437488919.html,included,
984334521850,loafers,跨境男鞋大码49豆豆鞋四季新款驾车休闲鞋外贸潮流时尚户外乐福鞋,Men’s Driving Loafers,79,11.54,https://detail.1688.com/offer/984334521850.html,included,
984306648868,loafers,男商务春夏季商务皮鞋鞋软底休闲鞋小白鞋英伦百塔一脚蹬男豆豆鞋,Men’s Slip-On Driving Loafers,12.7,1.85,https://detail.1688.com/offer/984306648868.html,included,
983779697035,loafers,缝制鞋不开胶！欧洲站真皮乐福鞋男鞋休闲豆豆鞋一脚蹬软皮懒人鞋,Men’s Slip-On Driving Loafers,114,16.65,https://detail.1688.com/offer/983779697035.html,included,
983763504075,loafers,水洗复古马皮皮鞋一脚蹬豆豆鞋男鞋轻奢高端直帮真皮大底透气防滑,Men’s Slip-On Driving Loafers,298,43.51,https://detail.1688.com/offer/983763504075.html,included,
982397617765,loafers,跨境大码乐福鞋春秋季新款亲子豆豆鞋38-48码男士驾车鞋外贸男鞋,Men’s Driving Loafers,53,7.74,https://detail.1688.com/offer/982397617765.html,included,
982145948086,loafers,套脚款豆豆鞋时尚平跟防滑耐磨舒适英伦潮流单鞋休闲纯色现货软底,Slip-On Driving Loafers,55,8.03,https://detail.1688.com/offer/982145948086.html,included,
981804999511,loafers,真皮大底一脚蹬乐福鞋男休闲皮鞋男英伦风复古水洗豆豆鞋懒人鞋男,Men’s Slip-On Driving Loafers,298,43.51,https://detail.1688.com/offer/981804999511.html,included,
981274915681,loafers,2026新款豆豆鞋软体软面男鞋跨境外贸皮鞋低帮懒人一脚蹬豆豆鞋,Men’s Slip-On Driving Loafers,7.5,1.1,https://detail.1688.com/offer/981274915681.html,included,
981132116627,loafers,男鞋头层牛皮春秋男士休闲豆豆鞋软底真皮中老年爸爸百搭皮鞋男款,Men’s Driving Loafers,78,11.39,https://detail.1688.com/offer/981132116627.html,included,
980790013051,loafers,跨境大码真皮豆豆鞋男潮男士休闲皮鞋男一脚蹬软皮八爪鱼驾车鞋男,Men’s Slip-On Driving Loafers,54,7.88,https://detail.1688.com/offer/980790013051.html,included,
980528989766,loafers,轻奢设计师款2025秋增高情侣高品质透气博肯半托套脚豆豆凉鞋男鞋,Unisex Slip-On Sandals,37,5.4,https://detail.1688.com/offer/980528989766.html,included,
979675373554,loafers,皮鞋男工厂直发春秋新款日常休闲皮鞋男懒人套脚单鞋驾车豆豆鞋,Men’s Slip-On Driving Loafers,11,1.61,https://detail.1688.com/offer/979675373554.html,included,
976671777432,loafers,英伦风绒面豆豆鞋跨境大码男鞋38-48码2025新款麻花个性小皮鞋男,Men’s Driving Loafers,61.5,8.98,https://detail.1688.com/offer/976671777432.html,included,
976152224609,loafers,跨境男鞋一脚蹬豆豆鞋春秋半拖鞋男休闲透气韩版潮流懒人鞋子外贸,Men’s Slip-On Driving Loafers,12.5,1.83,https://detail.1688.com/offer/976152224609.html,included,
975616751359,loafers,跨境男鞋37码豆豆鞋真皮驾车乐福鞋时尚软皮男休闲皮鞋46码懒人鞋,Men’s Slip-On Driving Loafers,83,12.12,https://detail.1688.com/offer/975616751359.html,included,
974666244770,loafers,头层牛皮男鞋商务高端皮鞋男士秋季软底豆豆鞋男款英伦韩版皮鞋男,Men’s Driving Loafers,82,11.97,https://detail.1688.com/offer/974666244770.html,included,
974530654964,loafers,跨境大码男鞋一脚蹬休闲皮鞋男软底开车豆豆鞋懒人套脚爸爸乐福鞋,Men’s Slip-On Driving Loafers,65,9.49,https://detail.1688.com/offer/974530654964.html,included,
973685154886,loafers,2026新款比利时乐福鞋男夏季真皮一脚蹬反绒英伦休闲皮鞋豆豆鞋,Men’s Slip-On Driving Loafers,240,35.04,https://detail.1688.com/offer/973685154886.html,included,
973575275454,loafers,休闲皮鞋软底皮面休闲男鞋英伦一脚蹬懒人豆豆鞋跨境外贸皮面男鞋,Men’s Slip-On Driving Loafers,13,1.9,https://detail.1688.com/offer/973575275454.html,included,
972768977172,loafers,跨境大码男鞋一脚蹬休闲皮鞋男软底开车豆豆鞋懒人套脚爸爸乐福鞋,Men’s Slip-On Driving Loafers,60,8.76,https://detail.1688.com/offer/972768977172.html,included,
972743663491,loafers,新款皮鞋男纯黑色休闲鞋一脚蹬懒人鞋软底防滑爸爸驾车鞋男豆豆鞋,Men’s Slip-On Driving Loafers,15.9,2.32,https://detail.1688.com/offer/972743663491.html,included,
972527270452,loafers,新款秋季男士一脚蹬皮面软底豆豆鞋潮流百搭运动男鞋休闲阿甘板鞋,Men’s Slip-On Driving Loafers,15.5,2.26,https://detail.1688.com/offer/972527270452.html,included,
972513598719,loafers,软底豆豆鞋新款男士飞行员帕拉鞋舒适透气开车鞋子潮流一脚蹬男鞋,Men’s Slip-On Driving Loafers,17.9,2.61,https://detail.1688.com/offer/972513598719.html,included,
972372519469,loafers,2025春秋新款男士休闲皮鞋懒人套脚豆豆鞋小白鞋,Men’s Slip-On Driving Loafers,19.5,2.85,https://detail.1688.com/offer/972372519469.html,included,
972308546762,loafers,休闲鞋透气百搭英伦风商务正装皮鞋黑色系带工作男鞋一脚蹬豆豆鞋,Men’s Slip-On Lace-Up Driving Loafers,17,2.48,https://detail.1688.com/offer/972308546762.html,included,
971810747804,loafers,男鞋秋季新款一脚蹬潮流休闲鞋软底软面豆豆鞋英伦风正装皮鞋男,Men’s Slip-On Driving Loafers,16,2.34,https://detail.1688.com/offer/971810747804.html,included,
971593952531,loafers,秋季新款男士一脚蹬休闲乐福鞋学院风时尚英伦豆豆鞋皮鞋板鞋代发,Men’s Slip-On Driving Loafers,25,3.65,https://detail.1688.com/offer/971593952531.html,included,
971585524934,loafers,跨境代发一脚蹬懒人鞋时尚英伦风商务乐福鞋豆豆鞋流苏时尚皮鞋男,Men’s Slip-On Driving Loafers,26,3.8,https://detail.1688.com/offer/971585524934.html,included,
971061119622,loafers,跨境豆豆鞋春秋英伦手工休闲鞋套脚皮鞋男潮流时尚懒人鞋外贸男鞋,Men’s Slip-On Driving Loafers,62,9.05,https://detail.1688.com/offer/971061119622.html,included,
971008613470,loafers,2026男鞋低帮时尚运动潮鞋软底pu豆豆鞋男女同款超轻跑步休闲潮鞋,Unisex Driving Loafers,17,2.48,https://detail.1688.com/offer/971008613470.html,included,
970976859771,loafers,高帮鞋男2025秋季新款皮面透气休闲运动鞋软底防滑开车阿甘豆豆鞋,Men’s Driving Loafers,13.9,2.03,https://detail.1688.com/offer/970976859771.html,included,
970804118471,loafers,真皮豆豆鞋软面一脚蹬乐福鞋软底黑色休闲皮鞋商务百搭温州男鞋潮,Men’s Slip-On Driving Loafers,82,11.97,https://detail.1688.com/offer/970804118471.html,included,
969179257485,loafers,一脚蹬懒人鞋跨境爆款豆豆鞋男麂皮绒乐福鞋软底轻便舒适男鞋代发,Men’s Slip-On Driving Loafers,30,4.38,https://detail.1688.com/offer/969179257485.html,included,
969086004464,loafers,男鞋一脚蹬休闲板鞋皮面防水防滑软底百搭豆豆鞋男跨境低帮,Men’s Slip-On Driving Loafers,16,2.34,https://detail.1688.com/offer/969086004464.html,included,
968648703650,loafers,迈尔登鞋厂2253搭扣个性乐福豆豆鞋   Amazon跨境懒人套脚现货,Slip-On Driving Loafers,52.5,7.67,https://detail.1688.com/offer/968648703650.html,included,
968391662315,loafers,男鞋2025新款春季百搭运动休闲阿甘板鞋男士一脚蹬皮面软底豆豆鞋,Men’s Slip-On Driving Loafers,15,2.19,https://detail.1688.com/offer/968391662315.html,included,
967730768852,loafers,男皮鞋单鞋春秋休闲男韩版潮流男鞋百搭男士软底软皮商务豆豆皮鞋,Men’s Dress Shoes,11.5,1.68,https://detail.1688.com/offer/967730768852.html,included,
967655189540,loafers,2026秋季新款男士休闲皮鞋男透气鞋子男软底软面板鞋开车鞋豆豆鞋,Men’s Driving Loafers,17,2.48,https://detail.1688.com/offer/967655189540.html,included,
967383019123,loafers,一脚蹬豆豆鞋韩版百搭英伦皮鞋潮流鞋子头层男男皮鞋新款纯牛皮鞋,Men’s Slip-On Driving Loafers,193,28.18,https://detail.1688.com/offer/967383019123.html,included,
966298169701,loafers,运动鞋男2025春秋新款低帮鞋男潮流时尚休闲鞋时尚板鞋韩版豆豆鞋,Men’s Driving Loafers,15.9,2.32,https://detail.1688.com/offer/966298169701.html,included,
965936525082,loafers,时尚潮流豆豆鞋男软底鞋子男士防滑透气乐福鞋休闲鞋懒人百搭男鞋,Men’s Slip-On Driving Loafers,19,2.77,https://detail.1688.com/offer/965936525082.html,included,
965936315384,loafers,【 专利】 头层牛皮男士小皮鞋透气吸汗软底豆豆鞋无胶水手工缝包,Men’s Driving Loafers,53,7.74,https://detail.1688.com/offer/965936315384.html,included,
965345809012,loafers,优雅绅士英伦复古手工磨砂皮一脚蹬流苏乐福鞋男懒人休闲豆豆鞋男,Men’s Slip-On Driving Loafers,255,37.23,https://detail.1688.com/offer/965345809012.html,included,
965160525638,loafers,跨境外贸新款百搭透气板鞋软底半拖运动休闲鞋皮面豆豆鞋男士皮鞋,Men’s Driving Loafers,14.5,2.12,https://detail.1688.com/offer/965160525638.html,included,
964870882433,loafers,软底豆豆鞋2026新款时尚透气轻便薄底休闲鞋子简约一脚蹬平底男鞋,Men’s Slip-On Driving Loafers,17.9,2.61,https://detail.1688.com/offer/964870882433.html,included,
964709392163,loafers,春夏季社会休闲鞋潮鞋豆豆鞋男懒人鞋子乐福鞋一脚蹬男鞋外贸大码,Men’s Slip-On Driving Loafers,22,3.21,https://detail.1688.com/offer/964709392163.html,included,
964654353330,loafers,豆豆鞋男2026新款休闲鞋软底舒适PU男鞋潮搭时尚男士运动鞋批发,Men’s Driving Loafers,14.5,2.12,https://detail.1688.com/offer/964654353330.html,included,
964375918648,loafers,跨境男鞋时尚新款透气休闲运动鞋男士阿甘鞋轻便软底一脚蹬豆豆鞋,Men’s Slip-On Driving Loafers,16.9,2.47,https://detail.1688.com/offer/964375918648.html,included,
964348623963,loafers,春季皮面豆豆鞋百搭新款一脚蹬圆头休闲皮鞋简约风日常低帮男鞋子,Men’s Slip-On Driving Loafers,13,1.9,https://detail.1688.com/offer/964348623963.html,included,
963608882444,loafers,豆豆鞋男士2024春季新款男鞋一脚蹬套脚透气百搭休闲皮鞋男驾车鞋,Men’s Slip-On Driving Loafers,19,2.77,https://detail.1688.com/offer/963608882444.html,included,
963494326899,loafers,2025男士新款工厂代发男鞋豆豆鞋透气休闲皮鞋舒适软皮软底防滑男,Men’s Driving Loafers,9.86,1.44,https://detail.1688.com/offer/963494326899.html,included,
963475267108,loafers,892男鞋豆豆鞋乐福驾车皮鞋春套脚牛皮面大码平底手工缝制休闲鞋,Men’s Slip-On Driving Loafers,68,9.93,https://detail.1688.com/offer/963475267108.html,included,
962982700129,loafers,秋季超软透气轻便懒人鞋软底软面外贸圆头套脚韩版豆豆鞋休闲男鞋,Men’s Slip-On Driving Loafers,10,1.46,https://detail.1688.com/offer/962982700129.html,included,
962159776019,loafers,豆豆男鞋夏季英伦风黑色男士休闲皮鞋懒人一脚蹬软底开车乐福潮鞋,Men’s Slip-On Loafers,34.5,5.04,https://detail.1688.com/offer/962159776019.html,included,
961671106100,loafers,皮鞋男款新款休闲正装商务男皮鞋透气英伦一脚蹬豆豆软底轻便男鞋,Men’s Slip-On Dress Shoes,14,2.04,https://detail.1688.com/offer/961671106100.html,included,
960842245992,loafers,跨境大码男士轻便一脚蹬乐福鞋正装商务休闲豆豆鞋格子皮鞋男鞋,Men’s Slip-On Driving Loafers,65,9.49,https://detail.1688.com/offer/960842245992.html,included,
960532024549,loafers,一脚蹬懒人鞋跨境爆款豆豆鞋男麂皮绒乐福鞋软底轻便舒适男鞋代发,Men’s Slip-On Driving Loafers,30,4.38,https://detail.1688.com/offer/960532024549.html,included,
960382777463,loafers,跨境爆款男士豆豆鞋英伦开车鞋2025秋冬新款休闲鞋时尚一脚蹬皮鞋,Men’s Slip-On Driving Loafers,58,8.47,https://detail.1688.com/offer/960382777463.html,included,
958734056991,loafers,跨境八爪鱼独立站大码男鞋真皮男潮鞋豆豆鞋男懒人鞋低帮休闲鞋子,Men’s Slip-On Driving Loafers,66,9.64,https://detail.1688.com/offer/958734056991.html,included,
958687599901,loafers,新款时尚百搭豆豆鞋一脚蹬乐福鞋休闲男士皮鞋懒人透气爸爸鞋代发,Men’s Slip-On Driving Loafers,13.5,1.97,https://detail.1688.com/offer/958687599901.html,included,
957640311641,loafers,跨境包括乐福鞋男士运动休闲鞋平底板鞋时尚豆豆鞋男麂皮绒磨砂鞋,Men’s Driving Loafers,27,3.94,https://detail.1688.com/offer/957640311641.html,included,
957605310487,loafers,跨境特大码皮鞋男一脚蹬懒人鞋流苏漆皮乐福鞋38-48码男士豆豆鞋,Men’s Slip-On Driving Loafers,65,9.49,https://detail.1688.com/offer/957605310487.html,included,
955080487768,loafers,外贸跨境2025春秋新款男士乐福鞋休闲皮鞋男潮流一脚蹬豆豆鞋6008,Men’s Slip-On Driving Loafers,55,8.03,https://detail.1688.com/offer/955080487768.html,included,
954148623901,loafers,跨境豆豆鞋男牛皮软底软皮休闲皮鞋男大码一脚蹬懒人鞋套脚乐福鞋,Men’s Slip-On Driving Loafers,78,11.39,https://detail.1688.com/offer/954148623901.html,included,
953805137232,loafers,大码豆豆鞋一脚蹬平底乐福驾车皮鞋夏季低帮套脚真皮牛皮面单鞋45,Slip-On Driving Loafers,118,17.23,https://detail.1688.com/offer/953805137232.html,included,
953406678637,loafers,豆豆鞋男鞋外贸驾车鞋牛反绒皮跨境百搭休闲轻便男士乐福鞋皮鞋,Men’s Driving Loafers,58,8.47,https://detail.1688.com/offer/953406678637.html,included,
953368444900,loafers,定制夏季新款镂空透气皮鞋男士低帮一脚蹬休闲鞋百搭软底豆豆鞋,Men’s Slip-On Driving Loafers,16,2.34,https://detail.1688.com/offer/953368444900.html,included,
952806437475,loafers,软底乐福鞋男款2025新款一脚蹬轻便时尚休闲豆豆男鞋潮,Men’s Slip-On Loafers,63,9.2,https://detail.1688.com/offer/952806437475.html,included,
952628383741,loafers,直播真皮男鞋2025新款英伦商务鞋透气软底休闲鞋懒人一脚蹬豆豆鞋,Men’s Slip-On Driving Loafers,78,11.39,https://detail.1688.com/offer/952628383741.html,included,
952127005912,loafers,2026春秋新款韩版休闲潮流透气皮鞋软皮英伦一脚蹬透气软底豆豆鞋,Slip-On Driving Loafers,10.5,1.53,https://detail.1688.com/offer/952127005912.html,included,
951438963790,loafers,夏季男皮鞋软底软面休闲鞋商务皮鞋一脚蹬豆豆鞋软底黑色工作鞋,Men’s Slip-On Driving Loafers,9,1.31,https://detail.1688.com/offer/951438963790.html,included,
950383336073,loafers,2025跨境春秋男鞋豆豆鞋大码驾车鞋低帮套脚反毛皮英伦平底休闲鞋,Men’s Slip-On Driving Loafers,58,8.47,https://detail.1688.com/offer/950383336073.html,included,
950001118202,loafers,一脚蹬男鞋真皮懒人豆豆鞋感软底皮鞋男士商务平底休闲鞋跨境大码,Men’s Slip-On Driving Loafers,85,12.41,https://detail.1688.com/offer/950001118202.html,included,
949787392251,loafers,新款夏季男皮鞋软底软面休闲鞋商务皮鞋一脚蹬豆豆鞋软底黑色工作,Men’s Slip-On Driving Loafers,10,1.46,https://detail.1688.com/offer/949787392251.html,included,
948050127033,loafers,一脚蹬男鞋夏季透气网面运动阿甘板鞋男士豆豆鞋软底防滑休闲潮鞋,Men’s Mesh Slip-On Driving Loafers,13.89,2.03,https://detail.1688.com/offer/948050127033.html,included,
947694271037,loafers,新款夏季男鞋透气大网眼时尚休闲鞋轻便软底一脚蹬豆豆鞋男士板鞋,Men’s Slip-On Driving Loafers,12.8,1.87,https://detail.1688.com/offer/947694271037.html,included,
947298030412,loafers,春夏季休闲鞋潮鞋男套脚豆豆鞋男懒人鞋套脚乐福鞋一脚蹬男鞋子,Men’s Slip-On Driving Loafers,23,3.36,https://detail.1688.com/offer/947298030412.html,included,
946583783961,loafers,一脚蹬男鞋夏季透气网面运动阿甘板鞋男士豆豆鞋软底防滑休闲潮鞋,Men’s Mesh Slip-On Driving Loafers,13.5,1.97,https://detail.1688.com/offer/946583783961.html,included,
945474717915,loafers,豆豆鞋夏季透气薄款镂空网鞋开车软底运动鞋轻便一脚蹬男士休闲鞋,Men’s Slip-On Driving Loafers,11.5,1.68,https://detail.1688.com/offer/945474717915.html,included,
944015863896,loafers,2026新款男士系带休闲皮面豆豆鞋时尚百搭软底皮鞋舒适驾车鞋子男,Men’s Lace-Up Driving Loafers,14,2.04,https://detail.1688.com/offer/944015863896.html,included,
943461881722,loafers,男士皮鞋2025新款透气休闲豆豆鞋一脚蹬皮鞋软底软面驾车休闲男鞋,Men’s Slip-On Driving Loafers,11.5,1.68,https://detail.1688.com/offer/943461881722.html,included,
943087204037,loafers,2026夏季新款男鞋休闲男士单鞋商务皮鞋豆豆鞋舒适一脚蹬鞋子批发,Men’s Slip-On Driving Loafers,14.5,2.12,https://detail.1688.com/offer/943087204037.html,included,
942053509062,loafers,2025跨境大码一脚蹬时尚商务豆豆鞋老北京布鞋男士休闲鞋透气软底,Men’s Slip-On Driving Loafers,18,2.63,https://detail.1688.com/offer/942053509062.html,included,
942010284353,loafers,皮鞋男新款透气百搭休闲鞋中老年爸爸鞋商务正装男鞋一脚蹬豆豆鞋,Men’s Slip-On Driving Loafers,14,2.04,https://detail.1688.com/offer/942010284353.html,included,
941475223185,loafers,豆豆鞋男真皮2025新款夏英伦风流苏头层牛皮鞋懒人一脚蹬乐福鞋子,Men’s Slip-On Driving Loafers,255,37.23,https://detail.1688.com/offer/941475223185.html,included,
941132753778,loafers,反绒乐福鞋男真皮老钱风summer walk休闲一脚蹬豆豆鞋夏,Men’s Slip-On Driving Loafers,230,33.58,https://detail.1688.com/offer/941132753778.html,included,
940644596099,loafers,轻奢设计师款2025跨境夏高品质透气博肯半托男鞋套脚豆豆鞋加绒男,Men’s Slip-On Fleece-Lined Driving Loafers,37,5.4,https://detail.1688.com/offer/940644596099.html,included,
940557302458,loafers,夏季2025新款百搭休闲男鞋爆款豆豆鞋时尚懒人一脚蹬透气舒适商务,Men’s Slip-On Driving Loafers,60,8.76,https://detail.1688.com/offer/940557302458.html,included,
938452704962,loafers,驾车鞋男款跨境大码鞋跨境大码皮鞋男牛皮一脚蹬懒人休闲豆豆鞋,Men’s Slip-On Driving Loafers,35,5.11,https://detail.1688.com/offer/938452704962.html,included,
938089769546,loafers,男士皮鞋软底捡漏商务休闲豆豆鞋上班保安爸爸鞋子,Men’s Driving Loafers,12,1.75,https://detail.1688.com/offer/938089769546.html,included,
936392087951,loafers,男士夏季透气网面半拖鞋一脚蹬户外懒人鞋潮流百搭软底休闲豆豆鞋,Men’s Mesh Slip-On Driving Loafers,15,2.19,https://detail.1688.com/offer/936392087951.html,included,
936295142455,loafers,一脚蹬懒人鞋男女套脚驾车豆豆鞋特大码直播休闲亲情侣款亲子鞋子,Unisex Slip-On Driving Loafers,49,7.15,https://detail.1688.com/offer/936295142455.html,included,
935006200546,loafers,欧美跨境大码夏季男鞋系带休闲皮鞋英伦风豆豆鞋透气通勤懒人鞋,Men’s Slip-On Lace-Up Driving Loafers,41,5.99,https://detail.1688.com/offer/935006200546.html,included,
933955270951,loafers,乐福鞋男豆豆鞋亮漆皮一脚蹬休闲皮鞋英伦轻奢商务正装懒人便士鞋,Men’s Slip-On Driving Loafers,75,10.95,https://detail.1688.com/offer/933955270951.html,included,
933634796640,loafers,2024夏季新款男士休闲皮鞋懒人套脚豆豆鞋小白鞋驾车男大码4748码,Men’s Slip-On Driving Loafers,53,7.74,https://detail.1688.com/offer/933634796640.html,included,
933109216243,loafers,头层牛皮单鞋男休闲皮鞋软底透气外贸豆豆鞋英伦驾车鞋男低帮,Men’s Driving Loafers,54.3,7.93,https://detail.1688.com/offer/933109216243.html,included,
932657607996,loafers,勃肯鞋时尚夏季新款潮流豆豆鞋轻便舒适一脚蹬懒人鞋透气休闲鞋子,Slip-On Driving Loafers,35,5.11,https://detail.1688.com/offer/932657607996.html,included,
932268544131,loafers,青年男鞋37码豆豆鞋真皮驾车鞋时尚软皮男休闲皮鞋46码懒人鞋,Men’s Slip-On Driving Loafers,85,12.41,https://detail.1688.com/offer/932268544131.html,included,
931064173981,loafers,男鞋夏季镂空网面透气薄款开车网鞋男士一脚蹬运动休闲豆豆潮鞋男,Men’s Mesh Slip-On Casual Shoes,12.5,1.83,https://detail.1688.com/offer/931064173981.html,included,
930060293427,loafers,夏季爆款2026跨境男士休闲豆豆鞋真皮懒人套脚个性潮男韩版大码鞋,Men’s Slip-On Driving Loafers,68,9.93,https://detail.1688.com/offer/930060293427.html,included,
928562629900,loafers,2025年春夏磨砂皮蜗牛鞋网红爆款软底休闲皮鞋一脚蹬豆豆鞋男鞋子,Men’s Slip-On Driving Loafers,38.5,5.62,https://detail.1688.com/offer/928562629900.html,included,
927196266074,loafers,直播爆款鳄鱼纹豆豆鞋男士头层牛皮驾车鞋跨境大码休闲鞋真皮男鞋,Men’s Driving Loafers,95,13.87,https://detail.1688.com/offer/927196266074.html,included,
925331152106,loafers,跨境2026新款休闲男鞋低帮乐福鞋潮流豆豆鞋运动单鞋一件代发B-7,Men’s Driving Loafers,33,4.82,https://detail.1688.com/offer/925331152106.html,included,
924861597408,loafers,跨境男鞋豆豆鞋男春夏男士平底休闲鞋潮流软底驾车鞋半拖男鞋潮鞋,Men’s Driving Loafers,13,1.9,https://detail.1688.com/offer/924861597408.html,included,
924815177692,loafers,2026新款男式麂皮绒豆豆鞋一脚蹬套脚懒人乐福鞋休闲男鞋代发B-2,Men’s Slip-On Driving Loafers,33,4.82,https://detail.1688.com/offer/924815177692.html,included,
924254282940,loafers,2025新款男式麂皮绒豆豆鞋一脚蹬套脚懒人乐福鞋休闲男鞋代发B-6,Men’s Slip-On Driving Loafers,36,5.26,https://detail.1688.com/offer/924254282940.html,included,
923277213246,loafers,跨境大码48豆豆鞋男迷彩蛇纹青年潮鞋软底开车鞋一脚蹬懒人鞋男鞋,Men’s Slip-On Driving Loafers,72,10.51,https://detail.1688.com/offer/923277213246.html,included,
922869022909,loafers,跨境大码48豆豆鞋男软底驾车鞋孔雀纹青年潮鞋套脚懒人鞋休闲男鞋,Men’s Slip-On Driving Loafers,72,10.51,https://detail.1688.com/offer/922869022909.html,included,
922752740675,loafers,外贸夏季皮鞋透气软底镂空豆豆鞋跨境大码轻便乐福鞋时尚男鞋,Men’s Driving Loafers,82,11.97,https://detail.1688.com/offer/922752740675.html,included,
922034707608,loafers,中年男鞋老北京布鞋男款单鞋透气条绒布鞋软底休闲豆豆鞋聚氨酯底,Men’s Driving Loafers,14.8,2.16,https://detail.1688.com/offer/922034707608.html,included,
921848437283,loafers,外贸夏季新款豆豆鞋男真皮韩版百搭休闲鞋英伦风套脚驾车鞋懒人鞋,Men’s Slip-On Driving Loafers,78,11.39,https://detail.1688.com/offer/921848437283.html,included,
920638037993,loafers,真皮豆豆鞋2026新款透气乐福潮鞋男士百搭一脚蹬驾车镂空休闲皮鞋,Men’s Slip-On Driving Loafers,70,10.22,https://detail.1688.com/offer/920638037993.html,included,
920331466015,loafers,亚马逊豆豆鞋男士懒人鞋大码男鞋休闲男鞋子潮鞋皮鞋跨境外贸男鞋,Men’s Slip-On Driving Loafers,35,5.11,https://detail.1688.com/offer/920331466015.html,included,
919675351279,loafers,设计师款2025夏高品质冰丝布透气低帮男鞋超轻套脚鞋一脚蹬豆豆鞋,Men’s Slip-On Driving Loafers,32,4.67,https://detail.1688.com/offer/919675351279.html,included,
919443240966,loafers,2025秋冬季商务休闲男鞋软底男商务休闲鞋加绒棉鞋百塔一脚蹬豆豆,Men’s Slip-On Fleece-Lined Casual Shoes,11,1.61,https://detail.1688.com/offer/919443240966.html,included,
919372325580,loafers,男鞋夏季网面飞织鞋薄款透气软底运动休闲鞋一脚蹬男鞋潮流豆豆鞋,Men’s Mesh Slip-On Driving Loafers,14,2.04,https://detail.1688.com/offer/919372325580.html,included,
919171405655,loafers,镂空打孔男鞋懒人商务休闲皮鞋男士乐福鞋厚底百搭真皮透气豆豆鞋,Men’s Slip-On Chunky-Sole Driving Loafers,88,12.85,https://detail.1688.com/offer/919171405655.html,included,
917957268722,loafers,广州春季新男鞋商务休闲软底芒果手抓牛皮无胶豆豆鞋皮鞋高级感男,Men’s Driving Loafers,72,10.51,https://detail.1688.com/offer/917957268722.html,included,
917456766846,loafers,跨境夏季豆豆鞋男款软底乐福鞋商务英伦风男士鞋子一脚蹬休闲鞋,Men’s Slip-On Driving Loafers,16.5,2.41,https://detail.1688.com/offer/917456766846.html,included,
917036711330,loafers,漆皮亮面白皮鞋2025年春秋季英伦风休闲软底豆豆鞋一脚蹬亮乐福鞋,Slip-On Driving Loafers,64,9.34,https://detail.1688.com/offer/917036711330.html,included,
917019058377,loafers,2025春夏新款新郎男士商务正装皮鞋男软皮软面懒人套脚单鞋豆豆鞋,Men’s Slip-On Driving Loafers,55,8.03,https://detail.1688.com/offer/917019058377.html,included,
917009946775,loafers,春季新款手抓牛皮商务休闲乐福鞋男士一脚蹬皮鞋软底无胶豆豆鞋潮,Men’s Slip-On Driving Loafers,70,10.22,https://detail.1688.com/offer/917009946775.html,included,
914627935563,loafers,新款男鞋懒人商务镂空休闲皮鞋男士乐福鞋厚底百搭真皮透气豆豆鞋,Men’s Slip-On Chunky-Sole Driving Loafers,88,12.85,https://detail.1688.com/offer/914627935563.html,included,
914478184171,loafers,乐福鞋男夏季百搭休闲男士皮鞋一脚蹬大头豆豆鞋懒人4634-J,Men’s Slip-On Driving Loafers,98,14.31,https://detail.1688.com/offer/914478184171.html,included,
913907327037,loafers,【头层牛皮】男士真皮休闲乐福鞋一脚蹬驾车耐磨豆豆鞋荔枝纹皮鞋,Men’s Slip-On Driving Loafers,78,11.39,https://detail.1688.com/offer/913907327037.html,included,
913484695707,loafers,男鞋2026新款透气运动休闲豆豆鞋百搭板鞋跨境时尚小白鞋一件代发,Men’s Driving Loafers,59,8.61,https://detail.1688.com/offer/913484695707.html,included,
913227749276,loafers,春季男士豆豆鞋一脚蹬休闲鞋舒适软底软面驾车平底鞋跨境外贸批发,Men’s Slip-On Driving Loafers,11,1.61,https://detail.1688.com/offer/913227749276.html,included,
912508660728,loafers,夏季外贸跨境新款热销大码男鞋户外真皮男士一脚蹬驾车豆豆鞋半拖,Men’s Slip-On Driving Loafers,75,10.95,https://detail.1688.com/offer/912508660728.html,included,
912403555507,loafers,豆豆鞋春季男皮鞋韩版一脚蹬休闲鞋舒适软底驾工作跨境软底皮鞋男,Men’s Slip-On Driving Loafers,11,1.61,https://detail.1688.com/offer/912403555507.html,included,
912188190608,loafers,【舒适型格】休闲皮鞋男软面软底真皮套脚豆豆鞋一脚蹬驾车乐福鞋,Men’s Slip-On Driving Loafers,70,10.22,https://detail.1688.com/offer/912188190608.html,included,
911713248676,loafers,鞋子男休闲鞋老北京布鞋豆豆鞋男鞋透气不臭脚爸爸鞋一脚蹬男装鞋,Men’s Slip-On Driving Loafers,15.9,2.32,https://detail.1688.com/offer/911713248676.html,included,
910794446795,loafers,鞋子男老北京布鞋棉麻休闲男鞋纯色简约豆豆鞋低帮懒人包头半托鞋,Men’s Slip-On Driving Loafers,15.9,2.32,https://detail.1688.com/offer/910794446795.html,included,
910479339269,loafers,豆豆鞋男鞋夏季2025新款休闲驾车鞋系带板鞋男士跑步百搭学生潮鞋,Men’s Lace-Up Driving Loafers,17.6,2.57,https://detail.1688.com/offer/910479339269.html,included,
907887532633,loafers,豆豆鞋男鞋冬季2026新款休闲驾车鞋系带板鞋男士跑步百搭学生潮鞋,Men’s Lace-Up Driving Loafers,19,2.77,https://detail.1688.com/offer/907887532633.html,included,
907446586580,loafers,2026春季新款男士乐福鞋真皮豆豆鞋百搭套脚一脚蹬厚底休闲皮鞋男,Men’s Slip-On Chunky-Sole Driving Loafers,88,12.85,https://detail.1688.com/offer/907446586580.html,included,
907024069635,loafers,跨境独立站爆款春夏季新款大码男士手工缝制真皮透气一脚蹬豆豆鞋,Men’s Slip-On Driving Loafers,50,7.3,https://detail.1688.com/offer/907024069635.html,included,
906641696559,loafers,跨境大码一脚蹬皮鞋男38-47码潮流英伦豆豆鞋水钻休闲鞋发型师男,Men’s Slip-On Driving Loafers,74,10.81,https://detail.1688.com/offer/906641696559.html,included,
906486092183,loafers,夏季新款男士半拖阿甘鞋软底一脚蹬懒人鞋透气运动休闲豆豆鞋,Men’s Slip-On Driving Loafers,13,1.9,https://detail.1688.com/offer/906486092183.html,included,
903991661554,loafers,套脚款豆豆鞋时尚平跟防滑耐磨舒适英伦潮流单鞋休闲纯色现货软底,Slip-On Driving Loafers,55,8.03,https://detail.1688.com/offer/903991661554.html,included,
903869024901,loafers,跨境春季男士软底软面透气英伦风商务休闲皮鞋一脚蹬潮流豆豆男鞋,Men’s Slip-On Dress Shoes,17,2.48,https://detail.1688.com/offer/903869024901.html,included,
903436802692,loafers,新款男士休闲皮鞋豆豆鞋春季百搭舒适工作鞋软底一脚蹬懒人爸爸鞋,Men’s Slip-On Driving Loafers,16,2.34,https://detail.1688.com/offer/903436802692.html,included,
903427256215,loafers,新款鳄鱼纹豆豆鞋大码懒人驾车鞋跨境电商休闲鞋乐福鞋男,Men’s Slip-On Driving Loafers,70,10.22,https://detail.1688.com/offer/903427256215.html,included,
902936032184,loafers,男士头层牛皮驾车鞋软皮豆豆鞋男休闲鞋跨境大码男鞋软底防滑,Men’s Driving Loafers,50,7.3,https://detail.1688.com/offer/902936032184.html,included,
902465556244,loafers,跨境大码春秋新款头层牛皮豆豆鞋一脚蹬时尚爸爸鞋真皮休闲男鞋,Men’s Slip-On Driving Loafers,46,6.72,https://detail.1688.com/offer/902465556244.html,included,
902075225902,loafers,夏季新款外贸大码男士休闲真皮猪皮豆豆鞋外贸爆款一脚蹬男皮鞋,Men’s Slip-On Driving Loafers,78,11.39,https://detail.1688.com/offer/902075225902.html,included,
901870943266,loafers,休闲皮鞋男士豆豆鞋父亲男软皮中老年人爸爸透气套脚老爹鞋男,Men’s Slip-On Driving Loafers,80.3,11.72,https://detail.1688.com/offer/901870943266.html,included,
901818678594,loafers,跨境大码男鞋批发英伦男士休闲皮鞋豆豆流苏小皮鞋一脚蹬乐福鞋男,Men’s Slip-On Loafers,19,2.77,https://detail.1688.com/offer/901818678594.html,included,
900983448378,loafers,5861男豆豆鞋镂空透气孔平底驾车鞋乐福皮鞋春夏低帮牛皮面休闲鞋,Men’s Driving Loafers,75,10.95,https://detail.1688.com/offer/900983448378.html,included,
899975308894,loafers,春季男士休闲小白鞋真皮软底脚宽皮鞋透气牛筋底开车爸爸豆豆鞋男,Men’s Driving Loafers,78,11.39,https://detail.1688.com/offer/899975308894.html,included,
897240136366,loafers,2025男士休闲豆豆鞋新款时尚百搭潮流软底皮鞋鞋子一脚蹬老爹鞋男,Men’s Slip-On Driving Loafers,19,2.77,https://detail.1688.com/offer/897240136366.html,included,
896594804388,loafers,头层牛皮男鞋高档真皮休闲皮鞋男士轻便软底一脚蹬懒人驾车豆豆鞋,Men’s Slip-On Driving Loafers,63,9.2,https://detail.1688.com/offer/896594804388.html,included,
896113290424,loafers,头层牛皮男士大头乐福鞋新款复古休闲皮鞋男士感运动英伦豆豆鞋男,Men’s Driving Loafers,141,20.59,https://detail.1688.com/offer/896113290424.html,included,
895795438821,loafers,爆款豆豆鞋男跨境高品质男鞋一脚蹬乐福鞋直播新款鞋子男一件代发,Men’s Slip-On Driving Loafers,29,4.23,https://detail.1688.com/offer/895795438821.html,included,
895311798616,loafers,鞋子男新款休闲皮鞋春季英伦风pu休闲鞋男鞋韩版软底懒人鞋豆豆鞋,Men’s Slip-On Driving Loafers,12.5,1.83,https://detail.1688.com/offer/895311798616.html,included,
894854751615,loafers,跨境高定Chrom* Hearts克罗芯黑色灯芯绒宝剑一脚蹬乐福鞋豆豆鞋,Slip-On Driving Loafers,330,48.18,https://detail.1688.com/offer/894854751615.html,included,
894699176708,loafers,2023新款春夏季豆豆鞋男鞋子中老年休闲皮鞋懒人老北京布鞋一脚蹬,Men’s Slip-On Driving Loafers,9.9,1.45,https://detail.1688.com/offer/894699176708.html,included,
894436988900,loafers,春秋季皮鞋男士休闲shoes men一脚蹬豆豆鞋软底驾车鞋一件代发,Men’s Slip-On Driving Loafers,11.9,1.74,https://detail.1688.com/offer/894436988900.html,included,
894322125589,loafers,秋季新款小皮鞋男鞋2025潮流百搭豆豆鞋跨境休闲男式运动潮鞋批发,Men’s Driving Loafers,12.8,1.87,https://detail.1688.com/offer/894322125589.html,included,
894317309827,loafers,男士休闲鞋春季新款系带男士休闲皮鞋跨境批发豆豆鞋黑色皮鞋冬季,Men’s Lace-Up Driving Loafers,12.5,1.83,https://detail.1688.com/offer/894317309827.html,included,
894302681946,loafers,23年春款豆豆鞋四季男鞋一脚蹬懒人鞋休闲皮鞋韩版潮英伦一件代发,Men’s Slip-On Driving Loafers,8.7,1.27,https://detail.1688.com/offer/894302681946.html,included,
893647926025,loafers,跨境外贸男士豆豆鞋秋季新款时尚英伦pu面潮流男鞋软底懒人一脚蹬,Men’s Slip-On Driving Loafers,6.9,1.01,https://detail.1688.com/offer/893647926025.html,included,
893634774324,loafers,商务皮鞋男士透气软底休闲鞋平跟英伦百塔一脚蹬懒人鞋潮流豆豆鞋,Men’s Slip-On Driving Loafers,9.5,1.39,https://detail.1688.com/offer/893634774324.html,included,
893614087926,loafers,开车豆豆鞋男士皮鞋真皮商务正装皮鞋大码英伦休闲鞋软底软面皮鞋,Men’s Driving Loafers,10.5,1.53,https://detail.1688.com/offer/893614087926.html,included,
893257558923,loafers,88519手缝豆豆男鞋绒皮革手工鞋防滑豆豆底一脚蹬商务休闲通勤款,Men’s Slip-On Casual Shoes,43.5,6.35,https://detail.1688.com/offer/893257558923.html,included,
893170636532,loafers,男鞋2025新款春季一脚蹬乐福豆豆鞋黑色防滑工作鞋男士休闲运动鞋,Men’s Slip-On Driving Loafers,22,3.21,https://detail.1688.com/offer/893170636532.html,included,
892539156738,loafers,男士夏季透气网面半拖鞋一脚蹬户外懒人鞋潮流百搭软底休闲豆豆鞋,Men’s Mesh Slip-On Driving Loafers,12.9,1.88,https://detail.1688.com/offer/892539156738.html,included,
892033282695,loafers,2026外贸爆款半拖夏季男鞋软底网面透气休闲男士一脚蹬豆豆拖鞋男,Men’s Mesh Slip-On Slippers,12,1.75,https://detail.1688.com/offer/892033282695.html,included,
888451993526,loafers,男士皮鞋【单网同款】2026夏季男款时尚软皮休闲软底耐磨豆豆男鞋,Men’s Dress Shoes,13,1.9,https://detail.1688.com/offer/888451993526.html,included,
888200276071,loafers,豆豆鞋男士春季透气一脚蹬小白鞋商务软底驾车皮鞋黑色正装工作鞋,Men’s Slip-On Driving Loafers,11,1.61,https://detail.1688.com/offer/888200276071.html,included,
887911005758,loafers,秋季反绒皮手工男鞋低帮套脚懒人鞋轻便透气男士乐福鞋开车豆豆鞋,Men’s Slip-On Driving Loafers,73,10.66,https://detail.1688.com/offer/887911005758.html,included,
887361262367,loafers,手抓纹牛皮豆豆鞋2026春季新款套脚舒适平底上线男士休闲皮鞋子批,Men’s Slip-On Driving Loafers,114,16.65,https://detail.1688.com/offer/887361262367.html,included,
885721478765,loafers,男士板鞋2026日常休闲男士皮鞋懒人套脚单鞋男鞋驾车豆豆鞋鞋子,Men’s Slip-On Driving Loafers,13,1.9,https://detail.1688.com/offer/885721478765.html,included,
885408989589,loafers,春季男款软底软面橡胶耐磨大底一脚蹬男士时尚休闲鞋男鞋豆豆鞋,Men’s Slip-On Driving Loafers,12,1.75,https://detail.1688.com/offer/885408989589.html,included,
880334102638,loafers,网面男鞋跨境外贸代发春季透气休闲鞋时尚百搭运动鞋软底豆豆鞋,Men’s Mesh Driving Loafers,18.5,2.7,https://detail.1688.com/offer/880334102638.html,included,
878675065189,loafers,男士休闲皮鞋豆豆鞋春季百搭舒适工作鞋软底一脚蹬懒人爸爸鞋子,Men’s Slip-On Driving Loafers,16.5,2.41,https://detail.1688.com/offer/878675065189.html,included,
876541727809,loafers,头层牛皮男士休闲乐福鞋软底软面真皮豆豆鞋薄款透气皮鞋男代发,Men’s Driving Loafers,105,15.33,https://detail.1688.com/offer/876541727809.html,included,
873867277593,loafers,压花软羊皮2026春新款套脚舒适豆豆鞋平底轻便透气男士休闲鞋批发,Men’s Slip-On Driving Loafers,119,17.38,https://detail.1688.com/offer/873867277593.html,included,
869868103089,loafers,男款防滑耐磨豆豆鞋一脚蹬软底舒适休闲帆布鞋老北京布鞋工作单鞋,Men’s Slip-On Driving Loafers,8.13,1.19,https://detail.1688.com/offer/869868103089.html,included,
866558198901,loafers,男新款2025软底软皮开车鞋夏季韩版潮流休闲鞋豆豆懒人一脚蹬鞋,Men’s Slip-On Driving Loafers,9,1.31,https://detail.1688.com/offer/866558198901.html,included,
862550824184,loafers,男鞋舒适休闲鞋软底豆豆鞋pu男士一脚蹬休闲鞋子外贸男士休闲鞋,Men’s Slip-On Driving Loafers,8.99,1.31,https://detail.1688.com/offer/862550824184.html,included,
862273253011,loafers,46一脚蹬休闲鞋风尖头小皮鞋韩版潮流男士百搭英伦超纤套脚豆豆鞋,Men’s Slip-On Driving Loafers,60,8.76,https://detail.1688.com/offer/862273253011.html,included,
861781500992,loafers,男士休闲皮鞋日常简约一脚蹬韩版豆豆懒人鞋跨境大码鞋男一件代发,Men’s Slip-On Dress Shoes,33.8,4.94,https://detail.1688.com/offer/861781500992.html,included,
861196484559,loafers,头层牛皮厚底正装皮鞋男款英伦轻便休闲豆豆鞋男士商务一脚蹬皮鞋,Men’s Slip-On Chunky-Sole Driving Loafers,156,22.78,https://detail.1688.com/offer/861196484559.html,included,
859861775415,loafers,春季社会小伙休闲鞋潮鞋豆豆鞋男懒人鞋子套脚一脚蹬男鞋外贸大码,Men’s Slip-On Driving Loafers,23,3.36,https://detail.1688.com/offer/859861775415.html,included,
980546171563,running-shoes,跨境亚马逊男鞋高档男士商务正装皮鞋日常休闲防滑大码硬底鞋子,Men’s Dress Shoes,63,9.2,https://detail.1688.com/offer/980546171563.html,included,
1090230160801,running-shoes,2025小香风金银跑步鞋运动鞋银角大王情侣男女金角增高老爹鞋厚底,Unisex Chunky-Sole Running Shoes,230.4,33.64,https://detail.1688.com/offer/1090230160801.html,included,
1090197020485,running-shoes,P家 欧美跨境漆皮网面运动鞋厚底增高休闲鞋时尚百搭男女款跑步鞋,Unisex Mesh Chunky-Sole Running Shoes,228,33.29,https://detail.1688.com/offer/1090197020485.html,included,
1090188620846,running-shoes,202情侣跑步鞋年新款厚底夜光老爹鞋b22时尚透气休闲运动潮,Unisex Chunky-Sole Running Shoes,137,20.0,https://detail.1688.com/offer/1090188620846.html,included,
1090165248165,running-shoes,香港真皮女鞋运动鞋2026春季款跑鞋轻便皮面防水跑步鞋跳操鞋子,Women’s Running Shoes,100.48,14.67,https://detail.1688.com/offer/1090165248165.html,included,
1090009096787,running-shoes,初中女生运动鞋女款中学生飞织跑鞋女学生鞋子中考体育跳绳跑步鞋,Women’s Running Shoes,82,11.97,https://detail.1688.com/offer/1090009096787.html,included,
1089935560190,running-shoes,跨境H家熊猫普拉皮达潮鞋字母男女网面休闲运动跑步版鞋,Unisex Mesh Running Shoes,132,19.27,https://detail.1688.com/offer/1089935560190.html,included,
1089868816294,running-shoes,莆田GEL-NYC复古跑步鞋网面透气耐磨缓震跑鞋男女户外休闲运动鞋,Unisex Mesh Running Shoes,140,20.44,https://detail.1688.com/offer/1089868816294.html,included,
1089714624723,running-shoes,外贸爆款 B22 休闲运动鞋 厚底增高夜光老爹鞋男女情侣款透气跑鞋,Unisex Chunky-Sole Running Shoes,208,30.37,https://detail.1688.com/offer/1089714624723.html,included,
1089511168512,running-shoes,男鞋2026新款夏季透气网面青少年跑步厚底增高休闲老爹潮鞋Q5606,Men’s Mesh Chunky-Sole Casual Shoes,35.27,5.15,https://detail.1688.com/offer/1089511168512.html,included,
1089413280750,running-shoes,男鞋夏季透气网面运动鞋2026新款休闲厚底跑步青少年小众老爹潮鞋,Men’s Mesh Chunky-Sole Trainers,38.5,5.62,https://detail.1688.com/offer/1089413280750.html,included,
1089348612956,running-shoes,莆田鞋纯原男女鞋轻便休闲鞋CORTEZ运动跑鞋四季IW6363-117系列,Unisex Running Shoes,158,23.07,https://detail.1688.com/offer/1089348612956.html,included,
1089346860532,running-shoes,回力运动鞋2026秋季透气新款女款网面轻便减震鞋子男士软底跑步鞋,Mesh Running Shoes,60,8.76,https://detail.1688.com/offer/1089346860532.html,included,
1089194776165,running-shoes,莆田鞋跨境迈柔VOMERO 5女子女鞋运动鞋复古跑鞋运动户外鞋子跑步,Women’s Running Shoes,131,19.13,https://detail.1688.com/offer/1089194776165.html,included,
1089183077422,running-shoes,跨境现货运动男鞋 Kayano14透气缓震耐磨运动网球鞋男女K14跑步鞋,Unisex Tennis Shoes,130,18.98,https://detail.1688.com/offer/1089183077422.html,included,
1089147753332,running-shoes,跨境昂跑 On Cloudtilt Remix 舒适柔软支撑休闲轻量男女款跑步鞋,Unisex Running Shoes,130,18.98,https://detail.1688.com/offer/1089147753332.html,included,
1088942745420,running-shoes,莆田鞋头层皮Dunk Low女鞋子休闲板鞋透气男鞋白生胶运动鞋跑步鞋,Running Shoes,197,28.76,https://detail.1688.com/offer/1088942745420.html,included,
1088927764105,running-shoes,跨境原盒鞋老爹鞋巴黎7.5代慢跑鞋RUNNER做旧增高运动男女鞋,Unisex Running Shoes,380.32,55.53,https://detail.1688.com/offer/1088927764105.html,included,
1088917349105,running-shoes,跨境外贸 B22老爹鞋情侣款透气网面拼接运动鞋舒适厚底休闲跑步鞋,Unisex Mesh Chunky-Sole Running Shoes,258,37.67,https://detail.1688.com/offer/1088917349105.html,included,
1088881392405,running-shoes,外贸跨境NOVABLAST 5减震回弹轻便跑步鞋男女厚底休闲运动鞋跑鞋,Unisex Chunky-Sole Running Shoes,135,19.71,https://detail.1688.com/offer/1088881392405.html,included,
1085302051932,running-shoes,外贸品质Cloud X5 舒适轻量减震透气防滑通勤男女休闲运动跑步鞋,Unisex Running Shoes,155,22.63,https://detail.1688.com/offer/1085302051932.html,included,
1088942741314,running-shoes,新款百搭男鞋透气网面轻便跑步鞋潮流拼色休闲运动鞋软底减震男鞋,Men’s Mesh Running Shoes,23,3.36,https://detail.1688.com/offer/1088942741314.html,included,
1088847745950,running-shoes,阿甘鞋女皮面厚底增高春秋新款韩版时尚休闲跑步运动小白鞋潮批发,Women’s Chunky-Sole Trainers,45,6.57,https://detail.1688.com/offer/1088847745950.html,included,
1088825801016,running-shoes,2026新款ins百搭超轻老爹鞋女春夏季小白鞋厚底增高颜值跑步运动,Women’s Chunky-Sole Trainers,25.5,3.72,https://detail.1688.com/offer/1088825801016.html,included,
1088748564261,running-shoes,韩版复古厚底阿甘德训鞋女2026年秋季新款舒适百搭显瘦休闲慢跑鞋,Women’s Chunky-Sole Running Shoes,73,10.66,https://detail.1688.com/offer/1088748564261.html,included,
1088678980531,running-shoes,男鞋透气秋季新款跑步鞋舒适轻便透气通勤慢跑鞋运动休闲网面潮鞋,Men’s Mesh Running Shoes,22.38,3.27,https://detail.1688.com/offer/1088678980531.html,included,
1088639949704,running-shoes,欧美爆款美洲杯普家复古慢跑鞋亮皮网面透气情侣休闲运动鞋外贸供,Unisex Mesh Running Shoes,130,18.98,https://detail.1688.com/offer/1088639949704.html,included,
1088554532048,running-shoes,2025情侣跑步鞋年新款厚底夜光老爹鞋B22时尚透气休闲运动潮鞋,Unisex Chunky-Sole Running Shoes,137,20.0,https://detail.1688.com/offer/1088554532048.html,included,
1088547556070,running-shoes,莆田鞋跨境外贸SHOX TL13柱气垫休闲跑步鞋缓震男女鞋大码运动鞋,Unisex Running Shoes,163,23.8,https://detail.1688.com/offer/1088547556070.html,included,
1088509244865,running-shoes,跨境复古运动鞋P6000男女款缓震运动休闲跑步鞋FN7509-029,Unisex Running Shoes,140,20.44,https://detail.1688.com/offer/1088509244865.html,included,
1088434161197,running-shoes,男鞋皮面学生软底防滑运动鞋青少年休闲跑步鞋百搭潮鞋男一件代发,Men’s Running Shoes,55,8.03,https://detail.1688.com/offer/1088434161197.html,included,
1088430737948,running-shoes,黑色女鞋休闲跑步鞋女秋季运动鞋轻便软底皮面防水防滑上班工作鞋,Women’s Running Shoes,42,6.13,https://detail.1688.com/offer/1088430737948.html,included,
1088370521667,running-shoes,春季男鞋2026新款网面透气防臭百搭运动休闲跑步增高网红老爹潮鞋,Men’s Mesh Casual Shoes,42.8,6.25,https://detail.1688.com/offer/1088370521667.html,included,
1088348245667,running-shoes,复古老爹鞋女2026秋冬新款厚底增高运动鞋网面休闲鞋跑步鞋批发,Women’s Mesh Chunky-Sole Running Shoes,53,7.74,https://detail.1688.com/offer/1088348245667.html,included,
1088345221300,running-shoes,复古老爹鞋女2026秋冬新款厚底增高运动鞋网面休闲鞋跑步鞋批发,Women’s Mesh Chunky-Sole Running Shoes,49,7.15,https://detail.1688.com/offer/1088345221300.html,included,
1088245040678,running-shoes,男士春夏网面透气鞋2026新款休闲鞋超清运动鞋软底防滑减震跑步鞋,Men’s Mesh Running Shoes,23.5,3.43,https://detail.1688.com/offer/1088245040678.html,included,
1088123261134,running-shoes,莆田跨境纯原NB1906A缓震耐磨老爹鞋解构复古男女跑步鞋休闲运动,Unisex Running Shoes,296,43.22,https://detail.1688.com/offer/1088123261134.html,included,
1088110965015,running-shoes,2025情侣跑步鞋年新款厚底夜光老爹鞋b22时尚透气休闲运动潮,Unisex Chunky-Sole Running Shoes,105,15.33,https://detail.1688.com/offer/1088110965015.html,included,
1088108337959,running-shoes,金智秀同款老钱风真皮德训鞋女新款阿甘鞋运动休闲慢跑鞋小白鞋男,Running Shoes,240,35.04,https://detail.1688.com/offer/1088108337959.html,included,
1088984601091,running-shoes,男鞋跨境NOVABLAST 5减震回弹轻便跑步鞋男女厚底休闲运动鞋跑鞋,Unisex Chunky-Sole Running Shoes,135,19.71,https://detail.1688.com/offer/1088984601091.html,included,
1088809264393,running-shoes,莆田鞋皮蓬大Air男鞋实战篮球鞋 全掌气垫潮流增高女鞋跑步鞋,Basketball Shoes,198,28.91,https://detail.1688.com/offer/1088809264393.html,included,
1088292180686,running-shoes,厚底增高7cm老爹鞋女2025秋季新款百搭休闲运动鞋时尚透气跑步鞋,Women’s Chunky-Sole Running Shoes,132,19.27,https://detail.1688.com/offer/1088292180686.html,included,
1088019681640,running-shoes,厚底老爹鞋女夏2026新款网面透气休闲运动女鞋春秋小白阿甘跑步鞋,Women’s Mesh Chunky-Sole Running Shoes,136.12,19.88,https://detail.1688.com/offer/1088019681640.html,included,
1087993210285,running-shoes,莆田高端GEL-NYC耐磨拼接网面透气老爹鞋防滑耐磨缓震低帮跑步鞋,Mesh Running Shoes,187,27.3,https://detail.1688.com/offer/1087993210285.html,included,
1087961850070,running-shoes,莆田GEL-NYC复古跑步鞋网面透气耐磨缓震跑鞋男女户外休闲运动鞋,Unisex Mesh Running Shoes,129.6,18.92,https://detail.1688.com/offer/1087961850070.html,included,
1087856586264,running-shoes,莆田纯原巴黎track3.0老爹鞋大字母涂鸦增高厚底复古气垫鞋运动鞋,Chunky-Sole Trainers,468,68.33,https://detail.1688.com/offer/1087856586264.html,included,
1087855994271,running-shoes,莆田纯原巴黎Track3XL半托老爹鞋男女鞋复古户外厚底增高鞋跑步鞋,Unisex Chunky-Sole Running Shoes,268,39.13,https://detail.1688.com/offer/1087855994271.html,included,
1087834250745,running-shoes,法式经典圆头bv系带芭蕾舞德训鞋男女同款复古阿甘鞋休闲运动跑鞋,Unisex Lace-Up Running Shoes,158,23.07,https://detail.1688.com/offer/1087834250745.html,included,
1087793937581,running-shoes,男鞋秋季复古百搭休闲运动鞋男士轻便跑步厚底增高爆款老爹潮鞋子,Men’s Chunky-Sole Trainers,25,3.65,https://detail.1688.com/offer/1087793937581.html,included,
1087766114480,running-shoes,新款小香风系带真皮拼色运动鞋帆布跑步鞋情侣百搭瑜伽鞋,Unisex Lace-Up Running Shoes,375,54.76,https://detail.1688.com/offer/1087766114480.html,included,
1087760213192,running-shoes,Skylon 11老爹鞋网面透气跑步鞋街头情侣Citywalk潮鞋休闲运动鞋,Unisex Mesh Running Shoes,188,27.45,https://detail.1688.com/offer/1087760213192.html,included,
1087757453178,running-shoes,外贸跨境 Cloudtilt Remix 城市跑步鞋 男缓震透气网面运动鞋 轻,Men’s Mesh Running Shoes,180,26.28,https://detail.1688.com/offer/1087757453178.html,included,
1087751869757,running-shoes,跨境飞织运动鞋加绒保暖厚底休闲鞋2026新款女士大码网面跑步单鞋,Women’s Mesh Chunky-Sole Fleece-Lined Trainers,34,4.96,https://detail.1688.com/offer/1087751869757.html,included,
1087585272724,running-shoes,nb530 经典复古网布织物休闲跑步鞋 低帮男女情侣百搭莆田鞋,Unisex Running Shoes,147,21.46,https://detail.1688.com/offer/1087585272724.html,included,
1087571994864,running-shoes,跨境莆田鞋Kayano 14童鞋网面透气休闲跑步鞋大中小童系带运动鞋,Children’s Mesh Lace-Up Running Shoes,127,18.54,https://detail.1688.com/offer/1087571994864.html,included,
1087559289993,running-shoes,纯原巴黎气垫老爹鞋Triples复古二代底情侣男女运动鞋潮流百搭鞋,Unisex Trainers,230,33.58,https://detail.1688.com/offer/1087559289993.html,included,
1087526993126,running-shoes,回力男鞋2026新款秋季透气休闲运动鞋男款跑步减震增高女鞋,Trainers,65,9.49,https://detail.1688.com/offer/1087526993126.html,included,
1087479289315,running-shoes,运动老爹鞋女2026春夏新款厚底轻便休闲鞋ins透气网面跑步鞋韩版,Women’s Mesh Chunky-Sole Running Shoes,27,3.94,https://detail.1688.com/offer/1087479289315.html,included,
1087472469134,running-shoes,跨境外贸爆款莆田鞋TN气垫缓震跑步鞋休闲鞋休闲百搭,Running Shoes,120,17.52,https://detail.1688.com/offer/1087472469134.html,included,
1089435272860,running-shoes,2026新款男士休闲运动鞋皮面防水阿甘鞋百搭系带板鞋轻便跑步单鞋,Men’s Lace-Up Trainers,15,2.19,https://detail.1688.com/offer/1089435272860.html,included,
1087573524821,running-shoes,男鞋防水防滑男士运动防滑防护鞋百搭跑步鞋老爹潮鞋乐福鞋阿甘鞋,Men’s Loafers,15.17,2.22,https://detail.1688.com/offer/1087573524821.html,included,
1086973698920,running-shoes,2026新款夏季男女休闲运动鞋防滑鞋Shox TL13柱子跑步鞋男式,Unisex Running Shoes,148,21.61,https://detail.1688.com/offer/1086973698920.html,included,
1086961714266,running-shoes,跨境工厂莆田男鞋NYC网面透气跑鞋耐磨户外运动厚底增高休闲鞋,Men’s Mesh Chunky-Sole Running Shoes,120,17.52,https://detail.1688.com/offer/1086961714266.html,included,
1086888326731,running-shoes,莆田鞋工厂订单跨境Cloudtilt Remix舒适休闲运动鞋跑步,Running Shoes,150,21.9,https://detail.1688.com/offer/1086888326731.html,included,
1086811263475,running-shoes,莆田鞋批发巴黎三代7.5高版本厚底复古老爹鞋男女休闲跑步情侣款,Unisex Chunky-Sole Running Shoes,318,46.43,https://detail.1688.com/offer/1086811263475.html,included,
1086690405086,running-shoes,时尚潮搭舒适软底运动鞋男士轻便休闲跑步鞋网面透气通勤休闲鞋,Men’s Mesh Running Shoes,21.5,3.14,https://detail.1688.com/offer/1086690405086.html,included,
1086628984700,running-shoes,莆田GEL-NYC复古跑步鞋网面透气耐磨缓震跑鞋男女户外休闲运动鞋,Unisex Mesh Running Shoes,159,23.22,https://detail.1688.com/offer/1086628984700.html,included,
1086452129516,running-shoes,2026新款运动鞋男休闲百搭男士板鞋秋季跑步减震耐磨耐穿,Men’s Trainers,15.5,2.26,https://detail.1688.com/offer/1086452129516.html,included,
1086278004946,running-shoes,春秋季新款男鞋时尚百搭防滑耐磨户外登山鞋爸爸中老年休闲健步鞋,Men’s Hiking Shoes,13.5,1.97,https://detail.1688.com/offer/1086278004946.html,included,
1086178433253,running-shoes,老爹鞋男鞋秋季新款透气网面男士运动鞋厚底防滑休闲户外跑步鞋男,Men’s Mesh Chunky-Sole Running Shoes,44,6.42,https://detail.1688.com/offer/1086178433253.html,included,
1086170777916,running-shoes,透气轻便运动鞋百搭潮流时尚舒适男士休闲鞋轻奢薄款软底跑步鞋,Men’s Running Shoes,20,2.92,https://detail.1688.com/offer/1086170777916.html,included,
1086097243863,running-shoes,新款体能训练鞋男胶鞋跑步鞋透气登山鞋黑色网眼运动徒步劳保复古,Men’s Hiking Shoes,24.9,3.64,https://detail.1688.com/offer/1086097243863.html,included,
1086092192596,running-shoes,莆田鞋泡绵缓震跑步波浪鞋情侣透气WMNS散步男女休闲运动鞋,Unisex Running Shoes,130,18.98,https://detail.1688.com/offer/1086092192596.html,included,
1086078358374,running-shoes,冬季飞织加绒男健步鞋加厚保暖中老年爸爸棉鞋软底防滑休闲运动鞋,Men’s Fleece-Lined Walking Shoes,19.9,2.91,https://detail.1688.com/offer/1086078358374.html,included,
1086024417330,running-shoes,新款冷粘男鞋运动鞋透气网面皮面休闲跑步鞋高弹软底速跑老爹鞋男,Men’s Mesh Running Shoes,24,3.5,https://detail.1688.com/offer/1086024417330.html,included,
1086001603136,running-shoes,男鞋春夏季2026新款潮流网面透气运动休闲跑步青少年老爹百搭潮鞋,Men’s Mesh Casual Shoes,21,3.07,https://detail.1688.com/offer/1086001603136.html,included,
1085982816631,running-shoes,秋季新款透气休闲鞋子男款百搭运动鞋男女同款老爹鞋学生跑步鞋,Unisex Running Shoes,22,3.21,https://detail.1688.com/offer/1085982816631.html,included,
1085797231673,running-shoes,男女同款跨境外贸大码男鞋低帮休闲单鞋皮面跑步运动鞋青年男鞋子,Unisex Trainers,17,2.48,https://detail.1688.com/offer/1085797231673.html,included,
1085766301572,running-shoes,秋冬新款单棉男鞋舒适休闲鞋加绒加厚百搭运动鞋轻便跑步鞋男款鞋,Men’s Fleece-Lined Running Shoes,18,2.63,https://detail.1688.com/offer/1085766301572.html,included,
1085573061744,running-shoes,批发老北京布鞋子男款耐磨防滑超厚牛筋底工作鞋男轻便透气健步鞋,Men’s Walking Shoes,8,1.17,https://detail.1688.com/offer/1085573061744.html,included,
1085375222788,running-shoes,莆田Air  Max 97 复古透气防滑耐磨气垫鞋男女休闲跑步鞋,Unisex Running Shoes,178,25.99,https://detail.1688.com/offer/1085375222788.html,included,
1085229278370,running-shoes,男鞋新款网面透气运动鞋夏季潮鞋学生休闲网鞋软底跑步鞋男飞织鞋,Men’s Mesh Running Shoes,10.81,1.58,https://detail.1688.com/offer/1085229278370.html,included,
1085154796096,running-shoes,男鞋休闲运动鞋2026新款系带轻便透气低帮板鞋百搭潮流男士跑步鞋,Men’s Lace-Up Running Shoes,18,2.63,https://detail.1688.com/offer/1085154796096.html,included,
1085109140072,running-shoes,新款男鞋秋季透气高弹运动鞋减震轻便大底休闲鞋男款拼色跑步鞋,Men’s Running Shoes,20.99,3.06,https://detail.1688.com/offer/1085109140072.html,included,
1085105865232,running-shoes,男士运动鞋秋季新款跑步鞋时尚男士休闲潮鞋男网面透气休闲男鞋子,Men’s Mesh Running Shoes,21,3.07,https://detail.1688.com/offer/1085105865232.html,included,
1085090026431,running-shoes,秋冬新款潮流休闲男鞋青少年低帮韩版学生鞋皮面软底运动跑步鞋,Men’s Running Shoes,19.5,2.85,https://detail.1688.com/offer/1085090026431.html,included,
1085009547855,running-shoes,大码男鞋新款男士系带运动鞋休闲跑步旅游鞋防滑耐磨气垫鞋子,Men’s Lace-Up Trainers,21.8,3.18,https://detail.1688.com/offer/1085009547855.html,included,
1084806859847,running-shoes,2026男鞋秋季新款男士休闲小白鞋潮流阿甘鞋轻便透气跑步鞋男批发,Men’s Running Shoes,17.9,2.61,https://detail.1688.com/offer/1084806859847.html,included,
1084803105904,running-shoes,男士运动休闲鞋2026秋季代发爆款旋转纽扣轻便单鞋青年皮面跑步鞋,Men’s Running Shoes,19.9,2.91,https://detail.1688.com/offer/1084803105904.html,included,
1084532547417,running-shoes,秋季新款男鞋透气网面休闲鞋百搭舒适户外工作劳保鞋运动跑步鞋子,Men’s Mesh Running Shoes,18.9,2.76,https://detail.1688.com/offer/1084532547417.html,included,
1084466482861,running-shoes,休闲运动鞋时尚潮流户外男士运动鞋户外散步透气轻便软底跑步鞋,Men’s Running Shoes,20,2.92,https://detail.1688.com/offer/1084466482861.html,included,
1084383845455,running-shoes,跨境网面休闲鞋男秋季新款韩版百搭男士软底跑步鞋子休闲透气男鞋,Men’s Mesh Running Shoes,22.9,3.34,https://detail.1688.com/offer/1084383845455.html,included,
1084334778131,running-shoes,男鞋2026年夏季男士内增高休闲防滑老爹鞋潮牌百搭厚底运动跑步鞋,Men’s Chunky-Sole Running Shoes,24.5,3.58,https://detail.1688.com/offer/1084334778131.html,included,
1084313044607,running-shoes,鞋子男女情侣休闲运动鞋舒适透气低帮跑步鞋子跨境经典厚底老爹鞋,Unisex Chunky-Sole Running Shoes,24.5,3.58,https://detail.1688.com/offer/1084313044607.html,included,
1084127157366,running-shoes,2026春秋情侣新款H家时尚休闲鞋男女百搭小白鞋熊猫跑步运动鞋,Unisex Trainers,260,37.96,https://detail.1688.com/offer/1084127157366.html,included,
1084125795878,running-shoes,阿甘男鞋新款春季休闲鞋透气百搭运动鞋子学生跑步鞋男款工作鞋男,Men’s Running Shoes,15.5,2.26,https://detail.1688.com/offer/1084125795878.html,included,
1084082957389,running-shoes,男鞋新款皮面防水男士休闲鞋一脚蹬超轻休闲健步鞋大码46码开车鞋,Men’s Slip-On Driving Loafers,19,2.77,https://detail.1688.com/offer/1084082957389.html,included,
1084019702938,running-shoes,莆田鞋AIR MAX90 气垫鞋透气复古休闲百搭男女轻便网面运动跑步鞋,Unisex Mesh Running Shoes,245,35.77,https://detail.1688.com/offer/1084019702938.html,included,
1083985416253,running-shoes,新款夏秋季新款超轻跑鞋运动鞋透气减震软底学生鞋轻便跑步鞋男鞋,Men’s Running Shoes,13.5,1.97,https://detail.1688.com/offer/1083985416253.html,included,
1083984264309,running-shoes,新款夏秋季新款超轻跑鞋运动鞋透气减震软底学生鞋轻便跑步鞋男鞋,Men’s Running Shoes,13.5,1.97,https://detail.1688.com/offer/1083984264309.html,included,
1083958150461,running-shoes,跨境外贸莆田GEL-1130 大码缓震运动鞋复古老爹鞋男女休闲跑步鞋,Unisex Running Shoes,156,22.78,https://detail.1688.com/offer/1083958150461.html,included,
1083914647613,running-shoes,男士皮鞋潮流休闲鞋透气春季百搭男鞋时尚轻便跑步鞋平底驾车鞋男,Men’s Running Shoes,17.5,2.56,https://detail.1688.com/offer/1083914647613.html,included,
1083838210225,running-shoes,【源头工厂】nb运动鞋跑步鞋男休闲鞋男nb运动运动鞋n字鞋nb574鞋,Men’s Running Shoes,24.8,3.62,https://detail.1688.com/offer/1083838210225.html,included,
1083639527981,running-shoes,男鞋跨境新款大码轻便透气运动鞋潮流厚底跑步鞋网面时尚休闲单鞋,Men’s Mesh Chunky-Sole Running Shoes,23,3.36,https://detail.1688.com/offer/1083639527981.html,included,
1083450114896,running-shoes,男鞋2026新款潮流百搭厚底老爹鞋透气网面休闲运动鞋男款气垫鞋,Men’s Mesh Chunky-Sole Trainers,19.9,2.91,https://detail.1688.com/offer/1083450114896.html,included,
1083405003530,running-shoes,跨境专供男鞋网面透气时尚简约休闲鞋潮流跑步鞋软底舒适运动鞋男,Men’s Mesh Running Shoes,15.5,2.26,https://detail.1688.com/offer/1083405003530.html,included,
1083382087515,running-shoes,秋季新款透气休闲男鞋时尚百搭运动鞋男百搭板鞋学生跑步鞋子男款,Men’s Running Shoes,20,2.92,https://detail.1688.com/offer/1083382087515.html,included,
1083291510307,running-shoes,新款男鞋老北京布鞋男款帆布鞋透气休闲跑步运动鞋休闲板鞋爸爸鞋,Men’s Trainers,23.41,3.42,https://detail.1688.com/offer/1083291510307.html,included,
1083122078849,running-shoes,跨境新款男鞋春秋休闲运动鞋轻便舒适耐磨厚底男士跑步鞋皮面防水,Men’s Chunky-Sole Running Shoes,19.5,2.85,https://detail.1688.com/offer/1083122078849.html,included,
1083069718050,running-shoes,2026新款男鞋休闲运动鞋系带轻便透气低帮板鞋百搭潮流跑步单鞋,Men’s Lace-Up Trainers,18,2.63,https://detail.1688.com/offer/1083069718050.html,included,
1082956505229,running-shoes,大码男鞋新款男士运动鞋潮流百搭透气休闲跑步鞋韩版厚底老爹鞋子,Men’s Chunky-Sole Running Shoes,21.9,3.2,https://detail.1688.com/offer/1082956505229.html,included,
1082648579958,running-shoes,运动鞋男秋冬新款皮面防水休闲鞋男士百搭潮鞋软底防滑跑步旅游鞋,Men’s Trainers,19.8,2.89,https://detail.1688.com/offer/1082648579958.html,included,
1082239793053,running-shoes,跨境外贸莆田GEL-1130 大码缓震运动鞋复古老爹鞋男女休闲跑步鞋,Unisex Running Shoes,154.84,22.61,https://detail.1688.com/offer/1082239793053.html,included,
1082182837699,running-shoes,男士飞织运动鞋低帮系带时尚休闲鞋透气运动舒适轻便户外跑步男鞋,Men’s Lace-Up Trainers,15.5,2.26,https://detail.1688.com/offer/1082182837699.html,included,
1081835205382,running-shoes,2026新款男鞋夏季透气网面运动鞋男士防滑软底休闲跑步鞋百搭潮鞋,Men’s Mesh Running Shoes,23,3.36,https://detail.1688.com/offer/1081835205382.html,included,
1081812271351,running-shoes,运动鞋2026新款鞋子休闲鞋软底潮流一脚蹬跑步男鞋男士踩屎感减震,Men’s Slip-On Trainers,20,2.92,https://detail.1688.com/offer/1081812271351.html,included,
1081555853352,running-shoes,男鞋夏季新款飞织网面休闲鞋透气运动鞋男款软底男士鞋轻便跑步鞋,Men’s Mesh Running Shoes,13.8,2.01,https://detail.1688.com/offer/1081555853352.html,included,
1081270803253,running-shoes,跨境男鞋春季新款休闲百搭男士板鞋旅游鞋户外跑步运动鞋大码男鞋,Men’s Trainers,19.9,2.91,https://detail.1688.com/offer/1081270803253.html,included,
1081112539032,running-shoes,阿甘男鞋秋季皮面运动鞋男士百搭休闲鞋跑步防滑增高老爹潮鞋冬季,Men’s Trainers,24,3.5,https://detail.1688.com/offer/1081112539032.html,included,
1081086652101,running-shoes,元宝款劳保鞋跑步解放鞋男女同款中老年农田鞋工地鞋男解放鞋女,Unisex Work Shoes,7.2,1.05,https://detail.1688.com/offer/1081086652101.html,included,
1080926254261,running-shoes,作训鞋男透气训练鞋正品黑色轻便软底跑步鞋军训鞋子运动休闲男款,Men’s Training Shoes,22,3.21,https://detail.1688.com/offer/1080926254261.html,included,
1080865435013,running-shoes,2026新款防水面料男士休闲单鞋软底防滑运动健步鞋中老年爸爸鞋,Men’s Walking Shoes,12.5,1.83,https://detail.1688.com/offer/1080865435013.html,included,
1080779276282,running-shoes | sports-shoes,跨境男鞋2026新款韩版低帮跑步鞋潮流防滑厚底老爹鞋透气运动鞋子,Men’s Chunky-Sole Running Shoes,17,2.48,https://detail.1688.com/offer/1080779276282.html,included,
1080748342755,running-shoes,2026秋季款网面休闲健步鞋子男款跑步运动男士青少年潮鞋跨境批发,Men’s Mesh Walking Shoes,20,2.92,https://detail.1688.com/offer/1080748342755.html,included,
1080278496719,running-shoes,男鞋休闲运动鞋透气网面户外运动男士休闲跑步鞋潮流高级感鞋子男,Men’s Mesh Running Shoes,25,3.65,https://detail.1688.com/offer/1080278496719.html,included,
1080097036173,running-shoes,户外运动鞋子男款透气舒适跑步鞋厂家批发百搭外贸热销休闲男鞋,Men’s Running Shoes,20,2.92,https://detail.1688.com/offer/1080097036173.html,included,
1080075188542,running-shoes,跨境热销运动鞋男款透气网面户外跑步鞋简约百搭舒适休闲鞋子男鞋,Men’s Mesh Running Shoes,23,3.36,https://detail.1688.com/offer/1080075188542.html,included,
1080068529762,running-shoes,元宝款劳保鞋跑步解放鞋男女同款中老年农田鞋工地鞋男解放鞋女,Unisex Work Shoes,7.2,1.05,https://detail.1688.com/offer/1080068529762.html,included,
1080019494249,running-shoes,跨境大码户外运动鞋男鞋轻便厚底舒适飞织跑步鞋透气袜子鞋休闲鞋,Men’s Chunky-Sole Running Shoes,20.9,3.05,https://detail.1688.com/offer/1080019494249.html,included,
1079830929219,running-shoes,登山鞋时尚新款男士休闲鞋简约舒适PU面小白鞋运动老爹鞋男跑步鞋,Men’s Hiking Shoes,17.49,2.55,https://detail.1688.com/offer/1079830929219.html,included,
1079747266214,running-shoes,春秋季新款男鞋冬季加厚百搭休闲增高厚底轻便男士潮流跑步运动鞋,Men’s Chunky-Sole Trainers,14.5,2.12,https://detail.1688.com/offer/1079747266214.html,included,
1079723680757,running-shoes,男鞋秋季新款皮面防水休闲男士运动鞋跑步增高潮鞋小白老爹鞋子男,Men’s Trainers,27,3.94,https://detail.1688.com/offer/1079723680757.html,included,
1079720509493,running-shoes | sports-shoes,运动鞋男女同款时尚跑步鞋透气网面户外运动单鞋批发外贸鞋子男鞋,Unisex Mesh Running Shoes,27,3.94,https://detail.1688.com/offer/1079720509493.html,included,
1079695741239,running-shoes,秋季黑武士男鞋跨境网布透气运动鞋软弹厚底百搭男士健身跑步鞋,Men’s Chunky-Sole Running Shoes,27.98,4.09,https://detail.1688.com/offer/1079695741239.html,included,
1079565916439,running-shoes,跨境专供o昂n家休闲休闲跑步鞋软底减震联名款1.0户外运动鞋低帮,Running Shoes,238,34.75,https://detail.1688.com/offer/1079565916439.html,included,
1079420485266,running-shoes,新款运动男鞋飞织透气网面鞋厚底增高跑步鞋青年运动鞋男式休闲鞋,Men’s Mesh Chunky-Sole Running Shoes,20,2.92,https://detail.1688.com/offer/1079420485266.html,included,
1079383936028,running-shoes,【源头工厂】nb运动鞋跑步鞋男休闲鞋男nb运动运动鞋n字鞋nb574鞋,Men’s Running Shoes,27,3.94,https://detail.1688.com/offer/1079383936028.html,included,
1079102061074,running-shoes,男鞋秋季新款皮面轻便运动休闲鞋软底防滑耐磨跑步百搭旅游工作鞋,Men’s Work Shoes,19,2.77,https://detail.1688.com/offer/1079102061074.html,included,
1079077951409,running-shoes,男鞋2026新款超轻跑步鞋透气学生专业减震运动鞋防滑软底竞速代发,Men’s Running Shoes,20,2.92,https://detail.1688.com/offer/1079077951409.html,included,
1079013552153,running-shoes,男鞋2026秋冬季新款百搭国潮男士皮面防水休闲跑步男运动鞋男款鞋,Men’s Trainers,16.88,2.46,https://detail.1688.com/offer/1079013552153.html,included,
1078840716931,running-shoes,严选男鞋秋季新款运动休闲鞋男士舒适透气跑步鞋德训鞋时尚小白鞋,Men’s Running Shoes,20.5,2.99,https://detail.1688.com/offer/1078840716931.html,included,
1078715070537,running-shoes,正品防滑耐磨运动鞋男透气休闲一脚蹬男女鞋情侣跑步鞋平底旅游鞋,Unisex Slip-On Running Shoes,15.5,2.26,https://detail.1688.com/offer/1078715070537.html,included,
1078454156478,running-shoes,批发户外工装鞋透气休闲轻便潮流运动鞋复古百搭时尚男士跑步鞋,Men’s Running Shoes,14,2.04,https://detail.1688.com/offer/1078454156478.html,included,
1078419198377,running-shoes,2026夏季新款冰丝网面跑步鞋轻便软底运动鞋透气防臭休闲百搭男鞋,Men’s Mesh Running Shoes,21.66,3.16,https://detail.1688.com/offer/1078419198377.html,included,
1078311825346,running-shoes,外贸高版新百仑NB1000 复古男女运动鞋 跨境跑步鞋情侣透气老爹鞋,Unisex Running Shoes,163,23.8,https://detail.1688.com/offer/1078311825346.html,included,
1078163248491,running-shoes,2026跨境秋季男鞋透气网面运动休闲鞋潮搭厚底增高跑步潮鞋学生鞋,Men’s Mesh Chunky-Sole Casual Shoes,20,2.92,https://detail.1688.com/offer/1078163248491.html,included,
1078144392056,running-shoes | sports-shoes,2026春秋季男学生作训鞋子男网面休闲运动鞋厚底减震防滑跑步鞋,Men’s Mesh Chunky-Sole Training Shoes,21.9,3.2,https://detail.1688.com/offer/1078144392056.html,included,
1077951734429,running-shoes,2026春秋季男鞋新款飞织网面运动休闲跑步鞋透气耐磨防滑厂家批发,Men’s Mesh Running Shoes,13.5,1.97,https://detail.1688.com/offer/1077951734429.html,included,
1077891969551,running-shoes,男鞋批发老爹鞋休闲运动鞋男款时尚百搭男鞋透气不臭脚网面跑步鞋,Men’s Mesh Running Shoes,25,3.65,https://detail.1688.com/offer/1077891969551.html,included,
1077821428046,running-shoes,新款男鞋春季网面运动鞋男士透气跑步鞋舒适轻便厚底防滑休闲鞋子,Men’s Mesh Chunky-Sole Running Shoes,18.5,2.7,https://detail.1688.com/offer/1077821428046.html,included,
1077819750723,running-shoes | sports-shoes,外贸欧洲站男女士面包鞋驴家四叶草面包鞋跨境批发男女运动跑步鞋,Unisex Running Shoes,168,24.53,https://detail.1688.com/offer/1077819750723.html,included,
1077812980627,running-shoes,男鞋软皮运动鞋镂空套脚夏季松紧带跑步鞋休闲旅游鞋软底透气鞋,Men’s Slip-On Running Shoes,17.5,2.56,https://detail.1688.com/offer/1077812980627.html,included,
1077775072630,running-shoes,日常百搭男鞋2026新款秋季青少年中学生男生休闲跑步运动潮鞋,Men’s Casual Shoes,16.9,2.47,https://detail.1688.com/offer/1077775072630.html,included,
1077754298375,running-shoes,跨境潮流男鞋黑色鳄鱼纹皮面运动休闲鞋男防水防滑舒适软底跑步鞋,Men’s Running Shoes,22,3.21,https://detail.1688.com/offer/1077754298375.html,included,
1077739477044,running-shoes,男款透气网面跑鞋轻便减震缓震运动鞋春夏慢跑鞋男鞋,Men’s Mesh Running Shoes,14.5,2.12,https://detail.1688.com/offer/1077739477044.html,included,
1077728169869,running-shoes,男式运动跑鞋透气轻便缓震跑步鞋夏季网面健身训练鞋男款,Men’s Mesh Training Shoes,14.5,2.12,https://detail.1688.com/offer/1077728169869.html,included,
1077713681164,running-shoes,秋季新款运动鞋男款简约时尚软底阿甘鞋男士休闲跑步鞋子抖音代发,Men’s Running Shoes,14.5,2.12,https://detail.1688.com/offer/1077713681164.html,included,
1077563649652,running-shoes | sports-shoes,欧洲站外贸B25春秋健步鞋低帮休闲鞋老花刺绣厚底时尚运动老爹鞋1,Chunky-Sole Walking Shoes,145,21.17,https://detail.1688.com/offer/1077563649652.html,included,
1077560267565,running-shoes,男鞋秋季新款休闲鞋透气百搭男士板鞋男学生跑步鞋子男款运动鞋,Men’s Running Shoes,15,2.19,https://detail.1688.com/offer/1077560267565.html,included,
1077522022289,running-shoes,男鞋春夏季网面透气鞋休闲鞋超轻运动鞋软底防滑减震学生跑步鞋子,Men’s Mesh Running Shoes,23,3.36,https://detail.1688.com/offer/1077522022289.html,included,
1077517866447,running-shoes,2026新款透气软底潮流老爹鞋跨境夏季男鞋韩版跑步休闲运外贸动鞋,Men’s Trainers,6.6,0.96,https://detail.1688.com/offer/1077517866447.html,included,
1077378261405,running-shoes | sports-shoes,运动鞋男网面透气跑步鞋男时尚低帮舒适百搭休闲冷粘鞋男老爹鞋,Men’s Mesh Running Shoes,38,5.55,https://detail.1688.com/offer/1077378261405.html,included,
1077234348238,running-shoes,男鞋网面透气运动鞋舒适休闲跑鞋黑白拼接轻便工作鞋运动鞋男款,Men’s Mesh Running Shoes,22,3.21,https://detail.1688.com/offer/1077234348238.html,included,
1077193299676,running-shoes,夏季新款男式透气网面休闲鞋轻便软底跑步鞋潮流百搭运动鞋,Men’s Mesh Running Shoes,10.5,1.53,https://detail.1688.com/offer/1077193299676.html,included,
1077182147585,running-shoes,2026秋季气垫篮球运动鞋男鞋子潮鞋百搭休闲男士老爹鞋厚底跑步鞋,Men’s Chunky-Sole Running Shoes,28,4.09,https://detail.1688.com/offer/1077182147585.html,included,
1077078153363,running-shoes,皮面软底跑步男士春季黑色运动鞋百搭轻便休闲鞋休闲2026新款男鞋,Men’s Trainers,6.9,1.01,https://detail.1688.com/offer/1077078153363.html,included,
1076971046128,running-shoes,新款中老年健步鞋男女轻便软底防滑妈妈鞋透气网面休闲老人运动鞋,Unisex Mesh Walking Shoes,23,3.36,https://detail.1688.com/offer/1076971046128.html,included,
1076860619370,running-shoes,外贸-MAX90-新款轻便高颜值男女户外运动休闲气垫慢跑鞋源头工厂,Unisex Running Shoes,28,4.09,https://detail.1688.com/offer/1076860619370.html,included,
1076852618774,running-shoes,外贸新款男款中考体育专用男体侧训练跑鞋夏季透气轻便跑步运动鞋,Men’s Running Shoes,17.5,2.56,https://detail.1688.com/offer/1076852618774.html,included,
1076668687315,running-shoes,跨境外贸新款男士潮流运动鞋透气休闲跑步布鞋男鞋舒适潮流运动鞋,Men’s Trainers,7.8,1.14,https://detail.1688.com/offer/1076668687315.html,included,
1076651611934,running-shoes,男鞋春夏季网面透气鞋休闲鞋超轻运动鞋软底防滑减震学生跑步鞋子,Men’s Mesh Running Shoes,27,3.94,https://detail.1688.com/offer/1076651611934.html,included,
1076648931962,running-shoes,男鞋春夏季网面透气鞋休闲鞋超轻运动鞋软底防滑减震学生跑步鞋子,Men’s Mesh Running Shoes,23,3.36,https://detail.1688.com/offer/1076648931962.html,included,
1076638772519,running-shoes,跨境大码新款透气网面运动鞋韩版轻便休闲鞋厚底防滑跑步鞋男鞋,Men’s Mesh Chunky-Sole Running Shoes,19.9,2.91,https://detail.1688.com/offer/1076638772519.html,included,
1076563319335,running-shoes,大码气垫男款运动鞋低帮跑步鞋潮流厚底休闲运动鞋外贸跨境男鞋子,Men’s Chunky-Sole Running Shoes,24.5,3.58,https://detail.1688.com/offer/1076563319335.html,included,
1076480836467,running-shoes,跨境批发秋季男鞋时尚运动潮流男士休闲鞋旅游跑步鞋舒适百搭潮鞋,Men’s Running Shoes,24,3.5,https://detail.1688.com/offer/1076480836467.html,included,
1076436565644,running-shoes,外贸大码2026新款夏季网面透气舒适百搭软底轻便男鞋休闲跑步鞋男,Men’s Mesh Running Shoes,19.5,2.85,https://detail.1688.com/offer/1076436565644.html,included,
1076425246700,running-shoes,皮面舒适太极鞋男女广场舞健步鞋透气武术训练鞋软底太极拳练功鞋,Unisex Walking Shoes,18,2.63,https://detail.1688.com/offer/1076425246700.html,included,
1076404275489,running-shoes | sports-shoes,跨境现货NYC男女户外休闲鞋运动鞋缓震舒适轻便透气跑步鞋老爹鞋,Unisex Running Shoes,178,25.99,https://detail.1688.com/offer/1076404275489.html,included,
1076384499600,running-shoes,2026新款男鞋夏季休闲跑步鞋通勤时尚运动鞋户外百搭男款椰子鞋,Men’s Running Shoes,25.5,3.72,https://detail.1688.com/offer/1076384499600.html,included,
1076364861137,running-shoes,莆田纯原 NB9060小红书ins纯原运动鞋千禧小象蹄老爹鞋跑步鞋潮鞋,Running Shoes,148,21.61,https://detail.1688.com/offer/1076364861137.html,included,
1076318370194,running-shoes,全黑网面男士运动鞋厚底缓震透气休闲鞋防滑耐磨户外通勤跑步男鞋,Men’s Mesh Chunky-Sole Trainers,20,2.92,https://detail.1688.com/offer/1076318370194.html,included,
1076145677059,running-shoes,德训鞋男2026新款夏季透气网布轻便运动鞋百搭潮流男女同款跑步鞋,Unisex Running Shoes,20,2.92,https://detail.1688.com/offer/1076145677059.html,included,
1076055852881,running-shoes | sports-shoes,跨境外贸莆田鞋GEL-Kayano 14舒适防滑跑步鞋男女K14网面缓震轻便,Unisex Mesh Running Shoes,120,17.52,https://detail.1688.com/offer/1076055852881.html,included,
1076030240128,running-shoes,2026新款皮鞋休闲男鞋透气防滑户外跑步运动鞋厚底纯色商务皮鞋,Men’s Chunky-Sole Dress Shoes,20.3,2.96,https://detail.1688.com/offer/1076030240128.html,included,
1075854020926,running-shoes,大码男鞋春季透气休闲鞋潮流亚麻布板鞋男士运动鞋百搭学生跑步鞋,Men’s Running Shoes,21,3.07,https://detail.1688.com/offer/1075854020926.html,included,
1075836693487,running-shoes,旋转纽扣男鞋秋季透气网面运动鞋男轻便舒适青少年休闲跑步鞋批发,Men’s Mesh Running Shoes,22.9,3.34,https://detail.1688.com/offer/1075836693487.html,included,
1075826687961,running-shoes,男款透气飞织跑鞋轻便缓震运动鞋春夏跑步鞋男鞋潮流休闲鞋,Men’s Running Shoes,14.5,2.12,https://detail.1688.com/offer/1075826687961.html,included,
1075813243657,running-shoes,厚底防滑男士运动鞋网面透气休闲百搭黑武士鞋男士时尚跑步单鞋,Men’s Mesh Chunky-Sole Trainers,13.4,1.96,https://detail.1688.com/offer/1075813243657.html,included,
1075788582542,running-shoes | sports-shoes,跑步鞋新款潮流健步鞋休闲运动鞋男时尚百搭网面透气防滑男鞋黑色,Men’s Mesh Walking Shoes,23,3.36,https://detail.1688.com/offer/1075788582542.html,included,
1075765079125,running-shoes,作训鞋解放鞋训练鞋布鞋透气男鞋工地鞋帆布鞋鞋子男迷彩运动军训,Men’s Training Shoes,7.4,1.08,https://detail.1688.com/offer/1075765079125.html,included,
1075746039642,running-shoes,跨境大码男鞋2026新款男士软底运动鞋户外复古鞋子休闲系带跑步鞋,Men’s Lace-Up Running Shoes,21,3.07,https://detail.1688.com/offer/1075746039642.html,included,
1075648307359,running-shoes | sports-shoes,莆田跨境CD字母B25老爹鞋B22运动闲鞋B30男女透气大码跑步鞋防滑,Unisex Running Shoes,130,18.98,https://detail.1688.com/offer/1075648307359.html,included,
1075630817697,running-shoes,飞织透气跑步鞋子男秋季新款网面男鞋轻便舒适防滑耐磨运动鞋批发,Men’s Mesh Running Shoes,21.9,3.2,https://detail.1688.com/offer/1075630817697.html,included,
1075610545587,running-shoes,爆款作训男鞋透气训练鞋新款旋转扣潮流登山户外运动休闲遛弯户外,Men’s Training Shoes,25.5,3.72,https://detail.1688.com/offer/1075610545587.html,included,
1075553515165,running-shoes,飞织休闲运动鞋男轻巧舒适健步鞋男女同款百搭单鞋外贸热销鞋子男,Unisex Walking Shoes,23,3.36,https://detail.1688.com/offer/1075553515165.html,included,
1075544039485,running-shoes,夏季新款男鞋网布透气软底户外登山休闲鞋运动跑步潮流鞋跨境批发,Men’s Casual Shoes,23,3.36,https://detail.1688.com/offer/1075544039485.html,included,
1075301247639,running-shoes,2026男士大码46黑色作训鞋徒步训练跑步登山鞋防滑户外运动鞋男款,Men’s Hiking Shoes,23,3.36,https://detail.1688.com/offer/1075301247639.html,included,
1075235836969,running-shoes,跨境货源男鞋户外跑步运动鞋秋季厚底休闲鞋男士青少年潮流老爹鞋,Men’s Chunky-Sole Trainers,25.5,3.72,https://detail.1688.com/offer/1075235836969.html,included,
1075161175210,running-shoes,男款透气网面运动鞋轻便软底休闲跑步鞋夏季大网眼百搭潮流老爹鞋,Men’s Mesh Running Shoes,21.5,3.14,https://detail.1688.com/offer/1075161175210.html,included,
1075156907776,running-shoes,批发男士休闲鞋平底轻便百搭运动鞋低帮男款潮流舒适软底跑步鞋,Men’s Running Shoes,21,3.07,https://detail.1688.com/offer/1075156907776.html,included,
1075114913614,running-shoes,批发时尚舒适男女同款情侣鞋潮流休闲鞋轻便透气跑步鞋经典运动鞋,Unisex Running Shoes,27.5,4.02,https://detail.1688.com/offer/1075114913614.html,included,
1074956267969,running-shoes,男士皮面休闲运动鞋 防水软底中老年健步鞋 轻便舒适系带男鞋,Men’s Lace-Up Walking Shoes,22,3.21,https://detail.1688.com/offer/1074956267969.html,included,
1074956009061,running-shoes | sports-shoes,夏季新款情侣运动户外跑鞋透气男鞋厚底超轻软底女鞋潮流百搭跑步,Unisex Chunky-Sole Running Shoes,27,3.94,https://detail.1688.com/offer/1074956009061.html,included,
1074954919630,running-shoes,2026新款老北京布鞋男款健步鞋中老年休闲男工作男鞋懒人鞋防滑,Men’s Slip-On Walking Shoes,7,1.02,https://detail.1688.com/offer/1074954919630.html,included,
1074913380549,running-shoes | sports-shoes,户外运动鞋夏季新款男鞋透气休闲鞋舒适跑步鞋子男百搭轻便工作鞋,Men’s Running Shoes,18.5,2.7,https://detail.1688.com/offer/1074913380549.html,included,
1074910556006,running-shoes,跨境批发福建跑步鞋男鞋休闲软底透气跑鞋轻便减震摆地摊运动鞋子,Men’s Running Shoes,9,1.31,https://detail.1688.com/offer/1074910556006.html,included,
1074903437851,running-shoes,外贸莆田鞋驴家空胶版本Trainer小胖丁厚底面包鞋男女跨境跑步鞋,Unisex Chunky-Sole Running Shoes,190,27.74,https://detail.1688.com/offer/1074903437851.html,included,
1074876922350,running-shoes | sports-shoes,跨境外贸D家B22老爹鞋运动潮流百搭男女情侣增高鞋厚底夜光跑步鞋,Unisex Chunky-Sole Running Shoes,128,18.69,https://detail.1688.com/offer/1074876922350.html,included,
1074864894025,running-shoes,厚底运动鞋男PU软底休闲黑色工作鞋鞋防滑跑步鞋无品牌外贸男鞋,Men’s Chunky-Sole Running Shoes,14.5,2.12,https://detail.1688.com/offer/1074864894025.html,included,
1074791317045,running-shoes,运动鞋跨境爆款袜子口新款时尚百搭透气男鞋跑步鞋轻便防滑健步鞋,Men’s Walking Shoes,23.5,3.43,https://detail.1688.com/offer/1074791317045.html,included,
1074659692769,running-shoes | sports-shoes,外贸莆田鞋跨境纯原B25老爹鞋休闲鞋男鞋运动鞋情侣鞋跑步鞋潮流1,Unisex Running Shoes,158,23.07,https://detail.1688.com/offer/1074659692769.html,included,
1074566655698,running-shoes,新款运动鞋男款男单鞋透气软底百搭2026春秋季防滑耐磨户外休闲鞋,Men’s Trainers,26.04,3.8,https://detail.1688.com/offer/1074566655698.html,included,
1074483292701,running-shoes,新款时尚情侣休闲运动鞋潮流百搭跑鞋冰丝网面透气百搭增高跑步鞋,Unisex Mesh Running Shoes,19.8,2.89,https://detail.1688.com/offer/1074483292701.html,included,
1074460632649,running-shoes,跨境大码男鞋2026秋季运动休闲复古男士跑步学生轻便透气德训板鞋,Men’s Trainers,19.9,2.91,https://detail.1688.com/offer/1074460632649.html,included,
1074454412003,running-shoes,训练鞋男透气作训鞋黑色轻便软底跑步鞋久站不累军训鞋子休闲鞋,Men’s Training Shoes,19,2.77,https://detail.1688.com/offer/1074454412003.html,included,
1074369974502,running-shoes,透气跑步鞋情侣款新款时尚简约网面透气运动鞋舒适学生软底休闲鞋,Unisex Mesh Running Shoes,20,2.92,https://detail.1688.com/offer/1074369974502.html,included,
1074349223825,running-shoes,2026秋季男鞋休闲鞋百搭潮流户外登山鞋增高系带运动鞋跑步一脚蹬,Men’s Slip-On Lace-Up Hiking Shoes,15.9,2.32,https://detail.1688.com/offer/1074349223825.html,included,
1074333719304,running-shoes,元宝款劳保鞋跑步解放鞋男女同款中老年农田鞋工地鞋男女防刺穿,Unisex Work Shoes,7.3,1.07,https://detail.1688.com/offer/1074333719304.html,included,
1074331280955,running-shoes,2026新款男鞋夏季透气网面跑步鞋轻便减震运动鞋男学生休闲鞋,Men’s Mesh Running Shoes,12.99,1.9,https://detail.1688.com/offer/1074331280955.html,included,
1074327195045,running-shoes,新款四季款网面鞋德训鞋软底百搭休闲鞋时尚跑步鞋男女同款运动鞋,Unisex Mesh Running Shoes,19.99,2.92,https://detail.1688.com/offer/1074327195045.html,included,
1074319823973,running-shoes,夏季男鞋透气跑步运动薄新款镂空防滑网面软底宽脚加宽男士休闲鞋,Men’s Mesh Casual Shoes,6.9,1.01,https://detail.1688.com/offer/1074319823973.html,included,
1074267744997,running-shoes,男鞋2026夏季潮流透气运动鞋轻便软底跑步鞋防滑百搭休闲老爹潮鞋,Men’s Running Shoes,24,3.5,https://detail.1688.com/offer/1074267744997.html,included,
1074250304309,running-shoes,大码亚麻布鞋男休闲开车鞋透气防滑懒人鞋运动跑步一脚蹬包头男鞋,Men’s Slip-On Driving Loafers,22.87,3.34,https://detail.1688.com/offer/1074250304309.html,included,
1074241372330,running-shoes,运动鞋男大码冰丝网面透气跑步鞋冷粘超轻减震EVA男鞋软底鞋子男,Men’s Mesh Running Shoes,22,3.21,https://detail.1688.com/offer/1074241372330.html,included,
1074160328430,running-shoes,跨境飞织男鞋春秋新款网面透气冷粘轻便中老年健步鞋休闲鞋网面鞋,Men’s Mesh Walking Shoes,21,3.07,https://detail.1688.com/offer/1074160328430.html,included,
1074136556767,running-shoes,男士运动鞋时尚百搭户外透气网面单鞋男女透气休闲跨境大码跑步鞋,Unisex Mesh Running Shoes,24.5,3.58,https://detail.1688.com/offer/1074136556767.html,included,
1074124210597,running-shoes,鞋子男2026秋季新款飞织运动跑步鞋轻便百搭休闲鞋时尚潮流透气单,Men’s Running Shoes,21.9,3.2,https://detail.1688.com/offer/1074124210597.html,included,
1074081738892,running-shoes,跨境休闲鞋运动鞋学生跑步简约通勤网面透气鞋子新款轻便舒适百搭,Mesh Trainers,23,3.36,https://detail.1688.com/offer/1074081738892.html,included,
1074074502976,running-shoes,kayano14缓震跑步鞋男女低帮休闲运动鞋跨境K14网面透气耐磨跑鞋,Unisex Mesh Running Shoes,140,20.44,https://detail.1688.com/offer/1074074502976.html,included,
1074030972186,running-shoes,跨境莆田鞋 nb 471 系列复古运动跑步德训男女百搭防滑低帮休闲鞋,Unisex Running Shoes,170,24.82,https://detail.1688.com/offer/1074030972186.html,included,
1074007303976,running-shoes,2026新款学生跑步休闲鞋透气网面轻便软底舒适男鞋潮流男士运动鞋,Men’s Mesh Trainers,19.5,2.85,https://detail.1688.com/offer/1074007303976.html,included,
1073956719109,running-shoes,作训男鞋透气户外运动训练鞋旋转扣登山鞋网面舒适休闲鞋子男外贸,Men’s Mesh Hiking Shoes,25.5,3.72,https://detail.1688.com/offer/1073956719109.html,included,
1073919373521,running-shoes,男款鞋子四季款软皮软底跑步鞋时尚透气运动鞋舒适轻便男式休闲鞋,Men’s Running Shoes,24.88,3.63,https://detail.1688.com/offer/1073919373521.html,included,
1073895376604,running-shoes,男士登山鞋大码健步鞋户外徒步休闲鞋加绒保暖男棉鞋工装运动男鞋,Men’s Fleece-Lined Hiking Shoes,18.5,2.7,https://detail.1688.com/offer/1073895376604.html,included,
1073757356782,running-shoes,莆田Air  Max 97 复古透气防滑耐磨气垫鞋男女休闲跑步鞋,Unisex Running Shoes,175,25.55,https://detail.1688.com/offer/1073757356782.html,included,
1073751520527,running-shoes,新款男女鞋飞织网面休闲运动鞋低帮套脚跑步鞋轻便一脚蹬鞋大码,Unisex Mesh Slip-On Running Shoes,21,3.07,https://detail.1688.com/offer/1073751520527.html,included,
1073628172840,running-shoes,莆田鞋男女士GEL-NYC运动鞋耐磨防滑网面透气外贸低帮休闲跑步鞋,Unisex Mesh Running Shoes,135,19.71,https://detail.1688.com/offer/1073628172840.html,included,
1073271294279,running-shoes,2026新款网布男士休闲运动鞋软底轻便飞织跑步鞋老北京布鞋男学生,Men’s Running Shoes,11.29,1.65,https://detail.1688.com/offer/1073271294279.html,included,
1073256302727,running-shoes,2026新款春秋款潮流运动鞋男士休闲跑步鞋男鞋批发外贸跨境专供,Men’s Running Shoes,6.4,0.93,https://detail.1688.com/offer/1073256302727.html,included,
1072983306885,running-shoes,莆田鞋鼎版Air MaxPlusTN男鞋40-46码透气缓震复古跑步鞋跨境代发,Men’s Running Shoes,169,24.68,https://detail.1688.com/offer/1072983306885.html,included,
1072949566218,running-shoes,2026男鞋春季新款网面增高百搭厚底潮鞋软底耐磨防滑运动跑步春季,Men’s Mesh Chunky-Sole Casual Shoes,15.5,2.26,https://detail.1688.com/offer/1072949566218.html,included,
1072932859098,running-shoes,男士运动鞋轻便缓震男鞋回弹防滑厚底户外休闲跑步鞋男一件代发,Men’s Chunky-Sole Running Shoes,27,3.94,https://detail.1688.com/offer/1072932859098.html,included,
1072878506051,running-shoes,秋季新款男士运动鞋时尚简约厚底轻便舒适软底跑步鞋男鞋现货批发,Men’s Chunky-Sole Running Shoes,14.5,2.12,https://detail.1688.com/offer/1072878506051.html,included,
1072841692192,running-shoes | sports-shoes,外贸跨境莆田纯原Air Max 95跑步鞋气垫运动鞋男缓震联名工厂直出,Men’s Running Shoes,179,26.14,https://detail.1688.com/offer/1072841692192.html,included,
1072822244308,running-shoes,2026年潮流男鞋新款轻便透气休闲运动鞋网面款软底百搭跑步鞋,Men’s Mesh Running Shoes,23,3.36,https://detail.1688.com/offer/1072822244308.html,included,
1072805853052,running-shoes,8090-7春夏季跑步防水软底轻便飞织运动鞋轻便休闲透气网面男鞋,Men’s Mesh Trainers,11.99,1.75,https://detail.1688.com/offer/1072805853052.html,included,
1072703854506,running-shoes,运动鞋男透气网面鞋秋季新款潮鞋软底跑步鞋男士休闲鞋防滑工作鞋,Men’s Mesh Running Shoes,13.5,1.97,https://detail.1688.com/offer/1072703854506.html,included,
1072698717452,running-shoes,2026运动鞋跑步爆米花新款男女跑鞋超轻减震女鞋网面透气竞速,Unisex Mesh Running Shoes,20.44,2.98,https://detail.1688.com/offer/1072698717452.html,included,
1072363302655,running-shoes,高品质Shox Ride 2气柱跑步鞋男女百搭复古舒适休闲联名Super潮鞋,Unisex Running Shoes,190,27.74,https://detail.1688.com/offer/1072363302655.html,included,
1072202042514,running-shoes,2026老爹鞋秋季百搭时尚休闲跑步鞋子男士厚底运动鞋冬季老爹鞋男,Men’s Chunky-Sole Running Shoes,17.9,2.61,https://detail.1688.com/offer/1072202042514.html,included,
1072173420268,running-shoes,男鞋2025春秋新款网面运动鞋韩版轻便休闲鞋软底防滑跑步鞋,Men’s Mesh Running Shoes,18.3,2.67,https://detail.1688.com/offer/1072173420268.html,included,
1072155415375,running-shoes,男鞋2026秋冬季新款休闲运动跑步鞋舒适百搭厚底耐磨软底增高,Men’s Chunky-Sole Running Shoes,11.5,1.68,https://detail.1688.com/offer/1072155415375.html,included,
1072033563347,running-shoes,秋季新款透气PU底软底轻便中老年爸爸健步鞋老人运动鞋健步鞋批发,Walking Shoes,21,3.07,https://detail.1688.com/offer/1072033563347.html,included,
1071847954939,running-shoes,夏季新款男鞋情侣阿甘鞋舒适布面透气男女同款运动鞋时尚跑步潮鞋,Unisex Trainers,18,2.63,https://detail.1688.com/offer/1071847954939.html,included,
1071838961913,running-shoes | sports-shoes,鞋子男秋季新款PU面防水运动鞋潮流百搭休闲老爹鞋软底防滑跑步鞋,Men’s Running Shoes,12.5,1.83,https://detail.1688.com/offer/1071838961913.html,included,
1071815945689,running-shoes,轻便透气休闲运动鞋夏季新款男鞋网面鞋子男款软底百搭跑步鞋,Men’s Mesh Running Shoes,23,3.36,https://detail.1688.com/offer/1071815945689.html,included,
1071813705260,running-shoes,男款软底百搭跑步鞋夏季新款男鞋轻便透气休闲运动鞋网面鞋子,Men’s Mesh Running Shoes,23,3.36,https://detail.1688.com/offer/1071813705260.html,included,
1071812864750,running-shoes | sports-shoes,跨境男鞋PEGASUS PREMIUM气垫厚底软弹运动鞋减震复古跑步鞋女鞋,Chunky-Sole Running Shoes,188,27.45,https://detail.1688.com/offer/1071812864750.html,included,
1086956705977,running-shoes,男女同款运动鞋网面透气老爹鞋休闲软底时尚跑步情侣鞋飞织运动鞋,Unisex Mesh Trainers,19.9,2.91,https://detail.1688.com/offer/1086956705977.html,included,
1085894670545,running-shoes,大码男鞋户外跑步运动鞋秋冬厚底增高休闲鞋男士青少年潮流老爹鞋,Men’s Chunky-Sole Trainers,22.98,3.36,https://detail.1688.com/offer/1085894670545.html,included,
1085835166980,running-shoes,跑步鞋新款时尚简约网面轻便透气运动鞋舒适学生软底不累脚跑步鞋,Mesh Running Shoes,19.8,2.89,https://detail.1688.com/offer/1085835166980.html,included,
1080524063517,running-shoes,新款户外运动鞋轻便透气网面秋季男士休闲跑步鞋低帮软底潮流男鞋,Men’s Mesh Running Shoes,22.9,3.34,https://detail.1688.com/offer/1080524063517.html,included,
1078730413719,running-shoes,男式运动单鞋网面透气跑步鞋春秋款轻便舒适休闲鞋男女同款,Unisex Mesh Running Shoes,27.9,4.07,https://detail.1688.com/offer/1078730413719.html,included,
1077620039126,running-shoes,春季新款登山鞋男户外透气舒适健步鞋百搭休闲鞋一脚蹬软底爸爸鞋,Men’s Slip-On Hiking Shoes,18.5,2.7,https://detail.1688.com/offer/1077620039126.html,included,
1076908259386,running-shoes,运动鞋舒适百搭男鞋网面潮流男士休闲鞋韩版简约学生跑步鞋批发,Men’s Mesh Running Shoes,14.5,2.12,https://detail.1688.com/offer/1076908259386.html,included,
1075802686304,running-shoes,男士新款春秋季运动鞋轻便缓震男鞋回弹防滑厚底户外休闲跑步鞋男,Men’s Chunky-Sole Running Shoes,27,3.94,https://detail.1688.com/offer/1075802686304.html,included,
1072130429322,running-shoes,大码镂空情侣运动鞋飞织网面透气休闲鞋男女同款厚底减震跑步鞋男,Unisex Mesh Chunky-Sole Running Shoes,24,3.5,https://detail.1688.com/offer/1072130429322.html,included,
1071811085051,running-shoes,2026春夏季跑步鞋防水百搭软底轻便飞织运动轻便休闲鞋透气网面男,Men’s Mesh Running Shoes,13.88,2.03,https://detail.1688.com/offer/1071811085051.html,included,
1071748665427,running-shoes,2026春季新款男鞋网面透气运动鞋男时尚潮流跑步鞋轻便厚底休闲鞋,Men’s Mesh Chunky-Sole Running Shoes,21,3.07,https://detail.1688.com/offer/1071748665427.html,included,
1071696513846,running-shoes,新款2026年男鞋夏季运动鞋男士跑鞋网面透气学生体育跑步鞋子,Men’s Mesh Running Shoes,23,3.36,https://detail.1688.com/offer/1071696513846.html,included,
1071542389674,running-shoes | sports-shoes,外贸莆田鞋跨境纯原B25老爹鞋休闲鞋男鞋运动鞋情侣鞋跑步鞋潮流1,Unisex Running Shoes,158,23.07,https://detail.1688.com/offer/1071542389674.html,included,
1071420563937,running-shoes | sports-shoes,夏季男鞋休闲百搭透气防滑厚底运动潮鞋男士通勤户外跑步鞋工作鞋,Men’s Chunky-Sole Running Shoes,24,3.5,https://detail.1688.com/offer/1071420563937.html,included,
1071207668147,running-shoes,2026新款皮面休闲运动鞋子男鞋韩版百搭老爹鞋男士鞋子跑鞋学生鞋,Men’s Running Shoes,25,3.65,https://detail.1688.com/offer/1071207668147.html,included,
1071130439832,running-shoes,大码冷粘男鞋新款网面透气鞋休闲鞋超轻运动鞋软底防滑减震跑步鞋,Men’s Mesh Running Shoes,22,3.21,https://detail.1688.com/offer/1071130439832.html,included,
1071051023794,running-shoes,男鞋新款春秋透气薄款跑鞋男款休闲鞋飞织休闲透气运动鞋一件代发,Men’s Running Shoes,19,2.77,https://detail.1688.com/offer/1071051023794.html,included,
1070959914754,running-shoes,外贸大码高帮篮球鞋新款学生冰丝网面休闲运动鞋潮软底跑步鞋批发,Mesh Basketball Shoes,23,3.36,https://detail.1688.com/offer/1070959914754.html,included,
1070926415405,running-shoes,春夏季跑步鞋防水百搭软底轻便飞织运动轻便休闲鞋透气网面男鞋,Men’s Mesh Running Shoes,11.99,1.75,https://detail.1688.com/offer/1070926415405.html,included,
1070912367010,running-shoes,秋季飞织网面男鞋一脚蹬套脚懒人鞋透气轻便软底健步鞋男士休闲鞋,Men’s Mesh Slip-On Walking Shoes,21,3.07,https://detail.1688.com/offer/1070912367010.html,included,
1070817882430,running-shoes | sports-shoes,跨境 Gel-Kayano14缓震轻量耐磨户外网面运动男女跑步鞋耐磨减震,Unisex Mesh Running Shoes,138,20.15,https://detail.1688.com/offer/1070817882430.html,included,
1070805539378,running-shoes,男鞋新款网面男士休闲鞋透气轻便跑步鞋户外运动鞋软底百搭老爹鞋,Men’s Mesh Running Shoes,27.88,4.07,https://detail.1688.com/offer/1070805539378.html,included,
1070788686390,running-shoes,男式运动单鞋2024新款黑色网面透气防滑厚底休闲跑步鞋,Men’s Mesh Chunky-Sole Running Shoes,16,2.34,https://detail.1688.com/offer/1070788686390.html,included,
1070587198537,running-shoes,跨境春季休闲舒适轻便透气网面跑步运动鞋青少年学生男鞋飞织网鞋,Men’s Mesh Trainers,15.9,2.32,https://detail.1688.com/offer/1070587198537.html,included,
1070515687172,running-shoes,男士运动鞋新款鞋子男透气轻便跑步鞋男飞织男士休闲鞋男鞋跨境,Men’s Running Shoes,14.5,2.12,https://detail.1688.com/offer/1070515687172.html,included,
1070471389651,running-shoes,新款运动休闲鞋轻便复古学生鞋厚底增高跑步鞋时尚百搭老爹鞋,Chunky-Sole Running Shoes,26,3.8,https://detail.1688.com/offer/1070471389651.html,included,
1070438370843,running-shoes,男鞋2026夏季透气懒人一脚蹬大网运动网鞋跑步时尚潮流休闲网布鞋,Men’s Slip-On Casual Shoes,19.5,2.85,https://detail.1688.com/offer/1070438370843.html,included,
1070437272437,running-shoes,新款休闲男鞋潮流学生跑步鞋网红厚底老爹鞋外贸透气休闲鞋子男鞋,Men’s Chunky-Sole Running Shoes,19.5,2.85,https://detail.1688.com/offer/1070437272437.html,included,
1070433172954,running-shoes,男式潮鞋男春季新款男士运动休闲皮鞋男百搭青少年厚底跑步鞋男,Men’s Chunky-Sole Running Shoes,20,2.92,https://detail.1688.com/offer/1070433172954.html,included,
1070387600776,running-shoes,秋冬新款男鞋舒适跑步运动鞋潮流透气软底厚底外贸跨境休闲鞋子,Men’s Chunky-Sole Trainers,23,3.36,https://detail.1688.com/offer/1070387600776.html,included,
1070308828764,running-shoes,跨境批发男鞋潮流新款男士跑步鞋户外休闲运动鞋时尚网面透气鞋子,Men’s Mesh Running Shoes,16.88,2.46,https://detail.1688.com/offer/1070308828764.html,included,
1070293213506,running-shoes,2026新款春季高颜值断码潮流网红同款校园风情侣款男士运动鞋,Unisex Trainers,21.84,3.19,https://detail.1688.com/offer/1070293213506.html,included,
1070291598505,running-shoes,2026跨境批发男鞋新款休闲运动鞋时尚潮流软底舒适透气学生跑步鞋,Men’s Running Shoes,22.5,3.29,https://detail.1688.com/offer/1070291598505.html,included,
1070262909648,running-shoes,跨境男鞋运动鞋春季新款休闲舒适男士板鞋旅游鞋跑步鞋运动鞋男鞋,Men’s Running Shoes,20,2.92,https://detail.1688.com/offer/1070262909648.html,included,
1070080092109,running-shoes,男女同款经典厚底运动鞋时尚情侣鞋百搭老爹鞋潮流透气舒适跑步鞋,Unisex Chunky-Sole Running Shoes,23,3.36,https://detail.1688.com/offer/1070080092109.html,included,
1070015692643,running-shoes,作训鞋男透气训练鞋正品黑色轻便软底跑步鞋久站不累军训鞋子男款,Men’s Training Shoes,17,2.48,https://detail.1688.com/offer/1070015692643.html,included,
1070015058806,running-shoes,跨境男鞋秋季新款网面透气跑步运动鞋韩版潮流时尚休闲厚底老爹鞋,Men’s Mesh Chunky-Sole Trainers,19.9,2.91,https://detail.1688.com/offer/1070015058806.html,included,
1069985827513,running-shoes | sports-shoes,GEL-NYC跑步鞋跨境男女鞋复古耐磨缓震户外运动鞋网面透气休闲鞋,Unisex Mesh Running Shoes,158,23.07,https://detail.1688.com/offer/1069985827513.html,included,
1069940356701,running-shoes,网面运动鞋劳保鞋潮流时尚休闲透气缓震慢跑运动鞋软底旅游鞋子男,Men’s Mesh Trainers,19.9,2.91,https://detail.1688.com/offer/1069940356701.html,included,
1069935382227,running-shoes | sports-shoes,男士运动鞋跨境批发男舒适休闲鞋旅游鞋韩版潮流百搭跑步鞋子批发,Men’s Running Shoes,19,2.77,https://detail.1688.com/offer/1069935382227.html,included,
1069815412433,running-shoes,网眼夏天男女同款太极鞋夏季透气鞋锻炼鞋平底牛筋底太极鞋批发,Unisex Training Shoes,18,2.63,https://detail.1688.com/offer/1069815412433.html,included,
1069801088616,running-shoes | sports-shoes,莆田跨境D家B22潮牌运动鞋CD字母老爹鞋男女透气休闲鞋大码跑步鞋,Unisex Running Shoes,158,23.07,https://detail.1688.com/offer/1069801088616.html,included,
1069732945247,running-shoes,TEMU跨境爆款男鞋透气软底跑步鞋轻便大码休闲运动鞋外贸一件代发,Men’s Running Shoes,21.9,3.2,https://detail.1688.com/offer/1069732945247.html,included,
1069707369193,running-shoes | sports-shoes,跨境男鞋厚底舒适运动鞋透气青少年跑步鞋潮流老爹鞋时尚百搭男鞋,Men’s Chunky-Sole Running Shoes,19,2.77,https://detail.1688.com/offer/1069707369193.html,included,
1069680130564,running-shoes | sports-shoes,跨境男鞋轻便百搭老爹鞋男士运动鞋低帮撞色休闲鞋透气韩版跑步鞋,Men’s Running Shoes,19,2.77,https://detail.1688.com/offer/1069680130564.html,included,
1069476894361,running-shoes | sports-shoes,P家欧美跨境漆皮网面运动鞋厚底增高休闲鞋面蓝色时尚跑步鞋男女,Unisex Mesh Chunky-Sole Running Shoes,199,29.06,https://detail.1688.com/offer/1069476894361.html,included,
1069468740126,running-shoes,温州运动鞋批发网面厚底男鞋老爹鞋跑步旅游鞋实体店摆摊鞋子批发,Men’s Mesh Chunky-Sole Trainers,8.4,1.23,https://detail.1688.com/offer/1069468740126.html,included,
1069411078104,running-shoes,盒装男鞋秋季运动鞋男士休闲鞋子男潮鞋百搭透气网面跑步鞋批发,Men’s Mesh Running Shoes,7.9,1.15,https://detail.1688.com/offer/1069411078104.html,included,
1069403089961,running-shoes,回力男鞋夏运动透气网面休闲减震跑步竞速碳板专业跑鞋,Men’s Mesh Running Shoes,18,2.63,https://detail.1688.com/offer/1069403089961.html,included,
1069219348010,running-shoes,跨境运动鞋薄款飞织网面鞋轻便透气休闲鞋潮流简约软底学生跑步鞋,Mesh Running Shoes,15,2.19,https://detail.1688.com/offer/1069219348010.html,included,
1069195703541,running-shoes | sports-shoes,跨境春秋季布鞋老年健步鞋休闲鞋一脚蹬中年爸爸帆布单鞋透气轻便,Slip-On Walking Shoes,11.5,1.68,https://detail.1688.com/offer/1069195703541.html,included,
1069149179346,running-shoes,跨境外贸订单R版origin TKWONDO训练鞋低帮防男女同款运动鞋批发,Unisex Training Shoes,145,21.17,https://detail.1688.com/offer/1069149179346.html,included,
1069113340428,running-shoes,四季款新式体能训练夏季黑色作训透气跑步鞋运动鞋跨境网面透气鞋,Mesh Running Shoes,17,2.48,https://detail.1688.com/offer/1069113340428.html,included,
1069051768716,running-shoes,跨境代发夏季轻便单鞋网简约工装豹子镂空休闲透气运动鞋跑步潮鞋,Trainers,17.99,2.63,https://detail.1688.com/offer/1069051768716.html,included,
1069022247109,running-shoes | sports-shoes,莆田鞋跨境 NB740舒适百搭防滑低帮跑步鞋网面透气男女同款运动鞋,Unisex Mesh Running Shoes,158,23.07,https://detail.1688.com/offer/1069022247109.html,included,
1068835821625,running-shoes | sports-shoes,阿甘男鞋2026夏季新款轻便软底男士休闲鞋减震运动鞋子男款跑步鞋,Men’s Running Shoes,22,3.21,https://detail.1688.com/offer/1068835821625.html,included,
1068703992959,running-shoes,跨境2026男鞋新款夏季透气防臭薄款网面跑步运动休闲椰子大码网鞋,Men’s Mesh Casual Shoes,21,3.07,https://detail.1688.com/offer/1068703992959.html,included,
1068674519420,running-shoes,批发秋冬季新款男士运动鞋透气跑步鞋软底舒适时尚潮搭休闲男鞋,Men’s Running Shoes,20.9,3.05,https://detail.1688.com/offer/1068674519420.html,included,
1068598376284,running-shoes,夏季男士登山涉水钓鱼工装鞋网面透气软底拼接休闲跑步运动鞋,Men’s Mesh Trainers,23.73,3.46,https://detail.1688.com/offer/1068598376284.html,included,
1068480495152,running-shoes,男士2026秋季透气镂空平底拼色新款一脚蹬防滑耐磨百搭跑步休闲鞋,Men’s Slip-On Casual Shoes,14.89,2.17,https://detail.1688.com/offer/1068480495152.html,included,
1068290755804,running-shoes,运动鞋男新款夏季网面透气男鞋运动休闲鞋时尚百搭舒适男士跑步鞋,Men’s Mesh Running Shoes,17,2.48,https://detail.1688.com/offer/1068290755804.html,included,
1068254131604,running-shoes,男鞋2026新款夏季潮牌百搭厚底运动鞋青少年软底跑步老爹潮鞋跨境,Men’s Chunky-Sole Trainers,23,3.36,https://detail.1688.com/offer/1068254131604.html,included,
1068251784070,running-shoes | sports-shoes,男鞋2026新款时尚潮搭软底休闲鞋子秋季黑色透气舒适跑步运动鞋,Men’s Trainers,18.9,2.76,https://detail.1688.com/offer/1068251784070.html,included,
1068240014897,running-shoes,新款跨境黑色作训鞋春秋季户外登山网面透气轻便跑步鞋体能训练鞋,Mesh Training Shoes,19.9,2.91,https://detail.1688.com/offer/1068240014897.html,included,
1068205725594,running-shoes,新款男士网面透气运动鞋百搭潮鞋软底减震除味超轻跑鞋休闲鞋批发,Men’s Mesh Running Shoes,28,4.09,https://detail.1688.com/offer/1068205725594.html,included,
1068203089303,running-shoes,爆款代发春秋季透气轻便学生运动鞋休闲舒适韩版男士时尚跑步单鞋,Men’s Trainers,8.3,1.21,https://detail.1688.com/offer/1068203089303.html,included,
1068012771670,running-shoes,大码亚麻布鞋男休闲开车鞋透气防滑懒人鞋运动跑步一脚蹬包头男鞋,Men’s Slip-On Driving Loafers,22,3.21,https://detail.1688.com/offer/1068012771670.html,included,
1067973593234,running-shoes,跨境大码男鞋一脚蹬懒人鞋舒适软底休闲鞋透气布面男式跑步运动鞋,Men’s Slip-On Trainers,21,3.07,https://detail.1688.com/offer/1067973593234.html,included,
1067965601297,running-shoes,透气防臭鞋轻便软底网面男士夏季耐磨舒适青年时尚防滑超轻跑步鞋,Men’s Mesh Running Shoes,6.9,1.01,https://detail.1688.com/offer/1067965601297.html,included,
1067959753040,running-shoes,男鞋2026新款秋季网面透气上班跑步鞋男士休闲防臭轻便黑色运动鞋,Men’s Mesh Running Shoes,16.29,2.38,https://detail.1688.com/offer/1067959753040.html,included,
1067954093131,running-shoes,春秋新款透气休闲鞋韩版时尚潮流百搭网面学生运动鞋防滑跑步潮鞋,Mesh Trainers,7.5,1.1,https://detail.1688.com/offer/1067954093131.html,included,
1067946117641,running-shoes,男鞋批发秋季鞋子男士运动鞋时尚软底跑步休闲潮鞋外贸韩版椰子鞋,Men’s Trainers,7.5,1.1,https://detail.1688.com/offer/1067946117641.html,included,
1067935212152,running-shoes,大码皮鞋新款男士休闲鞋软底软面跑步运动韩版潮流休闲透气舒适鞋,Men’s Dress Shoes,12,1.75,https://detail.1688.com/offer/1067935212152.html,included,
1067915047260,running-shoes | sports-shoes,跨境户外GEL-NYC低帮耐磨网面透气运动鞋舒适防滑男女情侣跑步鞋,Unisex Mesh Running Shoes,135,19.71,https://detail.1688.com/offer/1067915047260.html,included,
1067912982159,running-shoes,夏季男鞋新款透气网面鞋子男潮流百搭厚底运动鞋休闲跑步老爹鞋男,Men’s Mesh Chunky-Sole Trainers,15.5,2.26,https://detail.1688.com/offer/1067912982159.html,included,
1067905834812,running-shoes,爆款夏季鞋子男鞋新款透气网面男潮流百搭厚底运动鞋休闲跑步鞋男,Men’s Mesh Chunky-Sole Running Shoes,15.5,2.26,https://detail.1688.com/offer/1067905834812.html,included,
1067861704330,running-shoes,严选跨境大码新款男士运动鞋舒适质感时尚百搭透气休闲跑步鞋男鞋,Men’s Running Shoes,13.5,1.97,https://detail.1688.com/offer/1067861704330.html,included,
1067859236883,running-shoes,男士鞋子春季潮鞋轻便跑步休闲镂空鞋男鞋夏季运动鞋批发跨境外贸,Men’s Trainers,6.9,1.01,https://detail.1688.com/offer/1067859236883.html,included,
1067779833112,running-shoes,黑色网面透气休闲男鞋2026新款春夏超轻软底男休闲运动鞋缓震,Men’s Mesh Trainers,13.5,1.97,https://detail.1688.com/offer/1067779833112.html,included,
1067667218025,running-shoes,男鞋冬季透气2026新款薄款潮流运动休闲帆布一脚蹬平板鞋工作潮鞋,Men’s Slip-On Trainers,27,3.94,https://detail.1688.com/offer/1067667218025.html,included,
1067628877880,running-shoes,夏季男士登山涉水钓鱼工装鞋网面透气软底拼接休闲跑步运动鞋,Men’s Mesh Trainers,26.27,3.84,https://detail.1688.com/offer/1067628877880.html,included,
1067619164270,running-shoes,跨境运动鞋男款鞋男士休闲跑步鞋子网面男鞋夏季男鞋透气休闲鞋,Men’s Mesh Running Shoes,15,2.19,https://detail.1688.com/offer/1067619164270.html,included,
1067573497116,running-shoes,透气跑步潮鞋学生男款篮球休闲运动鞋跨境批发大码高帮篮球鞋男鞋,Men’s Basketball Shoes,22,3.21,https://detail.1688.com/offer/1067573497116.html,included,
1067530173556,running-shoes,男式运动鞋网面透气运动休闲鞋时尚百搭薄款板鞋软底运动跑步男鞋,Men’s Mesh Trainers,21.5,3.14,https://detail.1688.com/offer/1067530173556.html,included,
1067415626051,running-shoes,男鞋夏季透气飞织网面运动鞋男士跑步防滑老爹鞋轻便休闲鞋,Men’s Mesh Trainers,11,1.61,https://detail.1688.com/offer/1067415626051.html,included,
1067265644217,running-shoes,运动鞋N字同款轻便舒适跑步鞋新款潮流百搭户外休闲男鞋运动鞋子,Men’s Running Shoes,26.6,3.88,https://detail.1688.com/offer/1067265644217.html,included,
1067183602269,running-shoes,一件代发男士运动鞋系带舒适轻便跑步鞋软底批发单鞋春秋夏季跨境,Men’s Lace-Up Running Shoes,8.2,1.2,https://detail.1688.com/offer/1067183602269.html,included,
1067083731582,running-shoes,夏季男鞋新款透气网面鞋子男潮流百搭厚底运动鞋休闲跑步老爹鞋男,Men’s Mesh Chunky-Sole Trainers,15.5,2.26,https://detail.1688.com/offer/1067083731582.html,included,
1067056986744,running-shoes,跨境男鞋篮球鞋透气飞织系带厚底运动鞋新款户外休闲跑步鞋大码鞋,Men’s Lace-Up Chunky-Sole Basketball Shoes,21,3.07,https://detail.1688.com/offer/1067056986744.html,included,
1066971103794,running-shoes,运动鞋男夏季冰丝网面透气跑步鞋轻便舒适简约百搭男鞋系带鞋子男,Men’s Mesh Lace-Up Running Shoes,22,3.21,https://detail.1688.com/offer/1066971103794.html,included,
1066877040251,running-shoes,夏季男鞋新款透气网面鞋子男潮流百搭厚底运动鞋休闲跑步老爹鞋男,Men’s Mesh Chunky-Sole Trainers,16,2.34,https://detail.1688.com/offer/1066877040251.html,included,
1066716885410,running-shoes,夏季男士新款冰丝网面透气跑步运动鞋超轻厚底潮流休闲运动男鞋,Men’s Mesh Chunky-Sole Trainers,13.3,1.94,https://detail.1688.com/offer/1066716885410.html,included,
1066712549588,running-shoes,跑步鞋男士春夏网面透气休闲鞋超轻软底防滑减震防滑学生鞋运动鞋,Men’s Mesh Running Shoes,13.3,1.94,https://detail.1688.com/offer/1066712549588.html,included,
1066705920631,running-shoes,男款运动单鞋阿甘鞋网面透气百搭休闲鞋男士跑步厚底学生老爹鞋子,Men’s Mesh Chunky-Sole Trainers,21,3.07,https://detail.1688.com/offer/1066705920631.html,included,
1066702057645,running-shoes,飞织椰子鞋男夏季薄款软底驾车鞋潮流帕拉鞋跑步运动厚底男鞋批发,Men’s Chunky-Sole Casual Shoes,12.3,1.8,https://detail.1688.com/offer/1066702057645.html,included,
1066691938758,running-shoes | sports-shoes,跨境昂家O跑步新款Cloudsolo Losewe 3.0 舒适休闲百搭运动男女鞋,Unisex Casual Shoes,159,23.22,https://detail.1688.com/offer/1066691938758.html,included,
1066691112706,running-shoes,运动男鞋新款春秋季学生超轻减震软底跑步鞋男女款网面运动休闲鞋,Unisex Mesh Running Shoes,26.5,3.87,https://detail.1688.com/offer/1066691112706.html,included,
1066650896979,running-shoes,2026新款春季男士网面透气老爹鞋运动休闲潮鞋厚底增高跑步鞋子男,Men’s Mesh Chunky-Sole Running Shoes,17.5,2.56,https://detail.1688.com/offer/1066650896979.html,included,
1066604583496,running-shoes,运动鞋男鞋男士夏季新款高帮跑步鞋子青少年休闲软底篮球鞋厂家批,Men’s Basketball Shoes,25,3.65,https://detail.1688.com/offer/1066604583496.html,included,
1066392483129,running-shoes,男鞋子2026新款透气休闲百搭黑色男鞋跑步鞋软底防滑鞋网面运动鞋,Men’s Mesh Running Shoes,13.5,1.97,https://detail.1688.com/offer/1066392483129.html,included,
1066379816495,running-shoes,【新款】户外百搭皮面运动鞋男防水防滑跑步男士休闲老爹时尚潮鞋,Men’s Trainers,11.8,1.72,https://detail.1688.com/offer/1066379816495.html,included,
1066372236648,running-shoes,2026年新款运动男鞋厚底增高气垫鞋舒适百搭跑步鞋男女同款阿甘鞋,Unisex Chunky-Sole Running Shoes,21,3.07,https://detail.1688.com/offer/1066372236648.html,included,
1066357895626,running-shoes,批发男鞋四季款男士运动鞋网面透气潮流百搭休闲鞋冷粘轻便跑步鞋,Men’s Mesh Running Shoes,28,4.09,https://detail.1688.com/offer/1066357895626.html,included,
1066318656145,running-shoes,网红爆款男鞋春秋2026新款百搭运动休闲跑步增高青少年网面老爹鞋,Men’s Mesh Trainers,18.99,2.77,https://detail.1688.com/offer/1066318656145.html,included,
1066271738746,running-shoes | sports-shoes,GEL-NYC跑步鞋跨境男女鞋复古耐磨缓震户外运动鞋网面透气休闲鞋,Unisex Mesh Running Shoes,168,24.53,https://detail.1688.com/offer/1066271738746.html,included,
1066151753252,running-shoes | sports-shoes,纯原TRAIL5 GTX登月飞马男女越野跑步鞋耐摩防滑情侣马拉松慢跑鞋,Unisex Running Shoes,178,25.99,https://detail.1688.com/offer/1066151753252.html,included,
1066151231368,running-shoes,夏季男鞋新款透气网面鞋子男潮流百搭厚底运动鞋休闲跑步老爹鞋男,Men’s Mesh Chunky-Sole Trainers,15.99,2.33,https://detail.1688.com/offer/1066151231368.html,included,
1066118593779,running-shoes,男鞋夏季透气防臭健步鞋男一脚蹬超轻薄网面鞋防滑软底超轻跑步鞋,Men’s Mesh Slip-On Walking Shoes,6.8,0.99,https://detail.1688.com/offer/1066118593779.html,included,
1066098273098,running-shoes,新款厚底运动鞋男PU网面软底防水休闲黑色工作鞋耐脏鞋防滑跑步鞋,Men’s Mesh Chunky-Sole Running Shoes,15.5,2.26,https://detail.1688.com/offer/1066098273098.html,included,
1066077080736,running-shoes,2026夏季新款男鞋透气休闲运动鞋网面舒适鞋子男款软底百搭跑步鞋,Men’s Mesh Running Shoes,22,3.21,https://detail.1688.com/offer/1066077080736.html,included,
1065973717470,running-shoes,春夏新款男鞋网红运动鞋跑步潮流百搭男款鞋子轻便男士休闲小板鞋,Men’s Trainers,12.5,1.83,https://detail.1688.com/offer/1065973717470.html,included,
1065890473858,running-shoes,外贸大码男鞋青年轻便透气休闲运动鞋子男士舒适时尚超轻跑步鞋男,Men’s Running Shoes,24.5,3.58,https://detail.1688.com/offer/1065890473858.html,included,
1065808571576,running-shoes | sports-shoes,莆田跨境NB530经典白银色灰银色百搭男女网面透气运动户外跑步鞋,Unisex Mesh Running Shoes,118,17.23,https://detail.1688.com/offer/1065808571576.html,included,
1065800962432,running-shoes,飞织男鞋2026新款夏季透气网面休闲运动鞋跑步减震增高小白老爹鞋,Men’s Mesh Trainers,23,3.36,https://detail.1688.com/offer/1065800962432.html,included,
1065682139947,running-shoes,夏季网面透气老爹鞋男舒适气垫运动休闲鞋PVC橡胶底轻便百搭潮鞋,Men’s Mesh Trainers,19.5,2.85,https://detail.1688.com/offer/1065682139947.html,included,
1065675725980,running-shoes,皮面跑步鞋特大码36 47码防水百搭软底轻便运动休闲鞋透气网面鞋,Mesh Running Shoes,23.5,3.43,https://detail.1688.com/offer/1065675725980.html,included,
1065625017175,running-shoes | sports-shoes,新式作训鞋男黑色超轻消防体能训练鞋夏季透气户外徒步跨境鞋子男,Men’s Training Shoes,20,2.92,https://detail.1688.com/offer/1065625017175.html,included,
1065453621699,running-shoes | sports-shoes,男鞋厚底时尚潮流运动休闲鞋户外运动舒适百搭跑步鞋透气休闲男鞋,Men’s Chunky-Sole Running Shoes,22,3.21,https://detail.1688.com/offer/1065453621699.html,included,
1065363266700,running-shoes,2026男鞋新款轻便舒适男士运动鞋跑步鞋时尚潮流运动鞋软底网面,Men’s Mesh Running Shoes,12.99,1.9,https://detail.1688.com/offer/1065363266700.html,included,
1065282008583,running-shoes,2026新款男春夏季超轻透气网面男士鞋软底防滑耐磨运动休闲跑步鞋,Men’s Mesh Running Shoes,12,1.75,https://detail.1688.com/offer/1065282008583.html,included,
1065262499741,running-shoes | sports-shoes,正品3520双层面解放鞋训练鞋军训鞋特训鞋橡胶防滑耐磨迷彩鞋胶鞋,Training Shoes,17.5,2.56,https://detail.1688.com/offer/1065262499741.html,included,
1065249485641,running-shoes,2026男士夏季透气网面运动鞋软底防滑休闲鞋青少年跑步鞋潮鞋男鞋,Men’s Mesh Running Shoes,24,3.5,https://detail.1688.com/offer/1065249485641.html,included,
1065171905472,running-shoes,2026新款春季夏季透气飞织网面鞋男士百搭跑步运动鞋休闲开车男鞋,Men’s Mesh Trainers,18.9,2.76,https://detail.1688.com/offer/1065171905472.html,included,
1065132897404,running-shoes,2026秋季新款潮流男鞋轻便舒适休闲鞋厚底增高青年跑步男式运动鞋,Men’s Chunky-Sole Trainers,19.5,2.85,https://detail.1688.com/offer/1065132897404.html,included,
1065119026153,running-shoes,男款鞋子四季款镂空网面跑步鞋时尚透气运动鞋软底轻便男式休闲鞋,Men’s Mesh Running Shoes,19.5,2.85,https://detail.1688.com/offer/1065119026153.html,included,
1065067570509,running-shoes,2026飞织潮流运动鞋男士休闲跑步鞋春秋款透气耐磨情侣鞋批发潮牌,Unisex Running Shoes,8.5,1.24,https://detail.1688.com/offer/1065067570509.html,included,
1065053009135,running-shoes,2026新款布鞋夏季男休闲开车鞋透气防滑懒人鞋运动跑步一脚蹬男鞋,Men’s Slip-On Driving Loafers,23,3.36,https://detail.1688.com/offer/1065053009135.html,included,
1065021764083,running-shoes,男鞋夏季透气网眼镂空轻便网鞋网面薄款青年软底跑步运动休闲潮鞋,Men’s Mesh Casual Shoes,13,1.9,https://detail.1688.com/offer/1065021764083.html,included,
1065019752281,running-shoes,男鞋休闲韩版运动帆布跑步鞋圆头潮鞋青年工作鞋春秋学生防滑布鞋,Men’s Running Shoes,7.5,1.1,https://detail.1688.com/offer/1065019752281.html,included,
1064999788828,running-shoes,2026新款春季男鞋休闲鞋男潮流百搭厚底运动鞋休闲跑步鞋透气鞋子,Men’s Chunky-Sole Running Shoes,27.5,4.02,https://detail.1688.com/offer/1064999788828.html,included,
1064897135752,running-shoes,复古老爹鞋阿甘鞋2026春秋季新款轻便透气休闲鞋软底运动跑步男鞋,Men’s Trainers,16.99,2.48,https://detail.1688.com/offer/1064897135752.html,included,
1064715553585,running-shoes,2026夏季布鞋男休闲开车鞋透气舒适懒人鞋运动跑步一脚蹬包头男鞋,Men’s Slip-On Driving Loafers,21.9,3.2,https://detail.1688.com/offer/1064715553585.html,included,
1064644147953,running-shoes | sports-shoes,夏季百搭休闲网鞋网面鞋透气鞋运动鞋阿甘鞋跑步鞋潮鞋运动鞋男鞋,Men’s Mesh Running Shoes,19.5,2.85,https://detail.1688.com/offer/1064644147953.html,included,
1064613686018,running-shoes,男鞋跨境飞织网面透气运动鞋厚底减震百搭通勤鞋跑步男士镂空潮鞋,Men’s Mesh Chunky-Sole Trainers,19.9,2.91,https://detail.1688.com/offer/1064613686018.html,included,
1064556821422,running-shoes,批发夏季男鞋新款透气网面鞋子男潮流百搭运动鞋休闲跑步老爹鞋男,Men’s Mesh Trainers,20,2.92,https://detail.1688.com/offer/1064556821422.html,included,
1064529555298,running-shoes,外贸大码男鞋青年轻便透气休闲鞋运动鞋子男士透气轻便休闲跑步鞋,Men’s Running Shoes,24,3.5,https://detail.1688.com/offer/1064529555298.html,included,
1064521775421,running-shoes,新款男鞋时尚潮流潮搭浅色男士休闲鞋防滑耐磨跑步运动鞋外贸批发,Men’s Trainers,24.5,3.58,https://detail.1688.com/offer/1064521775421.html,included,
1064478595688,running-shoes,男鞋2026跑步鞋新款网面舒适运动鞋透气运动鞋减震轻便休闲跑步鞋,Men’s Mesh Running Shoes,22.88,3.34,https://detail.1688.com/offer/1064478595688.html,included,
1064478183699,running-shoes,运动鞋2026新款情侣休闲运动鞋子潮流经典百搭跑步鞋跨境厂家批发,Unisex Running Shoes,25.9,3.78,https://detail.1688.com/offer/1064478183699.html,included,
1064450330341,running-shoes,外贸男鞋网面运动鞋跑步鞋轻便透气鞋子学生时尚百搭厚底老爹鞋,Men’s Mesh Chunky-Sole Running Shoes,20,2.92,https://detail.1688.com/offer/1064450330341.html,included,
1064422248174,running-shoes,碳板跑步鞋男女超轻体测比赛训练运动鞋减震防滑竞速大童跑鞋,Unisex Running Shoes,45,6.57,https://detail.1688.com/offer/1064422248174.html,included,
1064378600791,running-shoes | sports-shoes,跑步鞋跨境男女鞋复古耐磨缓震户外运动鞋网面透气休闲鞋,Unisex Mesh Running Shoes,130,18.98,https://detail.1688.com/offer/1064378600791.html,included,
1064357240880,running-shoes,外贸情侣鞋夏新款网面透气跑步鞋轻便软底运动鞋简约时尚休闲鞋子,Unisex Mesh Running Shoes,22,3.21,https://detail.1688.com/offer/1064357240880.html,included,
1064337585907,running-shoes,透气夏季男鞋网面软底耐磨防滑男士运动鞋休闲鞋休闲防臭黑色跑步,Men’s Mesh Trainers,14,2.04,https://detail.1688.com/offer/1064337585907.html,included,
1064336665066,running-shoes,10元跑量鞋子男女鞋运动鞋男款秋季新款日常休闲鞋潮流百搭男鞋,Unisex Trainers,20,2.92,https://detail.1688.com/offer/1064336665066.html,included,
1064311729970,running-shoes,福建源头跑步鞋子轻底耐磨男鞋运动鞋现货门店男款鞋子防滑休闲鞋,Men’s Running Shoes,23,3.36,https://detail.1688.com/offer/1064311729970.html,included,
1064247217165,running-shoes,跨境薄款飞织网面运动鞋鞋轻便透气软底学生跑步鞋潮流简约休闲鞋,Mesh Running Shoes,10.2,1.49,https://detail.1688.com/offer/1064247217165.html,included,
1064232055865,running-shoes,运动鞋时尚高级感男鞋N字运动男鞋运动鞋舒适轻便百搭休闲跑步鞋,Men’s Running Shoes,24.88,3.63,https://detail.1688.com/offer/1064232055865.html,included,
1064215176511,running-shoes,外贸时尚运动鞋男女同款软底减震跑步鞋休闲百搭广场舞皮面跨境鞋,Unisex Running Shoes,18,2.63,https://detail.1688.com/offer/1064215176511.html,included,
1064157298708,running-shoes,2026年新款夏季透气网面男鞋潮流百搭厚底运动鞋休闲跑步老爹潮鞋,Men’s Mesh Chunky-Sole Trainers,24,3.5,https://detail.1688.com/offer/1064157298708.html,included,
1064119400409,running-shoes,外贸跨境大码男鞋2026透气网面男士休闲运动鞋防滑耐磨老爹跑步鞋,Men’s Mesh Running Shoes,21,3.07,https://detail.1688.com/offer/1064119400409.html,included,
1064084091278,running-shoes,运动男鞋聚氨酯轻便减震男鞋软底舒适耐穿透气中学生跑步健身鞋子,Men’s Casual Shoes,27,3.94,https://detail.1688.com/offer/1064084091278.html,included,
1064042361321,running-shoes,新款舒适健步鞋男款防滑耐磨一脚蹬帆布鞋软底男鞋轻便透气男鞋,Men’s Slip-On Walking Shoes,7.8,1.14,https://detail.1688.com/offer/1064042361321.html,included,
1063948863422,running-shoes,批发男鞋夏季新款舒适厚底运动鞋男休闲百搭老爹鞋透气网面跑步鞋,Men’s Mesh Chunky-Sole Running Shoes,20,2.92,https://detail.1688.com/offer/1063948863422.html,included,
1063884321163,running-shoes,男女同款运动鞋网面透气老爹鞋休闲软底时尚跑步情侣鞋飞织运动鞋,Unisex Mesh Trainers,15.99,2.33,https://detail.1688.com/offer/1063884321163.html,included,
1063751589270,running-shoes,外贸现货潮鞋男士运动鞋休闲鞋男跑步轻量运动鞋春季新款网面飞织,Men’s Mesh Trainers,6.3,0.92,https://detail.1688.com/offer/1063751589270.html,included,
1063749145811,running-shoes,男鞋2026秋季新款休闲鞋子男士跑步运动鞋青年黑色工作鞋一件代发,Men’s Trainers,8.2,1.2,https://detail.1688.com/offer/1063749145811.html,included,
1063710661673,running-shoes,2026夏季新款时尚轻便跑鞋男学生缓震透气回弹训练运动鞋男鞋批发,Men’s Running Shoes,22.9,3.34,https://detail.1688.com/offer/1063710661673.html,included,
1063680612118,running-shoes,夏季新款软底休闲运动鞋男透气网面椰子鞋男鞋百搭学生网红跑步鞋,Men’s Mesh Running Shoes,24.5,3.58,https://detail.1688.com/offer/1063680612118.html,included,
1063634407130,running-shoes,男鞋春季新款韩版跑步鞋外贸跨境新款男鞋轻便透气软底运动鞋子,Men’s Running Shoes,16.58,2.42,https://detail.1688.com/offer/1063634407130.html,included,
1063603036300,running-shoes,2026夏季新款透气男女休闲鞋飞织袜子鞋一脚蹬男鞋软底跑步运动鞋,Unisex Slip-On Trainers,17.5,2.56,https://detail.1688.com/offer/1063603036300.html,included,
1063579463499,running-shoes,欧伦夏季新款镂空透气网面运动鞋一脚蹬软底轻便减震飞织跑步男鞋,Men’s Mesh Slip-On Trainers,10.6,1.55,https://detail.1688.com/offer/1063579463499.html,included,
1063520982786,running-shoes,2026夏季网面阿甘男鞋复古厚底老爹鞋透气休闲运动鞋潮搭跑步鞋,Men’s Mesh Chunky-Sole Running Shoes,22,3.21,https://detail.1688.com/offer/1063520982786.html,included,
1063511735350,running-shoes,百搭厚底运动鞋夏季2026年新款透气网面男鞋潮流休闲跑步老爹潮鞋,Men’s Mesh Chunky-Sole Trainers,24,3.5,https://detail.1688.com/offer/1063511735350.html,included,
1063510705057,running-shoes,夏季透气运动鞋男网面鞋轻便软底减震防滑跑步鞋时尚休闲运动男鞋,Men’s Mesh Running Shoes,21,3.07,https://detail.1688.com/offer/1063510705057.html,included,
1063505881213,running-shoes,休闲运动鞋男士热卖百搭夏季潮鞋鞋子时尚学生跑步鞋网面男鞋批发,Men’s Mesh Running Shoes,25,3.65,https://detail.1688.com/offer/1063505881213.html,included,
1063438934847,running-shoes,男士登山鞋春秋皮面软底软面休闲鞋厚底百搭跑步运动鞋男式登山鞋,Men’s Chunky-Sole Hiking Shoes,17,2.48,https://detail.1688.com/offer/1063438934847.html,included,
1063419693321,running-shoes,跨境外贸爆款D家B22运动鞋潮流百搭男女情侣款增高厚底B30跑步鞋,Unisex Chunky-Sole Running Shoes,98,14.31,https://detail.1688.com/offer/1063419693321.html,included,
1063391191975,running-shoes,新款男鞋老北京布鞋男款帆布鞋透气休闲跑步运动鞋休闲板鞋爸爸鞋,Men’s Trainers,23.41,3.42,https://detail.1688.com/offer/1063391191975.html,included,
1063308915778,running-shoes,2026新式作训体能训练超轻耐磨夏季透气运动鞋黑色跑步消防解放鞋,Trainers,16,2.34,https://detail.1688.com/offer/1063308915778.html,included,
1063301919146,running-shoes,夏季新款老爹鞋男透气网面鞋休闲鞋男系带厚底运动鞋休闲跑步男鞋,Men’s Mesh Lace-Up Chunky-Sole Trainers,16.5,2.41,https://detail.1688.com/offer/1063301919146.html,included,
1063261648780,running-shoes,新款春季男鞋2026百搭潮鞋透气校园运动鞋男休闲跑步老爹鞋子男款,Men’s Trainers,20.1,2.93,https://detail.1688.com/offer/1063261648780.html,included,
1063249507303,running-shoes,夏季男鞋新款透气网面百搭厚底运动鞋休闲跑步老爹鞋潮,Men’s Mesh Chunky-Sole Trainers,15.5,2.26,https://detail.1688.com/offer/1063249507303.html,included,
1063232878465,running-shoes,夏季新款透气网面薄款白色运动鞋韩版轻便休闲软底防滑防臭跑步鞋,Mesh Running Shoes,7.2,1.05,https://detail.1688.com/offer/1063232878465.html,included,
1063221187182,running-shoes,轻便男鞋新款女鞋透气舒适网面软底运动休闲鞋潮流时尚百搭跑步鞋,Mesh Running Shoes,24,3.5,https://detail.1688.com/offer/1063221187182.html,included,
1063190432616,running-shoes,顶板欧洲站2026新款爱H家跨境厚底减震跑步鞋休闲小白鞋运动鞋爱,Chunky-Sole Running Shoes,16,2.34,https://detail.1688.com/offer/1063190432616.html,included,
1063184468301,running-shoes,春季新款2026软底男士运动休闲鞋时尚透气旅游男士休闲百搭跑步鞋,Men’s Running Shoes,16.66,2.43,https://detail.1688.com/offer/1063184468301.html,included,
1063057446871,running-shoes,夏季男鞋冰丝网面鞋休闲跑步运动鞋网红潮流学生透气薄款男士鞋子,Men’s Mesh Trainers,14,2.04,https://detail.1688.com/offer/1063057446871.html,included,
1063022001857,running-shoes,跨境莆田鞋纯原NB9060运动休闲鞋千禧小象蹄男女款增高跑步鞋潮流,Unisex Running Shoes,145,21.17,https://detail.1688.com/offer/1063022001857.html,included,
1062981139175,running-shoes,外贸男款夏季新款运动潮鞋防滑休闲跑步鞋飞织透气舒适小白鞋批发,Men’s Running Shoes,6.7,0.98,https://detail.1688.com/offer/1062981139175.html,included,
1062918213047,running-shoes,男鞋春秋季休闲百搭老爹鞋外贸潮流拼色学生运动跑步鞋厚底休闲鞋,Men’s Chunky-Sole Running Shoes,18.5,2.7,https://detail.1688.com/offer/1062918213047.html,included,
1062836180830,running-shoes,春秋季男鞋阿甘运动板鞋男士轻便透气跑步鞋休闲PU运动鞋潮鞋子男,Men’s Running Shoes,14,2.04,https://detail.1688.com/offer/1062836180830.html,included,
1062734279792,running-shoes,户外男士登山鞋休闲徒步运动男鞋跨境大码男鞋爸爸鞋中老年健步鞋,Men’s Hiking Shoes,19.5,2.85,https://detail.1688.com/offer/1062734279792.html,included,
1062720422725,running-shoes,2026夏季新款男鞋透气薄款单网镂空网面运动跑步休闲网鞋男款潮鞋,Men’s Mesh Casual Shoes,7.8,1.14,https://detail.1688.com/offer/1062720422725.html,included,
1062709588076,running-shoes,2026夏季新款男鞋网面透气韩版潮男运动鞋软底防臭防滑跑步休闲鞋,Men’s Mesh Trainers,23.2,3.39,https://detail.1688.com/offer/1062709588076.html,included,
1062654172157,running-shoes,2026新款夏季男士网面透气运动鞋软底轻便休闲跑步鞋男款,Men’s Mesh Running Shoes,17.5,2.56,https://detail.1688.com/offer/1062654172157.html,included,
1062636170856,running-shoes,夏季男鞋百搭厚底运动鞋休闲跑步老爹鞋男透气网面鞋子男夏季男鞋,Men’s Mesh Chunky-Sole Trainers,19.9,2.91,https://detail.1688.com/offer/1062636170856.html,included,
1062428540400,running-shoes,新款男鞋老北京布鞋男款帆布鞋透气休闲跑步运动鞋休闲板鞋爸爸鞋,Men’s Trainers,22.8,3.33,https://detail.1688.com/offer/1062428540400.html,included,
1062339880443,running-shoes,劳保鞋男鞋春季透气网面运动鞋韩版潮流厚底防滑休闲跑步老爹潮鞋,Men’s Mesh Chunky-Sole Trainers,23,3.36,https://detail.1688.com/offer/1062339880443.html,included,
1062331036971,running-shoes,夏季男款透气网面男鞋轻便软底透气舒适运动鞋潮流百搭学生跑步鞋,Men’s Mesh Running Shoes,18.5,2.7,https://detail.1688.com/offer/1062331036971.html,included,
1062325665954,running-shoes,潮流轻便百搭透气情侣跑步网面休闲运动鞋夏季网面鞋成年系带网布,Unisex Mesh Lace-Up Trainers,16.2,2.37,https://detail.1688.com/offer/1062325665954.html,included,
1062256327006,running-shoes,2026新款男鞋夏季休闲鞋百搭网面运动鞋男薄款透气跑步鞋跨境鞋子,Men’s Mesh Running Shoes,20.5,2.99,https://detail.1688.com/offer/1062256327006.html,included,
1062251189062,running-shoes,2026新款男鞋网面透气轻便跑步鞋厚底增高运动鞋潮流百搭休闲鞋男,Men’s Mesh Chunky-Sole Running Shoes,12.8,1.87,https://detail.1688.com/offer/1062251189062.html,included,
1062250423810,running-shoes,透气网面运动鞋男士2026新款夏季单薄款跑步鞋减震休闲防滑软底鞋,Men’s Mesh Running Shoes,7.5,1.1,https://detail.1688.com/offer/1062250423810.html,included,
1062166140138,running-shoes,男鞋2026夏季新款运动鞋男士跑鞋网面透气学生体育缓震跑步鞋子男,Men’s Mesh Running Shoes,23,3.36,https://detail.1688.com/offer/1062166140138.html,included,
1062155026604,running-shoes,新款气垫跑步鞋男士运动鞋增高舒适休闲鞋潮流大码男鞋跨境运动鞋,Men’s Running Shoes,23.89,3.49,https://detail.1688.com/offer/1062155026604.html,included,
1061995577984,running-shoes,跨境男鞋2026新款时尚潮流百搭运动休闲鞋男士户外运动跑步鞋批发,Men’s Running Shoes,15.5,2.26,https://detail.1688.com/offer/1061995577984.html,included,
1061945913341,running-shoes,2026新款皮面休闲运动鞋子男鞋韩版百搭老爹鞋男士鞋子跑鞋学生鞋,Men’s Running Shoes,23.5,3.43,https://detail.1688.com/offer/1061945913341.html,included,
1061850092593,running-shoes,跨境大码男款鞋子厚底皮面休闲鞋舒适跑步鞋百搭运动鞋潮流学生鞋,Men’s Chunky-Sole Running Shoes,15,2.19,https://detail.1688.com/offer/1061850092593.html,included,
1061845627679,running-shoes,运动鞋网面男鞋春季透气青少年跑步运动休闲厚底时尚黑武士老爹鞋,Men’s Mesh Chunky-Sole Trainers,20,2.92,https://detail.1688.com/offer/1061845627679.html,included,
1076446476814,running-shoes,23C小香风金银跑步鞋运动鞋银角大王金角增高老爹鞋厚底网面休闲,Mesh Chunky-Sole Running Shoes,180,26.28,https://detail.1688.com/offer/1076446476814.html,included,
1076435848057,running-shoes,38-47大码男鞋夏季男女同款运动鞋透气老爹鞋潮流减震耐磨跑步鞋,Unisex Running Shoes,45,6.57,https://detail.1688.com/offer/1076435848057.html,included,
1076405179052,running-shoes | sports-shoes,莆田鞋纯原跨境Gel-Kayano14低帮网层布面舒适百搭男女运动跑步鞋,Unisex Running Shoes,175,25.55,https://detail.1688.com/offer/1076405179052.html,included,
1076364575808,running-shoes | sports-shoes,新款莆田外贸 NYC男女户外越野休闲运动鞋缓震透气专业跑步鞋,Unisex Running Shoes,135,19.71,https://detail.1688.com/offer/1076364575808.html,included,
1076364399755,running-shoes | sports-shoes,跨境户外GEL-Kayano 14舒适防滑跑步鞋男女K14网面缓震轻便运动鞋,Unisex Mesh Running Shoes,115,16.79,https://detail.1688.com/offer/1076364399755.html,included,
1076341528911,running-shoes | sports-shoes,男鞋夏季2026新款潮牌百搭皮面运动鞋青少年软底跑步老爹潮鞋,Men’s Trainers,25,3.65,https://detail.1688.com/offer/1076341528911.html,included,
1076336552579,running-shoes,莆原GEL-Venture6跑步鞋情侣缓震耐磨跑鞋防滑时尚百搭网面运动鞋,Unisex Mesh Running Shoes,125,18.25,https://detail.1688.com/offer/1076336552579.html,included,
1076324532632,running-shoes | sports-shoes,新款男女户外徒步鞋透气轻便耐磨跑鞋爆款宽头大码休闲情侣运动鞋,Unisex Hiking Shoes,88,12.85,https://detail.1688.com/offer/1076324532632.html,included,
1076248537085,running-shoes,跨境鞋子男鞋秋季网面透气运动鞋男青少年潮鞋跑步防滑老爹鞋厚底,Men’s Mesh Chunky-Sole Trainers,53,7.74,https://detail.1688.com/offer/1076248537085.html,included,
1076225625824,running-shoes,男鞋夏季透气运动鞋男减震男士网面鞋轻便鞋子男软底跑步鞋不臭脚,Men’s Mesh Running Shoes,35,5.11,https://detail.1688.com/offer/1076225625824.html,included,
1076126267655,running-shoes,莆田鞋纯原AJ4男女头层牛皮减震耐磨防滑跨境外贸低帮运动篮球鞋,Unisex Basketball Shoes,130,18.98,https://detail.1688.com/offer/1076126267655.html,included,
1076040040444,running-shoes,新款莆田0跑跨境loudsurfer max鞋带配色专供儿童休闲运动跑鞋,Children’s Running Shoes,85,12.41,https://detail.1688.com/offer/1076040040444.html,included,
1076037783426,running-shoes | sports-shoes,莆田鞋外贸批发nb9060全掌气垫复古老爹鞋男女同款运动跑步鞋跨境,Unisex Running Shoes,168,24.53,https://detail.1688.com/offer/1076037783426.html,included,
1076032233841,running-shoes,跨境莆田鞋GEL-Nimbus 27减震跑步鞋 透气耐磨休闲百搭男女跑步鞋,Unisex Running Shoes,170,24.82,https://detail.1688.com/offer/1076032233841.html,included,
1076029597759,running-shoes | sports-shoes,跨境莆田鞋增高老爹香风银角大王一体休闲轻便网面百搭时尚跑步鞋,Mesh Running Shoes,160,23.36,https://detail.1688.com/offer/1076029597759.html,included,
1075978247183,running-shoes,时尚运动鞋2026新款运动鞋休闲跑步健身轻便跑步鞋透气软底跑步鞋,Running Shoes,15,2.19,https://detail.1688.com/offer/1075978247183.html,included,
1085480142673,running-shoes,新款Vomero Premium减震气垫男女运动休闲跑鞋,Unisex Running Shoes,175,25.55,https://detail.1688.com/offer/1085480142673.html,included,
1084200684164,running-shoes,跨境GEL-1130亚瑟男女士跑步鞋复古老爹鞋休闲运动舒适百搭运动鞋,Unisex Running Shoes,180,26.28,https://detail.1688.com/offer/1084200684164.html,included,
1084046030260,running-shoes,跨境外贸批发Zoom Alphafly 破3阿尔法三代碳板马拉松气垫跑步鞋,Running Shoes,227,33.15,https://detail.1688.com/offer/1084046030260.html,included,
1083068973476,running-shoes,四季纯色时尚休闲小白鞋皮面女士低帮系带平底鞋户外运动跑步鞋,Women’s Lace-Up Running Shoes,38,5.55,https://detail.1688.com/offer/1083068973476.html,included,
1080261195806,running-shoes,跨境爆款莆田GEL-KAYANO男女运动透气低帮复古跑步运动休闲老爹鞋,Unisex Trainers,188,27.45,https://detail.1688.com/offer/1080261195806.html,included,
1089187092843,running-shoes,跨境On昂跑Cloudtilt舒适百搭男女休闲跑步鞋莆田户外情侣运动鞋,Unisex Running Shoes,185,27.01,https://detail.1688.com/offer/1089187092843.html,included,
1088465125941,running-shoes,跨境AJ1倒钩篮球鞋男鞋女鞋低帮白棕黑武士乔1码休闲运动鞋跑步鞋,Basketball Shoes,169,24.68,https://detail.1688.com/offer/1088465125941.html,included,
1086808876108,running-shoes,纯原N471莆田鞋男女德训复古跑步鞋平底阿甘百搭运动通勤外贸鞋,Unisex Running Shoes,140,20.44,https://detail.1688.com/offer/1086808876108.html,included,
1086551748754,running-shoes,男鞋夏季透气薄款防臭黑色网鞋飞织网面运动跑步休闲软底轻便潮鞋,Men’s Mesh Casual Shoes,115,16.79,https://detail.1688.com/offer/1086551748754.html,included,
1086158306467,running-shoes,2025新款纯原 Pegasus 登月系列网面透气跑鞋 减震防滑休闲运动鞋,Mesh Running Shoes,298,43.51,https://detail.1688.com/offer/1086158306467.html,included,
1085595833780,running-shoes,外贸欧美站运动鞋男款AIR MAX 95气垫鞋OG Shoes大码鞋子女跑步鞋,Running Shoes,160,23.36,https://detail.1688.com/offer/1085595833780.html,included,
1084563095025,running-shoes,莆田纯原AIR MAX97子弹头气垫鞋反光男女情侣休闲运动鞋跨境,Unisex Trainers,170,24.82,https://detail.1688.com/offer/1084563095025.html,included,
1084527790554,running-shoes,Air Max95复古解剖风运动鞋 可视大气垫舒适男女同款潮跑鞋,Unisex Running Shoes,123,17.96,https://detail.1688.com/offer/1084527790554.html,included,
1084282210379,running-shoes,跨境AIR Max95气垫鞋莆田纯原外贸男女减震跑步鞋复古全掌运动鞋,Unisex Running Shoes,123,17.96,https://detail.1688.com/offer/1084282210379.html,included,
1084192459496,running-shoes,情侣跑鞋时尚休闲运动鞋网布透气运动跑步鞋潮搭增高休闲男鞋,Unisex Running Shoes,18,2.63,https://detail.1688.com/offer/1084192459496.html,included,
1084152240863,running-shoes,跨境外贸美津/农racer S 复古山系户外机能运动休闲跑步鞋潮流,Running Shoes,185,27.01,https://detail.1688.com/offer/1084152240863.html,included,
1084144358437,running-shoes,小香风银角大王运动鞋女2024新款网面百搭低帮休闲鞋厚底老爹鞋女,Women’s Mesh Chunky-Sole Trainers,225,32.85,https://detail.1688.com/offer/1084144358437.html,included,
1083889348368,running-shoes,莆田TN一代气垫鞋Max Plus跑鞋49色男女耐磨缓震回弹休闲运动潮鞋,Unisex Running Shoes,123,17.96,https://detail.1688.com/offer/1083889348368.html,included,
1083595635598,running-shoes,莆田外贸新款Air Max95全掌气垫运动男款老爹鞋大码透气跑步鞋厂,Men’s Running Shoes,165,24.09,https://detail.1688.com/offer/1083595635598.html,included,
1086152250842,running-shoes,新款跨境TN3代气垫鞋子 III PLUS 3运动鞋男女跑步鞋,Unisex Running Shoes,180,26.28,https://detail.1688.com/offer/1086152250842.html,included,
1083520658467,running-shoes,莆田鞋子纯原N860 V2Y2K千禧风NB运动休闲鞋男女复古老爹鞋跑步鞋,Unisex Running Shoes,250,36.5,https://detail.1688.com/offer/1083520658467.html,included,
1081299665568,running-shoes,运动鞋男内增高6CM春秋款潮鞋男士防滑防臭跑步鞋皮面防水男鞋子,Men’s Running Shoes,33,4.82,https://detail.1688.com/offer/1081299665568.html,included,
1080834956657,running-shoes,跨境莆田鞋轻量款网面透气防滑耐磨跑步鞋百搭休闲Kayano14运动鞋,Mesh Running Shoes,149,21.76,https://detail.1688.com/offer/1080834956657.html,included,
1080342704904,running-shoes,跨境新款跑步鞋碳板减震透气男女运动鞋青少年户外专业训练跑鞋,Unisex Running Shoes,82,11.97,https://detail.1688.com/offer/1080342704904.html,included,
1079721691564,running-shoes,男鞋2026新款春季气垫减震跑步运动鞋厚底增高纯黑色休闲潮鞋轻便,Men’s Chunky-Sole Trainers,88.2,12.88,https://detail.1688.com/offer/1079721691564.html,included,
1079113107607,running-shoes,回力男鞋2026厚底增高老爹鞋男款秋季透气运动鞋潮流休闲跑步鞋男,Men’s Chunky-Sole Running Shoes,69.7,10.18,https://detail.1688.com/offer/1079113107607.html,included,
1079040717778,running-shoes,回力男鞋秋季2026新款皮面防水厚底增高耐磨轻便运动休闲老爹鞋M,Men’s Chunky-Sole Trainers,68.25,9.97,https://detail.1688.com/offer/1079040717778.html,included,
1078037245866,running-shoes,回力WBN(JS)-3805运动鞋男2026新款休闲鞋潮流软底户外跑步鞋(魔,Men’s Running Shoes,63,9.2,https://detail.1688.com/offer/1078037245866.html,included,
1077420286491,running-shoes,跨境外贸莆田鞋 O昂n跑Cloudtilt 男女情侣运动轻量减震耐磨跑步,Unisex Running Shoes,145,21.17,https://detail.1688.com/offer/1077420286491.html,included,
1077153813260,running-shoes,外贸高品质飞马PegasusPremium情侣休闲气垫跑步鞋男女透气运动鞋,Unisex Running Shoes,240,35.04,https://detail.1688.com/offer/1077153813260.html,included,
1075976356936,running-shoes,高品质鞋MAX95 TT MG跑步鞋男士休闲运动鞋增高户外气垫潮鞋,Men’s Running Shoes,125,18.25,https://detail.1688.com/offer/1075976356936.html,included,
1075945645632,running-shoes | sports-shoes,莆田鞋 Max90气垫鞋 复古低帮休闲跑步鞋 网面透气耐磨男女运动鞋,Unisex Mesh Running Shoes,113,16.5,https://detail.1688.com/offer/1075945645632.html,included,
1075928077732,running-shoes,原盒原标莆田鞋工厂P-6000男女子运动复古跑鞋风透气网面跑步鞋,Unisex Mesh Running Shoes,184,26.87,https://detail.1688.com/offer/1075928077732.html,included,
1075826745942,running-shoes,潮流大码男鞋夏季网面跑鞋运动鞋透气减震软底学生鞋轻便跑步鞋批,Men’s Mesh Running Shoes,45,6.57,https://detail.1688.com/offer/1075826745942.html,included,
1089483936777,running-shoes,莆田鞋纯原V5 RNR跑步鞋复古减震网面透气增高老爹鞋男女休闲运动,Unisex Mesh Running Shoes,120,17.52,https://detail.1688.com/offer/1089483936777.html,included,
1089470320515,running-shoes,26年新款nb runner慢跑鞋男ac透气休闲运动鞋网面轻量跑步训练鞋,Men’s Mesh Training Shoes,253,36.94,https://detail.1688.com/offer/1089470320515.html,included,
1089187648061,running-shoes,外贸高品质  P6000复古老爹鞋 Initiator Running低帮休闲运动鞋,Trainers,135,19.71,https://detail.1688.com/offer/1089187648061.html,included,
1089124472156,running-shoes,莆田外贸跨境Shox Ride2联名tl柱子气垫大码男女运动鞋情侣跑步鞋,Unisex Running Shoes,163,23.8,https://detail.1688.com/offer/1089124472156.html,included,
1088534492518,running-shoes,跨境大码男女款Shox TL13 跑步鞋 厚底舒适运动鞋 外贸货源 36-48,Unisex Chunky-Sole Running Shoes,140,20.44,https://detail.1688.com/offer/1088534492518.html,included,
1088477376077,running-shoes,莆田AJ3男鞋藤原浩奇才运动跑鞋系列潮流男女气垫实战篮球鞋,Unisex Basketball Shoes,378,55.19,https://detail.1688.com/offer/1088477376077.html,included,
1088472848341,running-shoes,莆田跨境NB千禧小象蹄复古跑步鞋男女鞋运动鞋透气缓震老爹鞋,Unisex Running Shoes,252,36.8,https://detail.1688.com/offer/1088472848341.html,included,
1088452872293,running-shoes,莆田鞋2102款AIR MAX PLIS III皮面运动鞋TN3双色拼接气垫跑步鞋,Running Shoes,173,25.26,https://detail.1688.com/offer/1088452872293.html,included,
1088270860141,running-shoes,外贸专供TN3皮面款气垫鞋男女拼接休闲运动鞋PLUS3 跨境跑步鞋,Unisex Running Shoes,188,27.45,https://detail.1688.com/offer/1088270860141.html,included,
1088270216516,running-shoes,莆田鞋公司级新款miumiu联名NB530休闲运动鞋轻便百搭男女跑步鞋,Unisex Running Shoes,156.8,22.89,https://detail.1688.com/offer/1088270216516.html,included,
1088069970861,running-shoes,202情侣跑步鞋年新款厚底夜光老爹鞋b22时尚透气休闲运动潮,Unisex Chunky-Sole Running Shoes,155,22.63,https://detail.1688.com/offer/1088069970861.html,included,
1088066478935,running-shoes,202情侣跑步鞋年新款厚底夜光老爹鞋b22时尚透气休闲运动潮,Unisex Chunky-Sole Running Shoes,120,17.52,https://detail.1688.com/offer/1088066478935.html,included,
1087993300387,running-shoes,新款跨境TN3代气垫鞋子 III PLUS 3运动鞋男女跑步鞋白黑黑蓝灰点,Unisex Running Shoes,292,42.64,https://detail.1688.com/offer/1087993300387.html,included,
1087909962951,running-shoes,纯原莆田巴黎男女同款1.0老爹鞋潮运动情侣Track3.0户外跑步鞋,Unisex Running Shoes,260,37.96,https://detail.1688.com/offer/1087909962951.html,included,
1087797372161,running-shoes,莆田鞋纯原Air Max 97复古透气防滑耐磨气垫鞋男女休闲运动跑步鞋,Unisex Running Shoes,263,38.4,https://detail.1688.com/offer/1087797372161.html,included,
1087767801149,running-shoes,新款SHOX TL外贸气垫鞋跨境外贸 男鞋女鞋大码13柱温变热感运动鞋,Trainers,160,23.36,https://detail.1688.com/offer/1087767801149.html,included,
1087448573984,running-shoes,莆田跨境专供b22夜光厚底老爹鞋透气跑步鞋休闲运动鞋舒适潮鞋,Chunky-Sole Running Shoes,108,15.77,https://detail.1688.com/offer/1087448573984.html,included,
1087443457699,running-shoes,莆田鞋纯原跨境MAX90男女款气垫鞋复古时尚舒适运动鞋厚底跑步鞋,Unisex Chunky-Sole Running Shoes,177,25.84,https://detail.1688.com/offer/1087443457699.html,included,
1087411481319,running-shoes,莆田鞋2102款AIR MAX PLIS III皮面运动鞋TN3双色拼接气垫跑步鞋,Running Shoes,175,25.55,https://detail.1688.com/offer/1087411481319.html,included,
1087382837980,running-shoes,男鞋2026新款秋季青少年休闲跑步运动鞋学生厚底防滑老爹潮鞋子男,Men’s Chunky-Sole Trainers,39.9,5.83,https://detail.1688.com/offer/1087382837980.html,included,
1087284993126,running-shoes,Mind 001包头拖鞋室内外综合训练鞋防滑透气足底按摩一脚蹬运动鞋,Slip-On Training Shoes,135,19.71,https://detail.1688.com/offer/1087284993126.html,included,
1087272466421,running-shoes,户外老爹鞋女2026秋冬新款厚底运动鞋网面休闲鞋阿甘鞋跑步鞋批发,Women’s Mesh Chunky-Sole Running Shoes,46,6.72,https://detail.1688.com/offer/1087272466421.html,included,
1087229585578,running-shoes,新款跨境TN3代气垫鞋子 III 外贸PLUS 3运动鞋男女跑步鞋,Unisex Running Shoes,173,25.26,https://detail.1688.com/offer/1087229585578.html,included,
1087227908097,running-shoes,跨境亚瑟GEL-1130马拉松Y2K运动男女鞋鞋网球鞋跑步老爹男鞋,Unisex Tennis Shoes,135,19.71,https://detail.1688.com/offer/1087227908097.html,included,
1087222017498,running-shoes,莆田GEL-NYC复古跑步鞋网面透气耐磨缓震跑鞋男女户外休闲运动鞋,Unisex Mesh Running Shoes,140,20.44,https://detail.1688.com/offer/1087222017498.html,included,
1087216857796,running-shoes,2026新款女式运动鞋厚底网面透气休闲跑步鞋软底轻便百搭老爹鞋,Women’s Mesh Chunky-Sole Running Shoes,11,1.61,https://detail.1688.com/offer/1087216857796.html,included,
1087216857220,running-shoes,莆田鞋跨境外贸TN3代气垫鞋男女减震透气鞋户外运动情侣鞋休闲跑,Unisex Trainers,188,27.45,https://detail.1688.com/offer/1087216857220.html,included,
1087215912474,running-shoes,莆田纯原AIR MAX97子弹头气垫鞋反光男女情侣休闲运动鞋跨境,Unisex Trainers,165,24.09,https://detail.1688.com/offer/1087215912474.html,included,
1087208162272,running-shoes,品牌NK断码男鞋运动鞋2026秋冬软底跑鞋正品皮面防水休闲跑步鞋男,Men’s Running Shoes,68,9.93,https://detail.1688.com/offer/1087208162272.html,included,
1087193514105,running-shoes,大码男鞋加大加肥夏季透气防滑宽头45休闲网鞋46码脚胖47防臭48,Men’s Casual Shoes,75,10.95,https://detail.1688.com/offer/1087193514105.html,included,
1087175859539,running-shoes,202情侣跑步鞋年新款厚底夜光老爹鞋b22时尚透气休闲运动潮,Unisex Chunky-Sole Running Shoes,120,17.52,https://detail.1688.com/offer/1087175859539.html,included,
1087124066062,running-shoes,莆田鞋爆款纯原 66系列男女鞋子春秋夏休闲运动跑步跨境外贸,Unisex Running Shoes,178,25.99,https://detail.1688.com/offer/1087124066062.html,included,
1087102276245,running-shoes,跨境独立站新款男女款情侣轻便跑步鞋飞织鞋面一脚蹬休闲运动鞋,Unisex Slip-On Running Shoes,40,5.84,https://detail.1688.com/offer/1087102276245.html,included,
1087081440311,running-shoes,跨境批发网面黑武士男鞋2026新款单棉同款青年跑步运动休闲厚底鞋,Men’s Mesh Chunky-Sole Casual Shoes,26.9,3.93,https://detail.1688.com/offer/1087081440311.html,included,
1087026110900,running-shoes,莆田鞋四季款外贸马吉拉德训鞋 小白鞋软底 男女款休闲运动训练鞋,Unisex Training Shoes,152,22.19,https://detail.1688.com/offer/1087026110900.html,included,
1086994188040,running-shoes,纯原高版本NB530白银灰银莆田鞋复古休闲跑步情侣老爹鞋潮,Unisex Running Shoes,199,29.06,https://detail.1688.com/offer/1086994188040.html,included,
1086963692045,running-shoes,欧洲站跨境CD字母D家B22复古网面老爹鞋男女同款休闲厚底跑步鞋,Unisex Mesh Chunky-Sole Running Shoes,145,21.17,https://detail.1688.com/offer/1086963692045.html,included,
1086960513074,running-shoes,纯原k8瑟士新款透气网面运动鞋舒适徒步减震男女户外探路跑步鞋子,Unisex Mesh Running Shoes,48,7.01,https://detail.1688.com/offer/1086960513074.html,included,
1086909844094,running-shoes,莆田跨境外贸Air Max95运动鞋全掌气垫跑步鞋男女休闲老爹鞋,Unisex Running Shoes,163,23.8,https://detail.1688.com/offer/1086909844094.html,included,
1086848698899,running-shoes,休闲运动板鞋老爹鞋阿甘鞋轻便跑鞋女2026新款秋季厚底红色德训鞋,Women’s Chunky-Sole Running Shoes,25.8,3.77,https://detail.1688.com/offer/1086848698899.html,included,
1086824004924,running-shoes,莆田外贸跨境AIR MAX 95复古气垫鞋弹力运动缓震男女鞋跑步鞋男,Unisex Running Shoes,203,29.64,https://detail.1688.com/offer/1086824004924.html,included,
1086817354795,running-shoes,跨境高品质 P6000复古老爹鞋 Initiator Running低帮休闲运动鞋,Trainers,336,49.06,https://detail.1688.com/offer/1086817354795.html,included,
1086816062525,running-shoes,莆田鞋新款2025新款情侣跑步鞋男女厚底夜光老爹鞋 b22时尚透气休,Unisex Chunky-Sole Running Shoes,118,17.23,https://detail.1688.com/offer/1086816062525.html,included,
1086758714669,running-shoes,外贸公鸭鞋男运动鞋联名glide低帮防滑潮流跑鞋NOCTA大眼睛篮球鞋,Men’s Basketball Shoes,191,27.89,https://detail.1688.com/offer/1086758714669.html,included,
1086696526405,running-shoes,男鞋秋季2026新款一脚蹬运动板鞋跑步男士休闲小白鞋厚底阿甘潮鞋,Men’s Slip-On Chunky-Sole Trainers,44,6.42,https://detail.1688.com/offer/1086696526405.html,included,
1086677290693,running-shoes,春秋新款男士大码休闲单鞋跨境套脚情侣款男女户外登山跑步鞋,Unisex Slip-On Running Shoes,29,4.23,https://detail.1688.com/offer/1086677290693.html,included,
1086632876424,running-shoes,高帮男鞋秋季百搭运动休闲皮面跑步学生厚底增高小白老爹潮鞋子男,Men’s Chunky-Sole Casual Shoes,25,3.65,https://detail.1688.com/offer/1086632876424.html,included,
1086618958445,running-shoes,092803新款轻便防滑耐磨休闲百搭跑步鞋情侣款户外运动休闲鞋,Unisex Running Shoes,189,27.6,https://detail.1688.com/offer/1086618958445.html,included,
1086615520533,running-shoes,Air Max95复古解剖风运动鞋 可视大气垫舒适男女同款潮跑鞋,Unisex Running Shoes,123,17.96,https://detail.1688.com/offer/1086615520533.html,included,
1086592661311,running-shoes,莆田跨境外贸气垫鞋透气减震板鞋低帮户外跑步运动鞋增高鞋,Trainers,180,26.28,https://detail.1688.com/offer/1086592661311.html,included,
1086571640725,running-shoes,莆田鞋Air Max95外贸跨境气垫鞋男女黑白联名情侣休闲减震运动鞋,Unisex Trainers,155,22.63,https://detail.1688.com/offer/1086571640725.html,included,
1086571640709,running-shoes,莆田外贸Air Max 95气垫鞋男款厚底透气跑步鞋纯黑武士潮鞋,Men’s Chunky-Sole Running Shoes,165,24.09,https://detail.1688.com/offer/1086571640709.html,included,
1086565140246,running-shoes,秋季透气男鞋百搭网面休闲男士运动减震跑步鞋阿甘潮鞋乐福鞋网布,Men’s Mesh Loafers,79,11.54,https://detail.1688.com/offer/1086565140246.html,included,
1086544977357,running-shoes,跨境高品质 P6000复古老爹鞋 Initiator Running低帮休闲运动鞋,Trainers,178,25.99,https://detail.1688.com/offer/1086544977357.html,included,
1086463687211,running-shoes,跨境外贸篮球鞋男青少年情侣运动鞋学生比赛训练鞋时尚潮流跑步鞋,Unisex Basketball Shoes,82,11.97,https://detail.1688.com/offer/1086463687211.html,included,
1086448605336,running-shoes,外贸Air MAX97 气垫鞋复古子弹头跑鞋男女同款运动跑步鞋跨境,Unisex Running Shoes,173,25.26,https://detail.1688.com/offer/1086448605336.html,included,
1086446519060,running-shoes,跨境品牌女鞋运动鞋春秋季新款网面透气平底跑步鞋轻便黑色工作鞋,Women’s Mesh Running Shoes,43.2,6.31,https://detail.1688.com/offer/1086446519060.html,included,
1086399615990,running-shoes,莆田鞋爆款纯原小翅膀解构款男女运动鞋复古老爹鞋女士跑步鞋透气,Unisex Running Shoes,180,26.28,https://detail.1688.com/offer/1086399615990.html,included,
1086397493546,running-shoes,港风厚底阿甘鞋女2026秋季新款拼色跑步运动鞋学生百搭增高休闲鞋,Women’s Chunky-Sole Trainers,21,3.07,https://detail.1688.com/offer/1086397493546.html,included,
1086385298610,running-shoes,回力男鞋运动鞋男款2026春夏新款跑步鞋休闲百搭厚底潮流老爹鞋M,Men’s Chunky-Sole Running Shoes,72.3,10.56,https://detail.1688.com/offer/1086385298610.html,included,
1086369192363,running-shoes,莆田鞋纯原p-6000男女鞋运动鞋网面透气情侣休闲跑步鞋增高老爹鞋,Unisex Mesh Running Shoes,268,39.13,https://detail.1688.com/offer/1086369192363.html,included,
1086355055123,running-shoes,莆田鞋On昂跑鞋Cloud X4徒步越野缓震男女款透气休闲生活训练轻便,Unisex Running Shoes,225,32.85,https://detail.1688.com/offer/1086355055123.html,included,
1086349690245,running-shoes,莆田鞋2102款AIR MAX PLIS III皮面运动鞋TN3双色拼接气垫跑步鞋,Running Shoes,173,25.26,https://detail.1688.com/offer/1086349690245.html,included,
1086344510569,running-shoes,韩版复古头层牛皮软底爆款德训鞋女2026秋新款舒适百搭休闲慢跑鞋,Women’s Running Shoes,116,16.94,https://detail.1688.com/offer/1086344510569.html,included,
1086343322063,running-shoes,跨境秋季软底网面透气一脚蹬女式休闲鞋老年健步鞋大码女鞋厚底鞋,Women’s Mesh Slip-On Chunky-Sole Walking Shoes,64,9.34,https://detail.1688.com/offer/1086343322063.html,included,
1086339216328,running-shoes,高帮男鞋秋季百搭运动休闲皮面跑步学生厚底增高小白老爹潮鞋子男,Men’s Chunky-Sole Casual Shoes,25,3.65,https://detail.1688.com/offer/1086339216328.html,included,
1086327634593,running-shoes,男鞋夏季透气高级感复古百搭休闲男士跑步运动鞋子厚底增高老爹鞋,Men’s Chunky-Sole Trainers,43.23,6.31,https://detail.1688.com/offer/1086327634593.html,included,
1086260541135,running-shoes,莆田工厂批发nb9060联名款情侣老爹鞋复古运动鞋跨境男女鞋跑步鞋,Unisex Running Shoes,164,23.95,https://detail.1688.com/offer/1086260541135.html,included,
1086202572908,running-shoes,二代前掌加宽加肥宽头宽楦大头鞋盈缓震跑步鞋男士弹力运动鞋,Men’s Running Shoes,102.15,14.92,https://detail.1688.com/offer/1086202572908.html,included,
1086176487702,running-shoes,莆田鞋公司级新款  NB530休闲运动鞋轻便百搭男女跑步鞋,Unisex Running Shoes,186,27.16,https://detail.1688.com/offer/1086176487702.html,included,
1086151275129,running-shoes,老爹鞋子女2026秋季新款透气韩版运动鞋ins厚底学生跑步女鞋批发,Women’s Chunky-Sole Trainers,25,3.65,https://detail.1688.com/offer/1086151275129.html,included,
1086148858474,running-shoes,女鞋新款软底轻便透气网面跑步鞋跨境女子防滑舒适休闲运动鞋批发,Women’s Mesh Running Shoes,53,7.74,https://detail.1688.com/offer/1086148858474.html,included,
1086147407308,running-shoes,ins韩版新款老爹鞋女2026春季学生跑步运动厚底增高休闲鞋,Women’s Chunky-Sole Trainers,24.5,3.58,https://detail.1688.com/offer/1086147407308.html,included,
1086147110830,running-shoes,莆田纯原NB530 Miu德训鞋透气百搭单鞋女子复古休闲运动慢跑鞋,Women’s Running Shoes,310,45.26,https://detail.1688.com/offer/1086147110830.html,included,
1086141503764,running-shoes,莆田on昂跑鞋同款Cloudtilt 休闲运动鞋男女跑步鞋减震透气防滑鞋,Unisex Running Shoes,175,25.55,https://detail.1688.com/offer/1086141503764.html,included,
1086131324316,running-shoes,男鞋秋季2026新款爸爸鞋轻便一脚蹬宽楦健步鞋防滑缓震休闲运动鞋,Men’s Slip-On Walking Shoes,79,11.54,https://detail.1688.com/offer/1086131324316.html,included,
1086061419694,running-shoes,2025新款NB U740LN1男女休闲复古老爹鞋情侣款跑鞋网面透气运动鞋,Unisex Mesh Running Shoes,145,21.17,https://detail.1688.com/offer/1086061419694.html,included,
1086059635401,running-shoes,莆田GEL-NYC复古跑步鞋网面透气耐磨缓震跑鞋男女户外休闲运动鞋,Unisex Mesh Running Shoes,130,18.98,https://detail.1688.com/offer/1086059635401.html,included,
1086000871908,running-shoes,晋江大厂运动鞋男春秋气垫减震大码男鞋46青少年跑步鞋47学生增高,Men’s Running Shoes,32,4.67,https://detail.1688.com/offer/1086000871908.html,included,
1085946525710,running-shoes,男鞋青少年超轻运动鞋男百搭休闲鞋学生防水防滑跑步鞋子一件代发,Men’s Running Shoes,45,6.57,https://detail.1688.com/offer/1085946525710.html,included,
1085943039347,running-shoes,莆田跨境纯原NB1906A缓震耐磨老爹鞋解构复古男女跑步鞋休闲运动,Unisex Running Shoes,296,43.22,https://detail.1688.com/offer/1085943039347.html,included,
1085925159330,running-shoes,回力女鞋夏季透气网面跑步鞋轻便减震防滑耐磨百搭休闲运动单鞋,Women’s Mesh Running Shoes,69,10.07,https://detail.1688.com/offer/1085925159330.html,included,
1085908749049,running-shoes,欧伦啄木鸟品牌特价运动鞋男春季爆款百搭增高厚底网面跑步老爹鞋,Men’s Mesh Chunky-Sole Trainers,39,5.69,https://detail.1688.com/offer/1085908749049.html,included,
1085904517130,running-shoes,欧伦啄木鸟断码男鞋2026春秋舒适轻便防臭跑步鞋时尚百搭老爹鞋,Men’s Running Shoes,43,6.28,https://detail.1688.com/offer/1085904517130.html,included,
1085901012067,running-shoes,莆田鞋AIR MAX90二层 复古气垫鞋网面透气男女休闲运动跑步鞋,Unisex Mesh Running Shoes,275,40.15,https://detail.1688.com/offer/1085901012067.html,included,
1085886291112,running-shoes,跨境GEL-1130马拉松Y2K运动男女鞋鞋网球鞋跑步老爹男鞋,Unisex Tennis Shoes,130,18.98,https://detail.1688.com/offer/1085886291112.html,included,
1085886141173,running-shoes,跨境纯原Air Max 95复古百搭低帮气垫跑鞋缓震耐磨男女休闲运动鞋,Unisex Running Shoes,170,24.82,https://detail.1688.com/offer/1085886141173.html,included,
1085884353206,running-shoes,莆田外贸鞋Max95款男鞋 复古气垫女鞋外贸大码 AIR MAX减震跑步鞋,Running Shoes,130,18.98,https://detail.1688.com/offer/1085884353206.html,included,
1085881494833,running-shoes,欧洲站跨境外贸Max TN3代气垫跑步鞋户外男子运动单鞋学生训练鞋,Men’s Training Shoes,247,36.07,https://detail.1688.com/offer/1085881494833.html,included,
1085878937453,running-shoes,莆田跨境外贸Air Max95运动鞋全掌气垫跑步鞋男女休闲老爹鞋,Unisex Running Shoes,163,23.8,https://detail.1688.com/offer/1085878937453.html,included,
1085871173572,running-shoes,品牌男鞋2026秋季新款皮面减震跑鞋百搭男士软底防滑耐磨跑步鞋子,Men’s Running Shoes,88,12.85,https://detail.1688.com/offer/1085871173572.html,included,
1085850576235,running-shoes,男鞋夏季新款透气网面百搭休闲运动青少年跑步厚底增高小白老爹鞋,Men’s Mesh Chunky-Sole Trainers,32.9,4.8,https://detail.1688.com/offer/1085850576235.html,included,
1085818365771,running-shoes,2025新款男鞋AIR MAX 95复古气垫鞋弹力缓震女鞋跑步鞋,Running Shoes,140,20.44,https://detail.1688.com/offer/1085818365771.html,included,
1085794707149,running-shoes,外贸工厂SHOX 厚底气垫鞋跨境外贸TL男鞋女鞋大码13柱运动鞋,Chunky-Sole Trainers,183,26.72,https://detail.1688.com/offer/1085794707149.html,included,
1085789322984,running-shoes,2026新款男鞋复古阿甘鞋轻便透气网面休闲运动鞋跑步鞋抖音代发,Men’s Mesh Running Shoes,60,8.76,https://detail.1688.com/offer/1085789322984.html,included,
1085768166118,running-shoes,银色跑步鞋女2026季新款小香风银角大王运动鞋网面透气增高老爹鞋,Women’s Mesh Running Shoes,260,37.96,https://detail.1688.com/offer/1085768166118.html,included,
1085737062442,running-shoes,2026新款夏季TN气垫鞋男女减震透气鞋户外运动休闲鞋韩版情侣鞋潮,Unisex Trainers,187,27.3,https://detail.1688.com/offer/1085737062442.html,included,
1085626633115,running-shoes,外贸大码AIR MAX 95气垫减震户外休闲跑步鞋95气垫鞋男式运动鞋,Men’s Running Shoes,170,24.82,https://detail.1688.com/offer/1085626633115.html,included,
1085618348311,running-shoes,莆田男鞋2026新款春季男士休闲跑步气垫减震增高运动老爹夏季潮鞋,Men’s Casual Shoes,37,5.4,https://detail.1688.com/offer/1085618348311.html,included,
1085606920884,running-shoes,3xl老爹鞋2026情侣男女款复古做旧潮牌慢跑休闲时尚擦色运动单鞋,Unisex Trainers,116.82,17.06,https://detail.1688.com/offer/1085606920884.html,included,
1085579070432,running-shoes,新款跑步运动鞋彩色潮流增高休闲鞋厚底缓震轻便老爹鞋直播情侣鞋,Unisex Chunky-Sole Trainers,27,3.94,https://detail.1688.com/offer/1085579070432.html,included,
1085431341456,running-shoes,莆全纯原跨境工厂莆田男鞋NYC网面透气跑鞋耐磨户外运动厚底增高,Men’s Mesh Chunky-Sole Running Shoes,110,16.06,https://detail.1688.com/offer/1085431341456.html,included,
1085400266077,running-shoes,高品质莆田鞋Air MAX97子弹头男女复古全掌气垫情侣运动跑步鞋 外,Unisex Running Shoes,135,19.71,https://detail.1688.com/offer/1085400266077.html,included,
1085366833582,running-shoes,老爹鞋女2025厚底松糕跑步透气休闲运动男鞋百搭鞋子女新款秋跑鞋,Chunky-Sole Running Shoes,116.82,17.06,https://detail.1688.com/offer/1085366833582.html,included,
1085354085810,running-shoes,外贸男鞋air max 95大码带气垫跑步鞋透气休闲女鞋运动鞋莆田,Running Shoes,130,18.98,https://detail.1688.com/offer/1085354085810.html,included,
1085348254844,running-shoes,男鞋秋季新款透气薄款轻便网面鞋百搭休闲老爹鞋户外跑步运动潮鞋,Men’s Mesh Trainers,49,7.15,https://detail.1688.com/offer/1085348254844.html,included,
1085344157239,running-shoes,2026新款秋季男鞋国潮运动跑步休闲百搭防臭透气增高老爹ins潮鞋,Men’s Casual Shoes,55,8.03,https://detail.1688.com/offer/1085344157239.html,included,
1085319328002,running-shoes,莆田鞋外贸质  P6000复古老爹鞋 Initiator Running低帮休闲运动,Trainers,203,29.64,https://detail.1688.com/offer/1085319328002.html,included,
1085233011250,running-shoes,男鞋秋季复古百搭休闲运动鞋男士轻便跑步厚底增高爆款老爹潮鞋子,Men’s Chunky-Sole Trainers,25,3.65,https://detail.1688.com/offer/1085233011250.html,included,
1085227506793,running-shoes,莆田跨境高版本MaxPlus3 TN3避震休闲慢跑男女外贸气垫减震跑步鞋,Unisex Running Shoes,135,19.71,https://detail.1688.com/offer/1085227506793.html,included,
1085185451156,running-shoes,回力男鞋网面透气2026新款秋季爆款运动鞋潮鞋跑步休闲百搭老爹鞋,Men’s Mesh Trainers,64,9.34,https://detail.1688.com/offer/1085185451156.html,included,
1085148329697,running-shoes,莆田鞋AIR MAX90二层 复古气垫鞋网面透气男女休闲运动跑步鞋,Unisex Mesh Running Shoes,230,33.58,https://detail.1688.com/offer/1085148329697.html,included,
1085148329546,running-shoes,外贸Air Max 90莆田鞋复古经典气垫鞋透气网面男女休闲运动跑步鞋,Unisex Mesh Running Shoes,223,32.56,https://detail.1688.com/offer/1085148329546.html,included,
1085136333910,running-shoes,老爹鞋男款春季2026新款纯白色厚底内增高运动鞋子青少年跑步白鞋,Men’s Chunky-Sole Trainers,42.6,6.22,https://detail.1688.com/offer/1085136333910.html,included,
1085036309779,running-shoes,A08休闲运动鞋跑步鞋飞织女鞋情侣鞋跨境大码透气休闲时尚运动鞋,Unisex Running Shoes,24,3.5,https://detail.1688.com/offer/1085036309779.html,included,
1084962676674,running-shoes,欧美外贸B25老爹鞋男女时尚潮流休闲运动鞋B30大码厚底跑步鞋,Unisex Chunky-Sole Running Shoes,183,26.72,https://detail.1688.com/offer/1084962676674.html,included,
1084935851555,running-shoes,跑步女鞋2026新款时尚运动鞋秋季粉色老爹鞋女方头系带厚底甜美,Women’s Lace-Up Chunky-Sole Trainers,44.1,6.44,https://detail.1688.com/offer/1084935851555.html,included,
1084898054196,running-shoes,跨境纯原NB204L新款夏季N字男女同款德训miu系薄底鞋生活休闲,Unisex Casual Shoes,272,39.72,https://detail.1688.com/offer/1084898054196.html,included,
1084890241205,running-shoes,巴黎老爹鞋2026年秋季新款厚底休闲百搭轻便网面透气运动跑步鞋女,Women’s Mesh Chunky-Sole Running Shoes,33,4.82,https://detail.1688.com/offer/1084890241205.html,included,
1084873196222,running-shoes,莆田纯原外贸飞马Pegasus 42低帮运动鞋透气男女鞋跑步鞋跨境专供,Unisex Running Shoes,189,27.6,https://detail.1688.com/offer/1084873196222.html,included,
1084828377018,running-shoes,小白男鞋夏季透气2026新款网面男士增高厚底运动休闲跑步老爹潮鞋,Men’s Mesh Chunky-Sole Casual Shoes,32.9,4.8,https://detail.1688.com/offer/1084828377018.html,included,
1084815271476,running-shoes,莆田Air  Max 97 复古透气防滑耐磨气垫鞋男女休闲跑步鞋,Unisex Running Shoes,167,24.38,https://detail.1688.com/offer/1084815271476.html,included,
1084770286483,running-shoes,莆田鞋纯原 Air Max95全掌气垫运动男女款老爹鞋百搭透气跑步鞋,Unisex Running Shoes,243,35.48,https://detail.1688.com/offer/1084770286483.html,included,
1084759652107,running-shoes,跨境外贸Air Max Axis缓震运动鞋网面透气气垫鞋休闲男女运动跑步,Unisex Mesh Trainers,165,24.09,https://detail.1688.com/offer/1084759652107.html,included,
1084655395059,running-shoes,纯原巴黎男女同款三代老爹鞋潮流运动情侣鞋Track3.0户外跑步鞋,Unisex Running Shoes,298,43.51,https://detail.1688.com/offer/1084655395059.html,included,
1084634166324,running-shoes,潮牌高级感男鞋秋季设计感小众皮面软底运动跑步休闲青少年老爹鞋,Men’s Trainers,56,8.18,https://detail.1688.com/offer/1084634166324.html,included,
1084602880072,running-shoes,莆田鞋外贸跨境Mind 002新科技足底按摩跑步鞋缓震透气休闲运动鞋,Running Shoes,179,26.14,https://detail.1688.com/offer/1084602880072.html,included,
1084567305076,running-shoes,男鞋潮流百搭网面透气薄款劳保鞋减震跑步单鞋男士春秋款,Men’s Mesh Work Shoes,13.33,1.95,https://detail.1688.com/offer/1084567305076.html,included,
1084552242749,running-shoes,跨境外贸莆田AIR MAX 95气垫鞋男式运动单鞋 男女休闲跑步鞋男鞋1,Unisex Running Shoes,159,23.22,https://detail.1688.com/offer/1084552242749.html,included,
1084537651405,running-shoes,莆田Air  Max 97 复古透气防滑耐磨气垫鞋男女休闲跑步鞋,Unisex Running Shoes,180,26.28,https://detail.1688.com/offer/1084537651405.html,included,
1084537651394,running-shoes,现货莆田鞋跨境Air Max97子弹头全掌气垫跑步鞋男女休闲运动鞋,Unisex Running Shoes,181,26.43,https://detail.1688.com/offer/1084537651394.html,included,
1084536494866,running-shoes,高帮男鞋秋季百搭运动休闲皮面跑步学生厚底增高小白老爹潮鞋子男,Men’s Chunky-Sole Casual Shoes,25,3.65,https://detail.1688.com/offer/1084536494866.html,included,
1084530191655,running-shoes,莆田鞋跨境外贸Air Max97子弹头全掌气垫跑步鞋男女休闲运动鞋,Unisex Running Shoes,223,32.56,https://detail.1688.com/offer/1084530191655.html,included,
1084529327129,running-shoes,莆田跨境欧洲站外贸新款H家舒适百搭运动休闲透气潮流男鞋跑鞋H鞋,Men’s Running Shoes,123,17.96,https://detail.1688.com/offer/1084529327129.html,included,
1084521118667,running-shoes,外贸欧美站运动鞋跨境Air Max95全掌气垫跑步鞋新款男女运动跑鞋,Unisex Running Shoes,197,28.76,https://detail.1688.com/offer/1084521118667.html,included,
1084511893315,running-shoes,跨境外贸爆款Gel-1130系列网面复古休闲减震防滑耐磨低帮运动跑鞋,Mesh Running Shoes,166.2,24.27,https://detail.1688.com/offer/1084511893315.html,included,
1084470366350,running-shoes,阿甘男鞋夏季2025新款青少年休闲百搭跑步运动鞋网面透气老爹潮鞋,Men’s Mesh Trainers,81,11.83,https://detail.1688.com/offer/1084470366350.html,included,
1084446847714,running-shoes,欧洲站D家B22运动休闲鞋经典复古老爹鞋运动跑步鞋透气耐磨防滑,Running Shoes,185,27.01,https://detail.1688.com/offer/1084446847714.html,included,
1084442891301,running-shoes,莆田工厂Air Max97高品质子弹头全掌气垫复古跑步鞋男女休闲运动,Unisex Running Shoes,180,26.28,https://detail.1688.com/offer/1084442891301.html,included,
1084433593075,running-shoes,NK品牌男鞋运动鞋男士秋冬新款轻便跑步鞋防滑厚底男鞋加绒棉鞋子,Men’s Chunky-Sole Fleece-Lined Running Shoes,68,9.93,https://detail.1688.com/offer/1084433593075.html,included,
1084433039637,running-shoes,跨境莆田鞋Air  Max 97 复古透气防滑耐磨气垫鞋男女休闲跑步鞋,Unisex Running Shoes,216,31.54,https://detail.1688.com/offer/1084433039637.html,included,
1084426147984,running-shoes,厂家现货高版本跨境外贸Air Max97子弹头全掌气垫跑步鞋男女休闲,Unisex Running Shoes,180,26.28,https://detail.1688.com/offer/1084426147984.html,included,
1084354484697,running-shoes,复古德训鞋小白鞋女款2026新款夏季爆款女鞋子运动休闲板鞋跑步鞋,Women’s Running Shoes,25.5,3.72,https://detail.1688.com/offer/1084354484697.html,included,
1084353968891,running-shoes,儿童男童运动球鞋旋转纽扣春秋2026男孩学生跑步鞋秋季新款篮球鞋,Children’s Basketball Shoes,47,6.86,https://detail.1688.com/offer/1084353968891.html,included,
1084335324042,running-shoes,跨境 Air Max TN网面气垫鞋TN1代男女情侣休闲运动慢跑鞋外贸专供,Unisex Mesh Running Shoes,140,20.44,https://detail.1688.com/offer/1084335324042.html,included,
1084325077869,running-shoes,欧洲站男鞋2026新款春秋透气百搭运动休闲鞋内增高慢跑老爹鞋子男,Men’s Trainers,52,7.59,https://detail.1688.com/offer/1084325077869.html,included,
1084320722195,running-shoes,跨境外贸莆田AIR MAX 95气垫鞋男式运动单鞋 男女休闲跑步鞋男鞋1,Unisex Running Shoes,160,23.36,https://detail.1688.com/offer/1084320722195.html,included,
1084318306247,running-shoes,莆田Air Max 95 气垫鞋男缓震运动鞋 百搭休闲健步女鞋跑步鞋,Running Shoes,165,24.09,https://detail.1688.com/offer/1084318306247.html,included,
1084291398431,running-shoes,莆田鞋跨境登月跑鞋男女鞋运动休闲鞋飞马42纯原气垫鞋,Unisex Running Shoes,145,21.17,https://detail.1688.com/offer/1084291398431.html,included,
1084281632160,running-shoes,跨境 Air Max TN网面气垫鞋TN1代男女情侣休闲运动慢跑鞋外贸专供,Unisex Mesh Running Shoes,160,23.36,https://detail.1688.com/offer/1084281632160.html,included,
1084274689388,running-shoes,莆田鞋厂直销LJRaj1低帮黑绿橄榄倒钩5.0低帮联名板鞋,Trainers,235,34.31,https://detail.1688.com/offer/1084274689388.html,included,
1084265755358,running-shoes,跨境外贸气垫AIR MAX90 气垫鞋时尚百搭休闲运动莆田鞋,Trainers,120,17.52,https://detail.1688.com/offer/1084265755358.html,included,
1084254531161,running-shoes,莆田Air  Max 97 复古透气防滑耐磨气垫鞋男女休闲跑步鞋,Unisex Running Shoes,201,29.35,https://detail.1688.com/offer/1084254531161.html,included,
1084249238587,running-shoes,高帮男鞋秋季百搭运动休闲皮面跑步学生厚底增高小白老爹潮鞋子男,Men’s Chunky-Sole Casual Shoes,25,3.65,https://detail.1688.com/offer/1084249238587.html,included,
1084239476481,running-shoes,纯原NB老爹鞋Wrpd Runner减震耐磨低帮运动跑步鞋轻量增高休闲鞋,Running Shoes,205,29.93,https://detail.1688.com/offer/1084239476481.html,included,
1084235990837,running-shoes,情侣款椰子鞋爆米花底春夏百搭休闲运动鞋男透气软底跑步鞋女厂家,Unisex Running Shoes,50,7.3,https://detail.1688.com/offer/1084235990837.html,included,
1084225886149,running-shoes,环球女款透气飞织健步鞋2026轻便休闲缓震防滑中老年妈妈运动鞋,Women’s Walking Shoes,76,11.1,https://detail.1688.com/offer/1084225886149.html,included,
1084179633202,running-shoes,2026新款气垫跑步鞋男女同款nk迈柔 透气轻便运动鞋 源头工厂,Unisex Running Shoes,208,30.37,https://detail.1688.com/offer/1084179633202.html,included,
1084159995269,running-shoes,莆田FREE METCON 6运动鞋男女综合训练跑鞋健身鞋网面轻量潮鞋,Unisex Mesh Running Shoes,145,21.17,https://detail.1688.com/offer/1084159995269.html,included,
1084155828255,running-shoes,2025跨境新款宽楦鞋舒适健步鞋宽头鞋透气软底情侣飞织运动健身鞋,Unisex Walking Shoes,65,9.49,https://detail.1688.com/offer/1084155828255.html,included,
1084147531451,running-shoes,秋季外贸新款增高TEMU男士跑步鞋大码镂空透气软底减震运动鞋男鞋,Men’s Running Shoes,37,5.4,https://detail.1688.com/offer/1084147531451.html,included,
1084044240141,running-shoes,老爹鞋女2026秋季新款ins韩版百搭学生厚底软底运动鞋休闲跑步鞋,Women’s Chunky-Sole Running Shoes,24,3.5,https://detail.1688.com/offer/1084044240141.html,included,
1084020840047,running-shoes,男鞋运动鞋秋冬季新款皮面防滑软底跑步鞋防水潮流百搭防臭休闲鞋,Men’s Running Shoes,46,6.72,https://detail.1688.com/offer/1084020840047.html,included,
1084007707183,running-shoes,超轻男鞋新款青少年皮面防滑跑步鞋学生休闲运动鞋休闲鞋一件代发,Men’s Running Shoes,45,6.57,https://detail.1688.com/offer/1084007707183.html,included,
1083969055194,running-shoes,莆田跨境Air Max 97 复古透气防滑耐磨气垫鞋男女休闲跑步鞋外贸,Unisex Running Shoes,170,24.82,https://detail.1688.com/offer/1083969055194.html,included,
1083946618575,running-shoes,2026新款拼色老爹鞋女厚底增高网面透气运动鞋学生百搭休闲跑步鞋,Women’s Mesh Chunky-Sole Running Shoes,26,3.8,https://detail.1688.com/offer/1083946618575.html,included,
1083927755793,running-shoes,欧伦啄木鸟2026新款老爹鞋户外时尚百搭休闲运动鞋防滑耐磨跑步鞋,Running Shoes,48,7.01,https://detail.1688.com/offer/1083927755793.html,included,
1083925383866,running-shoes,欧伦啄木鸟减震跑步鞋男2026透气防臭网名运动鞋轻便防滑老爹鞋潮,Men’s Running Shoes,43,6.28,https://detail.1688.com/offer/1083925383866.html,included,
1083921315206,running-shoes,莆田鞋外贸跨境Air Max95气垫鞋运动男女款老爹鞋百搭透气跑步鞋,Unisex Running Shoes,130,18.98,https://detail.1688.com/offer/1083921315206.html,included,
1083915951486,running-shoes,莆田跨境外贸Air Max95运动鞋全掌气垫跑步鞋男女休闲老爹鞋,Unisex Running Shoes,163,23.8,https://detail.1688.com/offer/1083915951486.html,included,
1083863931673,running-shoes,莆田鞋 NK Air Max 95气垫慢跑鞋运动鞋跑步鞋男女鞋轻便透气,Unisex Running Shoes,150,21.9,https://detail.1688.com/offer/1083863931673.html,included,
1083741286847,running-shoes,2026春季新款透气百搭女学生跑步运动鞋拼色休闲舒适女士旅游鞋,Women’s Trainers,46,6.72,https://detail.1688.com/offer/1083741286847.html,included,
1083738321228,running-shoes,啄木鸟专柜正品超轻软底防滑跑步运动鞋2026男鞋网面轻便休闲鞋,Men’s Mesh Trainers,89.1,13.01,https://detail.1688.com/offer/1083738321228.html,included,
1083718235585,running-shoes,莆田纯原NB471多鞋带复古跑步鞋女平底跑鞋男阿甘休闲运动德训鞋,Running Shoes,134,19.57,https://detail.1688.com/offer/1083718235585.html,included,
1083695243513,running-shoes,跨境爆款纯原NB204L新款夏季N字男女同款德训miu系薄底鞋生活休闲,Unisex Casual Shoes,277,40.45,https://detail.1688.com/offer/1083695243513.html,included,
1083658963013,running-shoes,莆田鞋AIR MAX95气垫男女款透气运动鞋男鞋跑步鞋鞋男休闲,Unisex Running Shoes,140,20.44,https://detail.1688.com/offer/1083658963013.html,included,
1083657181517,running-shoes,莆田新款P-6000跑步鞋男网面轻便复古老爹鞋透气机能运动休闲鞋女,Mesh Running Shoes,287,41.91,https://detail.1688.com/offer/1083657181517.html,included,
1083617433855,running-shoes,莆田男鞋秋季潮流休闲运动跑步鞋特大码飞织网面椰子老爹防滑潮鞋,Men’s Mesh Running Shoes,54,7.88,https://detail.1688.com/offer/1083617433855.html,included,
1083557383565,running-shoes,莆田鞋ORTEZ女时尚轻便运动鞋秋季薄底鞋复古跑鞋风DM4044,Women’s Running Shoes,158,23.07,https://detail.1688.com/offer/1083557383565.html,included,
1083510807816,running-shoes,男鞋夏季网面透气百搭老爹鞋男款跑步休闲运动鞋厚底增高小白潮鞋,Men’s Mesh Chunky-Sole Trainers,36.48,5.33,https://detail.1688.com/offer/1083510807816.html,included,
1083500143781,running-shoes,男鞋夏季透气网面男士百搭运动休闲跑步鞋子男款厚底轮胎老爹潮鞋,Men’s Mesh Chunky-Sole Running Shoes,36.48,5.33,https://detail.1688.com/offer/1083500143781.html,included,
1083420959983,running-shoes,跨境外贸纯原复古MAX95运动气垫休闲跑鞋缓震男女透气运动跑步鞋,Unisex Running Shoes,178,25.99,https://detail.1688.com/offer/1083420959983.html,included,
1083381547713,running-shoes,工厂外贸跨境PLUS大气垫鞋男鞋运动鞋TN跑步鞋36-49码轻潮舒适,Men’s Running Shoes,105,15.33,https://detail.1688.com/offer/1083381547713.html,included,
1083316725102,running-shoes,纯原莆田新百伦男女运动鞋 993系列复古跑鞋透气减震休闲992女鞋,Unisex Running Shoes,140,20.44,https://detail.1688.com/offer/1083316725102.html,included,
1083263985001,running-shoes,莆田鞋 TN1代Air Max气垫鞋39-47码男鞋 男式运动单鞋 男鞋跑步鞋,Men’s Running Shoes,163,23.8,https://detail.1688.com/offer/1083263985001.html,included,
1083238199511,running-shoes,2026新款户外风男士健步鞋黑色透气防滑厚底舒适不累脚运动旅游鞋,Men’s Chunky-Sole Walking Shoes,93,13.58,https://detail.1688.com/offer/1083238199511.html,included,
1083229032369,running-shoes,青少年男鞋秋季双网面运动鞋男款2026新款男童初中学生专业跑步鞋,Children’s Mesh Running Shoes,92,13.43,https://detail.1688.com/offer/1083229032369.html,included,
1083154027392,running-shoes,男鞋运动鞋男款2024春秋季新款透气百搭网面休闲轻便防臭跑步鞋子,Men’s Mesh Running Shoes,54,7.88,https://detail.1688.com/offer/1083154027392.html,included,
1083148871325,running-shoes,宽头运动鞋男秋季加宽男鞋宽掌轻质跑步鞋减震防滑耐磨大头宽楦鞋,Men’s Running Shoes,79,11.54,https://detail.1688.com/offer/1083148871325.html,included,
1083069514261,running-shoes,2025秋季新款气垫鞋情侣运动鞋4代篮球鞋透气男女鞋中鞋,Unisex Basketball Shoes,58,8.47,https://detail.1688.com/offer/1083069514261.html,included,
1083050355681,running-shoes,091807新款男式透气网面运动鞋轻便跑步鞋百搭休闲鞋舒适德训鞋,Men’s Mesh Running Shoes,189,27.6,https://detail.1688.com/offer/1083050355681.html,included,
1083002398109,running-shoes,啊迪男鞋2026新款秋季网面透气跑步阿甘运动鞋男士防滑百搭休闲鞋,Men’s Mesh Trainers,128,18.69,https://detail.1688.com/offer/1083002398109.html,included,
1082872991604,running-shoes,小白男鞋夏季透气2026新款网面男士增高厚底运动休闲跑步老爹潮鞋,Men’s Mesh Chunky-Sole Casual Shoes,32.9,4.8,https://detail.1688.com/offer/1082872991604.html,included,
1082865970126,running-shoes,黑武士男鞋冬季男士跑步减震气垫运动鞋男款休闲增高黑色老爹潮鞋,Men’s Trainers,40,5.84,https://detail.1688.com/offer/1082865970126.html,included,
1082820277940,running-shoes,运动走路男鞋春秋夏新款轻便透气套脚袜子鞋懒人一脚蹬男鞋运动鞋,Men’s Slip-On Trainers,33.91,4.95,https://detail.1688.com/offer/1082820277940.html,included,
1082565091554,running-shoes,男鞋2026新款夏季防臭网面透气休闲运动鞋百搭软底防滑跑步鞋男款,Men’s Mesh Running Shoes,49.5,7.23,https://detail.1688.com/offer/1082565091554.html,included,
1082559206166,running-shoes,莆田飞马41代zoom登月跑步休闲鞋透气减震男女情侣校园网面运动鞋,Unisex Mesh Trainers,206,30.08,https://detail.1688.com/offer/1082559206166.html,included,
1082504335852,running-shoes,2026夏季新On昂跑 Cloudtilt 男女缓震跑步鞋网面透气轻便户外,Unisex Mesh Running Shoes,171,24.97,https://detail.1688.com/offer/1082504335852.html,included,
1082489742161,running-shoes,莆田 TN跨境外贸气垫鞋Max Plus耐磨轻便休闲篮球运动跑步鞋36-47,Running Shoes,217,31.68,https://detail.1688.com/offer/1082489742161.html,included,
1082474797251,running-shoes,男鞋2026新款秋冬皮面防水防臭板鞋潮流运动休闲鞋百搭潮鞋,Men’s Trainers,159.84,23.34,https://detail.1688.com/offer/1082474797251.html,included,
1082473007751,running-shoes,小香风厚底运动鞋老爹鞋软底真皮休闲时尚男女情侣款百搭跑步鞋,Unisex Chunky-Sole Running Shoes,258,37.67,https://detail.1688.com/offer/1082473007751.html,included,
1082457907764,running-shoes,跨境 AIRMAX全掌气垫跑步鞋 男式运动单鞋男女休闲鞋,Unisex Running Shoes,165,24.09,https://detail.1688.com/offer/1082457907764.html,included,
1082335813599,running-shoes,欧洲2025高端新款男女情侣款运动休闲鞋透气 小白鞋跑步网红潮鞋,Unisex Trainers,208,30.37,https://detail.1688.com/offer/1082335813599.html,included,
1082259426182,running-shoes,跨境P6000复古男女低帮耐磨防滑老爹跑步透气运动休闲运动鞋,Unisex Trainers,148,21.61,https://detail.1688.com/offer/1082259426182.html,included,
1082213277953,running-shoes,品牌断码运动鞋男秋季清仓特价男士网面透气休闲旅游鞋轻便跑步鞋,Men’s Mesh Running Shoes,78,11.39,https://detail.1688.com/offer/1082213277953.html,included,
1082088232509,running-shoes,男鞋秋季高级感痞帅增高踩屎感软底青少年小众跑步运动休闲老爹鞋,Men’s Trainers,54,7.88,https://detail.1688.com/offer/1082088232509.html,included,
1082004452460,running-shoes,大码男鞋秋季新款网鞋旋转纽扣免系带运动休闲鞋男透气跑步鞋子男,Men’s Lace-Up Running Shoes,70,10.22,https://detail.1688.com/offer/1082004452460.html,included,
1081938304179,running-shoes,劳保鞋男鞋夏季透气网面运动鞋韩版潮流厚底防滑休闲跑步老爹潮鞋,Men’s Mesh Chunky-Sole Trainers,31.5,4.6,https://detail.1688.com/offer/1081938304179.html,included,
1081930929838,running-shoes,男鞋碳板跑鞋轻便减震运动休闲男鞋户外防滑体测厚底情侣跑步潮鞋,Unisex Chunky-Sole Running Shoes,86,12.56,https://detail.1688.com/offer/1081930929838.html,included,
1081890431596,running-shoes,跨境昂家O跑步新款Cloudsolo Losewe 3.0 舒适休闲百搭运动男女鞋,Unisex Casual Shoes,157.2,22.95,https://detail.1688.com/offer/1081890431596.html,included,
1081753562332,running-shoes,高定26新款小香风运动跑步鞋经典呢子拼接厚底增高休闲鞋老爹鞋子,Chunky-Sole Running Shoes,289.68,42.3,https://detail.1688.com/offer/1081753562332.html,included,
1081692203521,running-shoes,莆田鞋9060厚底老爹鞋男网面增高休闲运动鞋女JF联名慢跑鞋,Mesh Chunky-Sole Running Shoes,180,26.28,https://detail.1688.com/offer/1081692203521.html,included,
1081669359484,running-shoes,2026新款28代健身舒适缓震透气网面跑步鞋运动鞋耐磨鞋轻质弹性,Mesh Running Shoes,199,29.06,https://detail.1688.com/offer/1081669359484.html,included,
1081645882506,running-shoes,2026秋冬新款健步鞋男百搭休闲鞋轻便透气网面运动鞋中老年旅游鞋,Men’s Mesh Walking Shoes,56,8.18,https://detail.1688.com/offer/1081645882506.html,included,
1081425474482,running-shoes,赵露思同款老爹鞋火焰拼色阿甘鞋女2026秋季新款欧货潮流跑步鞋,Women’s Running Shoes,26.96,3.94,https://detail.1688.com/offer/1081425474482.html,included,
1081414924529,running-shoes,莆田跨境VOMERO PREMIUM飞马低帮男女鞋网面增高气垫透气减震跑鞋,Unisex Mesh Running Shoes,195,28.47,https://detail.1688.com/offer/1081414924529.html,included,
1081371781286,running-shoes,超轻减震碳板跑鞋中考体育生专用男鞋竞速马拉松稳定跑步鞋竞训鞋,Men’s Running Shoes,93,13.58,https://detail.1688.com/offer/1081371781286.html,included,
1081364649004,running-shoes,飞织女式运动单鞋透气网面软底防滑休闲鞋中老年健步鞋妈妈鞋新款,Women’s Mesh Walking Shoes,6.8,0.99,https://detail.1688.com/offer/1081364649004.html,included,
1081332148246,running-shoes,秋季情侣款休闲鞋网面飞织潮流舒适冷粘运动鞋男女同款轻便跑步鞋,Unisex Mesh Running Shoes,63,9.2,https://detail.1688.com/offer/1081332148246.html,included,
1081318830919,running-shoes,阿甘男鞋秋季2026新款百搭网面透气跑步运动鞋青少年厚底休闲潮鞋,Men’s Mesh Chunky-Sole Trainers,88,12.85,https://detail.1688.com/offer/1081318830919.html,included,
1081312131225,running-shoes,女童鞋子运动小白鞋2026新款夏季儿童公主老爹鞋网面跑步女孩大童,Children’s Mesh Trainers,88,12.85,https://detail.1688.com/offer/1081312131225.html,included,
1081301619677,running-shoes,0912x5~ 户外健身跑步复古耐磨防滑拼接透气男女同款低帮运动鞋,Unisex Trainers,195,28.47,https://detail.1688.com/offer/1081301619677.html,included,
1081260553901,running-shoes,秋季男鞋男跑步2026春秋舒适帆布板鞋运动休闲豆豆男士开车阿甘鞋,Men’s Trainers,62,9.05,https://detail.1688.com/offer/1081260553901.html,included,
1081201356385,running-shoes,欧货老爹鞋女2026新款网面透气运动风休闲鞋百搭厚底跑步鞋,Women’s Mesh Chunky-Sole Running Shoes,105.93,15.47,https://detail.1688.com/offer/1081201356385.html,included,
1081132042184,running-shoes,莆田男鞋秋季网面透气青少年休闲跑步运动鞋厚底减震跑步老爹潮鞋,Men’s Mesh Chunky-Sole Trainers,27,3.94,https://detail.1688.com/offer/1081132042184.html,included,
1081127920308,running-shoes,2026新款男士小众新款韩版百搭休闲运动跑步鞋学生潮流复古老爹鞋,Men’s Running Shoes,60,8.76,https://detail.1688.com/offer/1081127920308.html,included,
1080932933043,running-shoes,男鞋新款运动鞋子男百搭内增高休闲跑步老爹潮鞋春秋款2026年厚底,Men’s Chunky-Sole Trainers,46.8,6.83,https://detail.1688.com/offer/1080932933043.html,included,
1080846124259,running-shoes,跨境户外GEL-Kayano 14舒适防滑跑步鞋男女K14网面缓震轻便运动鞋,Unisex Mesh Running Shoes,129,18.84,https://detail.1688.com/offer/1080846124259.html,included,
1080835604687,running-shoes,莆田工厂外贸MaxTN气垫鞋减震户外休闲运动鞋男女 跑步鞋大码批发,Unisex Running Shoes,100,14.6,https://detail.1688.com/offer/1080835604687.html,included,
1080832268851,running-shoes | sports-shoes,跨境莆田减震防滑耐磨舒适跑步鞋男鞋同款户外休闲GEL-NYC运动鞋,Men’s Running Shoes,147,21.46,https://detail.1688.com/offer/1080832268851.html,included,
1080831476930,running-shoes | sports-shoes,跨境男女鞋复古耐磨缓震户外运动鞋网面透气休闲鞋GEL-NYC跑步鞋,Unisex Mesh Running Shoes,140,20.44,https://detail.1688.com/offer/1080831476930.html,included,
1080830464955,running-shoes | sports-shoes,跨境男女户外运动休闲鞋网面透气耐磨缓震跑鞋GEL-NYC复古跑步鞋,Unisex Mesh Running Shoes,135,19.71,https://detail.1688.com/offer/1080830464955.html,included,
1080787704258,running-shoes | sports-shoes,欧美专供D家新款B25 B35复古透气跑步鞋时尚百搭男女款休闲运动鞋,Unisex Running Shoes,112,16.35,https://detail.1688.com/offer/1080787704258.html,included,
1080777819576,running-shoes,跨境2026小香风厚底运动鞋老爹鞋软底男女情侣款休闲百搭跑步鞋,Unisex Chunky-Sole Running Shoes,258,37.67,https://detail.1688.com/offer/1080777819576.html,included,
1080718124871,running-shoes | sports-shoes,女鞋舒适不累脚韩版透气飞织学生跑步鞋软底轻便休闲鞋女款运动鞋,Women’s Running Shoes,23.5,3.43,https://detail.1688.com/offer/1080718124871.html,included,
1080692387788,running-shoes,新款飞马Premium马王夏季气垫运动减震跑步鞋透气男女大码运动鞋,Unisex Running Shoes,217,31.68,https://detail.1688.com/offer/1080692387788.html,included,
1080619923040,running-shoes,男鞋秋季中老年运动休闲防滑工作开车软底不累脚老人健步鞋爸爸鞋,Men’s Walking Shoes,61,8.91,https://detail.1688.com/offer/1080619923040.html,included,
1080546946955,running-shoes,跨境2026休闲情侣鞋男女休闲跑步防滑耐磨运动透气轻便百搭运动鞋,Unisex Trainers,27.5,4.02,https://detail.1688.com/offer/1080546946955.html,included,
1080395376042,running-shoes,男鞋秋季青少年户外徒步登山运动鞋防滑增高软底休闲跑步老爹潮鞋,Men’s Trainers,62,9.05,https://detail.1688.com/offer/1080395376042.html,included,
1080333420698,running-shoes | sports-shoes,跨境男女同款碳板跑鞋轻盈舒适透气赤兔9ultra夜光真爆跑步运动鞋,Unisex Running Shoes,80,11.68,https://detail.1688.com/offer/1080333420698.html,included,
1080260451772,running-shoes,中大童儿童白色运动鞋小白鞋青少年学生白鞋旋转纽扣跑步鞋透气男,Children’s Running Shoes,96.6,14.1,https://detail.1688.com/offer/1080260451772.html,included,
1080186443216,running-shoes,秋季新款休闲复古运动鞋厚底男士增高跑步老爹休闲鞋黑色冬季加绒,Men’s Chunky-Sole Fleece-Lined Trainers,70,10.22,https://detail.1688.com/offer/1080186443216.html,included,
1080111589583,running-shoes,厚底老爹鞋女百搭时尚透气运动鞋复古跑步鞋增高2026秋季轻便休闲,Women’s Chunky-Sole Running Shoes,78.7,11.49,https://detail.1688.com/offer/1080111589583.html,included,
1080099576488,running-shoes,夏季男鞋新款透气网面运动鞋子男潮流百搭厚底防滑休闲跑步老爹鞋,Men’s Mesh Chunky-Sole Trainers,32.9,4.8,https://detail.1688.com/offer/1080099576488.html,included,
1080080936075,running-shoes,一脚蹬男鞋春季皮面阿甘运动板鞋跑步男士休闲小白鞋厚底夏季,Men’s Slip-On Chunky-Sole Trainers,13,1.9,https://detail.1688.com/offer/1080080936075.html,included,
1080066088292,running-shoes,老爹鞋撞色风休闲潮鞋大码男码百搭复古运动新款拼接厚底软底跑步,Men’s Chunky-Sole Trainers,99,14.46,https://detail.1688.com/offer/1080066088292.html,included,
1080002874351,running-shoes,男士秋季新款板鞋时尚休闲舒适透气运动低帮户外散步旅游跑步鞋子,Men’s Running Shoes,28.5,4.16,https://detail.1688.com/offer/1080002874351.html,included,
1080001590848,running-shoes,气垫减震运动鞋男青少年初中学生潮鞋2026新款跑步鞋大码,Men’s Running Shoes,61,8.91,https://detail.1688.com/offer/1080001590848.html,included,
1079964542343,running-shoes,碳板跑鞋男款透气弹力减震运动鞋中高考体测马拉松竞速跑步鞋男鞋,Men’s Running Shoes,113,16.5,https://detail.1688.com/offer/1079964542343.html,included,
1079921471501,running-shoes,男鞋夏季2026新款中学生运动跑步软底增高青少年小白老爹潮鞋,Men’s Casual Shoes,39.7,5.8,https://detail.1688.com/offer/1079921471501.html,included,
1079831029675,running-shoes | sports-shoes,跨境莆田鞋缓震耐磨运动鞋女鞋户外网面男鞋透气Kayano14跑步鞋,Mesh Running Shoes,148,21.61,https://detail.1688.com/offer/1079831029675.html,included,
1079824473885,running-shoes | sports-shoes,新款耐磨网面拼接透气老爹鞋户外防滑缓震低帮运动Gel-NYC跑步鞋,Mesh Running Shoes,135,19.71,https://detail.1688.com/offer/1079824473885.html,included,
1079612148010,running-shoes,跑步鞋男纯白透气休闲鞋青少年轻便舒适学生军训运动鞋情侣小白鞋,Unisex Running Shoes,33.5,4.89,https://detail.1688.com/offer/1079612148010.html,included,
1079606204406,running-shoes | sports-shoes,莆田跨境NB9060千禧小象蹄男女低帮休闲网面透气跑步鞋厚底老爹鞋,Unisex Mesh Chunky-Sole Running Shoes,105,15.33,https://detail.1688.com/offer/1079606204406.html,included,
1079581113169,running-shoes | sports-shoes,莆田工厂跨境Max90气垫舒适跑鞋低帮复古耐磨,Running Shoes,110,16.06,https://detail.1688.com/offer/1079581113169.html,included,
1079579749948,running-shoes,莆田2026爆款AirMax95气垫鞋MAX休闲情侣鞋子男女情侣透气运动鞋,Unisex Trainers,115,16.79,https://detail.1688.com/offer/1079579749948.html,included,
1079574488898,running-shoes,跨境B22运动休闲鞋经典复古老爹鞋运动男女款跑步鞋透气耐磨防滑,Unisex Running Shoes,155,22.63,https://detail.1688.com/offer/1079574488898.html,included,
1079574322143,running-shoes,男鞋户外运动加宽加肥防滑防臭网面透气46大码4748厚底宽脚跑鞋男,Men’s Mesh Chunky-Sole Running Shoes,93,13.58,https://detail.1688.com/offer/1079574322143.html,included,
1079524782647,running-shoes,2026男鞋秋季新款男士休闲小白鞋潮流阿甘鞋轻便透气跑步鞋男批发,Men’s Running Shoes,12.9,1.88,https://detail.1688.com/offer/1079524782647.html,included,
1079515536882,running-shoes,新款秋季运动鞋男鞋网面鞋时尚百搭休闲鞋情侣款跑步鞋跨境老爹鞋,Unisex Mesh Running Shoes,34.98,5.11,https://detail.1688.com/offer/1079515536882.html,included,
1079427475351,running-shoes,网布女式运动单鞋透气网面软底防滑休闲鞋中老年健步鞋妈妈鞋新款,Women’s Mesh Walking Shoes,6.8,0.99,https://detail.1688.com/offer/1079427475351.html,included,
1079395518644,running-shoes,莆田纯原B家Runner巴黎7.0代半慢跑鞋涂鸦做旧增高男女休闲运动鞋,Unisex Running Shoes,300,43.8,https://detail.1688.com/offer/1079395518644.html,included,
1079382055895,running-shoes,超轻气垫减震跑步鞋男45大码青少年潮流厚底休闲运动鞋46男女春秋,Unisex Chunky-Sole Running Shoes,95,13.87,https://detail.1688.com/offer/1079382055895.html,included,
1079327954480,running-shoes,男鞋2026春秋季爆款网面运动鞋新款青少年透气鞋子男士轻便跑步鞋,Men’s Mesh Running Shoes,58,8.47,https://detail.1688.com/offer/1079327954480.html,included,
1079318586783,running-shoes,莆田鞋跨境 运动鞋Air Max Moto 2K 百搭舒适耐磨低帮男女跑步鞋,Unisex Running Shoes,155,22.63,https://detail.1688.com/offer/1079318586783.html,included,
1079309629931,running-shoes | sports-shoes,NYC跑步鞋圆头缓震防滑耐磨机能风复古潮流跑鞋外贸鞋慢跑,Running Shoes,125,18.25,https://detail.1688.com/offer/1079309629931.html,included,
1079309625722,running-shoes | sports-shoes,新款运动鞋男女马拉松竞速轻便跑步鞋防滑透气碳板减震大童跑鞋,Unisex Running Shoes,65,9.49,https://detail.1688.com/offer/1079309625722.html,included,
1079274720602,running-shoes | sports-shoes,跨境KAYANO 14 缓震轻量耐磨户外网面运动男女跑步鞋耐磨减震,Unisex Mesh Running Shoes,130,18.98,https://detail.1688.com/offer/1079274720602.html,included,
1079222789420,running-shoes,莆田跨境昂跑 ON Cloudtilt 男女百搭轻量舒适透气跑步减震运动鞋,Unisex Trainers,123,17.96,https://detail.1688.com/offer/1079222789420.html,included,
1079179205966,running-shoes | sports-shoes,跨境莆田鞋  运动休闲鞋网面透气耐磨缓震跑鞋GEL-NYC复古跑步鞋,Mesh Running Shoes,140,20.44,https://detail.1688.com/offer/1079179205966.html,included,
1079124028048,running-shoes | sports-shoes,昂Cloud X5厚底户外徒步鞋运动休闲鞋增高男女慢跑鞋跨境出口现货,Unisex Chunky-Sole Hiking Shoes,148,21.61,https://detail.1688.com/offer/1079124028048.html,included,
1079114111252,running-shoes,男鞋秋季新款厚底休闲鞋运动软底舒适轻便百搭网面鞋透气跑步鞋,Men’s Mesh Chunky-Sole Running Shoes,33.99,4.96,https://detail.1688.com/offer/1079114111252.html,included,
1079094529518,running-shoes,劳保鞋男秋季透气运动鞋子潮流百搭厚底防滑休闲男鞋跑步老爹潮鞋,Men’s Chunky-Sole Trainers,39.8,5.81,https://detail.1688.com/offer/1079094529518.html,included,
1079093765593,running-shoes | sports-shoes,男士轻便通勤运动鞋缓震跑步舒适耐磨休闲鞋户外训鞋工作鞋劳保鞋,Men’s Trainers,30.1,4.4,https://detail.1688.com/offer/1079093765593.html,included,
1079091928022,running-shoes | sports-shoes,莆田鞋纯原Max270新款跑步鞋男女气垫减震网面休闲运动鞋跨境外贸,Unisex Mesh Running Shoes,120,17.52,https://detail.1688.com/offer/1079091928022.html,included,
1079036374755,running-shoes,新款跨境大码42女鞋轻便休闲飞织网布运动鞋时尚透气跑步鞋气垫鞋,Women’s Running Shoes,19.9,2.91,https://detail.1688.com/offer/1079036374755.html,included,
1078801882210,running-shoes,莆田工厂外贸 飞马42代Pegasus 气垫男女款休闲运动跑步鞋,Unisex Running Shoes,120,17.52,https://detail.1688.com/offer/1078801882210.html,included,
1078791969373,running-shoes,高档春秋透气男鞋超轻聚氨酯底防滑耐磨防臭男士运动休闲鞋,Men’s Casual Shoes,58.5,8.54,https://detail.1688.com/offer/1078791969373.html,included,
1078711311884,running-shoes,飞织跑步鞋2024新款球鞋中老年妈妈鞋跳舞健步鞋软底秋冬加绒棉鞋,Fleece-Lined Walking Shoes,6.9,1.01,https://detail.1688.com/offer/1078711311884.html,included,
1078667761512,running-shoes,跨境2026款On昂着跑Cloudhorizon 2莆田鞋男女缓震越野跑鞋徒步鞋,Unisex Hiking Shoes,170,24.82,https://detail.1688.com/offer/1078667761512.html,included,
1078568244225,running-shoes | sports-shoes,莆田跨境老爹鞋D家B22潮牌运动鞋男女透气休闲鞋大码情侣鞋跑步鞋,Unisex Running Shoes,140,20.44,https://detail.1688.com/offer/1078568244225.html,included,
1078542984705,running-shoes,跨境户外GEL-Kayano 14舒适防滑跑步鞋男女K14网面缓震轻便运动鞋,Unisex Mesh Running Shoes,128,18.69,https://detail.1688.com/offer/1078542984705.html,included,
1078538352115,running-shoes,春夏新款大码皮面运动鞋男厚底潮流旅游鞋防滑耐磨跑步鞋现货批发,Men’s Chunky-Sole Running Shoes,88,12.85,https://detail.1688.com/offer/1078538352115.html,included,
1078468465658,running-shoes,外贸欧美站运动鞋跨境Air Max95全掌气垫跑步鞋新款男女运动跑鞋,Unisex Running Shoes,35,5.11,https://detail.1688.com/offer/1078468465658.html,included,
1078454305958,running-shoes,男鞋运动鞋秋冬季新款皮面防水防滑软底跑步鞋潮流百搭防臭休闲鞋,Men’s Running Shoes,49,7.15,https://detail.1688.com/offer/1078454305958.html,included,
1078406880766,running-shoes | sports-shoes,国货2026新款透气网面运动轻便潮鞋百搭休闲软底跑鞋6081代发批发,Mesh Running Shoes,93,13.58,https://detail.1688.com/offer/1078406880766.html,included,
1078397293482,running-shoes | sports-shoes,Air Max Plus TN外贸绑绳气垫鞋登山运动跑步鞋40-46跨境运动欧洲,Running Shoes,150,21.9,https://detail.1688.com/offer/1078397293482.html,included,
1078308549051,running-shoes | sports-shoes,新款Gel-NYC耐磨网面拼接透气老爹鞋户外防滑缓震低帮跑步运动鞋,Mesh Trainers,130,18.98,https://detail.1688.com/offer/1078308549051.html,included,
1078277124400,running-shoes,莆田B22情侣跑步鞋年新款老爹鞋时尚透气户外休闲运动鞋鞋子系列,Unisex Running Shoes,126,18.4,https://detail.1688.com/offer/1078277124400.html,included,
1078275529575,running-shoes | sports-shoes,GEL-NYC跑步鞋跨境男女鞋复古耐磨缓震户外运动鞋网面透气休闲鞋,Unisex Mesh Running Shoes,158,23.07,https://detail.1688.com/offer/1078275529575.html,included,
1078274589948,running-shoes | sports-shoes,莆田纯原亚瑟Kayano14网布面舒适百搭休闲透气男女户外运动跑步鞋,Unisex Running Shoes,175,25.55,https://detail.1688.com/offer/1078274589948.html,included,
1078263837706,running-shoes | sports-shoes,外贸欧洲站小胖丁男女士面包鞋增高厚底老爹鞋时尚百搭运动鞋,Unisex Chunky-Sole Trainers,248,36.21,https://detail.1688.com/offer/1078263837706.html,included,
1078161083551,running-shoes,男鞋秋季休闲运动小众轻奢舒适软底跑步板鞋高级感防滑阿甘老爹鞋,Men’s Trainers,43,6.28,https://detail.1688.com/offer/1078161083551.html,included,
1078131250244,running-shoes | sports-shoes,跨境莆田Kayano14跑步鞋男缓震耐磨运动鞋户外百搭网面透气休闲鞋,Men’s Mesh Running Shoes,153,22.34,https://detail.1688.com/offer/1078131250244.html,included,
1078092466147,running-shoes | sports-shoes,外贸欧洲站驴家Trainer运动鞋男女跑步鞋空胶黑牛仔白水泥面包鞋,Unisex Running Shoes,162,23.65,https://detail.1688.com/offer/1078092466147.html,included,
1078049718393,running-shoes,秋季男鞋老爹透气网面防滑厚底潮流跑步百搭劳保鞋男休闲潮鞋子男,Men’s Mesh Chunky-Sole Work Shoes,39.8,5.81,https://detail.1688.com/offer/1078049718393.html,included,
1078033241277,running-shoes | sports-shoes,跨境男女士K14跑步鞋低帮复古休闲鞋舒适运动轻便增高减震跑步鞋,Unisex Running Shoes,178,25.99,https://detail.1688.com/offer/1078033241277.html,included,
1077977785799,running-shoes,跨境新款网面男春夏运动鞋新款轻便软底跑步鞋健步鞋旅游鞋男鞋,Men’s Mesh Walking Shoes,52,7.59,https://detail.1688.com/offer/1077977785799.html,included,
1077939487214,running-shoes,莆田纯原P-6000复古休闲老爹鞋男女防滑耐磨运动跑步鞋鞋,Unisex Running Shoes,148,21.61,https://detail.1688.com/offer/1077939487214.html,included,
1077939065551,running-shoes,春夏季新款飞织透气跑步鞋户外系带鞋男款潮流复古大码运动休闲鞋,Men’s Lace-Up Running Shoes,50,7.3,https://detail.1688.com/offer/1077939065551.html,included,
1077920287466,running-shoes | sports-shoes,莆田 亚瑟鞋Kayano14网面透气跑步鞋舒适百搭户外休闲运动鞋跨境,Mesh Running Shoes,160,23.36,https://detail.1688.com/offer/1077920287466.html,included,
1077832223601,running-shoes | sports-shoes,2026 跨境外贸新款莆田鞋CD时尚情侣轻便网鞋透气舒适休闲B30跑鞋,Unisex Running Shoes,100,14.6,https://detail.1688.com/offer/1077832223601.html,included,
1077812128352,running-shoes,情侣鞋厂家批发货源阿甘鞋男女款防滑耐磨跑步运动鞋透气网面鞋子,Unisex Mesh Trainers,9.5,1.39,https://detail.1688.com/offer/1077812128352.html,included,
1077756924597,running-shoes,B30厚底网面透气跑鞋b25老爹鞋休闲时尚百搭运动鞋跨境出口专供,Mesh Chunky-Sole Running Shoes,150,21.9,https://detail.1688.com/offer/1077756924597.html,included,
1077547064140,running-shoes,48大码欧洲站2025新款H家男鞋厚底减震跑步鞋休闲小白鞋运动鞋跨,Men’s Chunky-Sole Running Shoes,165,24.09,https://detail.1688.com/offer/1077547064140.html,included,
1077510418737,running-shoes | sports-shoes,跨境专供o昂n家休闲跑步鞋软底减震低帮男女联名款1.0户外运动鞋,Unisex Running Shoes,238,34.75,https://detail.1688.com/offer/1077510418737.html,included,
1077496110143,running-shoes | sports-shoes,男鞋2026新款皮面防水休闲男士运动鞋跑步增高潮鞋小白老爹鞋子男,Men’s Trainers,26,3.8,https://detail.1688.com/offer/1077496110143.html,included,
1077493770350,running-shoes | sports-shoes,男鞋2026新款皮面防水休闲男士运动鞋跑步增高潮鞋小白老爹鞋子男,Men’s Trainers,26,3.8,https://detail.1688.com/offer/1077493770350.html,included,
1077465499838,running-shoes | sports-shoes,跨境专供P家潮流低帮休闲鞋男鞋透气百搭高端运动鞋厂家直发代发,Men’s Trainers,120,17.52,https://detail.1688.com/offer/1077465499838.html,included,
1077452727869,running-shoes,魔术贴休闲板鞋男款懒人一脚蹬耐磨透气帆布鞋港风潮流百搭运动鞋,Men’s Slip-On Trainers,69.4,10.13,https://detail.1688.com/offer/1077452727869.html,included,
1077430979548,running-shoes | sports-shoes,薄跑步鞋夏季新款透气运动鞋男鞋减震软底轻便学生网面休闲鞋,Men’s Mesh Running Shoes,25.58,3.74,https://detail.1688.com/offer/1077430979548.html,included,
1077264578086,running-shoes | sports-shoes,新款GEL-NYC2.0运动鞋缓震增高运动防滑耐磨休闲男女复古跑步鞋,Unisex Running Shoes,168,24.53,https://detail.1688.com/offer/1077264578086.html,included,
1077243884083,running-shoes,篮球鞋2026春夏季高帮男鞋夏季透气网鞋男皮面防水运动白色跑步鞋,Men’s Basketball Shoes,220,32.12,https://detail.1688.com/offer/1077243884083.html,included,
1077191293547,running-shoes,欧洲站莆田鞋AirMax Plus TN软底气垫跑步鞋男女款户外休闲运动鞋,Unisex Running Shoes,150,21.9,https://detail.1688.com/offer/1077191293547.html,included,
1077186431375,running-shoes,男鞋夏季透气百搭休闲学生跑步运动鞋子男款厚底老爹鞋男港风潮鞋,Men’s Chunky-Sole Trainers,39.8,5.81,https://detail.1688.com/offer/1077186431375.html,included,
1077182147661,running-shoes,男鞋秋季新款皮面青少年百搭增高2026休闲港风老爹跑步运动鞋C16,Men’s Trainers,38.5,5.62,https://detail.1688.com/offer/1077182147661.html,included,
1077142319250,running-shoes,男鞋2026新款皮面防水休闲男士运动鞋跑步增高潮鞋小白老爹鞋子男,Men’s Trainers,26,3.8,https://detail.1688.com/offer/1077142319250.html,included,
1077110147550,running-shoes,夏秋男鞋2026新款透气鞋子男潮流百搭厚底运动鞋休闲跑步老爹潮鞋,Men’s Chunky-Sole Trainers,39,5.69,https://detail.1688.com/offer/1077110147550.html,included,
1077035808080,running-shoes,跨境莆田鞋透气减震舒适耐磨运动鞋Kayano14低帮时尚百搭风跑步鞋,Running Shoes,161,23.51,https://detail.1688.com/offer/1077035808080.html,included,
1076962792737,running-shoes,跨境 Gel—NYC耐磨网面拼接老爹鞋 情侣休闲运动鞋户外减震跑步鞋,Unisex Mesh Running Shoes,149,21.76,https://detail.1688.com/offer/1076962792737.html,included,
1076930663476,running-shoes | sports-shoes,跨境户外GEL-Kayano 14舒适防滑跑步鞋男女K14网面缓震轻便运动鞋,Unisex Mesh Running Shoes,120,17.52,https://detail.1688.com/offer/1076930663476.html,included,
1076844667206,running-shoes | sports-shoes,W582跑步鞋男女低帮网布面爆米花底春夏碳板运动鞋轻便网跑慢跑鞋,Unisex Running Shoes,70,10.22,https://detail.1688.com/offer/1076844667206.html,included,
1076716756992,running-shoes | sports-shoes,GEL-NYC减震防滑耐磨舒适跑步鞋男女同款户外越野休闲低帮运动鞋,Unisex Running Shoes,125,18.25,https://detail.1688.com/offer/1076716756992.html,included,
1076664126835,running-shoes | sports-shoes,35-40码皮面秋季透气减震跑步鞋男款拼色运动鞋舒适慢跑鞋运动鞋,Men’s Running Shoes,32.9,4.8,https://detail.1688.com/offer/1076664126835.html,included,
1076641093429,running-shoes | sports-shoes,莆田鞋高版本亚瑟仕 Gel-Kayano 14减震复古耐磨跑步鞋运动鞋跨境,Running Shoes,140,20.44,https://detail.1688.com/offer/1076641093429.html,included,
1076618115251,running-shoes,2026秋季男鞋新款透气青少年运动鞋潮流百搭厚底休闲跑步老爹鞋男,Men’s Chunky-Sole Trainers,64.8,9.46,https://detail.1688.com/offer/1076618115251.html,included,
1076502326651,running-shoes | sports-shoes,鞋舒适跑步耐磨保护Kayano14低帮男女运动鞋Gel莆田透气同款减震,Unisex Trainers,128,18.69,https://detail.1688.com/offer/1076502326651.html,included,
1076478270013,running-shoes,回力男鞋2026秋季新款透气舒适布鞋一脚蹬轻便软底防水休闲健步鞋,Men’s Slip-On Walking Shoes,45,6.57,https://detail.1688.com/offer/1076478270013.html,included,
1075676337986,running-shoes | sports-shoes,莆田纯原NB9060跨境千禧小象蹄厚底增高跑步鞋网面透气外贸老爹鞋,Mesh Chunky-Sole Running Shoes,150,21.9,https://detail.1688.com/offer/1075676337986.html,included,
1075646955715,running-shoes | sports-shoes,跨境户外GEL-Kayano 14跑步鞋男女K14网面缓震运动鞋Kayano14现货,Unisex Mesh Running Shoes,120,17.52,https://detail.1688.com/offer/1075646955715.html,included,
1075618864360,running-shoes,春季男鞋2026新款网面透气防臭百搭运动休闲跑步增高网红老爹潮鞋,Men’s Mesh Casual Shoes,44.2,6.45,https://detail.1688.com/offer/1075618864360.html,included,
1075604222163,running-shoes | sports-shoes,跨境莆田鞋运动鞋网面透气耐磨百搭休闲运动鞋减震Kayano14跑步鞋,Mesh Running Shoes,162,23.65,https://detail.1688.com/offer/1075604222163.html,included,
1075599570661,running-shoes,跨境莆田鞋气垫鞋男女高帮袜子鞋针织靴子一体靴百搭款巴黎袜子靴,Unisex Trainers,150,21.9,https://detail.1688.com/offer/1075599570661.html,included,
1075558399661,running-shoes,新式作训训练鞋男夏秋季网布面透气户外跑步鞋徒步登山耐磨休闲鞋,Men’s Training Shoes,25.5,3.72,https://detail.1688.com/offer/1075558399661.html,included,
1075556903659,running-shoes,gg-start星星系列2026春夏新款复古做旧小脏鞋男女厚底老爹鞋跑步,Unisex Chunky-Sole Trainers,358,52.27,https://detail.1688.com/offer/1075556903659.html,included,
664936321718,sports-shoes,EVA网面鞋男女款运动风透气舒适休闲皮革一脚蹬运动鞋休闲百搭,Unisex Mesh Slip-On Trainers,42.5,6.21,https://detail.1688.com/offer/664936321718.html,included,
1081961766779,sports-shoes,2026款情侣鞋新款飞织袜子鞋透气轻便一脚蹬网面鞋休闲运动鞋,Unisex Mesh Slip-On Trainers,37,5.4,https://detail.1688.com/offer/1081961766779.html,included,
1084721343962,sports-shoes,加绒板鞋女厚底增高7CM时尚休闲鞋2026秋冬新款保暖棉里老爹鞋潮,Women’s Chunky-Sole Fleece-Lined Trainers,100,14.6,https://detail.1688.com/offer/1084721343962.html,included,
1083284433734,sports-shoes,大码女鞋41到43厚底复古德训鞋女2026秋冬款百搭勃肯休闲运动板鞋,Women’s Chunky-Sole Trainers,103,15.04,https://detail.1688.com/offer/1083284433734.html,included,
1080889948307,sports-shoes,银色内增高平底德训鞋女鞋子2026新款春秋季休闲运动板鞋阿甘鞋子,Women’s Trainers,57,8.32,https://detail.1688.com/offer/1080889948307.html,included,
1080819556457,sports-shoes,韩版星星鞋女2026年秋冬季新款厚底增高小白百搭德训鞋休闲运动鞋,Women’s Chunky-Sole Trainers,88,12.85,https://detail.1688.com/offer/1080819556457.html,included,
1080806904327,sports-shoes,复古小众拼色圆头德训鞋2026新款百搭系带休闲户外运动风阿甘鞋女,Women’s Lace-Up Trainers,85,12.41,https://detail.1688.com/offer/1080806904327.html,included,
1080654976542,sports-shoes,Lee Cooper[可可曲奇]内增高德训鞋2026秋季新款百搭阿甘鞋女运动,Women’s Trainers,369,53.88,https://detail.1688.com/offer/1080654976542.html,included,
1080539288529,sports-shoes,法国经典圆头系带BV芭蕾舞鞋德训鞋阿甘鞋男女同款休闲鞋运动跑鞋,Unisex Lace-Up Running Shoes,165,24.09,https://detail.1688.com/offer/1080539288529.html,included,
1080495996538,sports-shoes,伊莎贝尔专供欧美亚马逊街头明星爆款内增高7CM运动休闲登山鞋,Hiking Shoes,120,17.52,https://detail.1688.com/offer/1080495996538.html,included,
1080431012955,sports-shoes,箐弥~比尔德训鞋~2026原创5cm内增高薄底运动休闲赛车鞋女阿甘鞋,Women’s Trainers,73,10.66,https://detail.1688.com/offer/1080431012955.html,included,
1080422676872,sports-shoes,爆款高颜值德训鞋女款2026年新款秋季板鞋ins百搭小众厚底休闲鞋,Women’s Chunky-Sole Trainers,27.9,4.07,https://detail.1688.com/offer/1080422676872.html,included,
1080390048612,sports-shoes,复古尖头软皮女鞋2026秋季新款百搭3厘米低跟短靴厚底百搭防滑鞋,Women’s Chunky-Sole Boots,27.9,4.07,https://detail.1688.com/offer/1080390048612.html,included,
1080385388314,sports-shoes,情侣复古厚底隐形增高小白鞋2026秋季新款情侣潮流时尚运动鞋板鞋,Unisex Chunky-Sole Trainers,34,4.96,https://detail.1688.com/offer/1080385388314.html,included,
1080361896805,sports-shoes,美式黑武士厚底板鞋情侣款耐磨平底复古翻毛皮防滑休闲滑板德训鞋,Unisex Chunky-Sole Trainers,26,3.8,https://detail.1688.com/offer/1080361896805.html,included,
1080074976364,sports-shoes,厚底德训鞋女2026年秋季新款网面透气平底休闲运动鞋复古阿甘鞋,Women’s Mesh Chunky-Sole Trainers,59,8.61,https://detail.1688.com/offer/1080074976364.html,included,
1079915220864,sports-shoes,轻奢莆田Curb 浪 耐磨 凡 防滑情侣简约休闲时尚系带厚实面包板鞋,Unisex Lace-Up Trainers,143.01,20.88,https://detail.1688.com/offer/1079915220864.html,included,
1079794196499,sports-shoes,2026秋季新款真皮小白鞋女厚底显瘦百搭复古防滑潮流软底德训板鞋,Women’s Chunky-Sole Trainers,95,13.87,https://detail.1688.com/offer/1079794196499.html,included,
1079771349564,sports-shoes,轻便舒适~网面透气老爹鞋女2026秋季新款户外厚底登山运动鞋女鞋,Women’s Mesh Chunky-Sole Trainers,99,14.46,https://detail.1688.com/offer/1079771349564.html,included,
1079753692092,sports-shoes,爆款复古增高厚底德训鞋女鞋2026年秋季新款透气百搭运动休闲鞋女,Women’s Chunky-Sole Trainers,29.9,4.37,https://detail.1688.com/offer/1079753692092.html,included,
1079731985956,sports-shoes,厚底小白鞋女2026秋季新款增高不累脚超轻真皮休闲板鞋百搭运动鞋,Women’s Chunky-Sole Trainers,95,13.87,https://detail.1688.com/offer/1079731985956.html,included,
1079720365866,sports-shoes,小众男款休闲鞋男女夏季网面透气百搭轻便运动鞋赤足薄底德训鞋,Unisex Mesh Trainers,31,4.53,https://detail.1688.com/offer/1079720365866.html,included,
1079590269146,sports-shoes,2026夏季新款厚底增高老爹鞋女百搭休闲运动鞋透气网面爆款跑步鞋,Women’s Mesh Chunky-Sole Running Shoes,62,9.05,https://detail.1688.com/offer/1079590269146.html,included,
1079563132953,sports-shoes,复古德训鞋女款新款秋季女士薄底运动鞋阿甘板鞋休闲鞋子女鞋,Women’s Trainers,56,8.18,https://detail.1688.com/offer/1079563132953.html,included,
1079550817558,sports-shoes,回力蓝棕撞色小猫小鱼印花厚底增高可爱少女休闲板鞋女百搭休闲鞋,Women’s Chunky-Sole Trainers,65,9.49,https://detail.1688.com/offer/1079550817558.html,included,
1079550793606,sports-shoes,黄色德训鞋2026新款秋季爆款百搭潮鞋旅游鞋子运动休闲透气板鞋女,Women’s Trainers,22,3.21,https://detail.1688.com/offer/1079550793606.html,included,
1079513685262,sports-shoes,莆田纯原MLB老爹鞋纽约洋基队NY百搭休闲鞋厚底男女款学生运动鞋,Unisex Chunky-Sole Trainers,150,21.9,https://detail.1688.com/offer/1079513685262.html,included,
1079305957960,sports-shoes,2026秋季厚底百搭户外休闲鞋新款老爹鞋鞋潮酷运动鞋皮面德训鞋女,Women’s Chunky-Sole Trainers,88,12.85,https://detail.1688.com/offer/1079305957960.html,included,
1079280652793,sports-shoes,现货外贸真皮做旧小脏鞋男女休闲星星鞋百搭脏脏鞋时尚板鞋小白鞋,Unisex Trainers,225,32.85,https://detail.1688.com/offer/1079280652793.html,included,
1079277996644,sports-shoes,现货法国经典圆头系带BV芭蕾舞鞋德训鞋阿甘鞋男女休闲鞋运动跑鞋,Unisex Lace-Up Running Shoes,205,29.93,https://detail.1688.com/offer/1079277996644.html,included,
1079276096351,sports-shoes,GG做旧星星小脏鞋外贸欧美复古五角星脏脏鞋情侣运动休闲男女板鞋,Unisex Trainers,190,27.74,https://detail.1688.com/offer/1079276096351.html,included,
1079827537100,sports-shoes,软皮版 ～6CM内增高德训鞋女2026秋季复古运动休闲厚底阿甘板鞋,Women’s Chunky-Sole Trainers,78.9,11.52,https://detail.1688.com/offer/1079827537100.html,included,
1079825061618,sports-shoes,rv水钻方扣唐嫣同款老爹厚底运动绣花增高单鞋网格蕾丝2026休闲鞋,Chunky-Sole Casual Shoes,258,37.67,https://detail.1688.com/offer/1079825061618.html,included,
1079783677347,sports-shoes,跨境欧洲站驴家面包鞋透气耐磨运动鞋增高厚底老爹鞋情侣款板鞋,Unisex Chunky-Sole Trainers,165,24.09,https://detail.1688.com/offer/1079783677347.html,included,
1079662564793,sports-shoes,莆田纯原鞋巴黎袜子鞋绑带男女鞋厚底增高休闲懒人潮流防滑运动鞋,Unisex Slip-On Chunky-Sole Trainers,118.98,17.37,https://detail.1688.com/offer/1079662564793.html,included,
1079226268920,sports-shoes,6669-7厚底内增高超高跟10cm老爹鞋女2026秋季新款松糕运动休闲鞋,Women’s Chunky-Sole Trainers,127,18.54,https://detail.1688.com/offer/1079226268920.html,included,
1079211592113,sports-shoes,【顶版】OLD-辉银石休闲跑鞋夏季新款透气通勤复古运动鞋女,Women’s Running Shoes,110,16.06,https://detail.1688.com/offer/1079211592113.html,included,
1079889296020,sports-shoes,ins风~四条杠德训鞋2026秋冬新款内增高阿甘鞋时尚休闲鞋青年女鞋,Women’s Trainers,95,13.87,https://detail.1688.com/offer/1079889296020.html,included,
1078986445640,sports-shoes,蝴蝶结玛丽珍芭蕾舞鞋女2026秋季新款百搭增高厚底休闲运动鞋单鞋,Women’s Chunky-Sole Mary Jane Shoes,27.9,4.07,https://detail.1688.com/offer/1078986445640.html,included,
1078916221055,sports-shoes,现货5CM内增高晚晚风鞋女平底宅女同款摇摇鞋复古铆钉皮带扣单鞋,Women’s Casual Shoes,63,9.2,https://detail.1688.com/offer/1078916221055.html,included,
1078839210580,sports-shoes,前言范26秋季新款真皮拼色德训鞋女厚底阿甘鞋百搭舒适运动休闲鞋,Women’s Chunky-Sole Trainers,133,19.42,https://detail.1688.com/offer/1078839210580.html,included,
1078818709383,sports-shoes,纯原高版本NY洋基队MLB学长鞋增高板鞋厚底鞋老爹鞋小白鞋情侣鞋,Unisex Chunky-Sole Trainers,114,16.65,https://detail.1688.com/offer/1078818709383.html,included,
1078814678436,sports-shoes,小众设计感波点德训鞋女内增高双搭扣休闲轻便软底运动鞋阿甘鞋,Women’s Trainers,62,9.05,https://detail.1688.com/offer/1078814678436.html,included,
1078724452835,sports-shoes,厚底帆布鞋女增高小白鞋2026秋季配裙子学生休闲星星板鞋远波5127,Women’s Chunky-Sole Trainers,46,6.72,https://detail.1688.com/offer/1078724452835.html,included,
1078685526976,sports-shoes,莆田纯原MLB纽约洋基队NY立体标男女情侣百搭板鞋增高厚底运动鞋,Unisex Chunky-Sole Trainers,150,21.9,https://detail.1688.com/offer/1078685526976.html,included,
1078623389198,sports-shoes,银色德训鞋女款2026新款夏季超火经典百搭阿甘运动休闲板鞋子女鞋,Women’s Trainers,30,4.38,https://detail.1688.com/offer/1078623389198.html,included,
1078556608952,sports-shoes,莆田鞋AF1空军一号纯白低帮百搭板鞋纯原男女休闲头层跨境小白鞋,Unisex Trainers,138,20.15,https://detail.1688.com/offer/1078556608952.html,included,
1078556213456,sports-shoes,2026秋季新款单鞋德训鞋女平底板鞋 时尚户外休闲运动鞋女牛皮复,Women’s Trainers,130,18.98,https://detail.1688.com/offer/1078556213456.html,included,
1078510282115,sports-shoes,百搭时尚板鞋女2026春秋新款小众厚底德训鞋女星星休闲圆头鞋子,Women’s Chunky-Sole Trainers,24.5,3.58,https://detail.1688.com/offer/1078510282115.html,included,
1078499462555,sports-shoes,小批量定制复古芭蕾魔术贴玛丽珍鞋女鞋百搭平底轻便休闲运动单鞋,Women’s Mary Jane Shoes,95,13.87,https://detail.1688.com/offer/1078499462555.html,included,
1079125289097,sports-shoes,豹纹秋季老爹鞋女2026年新款网面增高休闲鞋百搭系带跑步运动鞋女,Women’s Mesh Lace-Up Trainers,125,18.25,https://detail.1688.com/offer/1079125289097.html,included,
1078496290802,sports-shoes,回力2026松糕底女板鞋浅蓝波点小白鞋猫咪刺绣格纹少女风增高板鞋,Women’s Trainers,65,9.49,https://detail.1688.com/offer/1078496290802.html,included,
1078486282401,sports-shoes,真皮厚底超轻高级感小白鞋女2026秋款舒适轻便百搭小个子休闲板鞋,Women’s Chunky-Sole Trainers,103,15.04,https://detail.1688.com/offer/1078486282401.html,included,
1078484250546,sports-shoes,25新款跨境p家现货真皮男士运动休闲鞋高端外贸时尚板鞋大码男鞋,Men’s Trainers,170,24.82,https://detail.1688.com/offer/1078484250546.html,included,
1078478357183,sports-shoes,欧货风真皮魔术贴做旧小白鞋女 2026秋新款厚底松糕休闲鞋板鞋潮,Women’s Chunky-Sole Trainers,280,40.88,https://detail.1688.com/offer/1078478357183.html,included,
1078468822731,sports-shoes,炫典 2026秋季小白鞋新款韩版ins女学生厚底增高运动板鞋休闲8821,Women’s Chunky-Sole Trainers,50,7.3,https://detail.1688.com/offer/1078468822731.html,included,
1078370206127,sports-shoes,爆款高颜值德训鞋女款2026年新款秋季板鞋ins百搭小众厚底休闲鞋,Women’s Chunky-Sole Trainers,28.9,4.22,https://detail.1688.com/offer/1078370206127.html,included,
1078370146374,sports-shoes,厚底增高学生小白鞋轻便休闲鞋新款2026百搭秋季运动板鞋休闲女鞋,Women’s Chunky-Sole Trainers,28.9,4.22,https://detail.1688.com/offer/1078370146374.html,included,
1078370038620,sports-shoes,爆款小白鞋女2026秋季新款潮流运动鞋厚底百搭休闲板鞋学生面包鞋,Women’s Chunky-Sole Trainers,27.9,4.07,https://detail.1688.com/offer/1078370038620.html,included,
1078369910860,sports-shoes,爆款高颜值薄款增高厚底德训鞋女2026新款秋季复古休闲板鞋面包鞋,Women’s Chunky-Sole Trainers,25.9,3.78,https://detail.1688.com/offer/1078369910860.html,included,
1078355442096,sports-shoes,品牌断码真皮阿甘小白鞋女2026秋季新款防滑耐磨百搭运动鞋妈妈鞋,Women’s Walking Shoes,46,6.72,https://detail.1688.com/offer/1078355442096.html,included,
1078355052526,sports-shoes,真皮厚底丑萌圆头小白鞋女2026秋季新款学生休闲运动板鞋德训鞋,Women’s Chunky-Sole Trainers,93,13.58,https://detail.1688.com/offer/1078355052526.html,included,
1078345514070,sports-shoes,前言范2026秋新款高牛皮德训女鞋百搭休闲运动休闲鞋韩版时尚女鞋,Women’s Casual Shoes,133,19.42,https://detail.1688.com/offer/1078345514070.html,included,
1078314734575,sports-shoes,琢皮师 牛皮单鞋系带德训鞋休闲运动皮鞋百搭软底秋季新款女鞋,Women’s Lace-Up Trainers,135,19.71,https://detail.1688.com/offer/1078314734575.html,included,
1078301674313,sports-shoes,爆款厚底小白鞋女2026秋季新款百搭学生舒适防滑系带休闲运动板鞋,Women’s Lace-Up Chunky-Sole Trainers,57,8.32,https://detail.1688.com/offer/1078301674313.html,included,
1078265878062,sports-shoes,真皮7cm厚底内增高小白鞋子女鞋2026秋季新款百搭休闲运动鞋板鞋,Women’s Chunky-Sole Trainers,74,10.81,https://detail.1688.com/offer/1078265878062.html,included,
1078138792597,sports-shoes,【原标原盒】高版纯原ROSE赛车鞋朴彩英同款SPEEDCAT薄底休闲鞋,Casual Shoes,171,24.97,https://detail.1688.com/offer/1078138792597.html,included,
1078079904872,sports-shoes,复古擦色做旧休闲时尚百搭经典系带板鞋2026秋季款增高舒适小白鞋,Lace-Up Trainers,197,28.76,https://detail.1688.com/offer/1078079904872.html,included,
1078074454720,sports-shoes,唐人馆70s帆布鞋莆田校园经典高帮蓝底学生男女同款休闲帆布鞋,Unisex Canvas Shoes,100,14.6,https://detail.1688.com/offer/1078074454720.html,included,
1078035626215,sports-shoes,爆款复古德训鞋子女2026年新款春季百搭小白鞋小众休闲运动板鞋女,Women’s Trainers,22.9,3.34,https://detail.1688.com/offer/1078035626215.html,included,
1077969823811,sports-shoes,厚底勃肯包头半拖鞋女夏外穿2026新款百搭轻便舒适休闲运动板鞋子,Women’s Chunky-Sole Trainers,60,8.76,https://detail.1688.com/offer/1077969823811.html,included,
1077896496836,sports-shoes,港风小众女鞋厚底小白鞋2026秋季新款德训休闲运动平底百搭板鞋子,Women’s Chunky-Sole Trainers,27.9,4.07,https://detail.1688.com/offer/1077896496836.html,included,
1077845531375,sports-shoes,韩系真皮软底显瘦阿甘德训鞋女2026秋新款舒适轻便百搭休闲慢跑鞋,Women’s Running Shoes,103,15.04,https://detail.1688.com/offer/1077845531375.html,included,
1077840891003,sports-shoes,莆田纯原蕨草鞋2FERN2低帮女款老爹鞋时尚百搭甜美可爱休闲运动鞋,Women’s Trainers,185,27.01,https://detail.1688.com/offer/1077840891003.html,included,
1077836836267,sports-shoes,系带板鞋单鞋春秋学生松糕女士小白鞋大头鞋厚底韩版休闲百搭2026,Women’s Lace-Up Chunky-Sole Trainers,65,9.49,https://detail.1688.com/offer/1077836836267.html,included,
1077819286627,sports-shoes,跨境外贸莆田鞋hok红卡斯廷森Stinson One7联名跑步鞋越野运动鞋,Running Shoes,200,29.2,https://detail.1688.com/offer/1077819286627.html,included,
1077805299939,sports-shoes,德训鞋2026秋新款真皮网面软底休闲鞋舒适不累脚时尚运动跑步鞋,Mesh Running Shoes,100,14.6,https://detail.1688.com/offer/1077805299939.html,included,
1077642947854,sports-shoes,韩版ins超火拼色陈太太同款老爹鞋运动鞋小个子6cm增高休闲鞋女鞋,Women’s Trainers,116,16.94,https://detail.1688.com/offer/1077642947854.html,included,
1077612989305,sports-shoes,厘米厚底女鞋2025潮风秋冬低帮休闲鞋新款运动百搭老爹鞋女纯色10,Women’s Chunky-Sole Trainers,98,14.31,https://detail.1688.com/offer/1077612989305.html,included,
1077551346094,sports-shoes,牛皮版本~隐形增高6cm爆火八爪鱼老爹鞋拼接厚底百搭休闲运动鞋女,Women’s Chunky-Sole Trainers,98,14.31,https://detail.1688.com/offer/1077551346094.html,included,
1077537070617,sports-shoes,真皮厚底板鞋女款2026秋季新款百搭小个子不累脚复古豹纹休闲鞋女,Women’s Chunky-Sole Trainers,138,20.15,https://detail.1688.com/offer/1077537070617.html,included,
1077521950947,sports-shoes,小白鞋软底运动鞋休闲韩版新款德训鞋阿甘秋季百搭板鞋女2026小众,Women’s Trainers,50,7.3,https://detail.1688.com/offer/1077521950947.html,included,
1077509820060,sports-shoes,2026秋季爆款跨境高帮内增高拼色圆头运动休闲鞋女外贸现货秒发,Women’s Casual Shoes,236,34.46,https://detail.1688.com/offer/1077509820060.html,included,
1077505228982,sports-shoes,小众设计感板鞋2026春秋新款时尚可爱卡通小白鞋耐磨圆头百搭板鞋,Trainers,25.5,3.72,https://detail.1688.com/offer/1077505228982.html,included,
1077499534960,sports-shoes,德训鞋女2026年秋季新款韩版网红百搭休闲真皮运动鞋通勤风单鞋子,Women’s Trainers,95,13.87,https://detail.1688.com/offer/1077499534960.html,included,
1077492915165,sports-shoes,顶版rv真皮厚底方扣小白鞋女增高百搭水钻平底松糕8cm运动休闲鞋,Women’s Chunky-Sole Trainers,275,40.15,https://detail.1688.com/offer/1077492915165.html,included,
1077487916417,sports-shoes,复古星星帆布鞋女2026新款爆款春夏厚底学生百搭运动板鞋休闲鞋,Women’s Chunky-Sole Trainers,43,6.28,https://detail.1688.com/offer/1077487916417.html,included,
1077470893187,sports-shoes,2026秋季复古德训鞋女美拉德拼色翻毛皮平底休闲鞋百搭阿甘运动鞋,Women’s Trainers,92,13.43,https://detail.1688.com/offer/1077470893187.html,included,
1077462393745,sports-shoes,芭蕾德训鞋女款2026春秋季新款百搭爆款鞋子软底女鞋复古轻便板鞋,Women’s Trainers,21.9,3.2,https://detail.1688.com/offer/1077462393745.html,included,
1077455217352,sports-shoes,2026新款GGDB星星小脏鞋真皮亮片做旧小白板鞋百搭平底休闲情侣鞋,Unisex Trainers,115,16.79,https://detail.1688.com/offer/1077455217352.html,included,
1077444663311,sports-shoes,083009秋季新款2026情侣复古鞋透气防滑运动休闲鞋轻便耐磨百搭鞋,Unisex Casual Shoes,185,27.01,https://detail.1688.com/offer/1077444663311.html,included,
1077436487183,sports-shoes,王鹤棣虞书欣同款星星鞋春夏新款国潮厚底增高情侣板鞋男女鞋绿色,Unisex Chunky-Sole Trainers,43.08,6.29,https://detail.1688.com/offer/1077436487183.html,included,
1077423711844,sports-shoes,银色老爹鞋女2026新款春季鞋子厚底增高8cm女鞋春秋百搭运动鞋,Women’s Chunky-Sole Trainers,88,12.85,https://detail.1688.com/offer/1077423711844.html,included,
1077410000887,sports-shoes,做旧擦色脏脏鞋情侣款厚底增高运动休闲鞋百搭溶解板鞋时尚潮鞋,Unisex Chunky-Sole Trainers,159,23.22,https://detail.1688.com/offer/1077410000887.html,included,
1077377926912,sports-shoes,【高品质】辉银石透气运动鞋男女新款时尚休闲运动鞋轻便系带跑鞋,Unisex Lace-Up Running Shoes,111,16.21,https://detail.1688.com/offer/1077377926912.html,included,
1077311373696,sports-shoes,2026秋季新款休闲低帮系带板鞋真皮解构拼接擦色做旧女小白鞋,Women’s Lace-Up Trainers,180,26.28,https://detail.1688.com/offer/1077311373696.html,included,
1077280217262,sports-shoes,经典百搭韩国GG休闲小脏鞋男女板鞋做旧星星内增高脏脏牛皮小白鞋,Unisex Trainers,150,21.9,https://detail.1688.com/offer/1077280217262.html,included,
1077267986145,sports-shoes,跨境户外驴家TRAINER厚底板鞋白水泥牛仔蓝情侣款百搭时尚运动鞋,Unisex Chunky-Sole Trainers,150,21.9,https://detail.1688.com/offer/1077267986145.html,included,
1079184584021,sports-shoes,2026春款复古真皮魔术贴高帮休闲鞋女跛跟百搭铆钉厚底内增高板鞋,Women’s Chunky-Sole Trainers,130,18.98,https://detail.1688.com/offer/1079184584021.html,included,
1077264590088,sports-shoes,外贸专供欧美爆款ISA伊莎贝尔内增高7cm拼色休闲高帮魔术贴运动鞋,Trainers,180,26.28,https://detail.1688.com/offer/1077264590088.html,included,
1077261900064,sports-shoes,外贸莆田鞋专供巴黎Radar复古做旧德训鞋男女休闲运动鞋26s老爹鞋,Unisex Trainers,288,42.05,https://detail.1688.com/offer/1077261900064.html,included,
1077260098666,sports-shoes,牛皮版拼色复古德训鞋子女鞋2026秋冬新款休闲运动鞋百搭阿甘鞋子,Women’s Trainers,95,13.87,https://detail.1688.com/offer/1077260098666.html,included,
1077249215370,sports-shoes,爆款校园风韩系面包鞋厚底小白鞋女款2026新款秋季百搭休闲板鞋女,Women’s Chunky-Sole Trainers,24.9,3.64,https://detail.1688.com/offer/1077249215370.html,included,
1077217230574,sports-shoes,韩国GG做旧小脏鞋男女休闲板鞋经典百搭星星内增高脏脏牛皮小白鞋,Unisex Trainers,186,27.16,https://detail.1688.com/offer/1077217230574.html,included,
1077201569618,sports-shoes,2026超火德训鞋夏薄款单网面运动鞋女减震跑步轻便芭蕾啊甘跑步鞋,Women’s Mesh Running Shoes,42,6.13,https://detail.1688.com/offer/1077201569618.html,included,
1077183778613,sports-shoes,真皮厚底板鞋女款2026秋季新款百搭小个子不累脚复古豹纹休闲鞋女,Women’s Chunky-Sole Trainers,138,20.15,https://detail.1688.com/offer/1077183778613.html,included,
1077183670851,sports-shoes,舒适小白鞋2026新款春秋新款小众百搭时尚厚底板鞋高颜值增高女鞋,Women’s Chunky-Sole Trainers,25.5,3.72,https://detail.1688.com/offer/1077183670851.html,included,
1077181944087,sports-shoes,系带老爹鞋女2026秋季新款爆款厚底增高舒适网面软底运动休闲鞋女,Women’s Mesh Lace-Up Chunky-Sole Trainers,32.9,4.8,https://detail.1688.com/offer/1077181944087.html,included,
1077152548182,sports-shoes,网红潮流厚底老爹鞋女2026新款春夏季网面透气爆款百搭运动鞋子女,Women’s Mesh Chunky-Sole Trainers,26.5,3.87,https://detail.1688.com/offer/1077152548182.html,included,
1077150946418,sports-shoes,莆田纯原PM赛车Speedcat OG朴彩英Rose薄底T头德训男女复古休闲鞋,Unisex Casual Shoes,120,17.52,https://detail.1688.com/offer/1077150946418.html,included,
1077142109450,sports-shoes,真皮休闲复古美拉德红色德训鞋增高百搭厚底秋冬新款星星鞋板鞋女,Women’s Chunky-Sole Trainers,113,16.5,https://detail.1688.com/offer/1077142109450.html,included,
1077067245349,sports-shoes,内增高德训鞋女2026年秋季新款真皮运动休闲鞋厚底百搭豹纹女鞋潮,Women’s Chunky-Sole Trainers,73,10.66,https://detail.1688.com/offer/1077067245349.html,included,
1077035793646,sports-shoes,523-6小个子隐形增高7CM皮面芭蕾德训鞋女复古运动休闲豹纹阿甘鞋,Women’s Trainers,98,14.31,https://detail.1688.com/offer/1077035793646.html,included,
1077015082014,sports-shoes,做旧星星小脏鞋女2025韩国GG经典百搭男板鞋内增高脏脏牛皮小白鞋,Trainers,260,37.96,https://detail.1688.com/offer/1077015082014.html,included,
1079151837796,sports-shoes,爆款百搭条纹板鞋女2026新款秋季韩系校园风软底舒适休闲德训鞋女,Women’s Trainers,25.9,3.78,https://detail.1688.com/offer/1079151837796.html,included,
1079067749045,sports-shoes,德训鞋女2026年秋季新款真皮韩版百搭雕花休闲运动鞋布洛克单鞋子,Women’s Trainers,98,14.31,https://detail.1688.com/offer/1079067749045.html,included,
1079014908600,sports-shoes,2026秋季新款绒皮撞色德训鞋时尚百搭运动鞋休闲户外阿甘鞋2.5cm~,Trainers,115,16.79,https://detail.1688.com/offer/1079014908600.html,included,
1076998182369,sports-shoes,爆款厚底港风老爹鞋女2026春季新款爆款百搭炸街运动鞋显脚小女鞋,Women’s Chunky-Sole Trainers,53,7.74,https://detail.1688.com/offer/1076998182369.html,included,
1076960094303,sports-shoes,莆田纯原鬼冢Mexico66虎Tiger爪经典德训复古男女百搭休闲运动鞋,Unisex Trainers,132,19.27,https://detail.1688.com/offer/1076960094303.html,included,
1076941311005,sports-shoes,真皮厚底老爹鞋女增高小个子休闲运动鞋防滑登山鞋百搭轻便丑萌鞋,Women’s Chunky-Sole Hiking Shoes,128,18.69,https://detail.1688.com/offer/1076941311005.html,included,
1076936198257,sports-shoes,G家拼色老爹鞋2026秋季新款休闲鞋印花增高运动鞋厚底老爹鞋,Chunky-Sole Trainers,235,34.31,https://detail.1688.com/offer/1076936198257.html,included,
1076923354296,sports-shoes,休闲鞋子女新款男女情侣鞋百搭休闲鞋平底运动板鞋MIS-852,Unisex Trainers,37,5.4,https://detail.1688.com/offer/1076923354296.html,included,
1076903307959,sports-shoes,2026新款东莞货小众外穿休闲平底板鞋通勤舒适单鞋经典平底鞋女,Women’s Trainers,255,37.23,https://detail.1688.com/offer/1076903307959.html,included,
1076886752624,sports-shoes,对版缪家简单经典白色拼色系带厚底休闲板鞋女圆头平底百搭小白鞋,Women’s Lace-Up Chunky-Sole Trainers,340,49.64,https://detail.1688.com/offer/1076886752624.html,included,
1076856732468,sports-shoes,2026老爹鞋女新款增高老爹小个子百搭厚底运动鞋女鞋耐磨新品超软,Women’s Chunky-Sole Trainers,88,12.85,https://detail.1688.com/offer/1076856732468.html,included,
1076843365912,sports-shoes,韩版2026秋季新款真皮平底休闲星星鞋女百搭德训鞋女学生板鞋单鞋,Women’s Trainers,95,13.87,https://detail.1688.com/offer/1076843365912.html,included,
1076839927764,sports-shoes,外贸轻便阿甘鞋2026秋季新款平底学生运动德训鞋系带休闲女鞋透气,Women’s Lace-Up Trainers,18,2.63,https://detail.1688.com/offer/1076839927764.html,included,
1076806705552,sports-shoes,爆款真皮女鞋2026年秋新款松糕厚底内增高小白鞋运动休闲鞋,Women’s Chunky-Sole Trainers,88,12.85,https://detail.1688.com/offer/1076806705552.html,included,
1076729237586,sports-shoes,跨境专供高版本Jisoo同款alo小白鞋2025新款板鞋厚底运动休闲增高,Chunky-Sole Trainers,160,23.36,https://detail.1688.com/offer/1076729237586.html,included,
1076720710304,sports-shoes,外贸专供26新款993系列老爹男女同款防滑減震休闲户外跑步运动鞋,Unisex Trainers,175,25.55,https://detail.1688.com/offer/1076720710304.html,included,
1076704573902,sports-shoes,2026秋季新款爆款小个子女单鞋网面透气运动休闲鞋厚底复古老爹鞋,Women’s Mesh Chunky-Sole Trainers,87,12.7,https://detail.1688.com/offer/1076704573902.html,included,
1076655906639,sports-shoes,前言范2026年春秋新款厚底增高板鞋女百搭休闲鞋运动鞋复古阿甘鞋,Women’s Chunky-Sole Trainers,123,17.96,https://detail.1688.com/offer/1076655906639.html,included,
1076645548960,sports-shoes,厚底百搭休闲小白鞋2026春秋季新款时尚校园风休闲鞋小众设计板鞋,Chunky-Sole Trainers,27,3.94,https://detail.1688.com/offer/1076645548960.html,included,
1076636847735,sports-shoes,杰骤2026秋季新款头层牛皮复古风休闲运动单鞋舒适前系带通勤女鞋,Women’s Lace-Up Casual Shoes,168,24.53,https://detail.1688.com/offer/1076636847735.html,included,
1076574259292,sports-shoes,跨境莆田鞋AirMAX飞织跑步鞋男全掌缓震气垫男女时尚百搭运动跑鞋,Unisex Running Shoes,17.88,2.61,https://detail.1688.com/offer/1076574259292.html,included,
1076561559043,sports-shoes,德训鞋女2026年秋季新款百搭真皮韩版平底休闲头层牛皮运动鞋单鞋,Women’s Trainers,101,14.75,https://detail.1688.com/offer/1076561559043.html,included,
1076543681972,sports-shoes,高级感女鞋孕妇大码4143不累脚小白鞋2026秋冬新款软底休闲运动鞋,Women’s Trainers,46,6.72,https://detail.1688.com/offer/1076543681972.html,included,
1076512181498,sports-shoes,2026年春秋季新款学生拼色星星浅口厚底舒适防滑运动女前系带单鞋,Women’s Lace-Up Chunky-Sole Casual Shoes,27.9,4.07,https://detail.1688.com/offer/1076512181498.html,included,
1076501317904,sports-shoes,休闲时尚小白鞋女2026春秋新款圆头百搭休闲板鞋舒适厚底卡通女鞋,Women’s Chunky-Sole Trainers,25.5,3.72,https://detail.1688.com/offer/1076501317904.html,included,
1076499449626,sports-shoes,拼色复古女鞋2026春夏季新款薄款透气百搭休闲板鞋厚底时尚小白鞋,Women’s Chunky-Sole Trainers,24,3.5,https://detail.1688.com/offer/1076499449626.html,included,
1076476141639,sports-shoes,外贸现货GG做旧星星鞋欧美复古五角星小脏鞋情侣运动时尚休闲鞋,Unisex Casual Shoes,220,32.12,https://detail.1688.com/offer/1076476141639.html,included,
1076471081454,sports-shoes,韩版网面德训鞋女2026秋季新款拼色休闲鞋透气平跟老爹鞋慢跑鞋,Women’s Mesh Running Shoes,106,15.48,https://detail.1688.com/offer/1076471081454.html,included,
1076460858913,sports-shoes,2026新款春秋运动鞋百搭男女鞋子潮鞋时尚男鞋板鞋休闲滑板潮鞋子,Unisex Trainers,47,6.86,https://detail.1688.com/offer/1076460858913.html,included,
1076436586515,sports-shoes,四季春秋新款运动女百搭轻便软底防滑减震不累脚休闲跑步老爹鞋,Women’s Trainers,9.99,1.46,https://detail.1688.com/offer/1076436586515.html,included,
1076433597491,sports-shoes,单鞋女2026年新款夏季透气网面休闲板鞋学生拼色外贸大码运动鞋,Women’s Mesh Trainers,31,4.53,https://detail.1688.com/offer/1076433597491.html,included,
1076406050329,sports-shoes,欧货洋气网面老爹鞋女2026年春夏新款厚底卡皮巴拉休闲轻跑运动鞋,Women’s Mesh Chunky-Sole Trainers,33.8,4.94,https://detail.1688.com/offer/1076406050329.html,included,
1076399914241,sports-shoes,欧货洋气网面老爹鞋女2026年春夏新款厚底卡皮巴拉休闲轻跑运动鞋,Women’s Mesh Chunky-Sole Trainers,33.8,4.94,https://detail.1688.com/offer/1076399914241.html,included,
1076397258093,sports-shoes,复古时尚女式休闲鞋秋季真皮拼接系带软底运动风德训阿甘平底鞋,Women’s Lace-Up Flat Shoes,128,18.69,https://detail.1688.com/offer/1076397258093.html,included,
1076334567245,sports-shoes,现货~真皮爆款老爹鞋女款户外鞋2026新款厚底百搭休闲运动鞋子女,Women’s Chunky-Sole Trainers,79,11.54,https://detail.1688.com/offer/1076334567245.html,included,
1076329075250,sports-shoes,韩版休闲板鞋女2026春秋季新款星星小众双鞋带阿甘鞋休闲德训鞋,Women’s Trainers,24.5,3.58,https://detail.1688.com/offer/1076329075250.html,included,
1076299844931,sports-shoes,老北京布鞋女复古编织妈妈鞋亚麻渔夫鞋平底单鞋女防滑软底一脚蹬,Women’s Slip-On Walking Shoes,13.9,2.03,https://detail.1688.com/offer/1076299844931.html,included,
1076279923053,sports-shoes,2026春款复古真皮魔术贴高帮休闲鞋女跛跟百搭铆钉厚底内增高板鞋,Women’s Chunky-Sole Trainers,130,18.98,https://detail.1688.com/offer/1076279923053.html,included,
1076277463041,sports-shoes,2026韩版秋季真皮小白鞋百搭休闲鞋ins潮流女鞋轻便不闷脚单鞋子,Women’s Trainers,90,13.14,https://detail.1688.com/offer/1076277463041.html,included,
1076275754095,sports-shoes,跨境外贸厚底鞋女系带拼色C字母老花帆布休闲平底单鞋百搭板鞋,Women’s Lace-Up Chunky-Sole Trainers,110,16.06,https://detail.1688.com/offer/1076275754095.html,included,
1076233108405,sports-shoes,真皮复古德训鞋女2026冬新款平底系带休闲运动鞋百搭阿甘鞋女,Women’s Lace-Up Trainers,210,30.66,https://detail.1688.com/offer/1076233108405.html,included,
1076221267025,sports-shoes,经典鬼冢虎牌鞋藏青牛皮低帮男女头层运动百搭休闲小白鞋阿甘鞋,Unisex Trainers,119,17.38,https://detail.1688.com/offer/1076221267025.html,included,
1076220383486,sports-shoes,复古风反绒皮平底德训鞋女2026年秋季新款系带休闲运动鞋百搭单鞋,Women’s Lace-Up Trainers,79,11.54,https://detail.1688.com/offer/1076220383486.html,included,
1076212373466,sports-shoes,百搭新款女网面渔夫鞋厚底夏季透气蕾丝欧货一脚蹬乐福鞋休闲板鞋,Women’s Mesh Slip-On Chunky-Sole Loafers,60,8.76,https://detail.1688.com/offer/1076212373466.html,included,
1076211817467,sports-shoes,磨砂真皮复古厚底增高板鞋女2026秋季新款系带圆头防滑休闲运动鞋,Women’s Lace-Up Chunky-Sole Trainers,98,14.31,https://detail.1688.com/offer/1076211817467.html,included,
1076136231709,sports-shoes,软底小白鞋女2026秋季新款爆款运动板鞋百搭小众学生厚底德训鞋子,Women’s Chunky-Sole Trainers,36,5.26,https://detail.1688.com/offer/1076136231709.html,included,
1076099289874,sports-shoes,小个子增高厚底老爹鞋女2026秋季新款超火轻便显脚小休闲运动女鞋,Women’s Chunky-Sole Trainers,75,10.95,https://detail.1688.com/offer/1076099289874.html,included,
1076062242106,sports-shoes,鞋子女跨境新款春季老北京布鞋舒适一脚蹬中老年健步鞋,Women’s Slip-On Walking Shoes,7.5,1.1,https://detail.1688.com/offer/1076062242106.html,included,
1076011470079,sports-shoes,复古芭蕾风德训鞋7cm~内增高女鞋秋季软皮阿甘鞋小个子休闲运动鞋,Women’s Trainers,79.9,11.67,https://detail.1688.com/offer/1076011470079.html,included,
1075976825716,sports-shoes,厚底百搭小白鞋女2026年新款秋季爆款黑白鞋百搭运动休闲板鞋,Women’s Chunky-Sole Trainers,24.9,3.64,https://detail.1688.com/offer/1075976825716.html,included,
1075895756015,sports-shoes,德训鞋女2026年秋季新款厚底内增高百搭舒适休闲运动小白鞋阿甘鞋,Women’s Chunky-Sole Trainers,98,14.31,https://detail.1688.com/offer/1075895756015.html,included,
1075866521311,sports-shoes,内增高老爹鞋10cm高跟2026秋季女鞋新款小个子厚底爆款休闲运动鞋,Women’s Chunky-Sole Trainers,88,12.85,https://detail.1688.com/offer/1075866521311.html,included,
1075857872772,sports-shoes,多巴胺板鞋女2026夏季新款原创休闲鞋小众高颜值小白鞋加工定制,Women’s Trainers,25.5,3.72,https://detail.1688.com/offer/1075857872772.html,included,
1075841444509,sports-shoes,厚底运动鞋女2026德训鞋拼色韩系面包时尚休闲透气灰色复古鞋厚底,Women’s Chunky-Sole Trainers,59,8.61,https://detail.1688.com/offer/1075841444509.html,included,
1075841436369,sports-shoes,VB高版本德训鞋复古拼色2026新款软底运动单鞋百搭休闲鞋小白鞋子,Trainers,130,18.98,https://detail.1688.com/offer/1075841436369.html,included,
1075840162814,sports-shoes,韩国GG做旧星星小脏鞋女2025经典百搭男板鞋内增高脏脏牛皮小白鞋,Trainers,198,28.91,https://detail.1688.com/offer/1075840162814.html,included,
1075835714665,sports-shoes,2026秋季新款粉色多巴胺星星板鞋女学院风可爱高级感小白鞋子女鞋,Women’s Trainers,24.9,3.64,https://detail.1688.com/offer/1075835714665.html,included,
1075818797547,sports-shoes,2026年新款丝带蝴蝶结浅蓝条纹厚底舒适增高软底甜美学生运动单鞋,Chunky-Sole Casual Shoes,28.8,4.21,https://detail.1688.com/offer/1075818797547.html,included,
1075760459001,sports-shoes,外贸批发女鞋新款厚底运动鞋透气老爹鞋潮流轻便百搭系带老爹鞋,Women’s Lace-Up Chunky-Sole Trainers,16,2.34,https://detail.1688.com/offer/1075760459001.html,included,
1075740307841,sports-shoes,新款透气系带撞色百搭款橡胶防滑软底增高显脚瘦运动鞋,Lace-Up Trainers,60,8.76,https://detail.1688.com/offer/1075740307841.html,included,
1075679861036,sports-shoes,厚底时尚女鞋2026春夏季新款休闲透气薄款板鞋小众轻便百搭小白鞋,Women’s Chunky-Sole Trainers,26,3.8,https://detail.1688.com/offer/1075679861036.html,included,
1075672088048,sports-shoes,内增高复古德训鞋女2026秋百搭高级感勃肯鞋透气板鞋潮搭远波5312,Women’s Trainers,49,7.15,https://detail.1688.com/offer/1075672088048.html,included,
1075665422276,sports-shoes,蝶澳真皮厚底小白鞋女2026秋新款百搭系带轻便发泡底运动休闲板鞋,Women’s Lace-Up Chunky-Sole Trainers,130,18.98,https://detail.1688.com/offer/1075665422276.html,included,
1075665305558,sports-shoes,【林允同款】GGCC溯风山野2026秋新款复古做旧轻户外厚底老爹鞋女,Women’s Chunky-Sole Trainers,125,18.25,https://detail.1688.com/offer/1075665305558.html,included,
1075633579111,sports-shoes,女鞋浅口帆布鞋2026新款夏季一脚蹬小白鞋孕妇软底平底运动休闲鞋,Women’s Slip-On Trainers,42,6.13,https://detail.1688.com/offer/1075633579111.html,included,
1075602475966,sports-shoes,厚底增高老爹鞋女款2026新款夏季透气网面休闲运动鞋户外登山鞋子,Women’s Mesh Chunky-Sole Hiking Shoes,55,8.03,https://detail.1688.com/offer/1075602475966.html,included,
1075570555206,sports-shoes,厚底松糕鞋季新款8cm小个子皮面板鞋坡跟爆款休闲鞋内增高小白鞋,Chunky-Sole Trainers,88,12.85,https://detail.1688.com/offer/1075570555206.html,included,
1075548181552,sports-shoes,莆田鞋纯原Kayano14新款亚瑟男女舒适透气网面跨境外贸跑步运动鞋,Unisex Mesh Running Shoes,180,26.28,https://detail.1688.com/offer/1075548181552.html,included,
1075544090922,sports-shoes,OLDORDER-TRACK-陨铁石休闲跑鞋夏季新款透气通勤复古运动鞋女,Women’s Running Shoes,111,16.21,https://detail.1688.com/offer/1075544090922.html,included,
1075526569654,sports-shoes,百搭小个子厚底增高板鞋女2026新款春季百搭小白鞋休闲运动面包鞋,Women’s Chunky-Sole Trainers,27,3.94,https://detail.1688.com/offer/1075526569654.html,included,
1075502664867,sports-shoes,2026秋季新款透气老爹鞋女网面百搭休闲户外慢跑运动鞋潮厚底女鞋,Women’s Mesh Chunky-Sole Trainers,121,17.67,https://detail.1688.com/offer/1075502664867.html,included,
1075469930568,sports-shoes,日常板鞋女2026春秋新款多巴胺系带厚底小白鞋女百搭厚底鞋子女款,Women’s Lace-Up Chunky-Sole Trainers,25.5,3.72,https://detail.1688.com/offer/1075469930568.html,included,
1075452449805,sports-shoes,牛皮版~银色德训鞋女款赛车鞋春秋新款阿甘小白鞋百搭休闲运动鞋,Women’s Trainers,26.9,3.93,https://detail.1688.com/offer/1075452449805.html,included,
1075444785049,sports-shoes,2026春季百搭奶油色跑步鞋女ins超火港风运动休闲鞋新款老爹鞋潮,Women’s Running Shoes,86.5,12.63,https://detail.1688.com/offer/1075444785049.html,included,
1075413093823,sports-shoes,赤兔10pro跑鞋儿童学生训练比赛专用跑步鞋青少年透气减震运动鞋9,Children’s Running Shoes,76,11.1,https://detail.1688.com/offer/1075413093823.html,included,
1075333895670,sports-shoes,德训鞋女款2026新款秋季轻便巨好看小白鞋阿甘运动休闲板鞋子女鞋,Women’s Trainers,62,9.05,https://detail.1688.com/offer/1075333895670.html,included,
1075314976282,sports-shoes,7cm隐形内增高德训鞋女2026新款百搭薄底休闲鞋秋季运动阿甘鞋女,Women’s Trainers,73,10.66,https://detail.1688.com/offer/1075314976282.html,included,
1075253652839,sports-shoes,复古超火星星板鞋女款2026新款秋季百搭薄底德训鞋休闲运动阿甘鞋,Women’s Trainers,29.9,4.37,https://detail.1688.com/offer/1075253652839.html,included,
1075236827245,sports-shoes,跨境小香风24C情侣款皮革网面透气休闲运动鞋厚底银角大王老爹鞋,Unisex Mesh Chunky-Sole Trainers,285,41.61,https://detail.1688.com/offer/1075236827245.html,included,
1075161442053,sports-shoes,小众德训鞋女2026春秋新款韩系薄款休闲板鞋前系带舒适透气小白鞋,Women’s Lace-Up Trainers,23.5,3.43,https://detail.1688.com/offer/1075161442053.html,included,
1075145165797,sports-shoes,2026新款老爹鞋女厚底复古运动鞋百搭显脚小透气休闲鞋潮,Women’s Chunky-Sole Trainers,28,4.09,https://detail.1688.com/offer/1075145165797.html,included,
1075054664981,sports-shoes,范晓洛+7cm隐形内增高德训鞋女2026新款薄底休闲鞋夏季运动阿甘鞋,Women’s Trainers,72,10.51,https://detail.1688.com/offer/1075054664981.html,included,
1075030988019,sports-shoes,头层牛皮复古厚底阿甘德训鞋女2026秋冬季新款舒适百搭运动老爹鞋,Women’s Chunky-Sole Trainers,159.9,23.35,https://detail.1688.com/offer/1075030988019.html,included,
1075025057786,sports-shoes,跨境伊莎贝尔内增高鞋高帮拼色圆头平底休闲鞋百搭款魔术贴运动鞋,Trainers,180,26.28,https://detail.1688.com/offer/1075025057786.html,included,
1075001588217,sports-shoes,莆田运动鞋13气柱科技跑步鞋增高透气防滑减震四季通用休闲,Running Shoes,135,19.71,https://detail.1688.com/offer/1075001588217.html,included,
1074943698696,sports-shoes,爆款2026年秋季新款法式玛丽珍鞋女百搭浅口鞋子女复古粗跟单鞋女,Women’s Mary Jane Shoes,22.9,3.34,https://detail.1688.com/offer/1074943698696.html,included,
1074928887942,sports-shoes,莆田鞋工厂外贸纯原空军一号机能联名男女板鞋拉链耐磨休闲鞋,Unisex Trainers,128,18.69,https://detail.1688.com/offer/1074928887942.html,included,
1074910203840,sports-shoes,老爹鞋女2026秋季新款网面透气爆款休闲老爹鞋厚底运动鞋,Women’s Mesh Chunky-Sole Trainers,105,15.33,https://detail.1688.com/offer/1074910203840.html,included,
1074900533639,sports-shoes,跨境2026款秋魔术贴新款冬季欧美街头明星爆款运动休闲单鞋女款,Women’s Casual Shoes,236,34.46,https://detail.1688.com/offer/1074900533639.html,included,
1074896206871,sports-shoes,外贸 GEL-Kayano14舒适减震耐磨跑步鞋K14网面防滑缓震轻便运动鞋,Mesh Running Shoes,145,21.17,https://detail.1688.com/offer/1074896206871.html,included,
1074754834265,sports-shoes,马皮拼接德训女休闲鞋2026秋季新款平底软底百搭时尚运动系带舒适,Women’s Lace-Up Casual Shoes,179,26.14,https://detail.1688.com/offer/1074754834265.html,included,
1074734284818,sports-shoes,厚底休闲鞋内增高女款2026春季新款做旧擦色舒适轻便百搭增高板鞋,Women’s Chunky-Sole Trainers,24.9,3.64,https://detail.1688.com/offer/1074734284818.html,included,
1074679385107,sports-shoes,内增高小白鞋女2026年秋季新款真皮休闲运动巨好看厚底板鞋子爆款,Women’s Chunky-Sole Trainers,93,13.58,https://detail.1688.com/offer/1074679385107.html,included,
1074667506085,sports-shoes,白枕鹤爆款网面老爹鞋小白鞋女轻便百搭透气高颜值女厚底跑步鞋运,Women’s Mesh Chunky-Sole Running Shoes,42,6.13,https://detail.1688.com/offer/1074667506085.html,included,
1074662266552,sports-shoes,厚底百搭百搭老爹鞋2026新款女款秋款爆款轻便软底不累脚休闲鞋,Women’s Chunky-Sole Trainers,105,15.33,https://detail.1688.com/offer/1074662266552.html,included,
1074641626228,sports-shoes,高版本吴建豪同款乞丐鞋男女款变色厚底增高休闲透气百搭帆布鞋女,Unisex Chunky-Sole Canvas Shoes,120,17.52,https://detail.1688.com/offer/1074641626228.html,included,
1074625071339,sports-shoes,厚底德训鞋2026春秋新款多巴胺系带休闲耐磨板鞋女时尚卡通小白鞋,Women’s Lace-Up Chunky-Sole Trainers,25.5,3.72,https://detail.1688.com/offer/1074625071339.html,included,
1074622590724,sports-shoes,回力波点德训鞋女款2026新款透气轻便运动鞋百搭复古休闲女鞋子B,Women’s Trainers,57.98,8.47,https://detail.1688.com/offer/1074622590724.html,included,
1074620122684,sports-shoes,韩版波点翻领高帮小白鞋2026春秋新款时尚两穿休闲鞋厚底百搭板鞋,Chunky-Sole Trainers,27,3.94,https://detail.1688.com/offer/1074620122684.html,included,
1074571128526,sports-shoes,跨境莆田鞋麦昆小白鞋百搭厚底女鞋情侣款板鞋休闲时尚运动休闲鞋,Unisex Chunky-Sole Trainers,171,24.97,https://detail.1688.com/offer/1074571128526.html,included,
1074566715698,sports-shoes,星星板鞋女2026春秋新款复古百搭韩版软底阿甘鞋小众ins潮小白鞋,Women’s Trainers,24.5,3.58,https://detail.1688.com/offer/1074566715698.html,included,
1074472697514,sports-shoes,韩系褶皱休闲鞋女2026秋季新款平底阿甘鞋网红软底百搭运动德训鞋,Women’s Trainers,118,17.23,https://detail.1688.com/offer/1074472697514.html,included,
1079640956461,sports-shoes,贝壳头经典金标白标女鞋休闲小白鞋纯原三叶板鞋经典百搭三道杠,Women’s Trainers,162,23.65,https://detail.1688.com/offer/1079640956461.html,included,
1077956577196,sports-shoes,欧洲站复古德训鞋女2026秋新款芒果头百搭休闲运动厚底阿甘老爹鞋,Women’s Chunky-Sole Trainers,108,15.77,https://detail.1688.com/offer/1077956577196.html,included,
1077591409571,sports-shoes,网面鞋系带2026年厚底老爹鞋透气休闲纯色潮网面10新款CM夏季百搭,Mesh Lace-Up Chunky-Sole Trainers,105,15.33,https://detail.1688.com/offer/1077591409571.html,included,
1074420714210,sports-shoes,跨境高版本NYC跑步鞋圆头缓震防滑耐磨机能风复古潮流外贸运动鞋,Running Shoes,158,23.07,https://detail.1688.com/offer/1074420714210.html,included,
1074387470926,sports-shoes,跨境numeris shoes休闲鞋男鞋女锯齿底防滑厚底增高平底运动板鞋,Chunky-Sole Trainers,190,27.74,https://detail.1688.com/offer/1074387470926.html,included,
1074349081282,sports-shoes,德训鞋女款2026新款春秋季超火复古时尚百搭网面透气阿甘鞋运动鞋,Women’s Mesh Trainers,28.9,4.22,https://detail.1688.com/offer/1074349081282.html,included,
1074322302838,sports-shoes,2026秋新款韩版厚底增高老爹鞋女百搭休闲运动鞋舒适系带女鞋潮,Women’s Lace-Up Chunky-Sole Trainers,115,16.79,https://detail.1688.com/offer/1074322302838.html,included,
1074250916588,sports-shoes,欧美外贸26新款H家牛皮运动透气潮流女同款轻便男情侣时尚小白鞋,Unisex Trainers,285,41.61,https://detail.1688.com/offer/1074250916588.html,included,
1074240824431,sports-shoes,MARCO&JOYCE复古拼色德训鞋女2026圆头系带休闲板鞋百搭软底运动,Women’s Lace-Up Trainers,122,17.81,https://detail.1688.com/offer/1074240824431.html,included,
1074221981800,sports-shoes,做旧擦色脏脏鞋情侣款厚底增高运动休闲鞋百搭溶解板鞋时尚潮鞋,Unisex Chunky-Sole Trainers,42,6.13,https://detail.1688.com/offer/1074221981800.html,included,
1074181782060,sports-shoes,2026新款拼色德训鞋女平底阿甘鞋百搭透气系带休闲运动鞋户外登山,Women’s Lace-Up Trainers,121,17.67,https://detail.1688.com/offer/1074181782060.html,included,
1074156619172,sports-shoes,跨境莆田鞋亚瑟NOVABLAST 5男厚底耐磨轻便休闲运动鞋缓震跑步鞋,Men’s Chunky-Sole Running Shoes,152,22.19,https://detail.1688.com/offer/1074156619172.html,included,
1074089002043,sports-shoes,MARCO&JOYCE老爹鞋女2026春新款网面透气休闲运动鞋轻便增高阿甘,Women’s Mesh Trainers,106,15.48,https://detail.1688.com/offer/1074089002043.html,included,
1074075607752,sports-shoes,外贸跨境专供伊莎贝尔高帮鞋欧美街头爆款内增高休闲鞋百搭运动鞋,Trainers,205,29.93,https://detail.1688.com/offer/1074075607752.html,included,
1074054945779,sports-shoes,牛皮版简约春季新款蕾丝边内增高银色德训鞋圆头系带运动阿甘鞋女,Women’s Lace-Up Trainers,83,12.12,https://detail.1688.com/offer/1074054945779.html,included,
1074012505703,sports-shoes,欧洲站时尚复古做旧厚底老爹鞋女2026春季新款增高透气运动休闲鞋,Women’s Chunky-Sole Trainers,115,16.79,https://detail.1688.com/offer/1074012505703.html,included,
1074002104937,sports-shoes,休闲小白鞋2026春季爆款百搭休闲厚底女板鞋时尚极简风鞋子女鞋,Women’s Chunky-Sole Trainers,24,3.5,https://detail.1688.com/offer/1074002104937.html,included,
1073993141373,sports-shoes,跨境专供欧美街头爆款7CM内增高休闲鞋伊莎贝尔高帮鞋休闲运动鞋,Trainers,195,28.47,https://detail.1688.com/offer/1073993141373.html,included,
1073977303948,sports-shoes,26新款缪缪透气网布复古拼色休闲运动德训男女鞋轻便日常通勤百搭,Unisex Casual Shoes,380,55.49,https://detail.1688.com/offer/1073977303948.html,included,
1073958768188,sports-shoes,韩版休闲户外登山德训老爹鞋女2026秋新款舒适轻便真皮软底慢跑鞋,Women’s Running Shoes,105,15.33,https://detail.1688.com/offer/1073958768188.html,included,
1073913980294,sports-shoes,平底德训鞋女2026秋季新款百搭不累脚显脚小防滑阿甘鞋休闲运动鞋,Women’s Trainers,58,8.47,https://detail.1688.com/offer/1073913980294.html,included,
1073896594558,sports-shoes,跨境nb9060小象蹄情侣网面透气运动鞋货源稳定供货支持一件代发混,Unisex Mesh Trainers,215,31.39,https://detail.1688.com/offer/1073896594558.html,included,
1073896594500,sports-shoes,德训鞋女款2026新款春秋季超火复古时尚百搭网面透气阿甘鞋运动鞋,Women’s Mesh Trainers,28.9,4.22,https://detail.1688.com/offer/1073896594500.html,included,
1073857678951,sports-shoes,跨境四季透气舒适运动鞋百搭时尚户外鞋潮流板鞋轻便复古休闲鞋,Trainers,39,5.69,https://detail.1688.com/offer/1073857678951.html,included,
1073854597927,sports-shoes,全黑色工作鞋女软底舒适女鞋久站不累脚厨房上班鞋防水纯黑运动鞋,Women’s Trainers,21,3.07,https://detail.1688.com/offer/1073854597927.html,included,
1073850843085,sports-shoes,2026夏季新品德训复古板鞋男女情侣百搭休闲外贸耐磨潮流时尚男鞋,Unisex Trainers,73.3,10.7,https://detail.1688.com/offer/1073850843085.html,included,
1073849867626,sports-shoes,欧洲站2026春夏新款软皮透网运动休闲鞋超轻厚底巨好看的老爹鞋,Chunky-Sole Trainers,40,5.84,https://detail.1688.com/offer/1073849867626.html,included,
1073848759240,sports-shoes,青岚赴野加肥宽大码女鞋网面拼色户外登上徒步运动老爹鞋,Women’s Mesh Trainers,96,14.02,https://detail.1688.com/offer/1073848759240.html,included,
1073819226773,sports-shoes,MARCO&JOYCE2026秋新款休闲风拼色休闲运动鞋女圆头系带德训鞋,Women’s Lace-Up Trainers,120,17.52,https://detail.1688.com/offer/1073819226773.html,included,
1073801250574,sports-shoes,韩版内增高8CM厚底小白鞋女2026新款小个子小码松糕休闲系带板鞋,Women’s Lace-Up Chunky-Sole Trainers,93,13.58,https://detail.1688.com/offer/1073801250574.html,included,
1073792822077,sports-shoes,莆田纯原MLBI高版赛博张凌赫同款男女休闲鞋透气老爹鞋运动鞋,Unisex Trainers,175,25.55,https://detail.1688.com/offer/1073792822077.html,included,
1073781896053,sports-shoes,头层牛皮德训鞋女2026秋季新款老钱复古真皮系带运动休闲鞋阿甘鞋,Women’s Lace-Up Trainers,188,27.45,https://detail.1688.com/offer/1073781896053.html,included,
1073770280687,sports-shoes,复古美拉德棕色德训鞋女2026新款爆款春季超火百搭休闲阿甘板鞋,Women’s Trainers,52,7.59,https://detail.1688.com/offer/1073770280687.html,included,
1073770280523,sports-shoes,首谷厚底德训鞋女秋新款女百搭拼色休闲运动鞋增高系带板鞋12-59,Women’s Lace-Up Chunky-Sole Trainers,130,18.98,https://detail.1688.com/offer/1073770280523.html,included,
1073758251298,sports-shoes,复古阿甘鞋女2026春秋新款百搭休闲小白鞋女拼色校园风休闲板鞋,Women’s Trainers,26,3.8,https://detail.1688.com/offer/1073758251298.html,included,
1073758242116,sports-shoes,小白鞋女款2026年秋季新款百搭休闲鞋轻便板鞋女大码女鞋41到43,Women’s Trainers,93,13.58,https://detail.1688.com/offer/1073758242116.html,included,
1070824246623,sports-shoes,Zoom Vomero 5 SE SP佛莫罗5代经典复古休闲运动慢跑鞋 CI1694,Running Shoes,168,24.53,https://detail.1688.com/offer/1070824246623.html,included,
1070811361085,sports-shoes,P6000男子运动鞋夏季复古跑鞋风透气轻便缓震老爹鞋男女式运动鞋,Unisex Running Shoes,170,24.82,https://detail.1688.com/offer/1070811361085.html,included,
1070721376372,sports-shoes,莆田鞋 跨境 O昂n跑 Cloudtilt Remix 舒适柔软支撑休闲跑步鞋,Running Shoes,178,25.99,https://detail.1688.com/offer/1070721376372.html,included,
1070716471302,sports-shoes,韩式复古时尚休闲德训鞋女2026年新款春季巨好看增高阿甘鞋子板鞋,Women’s Trainers,59,8.61,https://detail.1688.com/offer/1070716471302.html,included,
1070538075222,sports-shoes,德训鞋女鞋2026年春秋新款小白爆款阿甘鞋轻便运动休闲板鞋N3313,Women’s Trainers,44,6.42,https://detail.1688.com/offer/1070538075222.html,included,
1070535305952,sports-shoes,运动鞋男鞋厂家批发杂款鞋软底男休闲鞋老爹鞋外贸鞋摆摊鞋子批发,Men’s Trainers,9.8,1.43,https://detail.1688.com/offer/1070535305952.html,included,
1070394812828,sports-shoes,纯原新款美津浓男女跑鞋SPEED 2K复古老爹鞋缓震跑步鞋休闲运动鞋,Unisex Running Shoes,180,26.28,https://detail.1688.com/offer/1070394812828.html,included,
1070379540047,sports-shoes,莆田鞋跨境新款b22厚底夜光跑步鞋老爹鞋休闲时尚百搭透气运动鞋,Chunky-Sole Running Shoes,168,24.53,https://detail.1688.com/offer/1070379540047.html,included,
1070378860673,sports-shoes,吸膜底新款老爹鞋女2026秋季厚底增高运动鞋女休闲鞋百搭复古女鞋,Women’s Chunky-Sole Trainers,125,18.25,https://detail.1688.com/offer/1070378860673.html,included,
1070360014862,sports-shoes,跨境 O昂N跑鞋 Cloud 6 舒适柔软防滑耐磨低帮休闲跑步鞋男女款,Unisex Running Shoes,189,27.6,https://detail.1688.com/offer/1070360014862.html,included,
1070355398642,sports-shoes,跨境Gel-Kayano14缓震轻量耐磨户外网面运动男女跑步鞋耐磨减震鞋,Unisex Mesh Running Shoes,132,19.27,https://detail.1688.com/offer/1070355398642.html,included,
1070315701089,sports-shoes,真皮厚底小白鞋女鞋2026春夏爆款百搭板鞋防滑软底时尚运动休闲鞋,Women’s Chunky-Sole Trainers,49,7.15,https://detail.1688.com/offer/1070315701089.html,included,
1070306087128,sports-shoes,莆田跨境批发原版本O昂n跑 Cloud X4 低帮徒步训练跑步休闲运动鞋,Trainers,180,26.28,https://detail.1688.com/offer/1070306087128.html,included,
1070239113100,sports-shoes,跨境新款现货Numeris Shoes数字鞋休闲德迅鞋情侣款厚底增高板鞋,Unisex Chunky-Sole Trainers,178,25.99,https://detail.1688.com/offer/1070239113100.html,included,
1070085010933,sports-shoes,运动鞋男透气网面高帮青少年百搭软底休闲鞋防滑学生球鞋一件代发,Men’s Mesh Trainers,55,8.03,https://detail.1688.com/offer/1070085010933.html,included,
1070044220798,sports-shoes,莆田工厂高版本nb1906A系列男女情侣百搭休闲透气低帮跑步运动鞋,Unisex Trainers,190,27.74,https://detail.1688.com/offer/1070044220798.html,included,
1069975993947,sports-shoes,断码帆布鞋夏季透气新款小众设计一脚蹬软底破洞休闲平底板鞋,Slip-On Trainers,45.39,6.63,https://detail.1688.com/offer/1069975993947.html,included,
1069937171398,sports-shoes,亚瑟GEL-Kayano14复古网面休闲跑步鞋GEL缓震胶系列男女老爹鞋,Unisex Mesh Running Shoes,118,17.23,https://detail.1688.com/offer/1069937171398.html,included,
1069910957957,sports-shoes,境外nosen增高8公分 漆皮复古铆钉原创休闲厚底内增高坡跟运动鞋,Chunky-Sole Trainers,130,18.98,https://detail.1688.com/offer/1069910957957.html,included,
1069902113584,sports-shoes,跨境新款刀锋鞋2026秋季休闲运动鞋时尚潮ins男士飞织透气跑步鞋,Men’s Running Shoes,65,9.49,https://detail.1688.com/offer/1069902113584.html,included,
1069851412375,sports-shoes,外贸纯原P6000透气运动鞋男女款复古跑步鞋厚底老爹鞋情侣休闲鞋,Unisex Chunky-Sole Running Shoes,178,25.99,https://detail.1688.com/offer/1069851412375.html,included,
1069829739121,sports-shoes,外贸 NYC莆田新款 蓝色耐磨拼接网面透气老爹鞋缓震低帮跑步鞋,Mesh Running Shoes,105,15.33,https://detail.1688.com/offer/1069829739121.html,included,
1069811391927,sports-shoes,莆田Air Max95跨境气垫鞋复古减震男女大码鞋低帮休闲跑步运动鞋,Unisex Trainers,130,18.98,https://detail.1688.com/offer/1069811391927.html,included,
1069782428585,sports-shoes,跨境MAX TL2.5气垫跑步鞋CDG男女慢跑鞋厚底增高休闲鞋3M反光跑鞋,Unisex Chunky-Sole Running Shoes,198,28.91,https://detail.1688.com/offer/1069782428585.html,included,
1069754401970,sports-shoes,跨境户外GEL-Kayano 14舒适防滑跑步鞋男女K14网面缓震轻便运动鞋,Unisex Mesh Running Shoes,121,17.67,https://detail.1688.com/offer/1069754401970.html,included,
1069750668570,sports-shoes,莆田P-6000网面透气运动鞋男女低帮跨境跑步鞋轻便复古休闲老爹鞋,Unisex Mesh Running Shoes,158,23.07,https://detail.1688.com/offer/1069750668570.html,included,
1069731573616,sports-shoes,秋季男鞋新款透气黑色商务休闲鞋潮流百搭防滑耐磨运动鞋板鞋潮鞋,Men’s Trainers,16.99,2.48,https://detail.1688.com/offer/1069731573616.html,included,
1069723230402,sports-shoes,儿童碳板运动鞋男四季双网系带款超轻回弹减震青少年体测训练跑鞋,Children’s Lace-Up Running Shoes,71,10.37,https://detail.1688.com/offer/1069723230402.html,included,
1069713232575,sports-shoes,潮流黑白拼色厚底低帮板鞋男四季新款学生皮面透气通勤休闲运动鞋,Men’s Chunky-Sole Trainers,51,7.45,https://detail.1688.com/offer/1069713232575.html,included,
1069678171087,sports-shoes,跨境外贸26年新款higher version德训鞋真皮小白鞋情侣低帮运动鞋,Unisex Trainers,135,19.71,https://detail.1688.com/offer/1069678171087.html,included,
1069657842685,sports-shoes,跨境头层牛皮铆钉小白鞋板鞋厚底男女同款款休闲板鞋潮运动鞋柳丁,Unisex Chunky-Sole Trainers,228,33.29,https://detail.1688.com/offer/1069657842685.html,included,
1069574402443,sports-shoes,纯原25代德训鞋牛皮复古小白鞋男女同款软皮阿甘训练板鞋代发,Unisex Trainers,170,24.82,https://detail.1688.com/offer/1069574402443.html,included,
1069510566711,sports-shoes,实体店地摊鞋货源男运动鞋休闲鞋杂款鞋地摊鞋跑江湖摆摊鞋子批发,Men’s Trainers,10.9,1.59,https://detail.1688.com/offer/1069510566711.html,included,
1069458979781,sports-shoes,跨境批发昂 Cloud 6 男女休闲轻量舒适防滑透气缓震运动鞋跑步鞋,Unisex Running Shoes,120,17.52,https://detail.1688.com/offer/1069458979781.html,included,
1069409749061,sports-shoes,白敬亭goodbai真皮流浪德训鞋复古做旧脏脏鞋男女休闲运动阿甘鞋,Unisex Trainers,90,13.14,https://detail.1688.com/offer/1069409749061.html,included,
1069386821188,sports-shoes,赤兔9PRO亲子系带碳板跑鞋学生跑步鞋男青少年减震竞速透气运动鞋,Men’s Lace-Up Running Shoes,78,11.39,https://detail.1688.com/offer/1069386821188.html,included,
1069337681602,sports-shoes,2026新款厚底小个子帆布鞋女内增高松糕鞋系带亮片休闲单鞋百搭潮,Women’s Lace-Up Chunky-Sole Canvas Shoes,78,11.39,https://detail.1688.com/offer/1069337681602.html,included,
1069317253657,sports-shoes,伊莎贝尔专供欧美亚马逊街头明星爆款内增高5.5CM运动休闲登山鞋,Hiking Shoes,130,18.98,https://detail.1688.com/offer/1069317253657.html,included,
1069231492458,sports-shoes,莆田nb9060老爹鞋厚底复古小象蹄男女跑步鞋透气低帮休闲运动鞋,Unisex Chunky-Sole Running Shoes,175,25.55,https://detail.1688.com/offer/1069231492458.html,included,
1069202348030,sports-shoes,韩系厚底面包鞋2026春夏季新款可爱时尚卡通板鞋休闲百搭小白鞋,Chunky-Sole Trainers,25,3.65,https://detail.1688.com/offer/1069202348030.html,included,
1068992510214,sports-shoes,莆田纯原Saucony 索康尼啡鹏4跑步鞋软底休闲夏季网面薄款运动鞋,Mesh Running Shoes,172,25.11,https://detail.1688.com/offer/1068992510214.html,included,
1068975084085,sports-shoes,透气皮面小白鞋女2026年秋季百搭帆布鞋潮学生厚底板鞋休闲运动鞋,Women’s Chunky-Sole Trainers,47,6.86,https://detail.1688.com/offer/1068975084085.html,included,
1068955730525,sports-shoes,男鞋2026新款夏季板鞋厚底休闲鞋子工作鞋透气潮鞋百搭潮流运动鞋,Men’s Chunky-Sole Trainers,57.82,8.44,https://detail.1688.com/offer/1068955730525.html,included,
1068948962849,sports-shoes,秋冬男鞋2026新款小白鞋男款运动休闲板鞋青少年增高厚底百搭潮鞋,Men’s Chunky-Sole Trainers,53.82,7.86,https://detail.1688.com/offer/1068948962849.html,included,
1068939295872,sports-shoes,莆田鞋跨境纯原原版P-6000运动鞋男女复古老爹鞋跑步休闲鞋潮流鞋,Unisex Running Shoes,184,26.87,https://detail.1688.com/offer/1068939295872.html,included,
1068899608388,sports-shoes,登月男女跑鞋纯原VomeroPIus18飞马减震回弹跑步鞋休闲增高运动鞋,Unisex Running Shoes,178,25.99,https://detail.1688.com/offer/1068899608388.html,included,
1068888809120,sports-shoes,跨境轻便透气B25时尚运动鞋增高休闲潮流男女款老爹防滑休闲鞋子,Unisex Trainers,160,23.36,https://detail.1688.com/offer/1068888809120.html,included,
1068886480240,sports-shoes,921跑步鞋男女儿童青少年大码春夏低帮网布面爆米花底运动慢跑鞋,Children’s Running Shoes,44,6.42,https://detail.1688.com/offer/1068886480240.html,included,
1068869643934,sports-shoes,宽掌大头鞋青少年跑步鞋新款宽脚宽头鞋透气减震碳板运动跑鞋男鞋,Men’s Running Shoes,91,13.29,https://detail.1688.com/offer/1068869643934.html,included,
1068847041312,sports-shoes,外贸专供P6000跑步鞋复古老爹鞋耐磨运动休闲鞋轻便男女通用防滑,Unisex Running Shoes,178,25.99,https://detail.1688.com/offer/1068847041312.html,included,
1068820614627,sports-shoes,莆田跨境O昂n跑Cloudsurfer Max 舒适百搭 简约 耐磨 低帮跑步鞋,Running Shoes,176,25.7,https://detail.1688.com/offer/1068820614627.html,included,
1068805996338,sports-shoes,莆田跨境男鞋秋夏季新款透气网面轻便跑步鞋帆布减震休闲运动鞋子,Men’s Mesh Running Shoes,68,9.93,https://detail.1688.com/offer/1068805996338.html,included,
1068797184334,sports-shoes,赤兔碳板亲子男女旋转纽扣款轻便网面透气低帮软底缓震运动跑步鞋,Unisex Mesh Running Shoes,71,10.37,https://detail.1688.com/offer/1068797184334.html,included,
1068781246799,sports-shoes,爆款网面透气男鞋2026夏季新款侧边拉链休闲鞋百搭软底舒适男鞋子,Men’s Mesh Casual Shoes,39,5.69,https://detail.1688.com/offer/1068781246799.html,included,
1068755206212,sports-shoes,复古厚底增高2026秋季真皮老爹鞋女透气百搭小个子户外休闲运动鞋,Women’s Chunky-Sole Trainers,112,16.35,https://detail.1688.com/offer/1068755206212.html,included,
1068717722818,sports-shoes,大码男鞋登山皮面单棉同款2026秋冬季休闲鞋加厚保暖男运动休闲鞋,Men’s Casual Shoes,18.5,2.7,https://detail.1688.com/offer/1068717722818.html,included,
1068637967053,sports-shoes,P家欧洲站外贸跑步鞋男士运动鞋情侣款休闲鞋漆皮亮面跨境运动鞋,Unisex Running Shoes,188,27.45,https://detail.1688.com/offer/1068637967053.html,included,
1068635941478,sports-shoes,跨境一脚蹬运动鞋外贸气垫鞋男女巴黎高帮袜子鞋针织靴子老爹鞋,Unisex Slip-On Trainers,148,21.61,https://detail.1688.com/offer/1068635941478.html,included,
1068623251418,sports-shoes,跨境欧洲站新款 B25低帮运动鞋情侣款百搭潮流字母刺绣印花老爹鞋,Unisex Trainers,130,18.98,https://detail.1688.com/offer/1068623251418.html,included,
1068619531437,sports-shoes,跨境外贸莆田鞋 Numeris板鞋贝壳头厚底低帮板鞋休闲百搭系带男鞋,Men’s Lace-Up Chunky-Sole Trainers,165,24.09,https://detail.1688.com/offer/1068619531437.html,included,
1068599195028,sports-shoes,新款秋季飞织运动鞋女舒适软底网面透气网鞋休闲鞋女健身房跑步鞋,Women’s Mesh Running Shoes,31.47,4.6,https://detail.1688.com/offer/1068599195028.html,included,
1068570723112,sports-shoes,P6000男子运动鞋夏季复古跑鞋风透气轻便缓震老爹鞋男女式运动鞋,Unisex Running Shoes,159,23.22,https://detail.1688.com/offer/1068570723112.html,included,
1068453673227,sports-shoes,男鞋男士鞋子男款运动鞋训练篮球鞋 透气健身训练运动篮跨境批发,Men’s Basketball Shoes,25,3.65,https://detail.1688.com/offer/1068453673227.html,included,
1068374162383,sports-shoes,亲子款碳板厚底缓震跑步鞋轻量化透气网布防滑耐磨男女休闲运动鞋,Unisex Chunky-Sole Running Shoes,78,11.39,https://detail.1688.com/offer/1068374162383.html,included,
1068370419540,sports-shoes,轻便小白鞋2026春夏季新款百搭休闲板鞋女厚底增高学生舒适面包鞋,Women’s Chunky-Sole Trainers,27,3.94,https://detail.1688.com/offer/1068370419540.html,included,
1068366667900,sports-shoes,厚底增高百搭户外潮款德训皮鞋男系带城市德比鞋男英伦风休闲男鞋,Men’s Lace-Up Chunky-Sole Dress Shoes,98,14.31,https://detail.1688.com/offer/1068366667900.html,included,
1068347287953,sports-shoes,2026广州跨境外贸复古老钱风羊毛麂皮轻奢板鞋贸易羊绒德训鞋,Trainers,228,33.29,https://detail.1688.com/offer/1068347287953.html,included,
1068341826430,sports-shoes,飞电5C碳板减震超轻跑鞋青少年儿童专业轻量高回弹男女竞速运动鞋,Children’s Running Shoes,65,9.49,https://detail.1688.com/offer/1068341826430.html,included,
1068317861035,sports-shoes,莆田鞋跨境专供亚瑟K8户外透气网面运动鞋男女士夏跑步鞋一件代发,Unisex Mesh Running Shoes,140,20.44,https://detail.1688.com/offer/1068317861035.html,included,
1068301982252,sports-shoes,回力运动鞋男鞋2026夏季透气新款网面轻便减震鞋子男士软底跑步鞋,Men’s Mesh Running Shoes,68,9.93,https://detail.1688.com/offer/1068301982252.html,included,
1068206061269,sports-shoes,莆田鞋纯原高版本M赛车鞋联名德训鞋复古百搭休闲运动男女板鞋,Unisex Trainers,140,20.44,https://detail.1688.com/offer/1068206061269.html,included,
1068147720840,sports-shoes,厚底系带透气运动鞋欧洲站B25潮流款D字母家低帮休闲男鞋老花刺绣,Men’s Lace-Up Chunky-Sole Trainers,235,34.31,https://detail.1688.com/offer/1068147720840.html,included,
1068015370310,sports-shoes,1921男女跑步鞋春夏低帮网布面爆米花底轻便透气网跑慢跑鞋运动鞋,Unisex Running Shoes,74,10.81,https://detail.1688.com/offer/1068015370310.html,included,
1067985788431,sports-shoes,小胖丁新款面包鞋时尚百搭舒适透气耐磨防滑运动鞋情侣款运动板鞋,Unisex Trainers,138,20.15,https://detail.1688.com/offer/1067985788431.html,included,
1067930322944,sports-shoes,莆田Air Max TN跨境气垫鞋欧美大码男鞋透气PLUS外贸运动跑步鞋,Men’s Running Shoes,143,20.88,https://detail.1688.com/offer/1067930322944.html,included,
1067904336352,sports-shoes,K14跨境莆田GEL舒适防滑跑步鞋男女K14网面缓震轻便运动鞋跑步鞋,Unisex Mesh Running Shoes,100,14.6,https://detail.1688.com/offer/1067904336352.html,included,
1067897771391,sports-shoes,跨境莆田鞋O昂n跑 Cloud runner2 缓震支撑低帮休闲鞋热销跑步鞋,Running Shoes,186,27.16,https://detail.1688.com/offer/1067897771391.html,included,
1067840322191,sports-shoes,韩系透气网面老爹2026新款百搭厚底增高小脚显瘦学生运动休闲女鞋,Women’s Mesh Chunky-Sole Casual Shoes,57.13,8.34,https://detail.1688.com/offer/1067840322191.html,included,
1067798341962,sports-shoes,小白德训鞋女2026新款夏季薄款透气超火运动阿甘鞋子百搭休闲板鞋,Women’s Trainers,48,7.01,https://detail.1688.com/offer/1067798341962.html,included,
1067678828549,sports-shoes,头层牛皮板鞋女2026秋新款小香风厚底拼色小众小白鞋运动休闲单鞋,Women’s Chunky-Sole Trainers,123,17.96,https://detail.1688.com/offer/1067678828549.html,included,
1067644962640,sports-shoes,跨境莆田鞋欧洲站 CD B25 运动鞋男款圆头增高男女休闲男鞋老爹鞋,Unisex Trainers,178,25.99,https://detail.1688.com/offer/1067644962640.html,included,
1067622289269,sports-shoes,莆田鞋跨境休闲户外透气网面男女运动鞋春秋夏跑步鞋一件代发,Unisex Mesh Running Shoes,140,20.44,https://detail.1688.com/offer/1067622289269.html,included,
1067610378540,sports-shoes,跨境莆田鞋外贸TN1代全掌大气垫鞋PLUS男女运动时尚休闲风跑步鞋,Unisex Running Shoes,138,20.15,https://detail.1688.com/offer/1067610378540.html,included,
1067596196622,sports-shoes,莆田鞋跨境新百伦NB530SG男女运动跑步鞋百搭时尚增高厚底老爹鞋.,Unisex Chunky-Sole Running Shoes,185,27.01,https://detail.1688.com/offer/1067596196622.html,included,
1067543350524,sports-shoes,2026春夏季新款百搭厚底小白鞋女透气ins潮小众学生休闲运动面包,Women’s Chunky-Sole Trainers,102.72,15.0,https://detail.1688.com/offer/1067543350524.html,included,
1067489561781,sports-shoes,2026夏季新款透气网面女鞋一脚蹬软底休闲鞋厚底摇摇鞋女外贸批发,Women’s Mesh Slip-On Chunky-Sole Casual Shoes,13.5,1.97,https://detail.1688.com/offer/1067489561781.html,included,
1067462611715,sports-shoes,外贸专供欧美ISA伊莎新款春秋内增高7cm拼色休闲高帮魔术贴运动鞋,Trainers,130,18.98,https://detail.1688.com/offer/1067462611715.html,included,
1067287637621,sports-shoes,2025春夏新款透气网面老爹鞋厚底舒适百搭休闲运动鞋女,Women’s Mesh Chunky-Sole Trainers,21.5,3.14,https://detail.1688.com/offer/1067287637621.html,included,
1067265544059,sports-shoes,老爹B25莆田鞋时尚式潮流跨境欧洲站鞋鞋休闲鞋健步运动鞋男春秋,Men’s Trainers,175,25.55,https://detail.1688.com/offer/1067265544059.html,included,
1067260868923,sports-shoes,亚瑟Gel-Kayano14网面运动男女跑步鞋缓震轻量耐磨户外耐磨减震,Unisex Mesh Running Shoes,148,21.61,https://detail.1688.com/offer/1067260868923.html,included,
1067260868393,sports-shoes,B22女舒适跑步鞋百搭生活内增高同款情侣运动鞋低帮潮流休闲鞋男,Unisex Running Shoes,194,28.33,https://detail.1688.com/offer/1067260868393.html,included,
1067256140545,sports-shoes,跨境运动鞋休闲专供亚瑟K14跑步鞋Gel-Kayano14男女网面缓震透气,Unisex Mesh Running Shoes,163,23.8,https://detail.1688.com/offer/1067256140545.html,included,
1067252892807,sports-shoes,欧洲站老花刺绣厚底系带透气运动鞋B25潮流款D字母家低帮休闲男鞋,Men’s Lace-Up Chunky-Sole Trainers,243,35.48,https://detail.1688.com/offer/1067252892807.html,included,
1067248772553,sports-shoes,老爹鞋女透气网面2025厚底新款春夏季鞋子chic休闲百搭透气运动鞋,Women’s Mesh Chunky-Sole Trainers,29.99,4.38,https://detail.1688.com/offer/1067248772553.html,included,
1067239425198,sports-shoes,跨境纯原OFF三箭头复古老爹鞋情侣鞋增高休闲鞋跑步鞋厚底运动鞋,Unisex Chunky-Sole Running Shoes,220,32.12,https://detail.1688.com/offer/1067239425198.html,included,
1067239164911,sports-shoes,莆田鞋潮流千禧增高小象NB9060蹄跨境跑步鞋运动休闲鞋纯原男女,Unisex Running Shoes,185,27.01,https://detail.1688.com/offer/1067239164911.html,included,
1067223815880,sports-shoes,跨境莆田鞋Free Metcon7代跑步鞋男女综合训练跑鞋健身轻量运动鞋,Unisex Running Shoes,123.5,18.03,https://detail.1688.com/offer/1067223815880.html,included,
1067019455896,sports-shoes,2025新款外贸跨境 运动鞋max95气垫鞋OG Shoes大码鞋男鞋跑步鞋,Men’s Running Shoes,148,21.61,https://detail.1688.com/offer/1067019455896.html,included,
1066957726722,sports-shoes,青少年网面运动鞋男女碳板跑步鞋学生赤兔10透气轻便减震竞速跑鞋,Unisex Mesh Running Shoes,71,10.37,https://detail.1688.com/offer/1066957726722.html,included,
1066934001172,sports-shoes,B30大码厚底跑步鞋欧美爆款外贸B25老爹鞋男女时尚潮流休闲运动鞋,Unisex Chunky-Sole Running Shoes,179,26.14,https://detail.1688.com/offer/1066934001172.html,included,
1066930978002,sports-shoes,莆田跨境欧洲站b22老爹鞋复古厚底运动鞋男女时尚休闲运动鞋,Unisex Chunky-Sole Trainers,140,20.44,https://detail.1688.com/offer/1066930978002.html,included,
1066925794408,sports-shoes,莆田鞋跨境外贸D家CD字母运动鞋大码男女跑步鞋真皮休闲老爹鞋,Unisex Running Shoes,135,19.71,https://detail.1688.com/offer/1066925794408.html,included,
1066919317211,sports-shoes,跨境莆田鞋 O昂n跑 Cloudtilt2.0轻量透气缓震运动鞋低帮日常跑鞋,Running Shoes,198,28.91,https://detail.1688.com/offer/1066919317211.html,included,
1066901084437,sports-shoes,新款中考学生体测缓震回弹透气跑步鞋男秋碳板慢跑减震运动休闲鞋,Men’s Running Shoes,88,12.85,https://detail.1688.com/offer/1066901084437.html,included,
1066894928223,sports-shoes,厚底增高老爹鞋女款2026新款春季运动休闲鞋爆款胖脚加宽网面鞋子,Women’s Mesh Chunky-Sole Trainers,85,12.41,https://detail.1688.com/offer/1066894928223.html,included,
1066869832016,sports-shoes,公司NB1890跑鞋缓震复古透气老爹鞋网面轻便运动鞋情侣休闲跑步鞋,Unisex Mesh Running Shoes,199,29.06,https://detail.1688.com/offer/1066869832016.html,included,
1066730743097,sports-shoes,粉色厚底板鞋女韩版2025夏季新款chic小众设计透气学生运动小白鞋,Women’s Chunky-Sole Trainers,49.66,7.25,https://detail.1688.com/offer/1066730743097.html,included,
1066703735198,sports-shoes,三叶草红菱格赛车鞋复古三条杠薄底休闲鞋男女同款轻便支持混批,Unisex Casual Shoes,198,28.91,https://detail.1688.com/offer/1066703735198.html,included,
1066590421008,sports-shoes,厚底内增高9cm小白鞋女2026秋季新款水钻魔术贴时尚百搭休闲单鞋,Women’s Chunky-Sole Trainers,110,16.06,https://detail.1688.com/offer/1066590421008.html,included,
1066567319372,sports-shoes,男鞋2026春季新款皮面舒适软底透气休闲运动鞋潮搭男士鞋子批发,Men’s Trainers,16,2.34,https://detail.1688.com/offer/1066567319372.html,included,
1066451058140,sports-shoes,新款徒步鞋男运动飞织网鞋透气轻便耐磨防滑软底女日常健步袜子鞋,Hiking Shoes,47,6.86,https://detail.1688.com/offer/1066451058140.html,included,
1066449818690,sports-shoes,2026夏季男鞋时尚潮流篮球鞋韩版户外男士运动鞋百搭高帮休闲鞋,Men’s Basketball Shoes,22,3.21,https://detail.1688.com/offer/1066449818690.html,included,
1066404400750,sports-shoes,BLOCCO5字母火焰板鞋时尚女鞋 复古字母鞋 百搭休闲女鞋现货批发,Women’s Trainers,135,19.71,https://detail.1688.com/offer/1066404400750.html,included,
1066398257899,sports-shoes,美拉德拼色网面老爹鞋女复古厚底增高轻便百搭登山鞋休闲透气女鞋,Women’s Mesh Chunky-Sole Hiking Shoes,112,16.35,https://detail.1688.com/offer/1066398257899.html,included,
1066373222345,sports-shoes,夸奖莆田鞋 o昂n跑 cloudx5网面透气男女跑步休闲轻便跑步鞋,Unisex Mesh Running Shoes,168,24.53,https://detail.1688.com/offer/1066373222345.html,included,
1066307237250,sports-shoes,B30休闲运动鞋潮流女大码爆款B25外贸厚底跑步鞋时尚欧美老爹鞋男,Chunky-Sole Running Shoes,185,27.01,https://detail.1688.com/offer/1066307237250.html,included,
1066307237240,sports-shoes,高板新款奢侈品时尚百搭透气本麦昆欧洲站增高板鞋透气休闲运动鞋,Trainers,179,26.14,https://detail.1688.com/offer/1066307237240.html,included,
1066301667985,sports-shoes,厚底真皮小白鞋13cm内增高2026新款百搭小个子透气休闲运动板鞋,Chunky-Sole Trainers,88,12.85,https://detail.1688.com/offer/1066301667985.html,included,
1066299197724,sports-shoes,跨境袜子鞋男鞋批发透气运动鞋男女巴黎中帮绑带袜子靴针织弹力,Unisex Trainers,138,20.15,https://detail.1688.com/offer/1066299197724.html,included,
1066273498969,sports-shoes,夏季飞织厨师鞋子男款2026新款软底餐饮男鞋轻便后厨专业工作鞋男,Men’s Work Shoes,54,7.88,https://detail.1688.com/offer/1066273498969.html,included,
1066155991463,sports-shoes,莆田鞋跨境专供K8亚瑟户外越野跑步鞋男女士防滑运动鞋一件代发,Unisex Running Shoes,130,18.98,https://detail.1688.com/offer/1066155991463.html,included,
1066122799222,sports-shoes,阿甘德训鞋女复古板鞋2026年春秋新款圆头平底系带休闲阿甘鞋单鞋,Women’s Lace-Up Trainers,22.5,3.29,https://detail.1688.com/offer/1066122799222.html,included,
1066122029482,sports-shoes,2026新款夏季网面厚底帆布鞋女透气百搭小白鞋爆款蕾丝休闲运动鞋,Women’s Mesh Chunky-Sole Trainers,35.8,5.23,https://detail.1688.com/offer/1066122029482.html,included,
1066102611258,sports-shoes,跨境b30老爹鞋莆田b22运动跑步鞋B25字母增高网面透气男女小白鞋,Unisex Mesh Running Shoes,135,19.71,https://detail.1688.com/offer/1066102611258.html,included,
1066001203162,sports-shoes,赤兔9pro跑步鞋男女青少年透气超轻跑鞋男童鞋学生碳板竞速运动鞋,Children’s Running Shoes,68,9.93,https://detail.1688.com/offer/1066001203162.html,included,
1065970771780,sports-shoes,7.5cm厚底增高老爹鞋女2026新款夏显高不累脚网面透气运动休闲鞋,Women’s Mesh Chunky-Sole Trainers,64,9.34,https://detail.1688.com/offer/1065970771780.html,included,
1065937965039,sports-shoes,新款青少年爆米花跑步慢跑鞋轻便透气休闲运动鞋男款减震回弹跑鞋,Men’s Running Shoes,101,14.75,https://detail.1688.com/offer/1065937965039.html,included,
1065930351979,sports-shoes,原盒纯原实战蓝球鞋直供藤原浩AJ3男鞋奇才休闲百搭黑猫潮鞋,Men’s Casual Shoes,80,11.68,https://detail.1688.com/offer/1065930351979.html,included,
1065907741720,sports-shoes,新款运动鞋软底网面休闲鞋防滑轻便潮流碳板跑鞋透气减震跑步男鞋,Men’s Mesh Running Shoes,88,12.85,https://detail.1688.com/offer/1065907741720.html,included,
1065904018184,sports-shoes,老爹鞋女2025新款春秋女鞋子百搭厚底爆款小白鞋增高休闲运动鞋女,Women’s Chunky-Sole Trainers,32.29,4.71,https://detail.1688.com/offer/1065904018184.html,included,
1065780327487,sports-shoes,新款2026男鞋德训复古板鞋潮流时尚经典情侣百搭休闲板鞋阿甘运动,Unisex Trainers,37.17,5.43,https://detail.1688.com/offer/1065780327487.html,included,
1065708854794,sports-shoes,跨境高端欧洲站P家漆皮亮皮时尚休闲运动板鞋透气小白鞋经典男鞋,Men’s Trainers,195,28.47,https://detail.1688.com/offer/1065708854794.html,included,
1065689870462,sports-shoes,头层圆头系带德训鞋小白鞋百搭平底休闲板鞋,Lace-Up Trainers,280,40.88,https://detail.1688.com/offer/1065689870462.html,included,
1065670296509,sports-shoes,2026春夏新款男鞋百搭透气网布板鞋男士运动休闲小白鞋厚底增高鞋,Men’s Chunky-Sole Trainers,90,13.14,https://detail.1688.com/offer/1065670296509.html,included,
1065595339905,sports-shoes,莆田新款v字鞋法国Veja小白鞋男女情侣鞋透气休闲板鞋百搭小白鞋,Unisex Trainers,90,13.14,https://detail.1688.com/offer/1065595339905.html,included,
1065576590489,sports-shoes,厚底内增高9cm小白鞋女2026秋新款百搭透气花朵水钻时尚休闲女鞋,Women’s Chunky-Sole Trainers,110,16.06,https://detail.1688.com/offer/1065576590489.html,included,
1065477981492,sports-shoes,莆田真皮驴家trainer新款潮牌板鞋男女轻奢牛仔黑潮流休闲鞋子,Unisex Trainers,256,37.38,https://detail.1688.com/offer/1065477981492.html,included,
1065475791391,sports-shoes,高定26新款真皮拼色黑白熊猫百搭轻便德训鞋小香风复古运动休闲鞋,Trainers,134,19.57,https://detail.1688.com/offer/1065475791391.html,included,
1065454211379,sports-shoes,莆田跨境新款三叶Spzl德迅潮流复古运动情侣男女板鞋休闲德训鞋,Unisex Trainers,100,14.6,https://detail.1688.com/offer/1065454211379.html,included,
1065451733687,sports-shoes,BLOCCO5板鞋时尚浅刺绣通勤 复古字母鞋 百搭休闲女鞋现货批发,Women’s Trainers,135,19.71,https://detail.1688.com/offer/1065451733687.html,included,
1065377096268,sports-shoes,现货外贸批发Americas cup P家亮皮网布透气休闲时尚运动漆皮男鞋,Men’s Casual Shoes,130,18.98,https://detail.1688.com/offer/1065377096268.html,included,
1065376418495,sports-shoes,莆田鞋纯原NY复古学长鞋MLB运动休闲鞋厚底增高百搭魔术贴男,Men’s Chunky-Sole Casual Shoes,130,18.98,https://detail.1688.com/offer/1065376418495.html,included,
1065373755151,sports-shoes,莆田跨境欧洲站纯原 B30 B25运动鞋男女款休闲潮流低帮厚底老爹鞋,Unisex Chunky-Sole Trainers,135,19.71,https://detail.1688.com/offer/1065373755151.html,included,
1065358978331,sports-shoes,首谷2026新款复古磨砂德训鞋女设计感拼色软底百搭休闲阿甘运动鞋,Women’s Trainers,136,19.86,https://detail.1688.com/offer/1065358978331.html,included,
1065290910183,sports-shoes,莆田新款亚瑟Gel NYC运动休闲跑步鞋耐磨拼接网面透气老爹鞋防滑,Mesh Running Shoes,153,22.34,https://detail.1688.com/offer/1065290910183.html,included,
1065286170606,sports-shoes,25C系带厚底老爹鞋男女严选莆田鞋银角大王跨境运动休闲鞋小香风,Unisex Lace-Up Chunky-Sole Trainers,221,32.27,https://detail.1688.com/offer/1065286170606.html,included,
1065277918176,sports-shoes,女休闲运动鞋跑步鞋B30爆款潮流厚底老爹鞋男欧美外贸大码B25时尚,Chunky-Sole Running Shoes,185,27.01,https://detail.1688.com/offer/1065277918176.html,included,
1065272522524,sports-shoes,运动鞋男式鞋休闲鞋春秋欧洲站健步潮流老爹鞋莆田鞋B25时尚跨境,Men’s Trainers,169,24.68,https://detail.1688.com/offer/1065272522524.html,included,
1065222255131,sports-shoes,飞织篮球鞋男鞋夏季网面透气学生跑鞋软底鞋球鞋低帮防滑运动鞋子,Men’s Mesh Basketball Shoes,65,9.49,https://detail.1688.com/offer/1065222255131.html,included,
1065196187509,sports-shoes,跨境TN气垫鞋男运动鞋透气减震跑步鞋休闲时尚大码运动鞋旅游鞋男,Men’s Running Shoes,160,23.36,https://detail.1688.com/offer/1065196187509.html,included,
1065186157719,sports-shoes,旋转扣儿童碳板跑步鞋赤兔10pro透气单网青少年超轻跑鞋男女运动,Children’s Running Shoes,81,11.83,https://detail.1688.com/offer/1065186157719.html,included,
1065183602640,sports-shoes,跨境纯原霍卡HK BONDI 9邦9代步休闲百搭透气网面男女运动跑鞋,Unisex Mesh Running Shoes,115,16.79,https://detail.1688.com/offer/1065183602640.html,included,
1065154289313,sports-shoes,男士复古老爹鞋2026秋季新款厚底潮牌运动鞋擦色做旧透气休闲鞋潮,Men’s Chunky-Sole Trainers,48,7.01,https://detail.1688.com/offer/1065154289313.html,included,
1065116109225,sports-shoes,A89男女飞织网面鞋春夏低帮套脚一脚蹬轻便透气跑步鞋休闲运动鞋,Unisex Mesh Slip-On Running Shoes,44,6.42,https://detail.1688.com/offer/1065116109225.html,included,
1065091170828,sports-shoes,外贸男士拼色阿甘鞋夏季软底舒适高级感板鞋大码运动休闲德训鞋男,Men’s Trainers,20,2.92,https://detail.1688.com/offer/1065091170828.html,included,
1065088155060,sports-shoes,跨境 O昂n跑 Cloud 5 便携透气轻便款运动休闲鞋情侣款轻量低帮,Unisex Casual Shoes,168,24.53,https://detail.1688.com/offer/1065088155060.html,included,
1065085499299,sports-shoes,跨境 邦代9 ONE ONE Bondi 9  百搭 低帮跑步鞋 男女运动鞋慢跑,Unisex Running Shoes,160,23.36,https://detail.1688.com/offer/1065085499299.html,included,
1065025725882,sports-shoes,百搭灰色经典1970s低帮帆布鞋女2026新款设计感小众平底休闲板鞋,Women’s Trainers,82,11.97,https://detail.1688.com/offer/1065025725882.html,included,
1065021764178,sports-shoes,韩版女鞋校园百搭厚底增高面包鞋2026春季新款学生轻便运动休闲鞋,Women’s Chunky-Sole Casual Shoes,25.5,3.72,https://detail.1688.com/offer/1065021764178.html,included,
1065007862914,sports-shoes,男鞋2026夏季韩版百搭软底皮面防滑休闲小白鞋男学生运动增高板鞋,Men’s Trainers,23,3.36,https://detail.1688.com/offer/1065007862914.html,included,
1064874751650,sports-shoes,纯原HotStep2联名公鸭鞋潮牌复古休闲运动鞋篮球鞋男女百搭防水,Unisex Basketball Shoes,238,34.75,https://detail.1688.com/offer/1064874751650.html,included,
1064698122496,sports-shoes,新款中老年妈妈鞋一脚蹬老人鞋女防滑软底网面健步鞋老北京布鞋女,Women’s Mesh Slip-On Walking Shoes,91.5,13.36,https://detail.1688.com/offer/1064698122496.html,included,
1064674930057,sports-shoes,回力男鞋库存尾货清仓断码运动鞋摆地摊户外网面品牌低价休闲鞋男,Men’s Mesh Trainers,19,2.77,https://detail.1688.com/offer/1064674930057.html,included,
1064546131589,sports-shoes,新款小胖丁面包鞋时尚百搭舒适透气耐磨防滑运动鞋情侣款运动板鞋,Unisex Trainers,128,18.69,https://detail.1688.com/offer/1064546131589.html,included,
1064478595903,sports-shoes,袜子靴针织弹力袜子鞋男鞋跨境批发透气运动鞋男女巴黎中帮绑带,Unisex Trainers,134,19.57,https://detail.1688.com/offer/1064478595903.html,included,
1064478183396,sports-shoes,耐磨运动休闲跑步鞋网面透气拼接GelNYC新款防滑莆田亚瑟老爹鞋,Mesh Running Shoes,150,21.9,https://detail.1688.com/offer/1064478183396.html,included,
1064476558425,sports-shoes,跨境 现货批发巴黎三代Track3.0老爹鞋男女ins潮鞋情侣百搭增高鞋,Unisex Trainers,240,35.04,https://detail.1688.com/offer/1064476558425.html,included,
1064474743600,sports-shoes,B25老爹鞋休闲鞋外贸跑步运动鞋爆款厚底潮流男女B30大码欧美时尚,Unisex Chunky-Sole Trainers,182,26.57,https://detail.1688.com/offer/1064474743600.html,included,
1064474743561,sports-shoes,男式健步春秋潮流鞋跨境莆田鞋欧洲站B25老爹鞋休闲鞋时尚运动鞋,Men’s Trainers,175,25.55,https://detail.1688.com/offer/1064474743561.html,included,
1064472651259,sports-shoes,多巴胺夏款超轻底显脚小老爹鞋厚底女2025新品网面透气舒适运动鞋,Women’s Mesh Chunky-Sole Trainers,33.59,4.9,https://detail.1688.com/offer/1064472651259.html,included,
1064461619080,sports-shoes,夏季新款休闲鞋女鞋软底百搭透气平底健步妈妈鞋旅游鞋上班工作鞋,Women’s Walking Shoes,20,2.92,https://detail.1688.com/offer/1064461619080.html,included,
1064452584490,sports-shoes,小香风复古熊猫鞋小白鞋2025年早春松糕鞋低帮系带休闲鞋大码女鞋,Women’s Lace-Up Trainers,258,37.67,https://detail.1688.com/offer/1064452584490.html,included,
1064440030735,sports-shoes,BLOCCO5字母火焰板鞋时尚白鞋 复古字母鞋 百搭休闲女鞋现货批发,Women’s Trainers,135,19.71,https://detail.1688.com/offer/1064440030735.html,included,
1064416007640,sports-shoes,复古勃肯鞋女2026春夏新款百搭休闲平底德训鞋软底舒适运动单鞋女,Women’s Trainers,28.5,4.16,https://detail.1688.com/offer/1064416007640.html,included,
1064384870079,sports-shoes,老北京布鞋女鞋平底单鞋休闲工作鞋女黑色软底跳舞棉鞋妈妈鞋防滑,Women’s Walking Shoes,5.5,0.8,https://detail.1688.com/offer/1064384870079.html,included,
1064333820771,sports-shoes,韩国现货GG做旧星星小脏鞋外贸跨境板鞋潮流百搭脏脏休闲运动鞋,Trainers,170,24.82,https://detail.1688.com/offer/1064333820771.html,included,
1064322066244,sports-shoes,夏季新款男鞋时尚潮流休闲鞋百搭青少年运动鞋透气网面单鞋阿甘鞋,Men’s Mesh Trainers,19.5,2.85,https://detail.1688.com/offer/1064322066244.html,included,
1064303251007,sports-shoes,【四季爆款】2026春秋新款休闲男士防滑百搭轻便软底透气潮流板鞋,Men’s Trainers,12.6,1.84,https://detail.1688.com/offer/1064303251007.html,included,
1064254725388,sports-shoes,复古回溯豹纹限定铆钉高帮休闲板鞋魔术贴厚底内增高男女运动鞋,Unisex Chunky-Sole Trainers,100,14.6,https://detail.1688.com/offer/1064254725388.html,included,
1085003077491,sports-shoes,男士休闲皮鞋秋季新款百搭舒适休闲轻便透气时尚潮流男鞋休闲鞋,Men’s Dress Shoes,19.5,2.85,https://detail.1688.com/offer/1085003077491.html,included,
1080740376930,sports-shoes,供跨境莆田鞋椰子真爆运动男鞋情侣女百搭潮运动款满天星透气鞋子,Unisex Casual Shoes,118,17.23,https://detail.1688.com/offer/1080740376930.html,included,
1079735181235,sports-shoes,小码3637隐形内增高6CM潮流8CM百搭透气10CM流行网布面运动鞋4647,Trainers,85,12.41,https://detail.1688.com/offer/1079735181235.html,included,
1079730753683,sports-shoes,跨境欧美P家时尚漆皮亮面网面拼接运动鞋2026秋季情侣休闲运动鞋,Unisex Mesh Trainers,120,17.52,https://detail.1688.com/offer/1079730753683.html,included,
1079349345447,sports-shoes,新款男士运动鞋青少年碳板跑鞋男女四季通用减震透气轻便运动鞋,Unisex Running Shoes,75,10.95,https://detail.1688.com/offer/1079349345447.html,included,
1079322692089,sports-shoes,2026新款解放鞋男女低帮星一代作训鞋防滑耐磨舒适透气工地劳保鞋,Unisex Training Shoes,9.5,1.39,https://detail.1688.com/offer/1079322692089.html,included,
1079199684474,sports-shoes,回力男鞋子男秋季2026新款舒适运动鞋男款软底中老年健步休闲鞋男,Men’s Trainers,63.1,9.21,https://detail.1688.com/offer/1079199684474.html,included,
1079064073029,sports-shoes,法国高版本经典圆头系带BV德训鞋阿甘鞋男女同款休闲鞋运动跑鞋潮,Unisex Lace-Up Running Shoes,185,27.01,https://detail.1688.com/offer/1079064073029.html,included,
1079001592492,sports-shoes,定制26新款运动鞋男款批发跨境男鞋休闲鞋情侣款舒适潮流百搭潮牌,Unisex Trainers,7.2,1.05,https://detail.1688.com/offer/1079001592492.html,included,
1078811681357,sports-shoes,鞋子男潮大码跨境宽头宽楦休闲鞋百搭运动鞋通勤鞋开车鞋男鞋批发,Men’s Driving Loafers,43,6.28,https://detail.1688.com/offer/1078811681357.html,included,
1078777005488,sports-shoes,春夏新款P家拼色网面亮面漆皮系带休闲鞋厚底增高轻便透气运动鞋,Mesh Lace-Up Chunky-Sole Trainers,179,26.14,https://detail.1688.com/offer/1078777005488.html,included,
1078744306265,sports-shoes,秋季男鞋抖音爆款潮流防滑户外劳保鞋百搭平底耐磨一脚蹬开车鞋子,Men’s Slip-On Driving Loafers,24,3.5,https://detail.1688.com/offer/1078744306265.html,included,
1078710518954,sports-shoes,跨境外贸新款莆田鞋小香风金银角大王运动鞋情侣款休闲老爹鞋男女,Unisex Trainers,130,18.98,https://detail.1688.com/offer/1078710518954.html,included,
1078516370313,sports-shoes,跨境爆款AUTRY复古拼色小白鞋运动鞋板鞋情侣同款时尚百搭休闲鞋,Unisex Trainers,158,23.07,https://detail.1688.com/offer/1078516370313.html,included,
1078349022294,sports-shoes,空军一号AF1板鞋纯白经典低帮小白鞋情侣休闲鞋厂家现货跨境批发,Unisex Trainers,39,5.69,https://detail.1688.com/offer/1078349022294.html,included,
1078325734504,sports-shoes,外贸小众设计师款豹纹星星高帮板鞋 做旧复古厚底休闲鞋 男女百搭,Unisex Chunky-Sole Trainers,228,33.29,https://detail.1688.com/offer/1078325734504.html,included,
1078314973019,sports-shoes,2026新款跨境欧洲站厚底b25老爹鞋休闲时尚百搭透气运动鞋男,Men’s Chunky-Sole Trainers,110,16.06,https://detail.1688.com/offer/1078314973019.html,included,
1078276753031,sports-shoes,跨境外贸欧洲站B22运动休闲厚底舒适复古透气男女款增高老爹鞋子,Unisex Chunky-Sole Trainers,120,17.52,https://detail.1688.com/offer/1078276753031.html,included,
1078202741464,sports-shoes,防护新高帮军训劳保鞋解放鞋轻便地男鞋厚底透气防护运动鞋工地鞋,Men’s Chunky-Sole Trainers,18.99,2.77,https://detail.1688.com/offer/1078202741464.html,included,
1078135892376,sports-shoes,小众潮牌复古溶解鞋子高级感厚底板鞋休闲运动鞋男女款水洗帆布鞋,Unisex Chunky-Sole Trainers,58,8.47,https://detail.1688.com/offer/1078135892376.html,included,
1078072664724,sports-shoes,GGDB小脏鞋男女同款手工做旧真皮复古脏脏低帮平底百搭情侣休闲鞋,Unisex Casual Shoes,179,26.14,https://detail.1688.com/offer/1078072664724.html,included,
1078041974769,sports-shoes,鞋子小众高新款黑白拼接百搭设计休闲美式硫化运动百搭鞋板鞋X265,Trainers,38.5,5.62,https://detail.1688.com/offer/1078041974769.html,included,
1077980550477,sports-shoes,秋季新款宽楦男鞋网面透气休闲鞋加肥宽松健步运动鞋跨境48大码鞋,Men’s Mesh Trainers,58,8.47,https://detail.1688.com/offer/1077980550477.html,included,
1077972293966,sports-shoes,原标欧洲站驴家新款男士时尚休闲鞋板鞋潮流牛皮透气舒适运动鞋男,Men’s Trainers,195,28.47,https://detail.1688.com/offer/1077972293966.html,included,
1077938340757,sports-shoes,莆田跨境U家A复古网面老爹鞋男女款厚底增高透气运动鞋情侣休闲鞋,Unisex Mesh Chunky-Sole Trainers,185,27.01,https://detail.1688.com/offer/1077938340757.html,included,
1077824350971,sports-shoes,23c银角大王小香风情侣运动鞋舒适增高网面圆头透气厚底老爹男鞋,Unisex Mesh Chunky-Sole Trainers,160,23.36,https://detail.1688.com/offer/1077824350971.html,included,
1077789455697,sports-shoes,休闲风真皮系带厚底小白鞋女2026新款百搭透气舒适运动鞋增高板鞋,Women’s Lace-Up Chunky-Sole Trainers,118,17.23,https://detail.1688.com/offer/1077789455697.html,included,
1077753166159,sports-shoes,2026春季新款厚底熊猫拼色单里小香风百搭运动鞋休闲板鞋女潮网红,Women’s Chunky-Sole Trainers,108.86,15.9,https://detail.1688.com/offer/1077753166159.html,included,
1077663151479,sports-shoes,莆田纯原罗家同款阿甘德训鞋罗意葳芭蕾鞋情侣低帮百搭运动休闲鞋,Unisex Trainers,270,39.42,https://detail.1688.com/offer/1077663151479.html,included,
1077651274308,sports-shoes,跨境男鞋轻便一脚蹬秋季休闲网鞋软底鞋透气防滑网面运动鞋开车鞋,Men’s Mesh Slip-On Driving Loafers,15,2.19,https://detail.1688.com/offer/1077651274308.html,included,
1077635783303,sports-shoes,皮鞋轻便一脚蹬春夏新款男士休闲男鞋软底软面驾车鞋轻便休闲单鞋,Men’s Slip-On Dress Shoes,8.5,1.24,https://detail.1688.com/offer/1077635783303.html,included,
1077311039632,sports-shoes,莆田鞋高版本胖丁男鞋驴家Trainer情侣款压花时尚厚底女运动板鞋,Unisex Chunky-Sole Trainers,110,16.06,https://detail.1688.com/offer/1077311039632.html,included,
1077233851618,sports-shoes,赤兔8Pro跑步鞋碳板减震新款透气学生跑鞋马拉松轻便防滑运动鞋,Running Shoes,68,9.93,https://detail.1688.com/offer/1077233851618.html,included,
1077218904001,sports-shoes,offwhite老爹鞋情侣运动鞋休闲百搭莆田登山鞋内外全皮外贸跨境休,Unisex Hiking Shoes,145,21.17,https://detail.1688.com/offer/1077218904001.html,included,
1077032042849,sports-shoes,莆田源头工厂纯原nb530系列白银灰男女运动鞋休闲网面跑步老爹鞋,Unisex Mesh Trainers,150,21.9,https://detail.1688.com/offer/1077032042849.html,included,
1076935327541,sports-shoes,跨境欧洲站新款D家B22运动休闲厚底时尚复古透气男女增高老爹鞋,Unisex Chunky-Sole Trainers,106,15.48,https://detail.1688.com/offer/1076935327541.html,included,
1076902382184,sports-shoes,运动鞋男款透气轻便时尚百搭潮流休闲鞋户外舒适软底青年休闲男鞋,Men’s Trainers,21,3.07,https://detail.1688.com/offer/1076902382184.html,included,
1076740331359,sports-shoes,真皮厚底德训鞋女款2026秋季新款百搭运动休闲鞋软底阿甘鞋子女鞋,Women’s Chunky-Sole Trainers,74,10.81,https://detail.1688.com/offer/1076740331359.html,included,
1076701842095,sports-shoes,运动鞋男2026春季新款男士休闲鞋低跟潮鞋春秋老爹阿甘鞋跨境批发,Men’s Trainers,6.58,0.96,https://detail.1688.com/offer/1076701842095.html,included,
1076665331365,sports-shoes,2026跨境男鞋新款透气运动鞋厂家飞织网面百搭休闲批发现货,Men’s Mesh Trainers,7,1.02,https://detail.1688.com/offer/1076665331365.html,included,
1076621148056,sports-shoes,复古内增高星星阿甘鞋女2026秋季新款超火拼色德训鞋休闲运动板鞋,Women’s Trainers,32,4.67,https://detail.1688.com/offer/1076621148056.html,included,
1076551753252,sports-shoes,欧美外贸跨境莆田增高香风银角大王老爹鞋大码透气男女休闲运动鞋,Unisex Trainers,192,28.03,https://detail.1688.com/offer/1076551753252.html,included,
1076539083759,sports-shoes,休闲男鞋韩版拼接潮流阿甘鞋百搭德训鞋男单鞋轻便舒适小白鞋子男,Men’s Trainers,20,2.92,https://detail.1688.com/offer/1076539083759.html,included,
1076460858311,sports-shoes,跨境现货批b22运动鞋厚底休闲鞋时尚复古透气男鞋b25增高老爹鞋女,Chunky-Sole Trainers,125,18.25,https://detail.1688.com/offer/1076460858311.html,included,
1076457908102,sports-shoes,软皮小白鞋子女款2026秋季新款爆款百搭厚底增高软底学生运动板鞋,Women’s Chunky-Sole Trainers,27.9,4.07,https://detail.1688.com/offer/1076457908102.html,included,
1076454273401,sports-shoes,全包勃肯鞋男款2026秋季新款男鞋复古增高两穿开车休闲懒人鞋,Men’s Slip-On Casual Shoes,23,3.36,https://detail.1688.com/offer/1076454273401.html,included,
1076267245430,sports-shoes,原单品质经典德训LP鞋真皮系带休闲鞋板鞋情侣英伦简约百搭运动鞋,Unisex Lace-Up Trainers,199,29.06,https://detail.1688.com/offer/1076267245430.html,included,
1076265363097,sports-shoes,2026外贸新款运动鞋男款批发跨境男鞋休闲鞋情侣款舒适潮流百搭鞋,Unisex Trainers,7,1.02,https://detail.1688.com/offer/1076265363097.html,included,
1076140774173,sports-shoes,新款劳保鞋迷彩潮流时尚飞织网面透气男鞋军训鞋驾车鞋户外鞋,Men’s Mesh Training Shoes,8.3,1.21,https://detail.1688.com/offer/1076140774173.html,included,
1076139521083,sports-shoes,男士休闲鞋男款一脚蹬轻便透气阿甘鞋潮流百搭软底舒适平底男鞋,Men’s Slip-On Trainers,17,2.48,https://detail.1688.com/offer/1076139521083.html,included,
1076087112604,sports-shoes,外贸款P-6000男女复古耐磨防滑老爹跑步鞋透气舒适百搭休闲运动鞋,Unisex Running Shoes,125,18.25,https://detail.1688.com/offer/1076087112604.html,included,
1075976825504,sports-shoes,2026秋季新款男士运动单鞋网布透气休闲舒适运动鞋百搭网面男鞋子,Men’s Mesh Trainers,14.9,2.18,https://detail.1688.com/offer/1075976825504.html,included,
1075740315959,sports-shoes,2026新款运动鞋男款批发跨境男鞋休闲鞋情侣款舒适潮流百搭潮牌,Unisex Trainers,7,1.02,https://detail.1688.com/offer/1075740315959.html,included,
1075550767766,sports-shoes,H家时尚休闲运动鞋2026新款跨境真皮系带男女百搭平底跑步鞋情侣,Unisex Lace-Up Running Shoes,270,39.42,https://detail.1688.com/offer/1075550767766.html,included,
1075512932281,sports-shoes,回力新款超纤皮面男鞋运动休闲鞋轻便跑步鞋女鞋厚底缓震鞋学生鞋,Chunky-Sole Running Shoes,90,13.14,https://detail.1688.com/offer/1075512932281.html,included,
1075507397348,sports-shoes,跨境爆款Numeris Shoes数字鞋 欧洲站时尚潮流休闲鞋百搭情侣板鞋,Unisex Trainers,136,19.86,https://detail.1688.com/offer/1075507397348.html,included,
1075441146645,sports-shoes,莆田跨境纯原P6000网面老爹鞋夏季复古男女休闲透气运动鞋情侣款,Unisex Mesh Trainers,128,18.69,https://detail.1688.com/offer/1075441146645.html,included,
1075437037391,sports-shoes,莆田纯原AF1滑板鞋联名空军一号3M反光男女情侣运动鞋休闲篮球鞋,Unisex Basketball Shoes,185,27.01,https://detail.1688.com/offer/1075437037391.html,included,
1075423874054,sports-shoes,全包勃肯鞋男款2026秋季新款男鞋复古增高两穿开车休闲懒人鞋,Men’s Slip-On Casual Shoes,23,3.36,https://detail.1688.com/offer/1075423874054.html,included,
1075421837652,sports-shoes,莆田跨境B25印花字母拼接老爹鞋休闲鞋时尚运动男式健步鞋跑步鞋,Men’s Walking Shoes,155,22.63,https://detail.1688.com/offer/1075421837652.html,included,
1075359453466,sports-shoes,男鞋夏季2026新款潮牌百搭皮面运动鞋青少年软底跑步老爹潮鞋透气,Men’s Trainers,25,3.65,https://detail.1688.com/offer/1075359453466.html,included,
1075344820500,sports-shoes,"跨境Zoom Vomero5 SP""Vast Grey""马拉松复古五代跑步鞋莆田运动鞋",Running Shoes,168,24.53,https://detail.1688.com/offer/1075344820500.html,included,
1075281244724,sports-shoes,对版26B小香风麂皮圆头休闲厚底低帮单鞋女真皮系带百搭便运动,Women’s Lace-Up Chunky-Sole Casual Shoes,280,40.88,https://detail.1688.com/offer/1075281244724.html,included,
1075254464210,sports-shoes,男鞋秋季新款潮流男鞋透气飞织休闲网面鞋青少年舒适一脚蹬懒人鞋,Men’s Mesh Slip-On Casual Shoes,16.5,2.41,https://detail.1688.com/offer/1075254464210.html,included,
1075191739869,sports-shoes,潮牌男鞋2026夏季新款高级感透气网面运动鞋青少年厚底增高老爹鞋,Men’s Mesh Chunky-Sole Trainers,145,21.17,https://detail.1688.com/offer/1075191739869.html,included,
1074967839075,sports-shoes,休闲鞋男士马丁靴英伦风时尚潮流百搭靴子男外贸高级感高帮鞋子男,Men’s Boots,23,3.36,https://detail.1688.com/offer/1074967839075.html,included,
1074858353922,sports-shoes,跨境大码男鞋2026秋季新款阿甘运动鞋厚底轻便学生潮鞋户外休闲鞋,Men’s Chunky-Sole Trainers,24.5,3.58,https://detail.1688.com/offer/1074858353922.html,included,
1074692698490,sports-shoes,新款外贸Gel-Kayano14低帮防滑耐磨跑步鞋减震透气男女休闲老爹鞋,Unisex Running Shoes,125,18.25,https://detail.1688.com/offer/1074692698490.html,included,
1074662299528,sports-shoes,跨境莆田鞋空军一号气垫板鞋纯白百搭休闲鞋经典男女款时尚运动鞋,Unisex Trainers,70,10.22,https://detail.1688.com/offer/1074662299528.html,included,
1074660300394,sports-shoes,【PLOVER】男鞋秋季百搭潮流休闲运动鞋厚底防滑耐磨增高老爹潮鞋,Men’s Chunky-Sole Trainers,41.1,6.0,https://detail.1688.com/offer/1074660300394.html,included,
1074572578928,sports-shoes,莆田纯原外贸新款SHOX气柱缓震运动篮球鞋校园户外休闲徒步情侣鞋,Unisex Basketball Shoes,220,32.12,https://detail.1688.com/offer/1074572578928.html,included,
1074557465026,sports-shoes,内增高德训鞋女2026秋季新款做旧脏脏鞋魔术贴运动鞋女款休闲板鞋,Women’s Trainers,75,10.95,https://detail.1688.com/offer/1074557465026.html,included,
1074496518891,sports-shoes,莆田鞋纯原AJ1倒钩男女新款乔1低帮板鞋轻便跨境外贸运动篮球鞋,Unisex Basketball Shoes,230,33.58,https://detail.1688.com/offer/1074496518891.html,included,
1074363370191,sports-shoes,爆款！新款日常迷彩薄款男鞋舒适运动鞋透气外贸休闲鞋劳保工装鞋,Men’s Trainers,11.4,1.66,https://detail.1688.com/offer/1074363370191.html,included,
1074355111703,sports-shoes,跨境男女同款运动鞋hk Clifton 8 户外登山徒步鞋网面休闲鞋,Unisex Mesh Hiking Shoes,110,16.06,https://detail.1688.com/offer/1074355111703.html,included,
1074348439177,sports-shoes,外贸新款高品质P9000复古休闲跑步鞋舒适减震透气低帮运动老爹鞋,Running Shoes,178,25.99,https://detail.1688.com/offer/1074348439177.html,included,
1074336938267,sports-shoes,男鞋夏季2026新款潮牌百搭皮面运动鞋青少年软底跑步老爹潮鞋,Men’s Trainers,25,3.65,https://detail.1688.com/offer/1074336938267.html,included,
1074304677124,sports-shoes,高版2026秋季新款miu拼色小白鞋女真皮厚底系带百搭运动休闲鞋女,Women’s Lace-Up Chunky-Sole Trainers,150,21.9,https://detail.1688.com/offer/1074304677124.html,included,
1074299395643,sports-shoes,男鞋2026新款厚底隐形内增高6cm潮流休闲板鞋真皮运动男士小白鞋,Men’s Chunky-Sole Trainers,56,8.18,https://detail.1688.com/offer/1074299395643.html,included,
1074270349449,sports-shoes,运动鞋男款舒适潮流男鞋潮流高级感户外休闲鞋外贸热销鞋子男批发,Men’s Trainers,19,2.77,https://detail.1688.com/offer/1074270349449.html,included,
1074216789273,sports-shoes,奶糕德训鞋~内增高5cm复古撞色厚底运动休闲赛车鞋女系带阿甘鞋潮,Women’s Lace-Up Chunky-Sole Trainers,69,10.07,https://detail.1688.com/offer/1074216789273.html,included,
1074156587277,sports-shoes,跨境莆田GEL-Kayano 14网面缓震轻便运动鞋休闲风舒适防滑跑步鞋,Mesh Running Shoes,121,17.67,https://detail.1688.com/offer/1074156587277.html,included,
1074107854745,sports-shoes,2026新款学生足球鞋运动草地碎丁男女青少年运动鞋人造草地训练鞋,Unisex Football Boots,39,5.69,https://detail.1688.com/offer/1074107854745.html,included,
1074098606134,sports-shoes,欧洲站新款D家B22运动休闲厚底时尚复古透 气男女增高老爹鞋跨境,Unisex Chunky-Sole Trainers,125,18.25,https://detail.1688.com/offer/1074098606134.html,included,
1074058097138,sports-shoes,跨境莆田鞋 23C 金银角大王 小香风增高老爹鞋休闲男女情侣时尚鞋,Unisex Trainers,185,27.01,https://detail.1688.com/offer/1074058097138.html,included,
1074053091969,sports-shoes,欧洲站新品B33真皮拼色厚底休闲板鞋女刺绣D家春季男鞋情侣运动,Unisex Chunky-Sole Trainers,258,37.67,https://detail.1688.com/offer/1074053091969.html,included,
1074023821723,sports-shoes,莆田跨境欧美新款 NUMERIS 板鞋厚底经典简约防滑休闲运动情侣鞋,Unisex Chunky-Sole Trainers,110,16.06,https://detail.1688.com/offer/1074023821723.html,included,
1073994184728,sports-shoes,跨境大码男鞋2026秋冬新款运动鞋潮鞋厚底耐磨学生户外休闲鞋,Men’s Chunky-Sole Trainers,25,3.65,https://detail.1688.com/offer/1073994184728.html,included,
1073678029749,sports-shoes,莆田高版本MAX 95跑步鞋气垫增高复古老爹鞋情侣时尚休闲运动潮鞋,Unisex Running Shoes,156,22.78,https://detail.1688.com/offer/1073678029749.html,included,
1073647815889,sports-shoes,莆田鞋纯原SHOX TL气垫鞋男女柱子鞋健身训练缓震跨境外贸运动鞋,Unisex Trainers,180,26.28,https://detail.1688.com/offer/1073647815889.html,included,
1073610059997,sports-shoes,跨境批发舒适透气休闲鞋春秋大码潮男鞋防滑运动鞋低帮厚底工装鞋,Men’s Chunky-Sole Trainers,25,3.65,https://detail.1688.com/offer/1073610059997.html,included,
1073594209497,sports-shoes,跨境莆田鞋 麦昆 小白鞋男百搭厚底增高休闲运动鞋经典款学生板鞋,Men’s Chunky-Sole Trainers,188,27.45,https://detail.1688.com/offer/1073594209497.html,included,
1073538196175,sports-shoes,2026小白鞋女鞋新款镂空圆头板鞋水钻透气厚底内增高休闲软底单鞋,Women’s Chunky-Sole Trainers,88,12.85,https://detail.1688.com/offer/1073538196175.html,included,
1073449235197,sports-shoes,秋款户外大码宽头跑鞋男女轻质徒步鞋透气耐磨情侣款休闲运动鞋子,Unisex Hiking Shoes,79,11.54,https://detail.1688.com/offer/1073449235197.html,included,
1073445065563,sports-shoes,劳保鞋男2026夏季新款轻便透气防臭户外休闲帆布鞋工地耐磨防滑鞋,Men’s Canvas Shoes,11.8,1.72,https://detail.1688.com/offer/1073445065563.html,included,
1073398795990,sports-shoes,跨境爆款牛皮增高星星小脏鞋韩国做旧男女男板鞋网红小白鞋情侣款,Unisex Trainers,198,28.91,https://detail.1688.com/offer/1073398795990.html,included,
1073365938968,sports-shoes,跨境外贸P-6000跑步鞋耐磨防滑透气网面复古运动鞋男女鞋休闲跑鞋,Unisex Mesh Running Shoes,130,18.98,https://detail.1688.com/offer/1073365938968.html,included,
1073349829909,sports-shoes,跨境莆田鞋 NB 9060 小象蹄复古风增高老爹鞋男女通用休闲运动鞋,Unisex Trainers,170,24.82,https://detail.1688.com/offer/1073349829909.html,included,
1073325704064,sports-shoes,欧洲跨境莆田MM6马吉拉德训真皮小白鞋休闲阿甘鞋男女运动板鞋ins,Unisex Trainers,135,19.71,https://detail.1688.com/offer/1073325704064.html,included,
1073287883104,sports-shoes,经典小白鞋2026秋季新款厚底增高鞋休闲7cm运动鞋百搭板鞋女款,Women’s Chunky-Sole Trainers,98,14.31,https://detail.1688.com/offer/1073287883104.html,included,
1073285807431,sports-shoes,真皮小个子厚底做旧擦色老爹鞋女2026秋新款增高7cm运动休闲鞋潮,Women’s Chunky-Sole Trainers,115,16.79,https://detail.1688.com/offer/1073285807431.html,included,
1073107780375,sports-shoes,休闲皮鞋男2026春季潮流英伦黑色厨师鞋防水防滑防油低帮工作男鞋,Men’s Dress Shoes,18,2.63,https://detail.1688.com/offer/1073107780375.html,included,
1073074437470,sports-shoes,跨境莆田跑n Cloudtilt Remix 舒适柔软轻量透气男女款跑步鞋运动,Unisex Running Shoes,90,13.14,https://detail.1688.com/offer/1073074437470.html,included,
1073053873297,sports-shoes,跨境Kayano14跑步鞋男缓震耐磨运动鞋户外跑鞋百搭网面透气休闲鞋,Men’s Mesh Running Shoes,147,21.46,https://detail.1688.com/offer/1073053873297.html,included,
1072966663334,sports-shoes,秋季新款男鞋透气网面运动鞋现货轻便休闲潮流低帮系带鞋运动男鞋,Men’s Mesh Lace-Up Trainers,17,2.48,https://detail.1688.com/offer/1072966663334.html,included,
1072863626523,sports-shoes,劳保鞋男2026夏季新款轻便透气防臭户外休闲帆布鞋工地耐磨防滑鞋,Men’s Canvas Shoes,11.5,1.68,https://detail.1688.com/offer/1072863626523.html,included,
1072775536782,sports-shoes,2026秋季油蜡牛皮做旧脏脏鞋圆头内增高板鞋女三重魔术贴休闲鞋,Women’s Trainers,92,13.43,https://detail.1688.com/offer/1072775536782.html,included,
1072748160952,sports-shoes,欧货爆款厚底老爹鞋女2026秋季新款百搭小个子增高休闲运动鞋潮鞋,Women’s Chunky-Sole Trainers,113,16.5,https://detail.1688.com/offer/1072748160952.html,included,
1072683366740,sports-shoes,54133方程式红色赛车德训鞋女小个子隐形增高6CM运动风休闲阿甘鞋,Women’s Trainers,92,13.43,https://detail.1688.com/offer/1072683366740.html,included,
1072667868649,sports-shoes,跨境批发昂 Cloudtilt 透气减震舒适男女增高休闲户外运动跑步鞋,Unisex Running Shoes,120,17.52,https://detail.1688.com/offer/1072667868649.html,included,
1072643265047,sports-shoes,黄色德训鞋女鞋子2026春季薄底软底不累脚运动女鞋简约平底阿甘鞋,Women’s Trainers,42,6.13,https://detail.1688.com/offer/1072643265047.html,included,
1072531223875,sports-shoes,莆田鞋跨境外贸NOCTA xHotStep公鸭鞋篮球鞋男运动鞋欧洲站男女鞋,Unisex Basketball Shoes,158,23.07,https://detail.1688.com/offer/1072531223875.html,included,
1072513090421,sports-shoes,莆田外贸跨境欧洲站NUMERIS新款休闲鞋百搭板鞋男款情侣潮款,Unisex Trainers,140,20.44,https://detail.1688.com/offer/1072513090421.html,included,
1072511076903,sports-shoes,欧洲站新款D家B22运动鞋休闲厚底时尚复古透 气男女增高老爹鞋跨,Unisex Chunky-Sole Trainers,148,21.61,https://detail.1688.com/offer/1072511076903.html,included,
1072461728547,sports-shoes,厚底增高可爱面包鞋女2026春夏季新款韩系拼色小众百搭运动休闲鞋,Women’s Chunky-Sole Casual Shoes,26.5,3.87,https://detail.1688.com/offer/1072461728547.html,included,
1072439363159,sports-shoes,2026增高6厘米阿甘鞋女德训鞋软底防滑百搭休闲运动鞋平底小白鞋,Women’s Trainers,88,12.85,https://detail.1688.com/offer/1072439363159.html,included,
1072435649509,sports-shoes,羊皮阿甘鞋夏季新款真皮透气德训鞋男百搭软底防滑运动休闲鞋2613,Men’s Trainers,145,21.17,https://detail.1688.com/offer/1072435649509.html,included,
1072430642851,sports-shoes,欧洲新款NUMERIS数字鞋莆田鞋运动鞋休闲百搭男女款板鞋欧美跨境,Unisex Trainers,172,25.11,https://detail.1688.com/offer/1072430642851.html,included,
1072400599478,sports-shoes,厚底透气小白鞋2026夏季新款百搭软底德训鞋女学生圆头休闲板鞋,Women’s Chunky-Sole Trainers,26,3.8,https://detail.1688.com/offer/1072400599478.html,included,
1072288684506,sports-shoes,高版本 NYC系列男女款减震运动鞋复古百搭跑鞋耐磨防滑情侣跑步鞋,Unisex Running Shoes,132,19.27,https://detail.1688.com/offer/1072288684506.html,included,
1072288684392,sports-shoes,莆田鞋2026跨境新品MM6马吉拉德训真皮小白鞋休闲阿甘鞋,Trainers,140,20.44,https://detail.1688.com/offer/1072288684392.html,included,
1072156988589,sports-shoes,运动鞋男子春秋新运动鞋韩版男装休闲鞋轻便软底时尚潮外贸男鞋子,Men’s Trainers,14.98,2.19,https://detail.1688.com/offer/1072156988589.html,included,
1072137987054,sports-shoes,外贸欧洲站爆款B25低帮男运动鞋情侣款字母鞋高品质B30厚底老爹鞋,Unisex Chunky-Sole Trainers,115,16.79,https://detail.1688.com/offer/1072137987054.html,included,
1072108567474,sports-shoes,男鞋2026夏季新款透气鞋子男潮流百搭厚底运动鞋休闲跑步老爹潮鞋,Men’s Chunky-Sole Trainers,20.5,2.99,https://detail.1688.com/offer/1072108567474.html,included,
1072035286064,sports-shoes,潮牌男鞋2026春季新款百搭舒适运动厚底老爹鞋休闲鞋潮鞋增高板鞋,Men’s Chunky-Sole Trainers,14.5,2.12,https://detail.1688.com/offer/1072035286064.html,included,
1072019429915,sports-shoes,跨境 现货 外贸 跑步耐磨保护Kayano14低帮男女运动鞋Gel透气减震,Unisex Trainers,118,17.23,https://detail.1688.com/offer/1072019429915.html,included,
1072004840698,sports-shoes,复古通勤轻便德训鞋休闲鞋百搭软面复古松弛平底阿甘鞋板鞋,Trainers,70,10.22,https://detail.1688.com/offer/1072004840698.html,included,
1072002696377,sports-shoes,外贸欧洲站驴家小胖丁男女士面包鞋增高厚底老爹鞋时尚百搭运动鞋,Unisex Chunky-Sole Trainers,150,21.9,https://detail.1688.com/offer/1072002696377.html,included,
1071999260571,sports-shoes,跨境新款莆田男面包鞋情侣时尚休闲厚底女鞋小白鞋运动板鞋,Unisex Chunky-Sole Trainers,150,21.9,https://detail.1688.com/offer/1071999260571.html,included,
1071832787574,sports-shoes,莆田跨境新款梅尔情侣男女雪地靴女厚底皮毛一体保暖休闲保暖加厚,Unisex Chunky-Sole Boots,110,16.06,https://detail.1688.com/offer/1071832787574.html,included,
1071805152909,sports-shoes,软底复古拼色德训鞋女防滑2026秋季新款轻便百搭休闲运动鞋阿甘鞋,Women’s Trainers,86,12.56,https://detail.1688.com/offer/1071805152909.html,included,
1071802003264,sports-shoes,2026新款男鞋子防水皮面板鞋透气休闲鞋软皮百搭版鞋舒适运动男鞋,Men’s Trainers,14,2.04,https://detail.1688.com/offer/1071802003264.html,included,
1071800034121,sports-shoes,跨境莆田鞋欧洲站B25老爹鞋休闲鞋时尚运动鞋男式健步春秋潮流鞋,Men’s Trainers,135,19.71,https://detail.1688.com/offer/1071800034121.html,included,
1071729259231,sports-shoes,跨境莆田鞋 GEL-Kayano 14跑步鞋男女网面缓震轻便舒适防滑运动鞋,Unisex Mesh Running Shoes,161,23.51,https://detail.1688.com/offer/1071729259231.html,included,
1071724134603,sports-shoes,2026春夏新款ins爆款日系甜美复古粉色板鞋女百搭休闲德训板鞋潮,Women’s Trainers,23.5,3.43,https://detail.1688.com/offer/1071724134603.html,included,
1071696176156,sports-shoes,外贸GG休闲现货做旧星星板鞋小白鞋跨境经典女男女款内增高小脏鞋,Unisex Trainers,198,28.91,https://detail.1688.com/offer/1071696176156.html,included,
1071675835759,sports-shoes,莆田跨境外贸小香风银角大王23c网面低帮百搭休闲厚底男女老爹鞋,Unisex Mesh Chunky-Sole Trainers,139,20.3,https://detail.1688.com/offer/1071675835759.html,included,
1071674771946,sports-shoes,外贸新款B22运动百搭休闲运动鞋厚底时尚复古透气增高老爹鞋百搭,Chunky-Sole Trainers,138,20.15,https://detail.1688.com/offer/1071674771946.html,included,
1071640191782,sports-shoes,外贸欧洲站男女士面包鞋情侣款增高厚底老爹鞋时尚百搭运动鞋板鞋,Unisex Chunky-Sole Trainers,130,18.98,https://detail.1688.com/offer/1071640191782.html,included,
1071545549605,sports-shoes,外贸专供P6000跑步鞋复古老爹鞋耐磨运动休闲鞋轻便男女通用防滑,Unisex Running Shoes,158,23.07,https://detail.1688.com/offer/1071545549605.html,included,
1071528881278,sports-shoes,2026年春秋季老爹鞋男女同款网面透气运动休闲鞋软底防滑情,Unisex Mesh Trainers,15.89,2.32,https://detail.1688.com/offer/1071528881278.html,included,
1071462783095,sports-shoes,23c银角大王小香风情侣款运动鞋舒适增高网面圆头透气厚底老爹鞋,Unisex Mesh Chunky-Sole Trainers,178,25.99,https://detail.1688.com/offer/1071462783095.html,included,
1071441143511,sports-shoes,欧洲站莆田新款外贸CD时尚休闲情侣轻便网鞋舒适男女运动鞋跑鞋,Unisex Running Shoes,130,18.98,https://detail.1688.com/offer/1071441143511.html,included,
1071409806826,sports-shoes,【现货当天发】明星同款SHOOT BRAND板鞋男女 厚底增高复2026秋款,Unisex Chunky-Sole Trainers,100,14.6,https://detail.1688.com/offer/1071409806826.html,included,
1071389596466,sports-shoes,跨境 On昂跑 Cloudtilt 新款轻量休闲鞋 男女跑步运动鞋,Unisex Trainers,174,25.41,https://detail.1688.com/offer/1071389596466.html,included,
1071373683570,sports-shoes,H家25 新款运动鞋男款透气舒适牛皮情侣款男鞋时尚板鞋女跨境外贸,Unisex Trainers,160,23.36,https://detail.1688.com/offer/1071373683570.html,included,
1071248038513,sports-shoes,新款男鞋春季透气运动休闲小白鞋百搭轻便板鞋学生跑步鞋百搭潮流,Men’s Running Shoes,145,21.17,https://detail.1688.com/offer/1071248038513.html,included,
1071159998855,sports-shoes,跨境批发纯原款马吉拉2026户外时尚休闲运动鞋轻便百搭耐磨德训鞋,Trainers,135,19.71,https://detail.1688.com/offer/1071159998855.html,included,
1071152354633,sports-shoes,莆田鞋纯原D家B25字母老爹鞋耐磨男鞋厚底男女时尚运动休闲鞋子,Unisex Chunky-Sole Trainers,135,19.71,https://detail.1688.com/offer/1071152354633.html,included,
1071113929588,sports-shoes,原厂北卡蓝低帮板鞋男女情侣百搭校园休闲篮球鞋工厂直供一件代发,Unisex Basketball Shoes,140,20.44,https://detail.1688.com/offer/1071113929588.html,included,
1071074763162,sports-shoes,隐形增高8cm女板鞋小白鞋内增高厚底松糕鞋休闲鞋小个子显高鞋,Women’s Chunky-Sole Trainers,82,11.97,https://detail.1688.com/offer/1071074763162.html,included,
1071057101102,sports-shoes,跨境大码50飞织运动鞋男青年学生潮鞋休闲鞋旅游鞋透气轻便跑步鞋,Men’s Running Shoes,63,9.2,https://detail.1688.com/offer/1071057101102.html,included,
1071054421694,sports-shoes,莆田鞋高品质纯原P6000老爹鞋男女运动鞋潮流鞋跑步鞋新款休闲鞋1,Unisex Running Shoes,140,20.44,https://detail.1688.com/offer/1071054421694.html,included,
1070955761690,sports-shoes,2024新款运动单鞋夏季女百搭鞋子运动鞋男透气不臭脚男鞋夏批发,Trainers,130,18.98,https://detail.1688.com/offer/1070955761690.html,included,
1070955172355,sports-shoes,原创女章若楠同款鞋子厚底增高显瘦单里小白鞋女春夏款休闲板鞋男,Chunky-Sole Trainers,35.24,5.15,https://detail.1688.com/offer/1070955172355.html,included,
1070951640954,sports-shoes,外贸现货批发Kayano14跑步鞋男缓震耐磨运动鞋百搭网面透气老爹鞋,Men’s Mesh Running Shoes,100,14.6,https://detail.1688.com/offer/1070951640954.html,included,
1070951640582,sports-shoes,2026伊莎贝尔内增高鞋高帮拼色圆头平底休闲鞋百搭款魔术贴运动鞋,Trainers,205,29.93,https://detail.1688.com/offer/1070951640582.html,included,
1070932543410,sports-shoes,复古棕色德训鞋子女2026新款爆款春季超火阿甘鞋百搭休闲运动板鞋,Women’s Trainers,52,7.59,https://detail.1688.com/offer/1070932543410.html,included,
1070923019098,sports-shoes,男鞋运动鞋2026秋季新款网面透气跑步鞋男轻便减震休闲鞋百搭女鞋,Mesh Running Shoes,72,10.51,https://detail.1688.com/offer/1070923019098.html,included,
1070906815474,sports-shoes,男鞋2026秋季新款大码休闲鞋轻便防滑运动鞋潮流透气轻奢男士板鞋,Men’s Trainers,120,17.52,https://detail.1688.com/offer/1070906815474.html,included,
